index,low_x,low_y,low_z,high_x,high_y,high_z,left,right,count,leaf_count,depth
0,-5,0,-5,5,0.23999999463558197,5,1,512,770,0,1
1,-3.0999999046325684,0,-1.1499999761581421,-1.8999999761581421,0.23999999463558197,1.1499999761581421,2,257,385,0,2
2,-3.0999999046325684,0,-1.1499999761581421,-1.8999999761581421,0.23999999463558197,-0.05000000074505806,3,130,192,0,3
3,-3.0999999046325684,0,-1.1499999761581421,-2.5999999046325684,0.23999999463558197,-0.05000000074505806,4,67,96,0,4
4,-3.0999999046325684,0,-1.1499999761581421,-2.5999999046325684,0.23999999463558197,-0.64999997615814209,5,36,48,0,5
5,-3.0999999046325684,0,-1.1499999761581421,-2.9000000953674316,0.23999999463558197,-0.64999997615814209,6,21,24,0,6
6,-3.0999999046325684,0,-1.1499999761581421,-2.9000000953674316,0.23999999463558197,-0.94999998807907104,7,14,12,0,7
7,-3.0999999046325684,0,-1.1499999761581421,-2.9000000953674316,0.23999999463558197,-0.94999998807907104,8,11,6,0,8
8,-3.0999999046325684,0,-1.1499999761581421,-2.9000000953674316,0.23999999463558197,-0.94999998807907104,9,10,3,0,9
9,-3.0999999046325684,0,-1.1499999761581421,-2.9000000953674316,0,-0.94999998807907104,-1,-1,1,1,10
10,-3.0999999046325684,0,-1.1499999761581421,-2.9000000953674316,0.23999999463558197,-0.94999998807907104,-1,-1,2,2,10
11,-3.0999999046325684,0,-1.1499999761581421,-2.9000000953674316,0.23999999463558197,-0.94999998807907104,12,13,3,0,9
12,-3.0999999046325684,0,-1.1499999761581421,-2.9000000953674316,0.23999999463558197,-1.1499999761581421,-1,-1,1,1,10
13,-3.0999999046325684,0,-0.94999998807907104,-2.9000000953674316,0.23999999463558197,-0.94999998807907104,-1,-1,2,2,10
14,-3.0999999046325684,0,-1.1499999761581421,-2.9000000953674316,0.23999999463558197,-0.94999998807907104,15,18,6,0,8
15,-3.0999999046325684,0,-1.1499999761581421,-2.9000000953674316,0.23999999463558197,-0.94999998807907104,16,17,3,0,9
16,-3.0999999046325684,0,-1.1499999761581421,-3.0999999046325684,0.23999999463558197,-0.94999998807907104,-1,-1,1,1,10
17,-3.0999999046325684,0,-1.1499999761581421,-2.9000000953674316,0.23999999463558197,-0.94999998807907104,-1,-1,2,2,10
18,-3.0999999046325684,0,-1.1499999761581421,-2.9000000953674316,0.23999999463558197,-0.94999998807907104,19,20,3,0,9
19,-2.9000000953674316,0,-1.1499999761581421,-2.9000000953674316,0.23999999463558197,-0.94999998807907104,-1,-1,1,1,10
20,-3.0999999046325684,0.23999999463558197,-1.1499999761581421,-2.9000000953674316,0.23999999463558197,-0.94999998807907104,-1,-1,2,2,10
21,-3.0999999046325684,0,-0.85000002384185791,-2.9000000953674316,0.23999999463558197,-0.64999997615814209,22,29,12,0,7
22,-3.0999999046325684,0,-0.85000002384185791,-2.9000000953674316,0.23999999463558197,-0.64999997615814209,23,26,6,0,8
23,-3.0999999046325684,0,-0.85000002384185791,-2.9000000953674316,0.23999999463558197,-0.64999997615814209,24,25,3,0,9
24,-3.0999999046325684,0,-0.85000002384185791,-2.9000000953674316,0,-0.64999997615814209,-1,-1,1,1,10
25,-3.0999999046325684,0,-0.85000002384185791,-2.9000000953674316,0.23999999463558197,-0.64999997615814209,-1,-1,2,2,10
26,-3.0999999046325684,0,-0.85000002384185791,-2.9000000953674316,0.23999999463558197,-0.64999997615814209,27,28,3,0,9
27,-3.0999999046325684,0,-0.85000002384185791,-2.9000000953674316,0.23999999463558197,-0.85000002384185791,-1,-1,1,1,10
28,-3.0999999046325684,0,-0.64999997615814209,-2.9000000953674316,0.23999999463558197,-0.64999997615814209,-1,-1,2,2,10
29,-3.0999999046325684,0,-0.85000002384185791,-2.9000000953674316,0.23999999463558197,-0.64999997615814209,30,33,6,0,8
30,-3.0999999046325684,0,-0.85000002384185791,-2.9000000953674316,0.23999999463558197,-0.64999997615814209,31,32,3,0,9
31,-3.0999999046325684,0,-0.85000002384185791,-3.0999999046325684,0.23999999463558197,-0.64999997615814209,-1,-1,1,1,10
32,-3.0999999046325684,0,-0.85000002384185791,-2.9000000953674316,0.23999999463558197,-0.64999997615814209,-1,-1,2,2,10
33,-3.0999999046325684,0,-0.85000002384185791,-2.9000000953674316,0.23999999463558197,-0.64999997615814209,34,35,3,0,9
34,-2.9000000953674316,0,-0.85000002384185791,-2.9000000953674316,0.23999999463558197,-0.64999997615814209,-1,-1,1,1,10
35,-3.0999999046325684,0.23999999463558197,-0.85000002384185791,-2.9000000953674316,0.23999999463558197,-0.64999997615814209,-1,-1,2,2,10
36,-2.7999999523162842,0,-1.1499999761581421,-2.5999999046325684,0.23999999463558197,-0.64999997615814209,37,52,24,0,6
37,-2.7999999523162842,0,-1.1499999761581421,-2.5999999046325684,0.23999999463558197,-0.94999998807907104,38,45,12,0,7
38,-2.7999999523162842,0,-1.1499999761581421,-2.5999999046325684,0.23999999463558197,-0.94999998807907104,39,42,6,0,8
39,-2.7999999523162842,0,-1.1499999761581421,-2.5999999046325684,0.23999999463558197,-0.94999998807907104,40,41,3,0,9
40,-2.7999999523162842,0,-1.1499999761581421,-2.5999999046325684,0,-0.94999998807907104,-1,-1,1,1,10
41,-2.7999999523162842,0,-1.1499999761581421,-2.5999999046325684,0.23999999463558197,-0.94999998807907104,-1,-1,2,2,10
42,-2.7999999523162842,0,-1.1499999761581421,-2.5999999046325684,0.23999999463558197,-0.94999998807907104,43,44,3,0,9
43,-2.7999999523162842,0,-1.1499999761581421,-2.5999999046325684,0.23999999463558197,-1.1499999761581421,-1,-1,1,1,10
44,-2.7999999523162842,0,-0.94999998807907104,-2.5999999046325684,0.23999999463558197,-0.94999998807907104,-1,-1,2,2,10
45,-2.7999999523162842,0,-1.1499999761581421,-2.5999999046325684,0.23999999463558197,-0.94999998807907104,46,49,6,0,8
46,-2.7999999523162842,0,-1.1499999761581421,-2.5999999046325684,0.23999999463558197,-0.94999998807907104,47,48,3,0,9
47,-2.7999999523162842,0,-1.1499999761581421,-2.7999999523162842,0.23999999463558197,-0.94999998807907104,-1,-1,1,1,10
48,-2.7999999523162842,0,-1.1499999761581421,-2.5999999046325684,0.23999999463558197,-0.94999998807907104,-1,-1,2,2,10
49,-2.7999999523162842,0,-1.1499999761581421,-2.5999999046325684,0.23999999463558197,-0.94999998807907104,50,51,3,0,9
50,-2.5999999046325684,0,-1.1499999761581421,-2.5999999046325684,0.23999999463558197,-0.94999998807907104,-1,-1,1,1,10
51,-2.7999999523162842,0.23999999463558197,-1.1499999761581421,-2.5999999046325684,0.23999999463558197,-0.94999998807907104,-1,-1,2,2,10
52,-2.7999999523162842,0,-0.85000002384185791,-2.5999999046325684,0.23999999463558197,-0.64999997615814209,53,60,12,0,7
53,-2.7999999523162842,0,-0.85000002384185791,-2.5999999046325684,0.23999999463558197,-0.64999997615814209,54,57,6,0,8
54,-2.7999999523162842,0,-0.85000002384185791,-2.5999999046325684,0.23999999463558197,-0.64999997615814209,55,56,3,0,9
55,-2.7999999523162842,0,-0.85000002384185791,-2.5999999046325684,0,-0.64999997615814209,-1,-1,1,1,10
56,-2.7999999523162842,0,-0.85000002384185791,-2.5999999046325684,0.23999999463558197,-0.64999997615814209,-1,-1,2,2,10
57,-2.7999999523162842,0,-0.85000002384185791,-2.5999999046325684,0.23999999463558197,-0.64999997615814209,58,59,3,0,9
58,-2.7999999523162842,0,-0.85000002384185791,-2.5999999046325684,0.23999999463558197,-0.85000002384185791,-1,-1,1,1,10
59,-2.7999999523162842,0,-0.64999997615814209,-2.5999999046325684,0.23999999463558197,-0.64999997615814209,-1,-1,2,2,10
60,-2.7999999523162842,0,-0.85000002384185791,-2.5999999046325684,0.23999999463558197,-0.64999997615814209,61,64,6,0,8
61,-2.7999999523162842,0,-0.85000002384185791,-2.5999999046325684,0.23999999463558197,-0.64999997615814209,62,63,3,0,9
62,-2.7999999523162842,0,-0.85000002384185791,-2.7999999523162842,0.23999999463558197,-0.64999997615814209,-1,-1,1,1,10
63,-2.7999999523162842,0,-0.85000002384185791,-2.5999999046325684,0.23999999463558197,-0.64999997615814209,-1,-1,2,2,10
64,-2.7999999523162842,0,-0.85000002384185791,-2.5999999046325684,0.23999999463558197,-0.64999997615814209,65,66,3,0,9
65,-2.5999999046325684,0,-0.85000002384185791,-2.5999999046325684,0.23999999463558197,-0.64999997615814209,-1,-1,1,1,10
66,-2.7999999523162842,0.23999999463558197,-0.85000002384185791,-2.5999999046325684,0.23999999463558197,-0.64999997615814209,-1,-1,2,2,10
67,-3.0999999046325684,0,-0.55000001192092896,-2.5999999046325684,0.23999999463558197,-0.05000000074505806,68,99,48,0,5
68,-3.0999999046325684,0,-0.55000001192092896,-2.5999999046325684,0.23999999463558197,-0.34999999403953552,69,84,24,0,6
69,-3.0999999046325684,0,-0.55000001192092896,-2.9000000953674316,0.23999999463558197,-0.34999999403953552,70,77,12,0,7
70,-3.0999999046325684,0,-0.55000001192092896,-2.9000000953674316,0.23999999463558197,-0.34999999403953552,71,74,6,0,8
71,-3.0999999046325684,0,-0.55000001192092896,-2.9000000953674316,0.23999999463558197,-0.34999999403953552,72,73,3,0,9
72,-3.0999999046325684,0,-0.55000001192092896,-2.9000000953674316,0,-0.34999999403953552,-1,-1,1,1,10
73,-3.0999999046325684,0,-0.55000001192092896,-2.9000000953674316,0.23999999463558197,-0.34999999403953552,-1,-1,2,2,10
74,-3.0999999046325684,0,-0.55000001192092896,-2.9000000953674316,0.23999999463558197,-0.34999999403953552,75,76,3,0,9
75,-3.0999999046325684,0,-0.55000001192092896,-2.9000000953674316,0.23999999463558197,-0.55000001192092896,-1,-1,1,1,10
76,-3.0999999046325684,0,-0.34999999403953552,-2.9000000953674316,0.23999999463558197,-0.34999999403953552,-1,-1,2,2,10
77,-3.0999999046325684,0,-0.55000001192092896,-2.9000000953674316,0.23999999463558197,-0.34999999403953552,78,81,6,0,8
78,-3.0999999046325684,0,-0.55000001192092896,-2.9000000953674316,0.23999999463558197,-0.34999999403953552,79,80,3,0,9
79,-3.0999999046325684,0,-0.55000001192092896,-3.0999999046325684,0.23999999463558197,-0.34999999403953552,-1,-1,1,1,10
80,-3.0999999046325684,0,-0.55000001192092896,-2.9000000953674316,0.23999999463558197,-0.34999999403953552,-1,-1,2,2,10
81,-3.0999999046325684,0,-0.55000001192092896,-2.9000000953674316,0.23999999463558197,-0.34999999403953552,82,83,3,0,9
82,-2.9000000953674316,0,-0.55000001192092896,-2.9000000953674316,0.23999999463558197,-0.34999999403953552,-1,-1,1,1,10
83,-3.0999999046325684,0.23999999463558197,-0.55000001192092896,-2.9000000953674316,0.23999999463558197,-0.34999999403953552,-1,-1,2,2,10
84,-2.7999999523162842,0,-0.55000001192092896,-2.5999999046325684,0.23999999463558197,-0.34999999403953552,85,92,12,0,7
85,-2.7999999523162842,0,-0.55000001192092896,-2.5999999046325684,0.23999999463558197,-0.34999999403953552,86,89,6,0,8
86,-2.7999999523162842,0,-0.55000001192092896,-2.5999999046325684,0.23999999463558197,-0.34999999403953552,87,88,3,0,9
87,-2.7999999523162842,0,-0.55000001192092896,-2.5999999046325684,0,-0.34999999403953552,-1,-1,1,1,10
88,-2.7999999523162842,0,-0.55000001192092896,-2.5999999046325684,0.23999999463558197,-0.34999999403953552,-1,-1,2,2,10
89,-2.7999999523162842,0,-0.55000001192092896,-2.5999999046325684,0.23999999463558197,-0.34999999403953552,90,91,3,0,9
90,-2.7999999523162842,0,-0.55000001192092896,-2.5999999046325684,0.23999999463558197,-0.55000001192092896,-1,-1,1,1,10
91,-2.7999999523162842,0,-0.34999999403953552,-2.5999999046325684,0.23999999463558197,-0.34999999403953552,-1,-1,2,2,10
92,-2.7999999523162842,0,-0.55000001192092896,-2.5999999046325684,0.23999999463558197,-0.34999999403953552,93,96,6,0,8
93,-2.7999999523162842,0,-0.55000001192092896,-2.5999999046325684,0.23999999463558197,-0.34999999403953552,94,95,3,0,9
94,-2.7999999523162842,0,-0.55000001192092896,-2.7999999523162842,0.23999999463558197,-0.34999999403953552,-1,-1,1,1,10
95,-2.7999999523162842,0,-0.55000001192092896,-2.5999999046325684,0.23999999463558197,-0.34999999403953552,-1,-1,2,2,10
96,-2.7999999523162842,0,-0.55000001192092896,-2.5999999046325684,0.23999999463558197,-0.34999999403953552,97,98,3,0,9
97,-2.5999999046325684,0,-0.55000001192092896,-2.5999999046325684,0.23999999463558197,-0.34999999403953552,-1,-1,1,1,10
98,-2.7999999523162842,0.23999999463558197,-0.55000001192092896,-2.5999999046325684,0.23999999463558197,-0.34999999403953552,-1,-1,2,2,10
99,-3.0999999046325684,0,-0.25,-2.5999999046325684,0.23999999463558197,-0.05000000074505806,100,115,24,0,6
100,-3.0999999046325684,0,-0.25,-2.9000000953674316,0.23999999463558197,-0.05000000074505806,101,108,12,0,7
101,-3.0999999046325684,0,-0.25,-2.9000000953674316,0.23999999463558197,-0.05000000074505806,102,105,6,0,8
102,-3.0999999046325684,0,-0.25,-2.9000000953674316,0.23999999463558197,-0.05000000074505806,103,104,3,0,9
103,-3.0999999046325684,0,-0.25,-2.9000000953674316,0,-0.05000000074505806,-1,-1,1,1,10
104,-3.0999999046325684,0,-0.25,-2.9000000953674316,0.23999999463558197,-0.05000000074505806,-1,-1,2,2,10
105,-3.0999999046325684,0,-0.25,-2.9000000953674316,0.23999999463558197,-0.05000000074505806,106,107,3,0,9
106,-3.0999999046325684,0,-0.25,-2.9000000953674316,0.23999999463558197,-0.25,-1,-1,1,1,10
107,-3.0999999046325684,0,-0.05000000074505806,-2.9000000953674316,0.23999999463558197,-0.05000000074505806,-1,-1,2,2,10
108,-3.0999999046325684,0,-0.25,-2.9000000953674316,0.23999999463558197,-0.05000000074505806,109,112,6,0,8
109,-3.0999999046325684,0,-0.25,-2.9000000953674316,0.23999999463558197,-0.05000000074505806,110,111,3,0,9
110,-3.0999999046325684,0,-0.25,-3.0999999046325684,0.23999999463558197,-0.05000000074505806,-1,-1,1,1,10
111,-3.0999999046325684,0,-0.25,-2.9000000953674316,0.23999999463558197,-0.05000000074505806,-1,-1,2,2,10
112,-3.0999999046325684,0,-0.25,-2.9000000953674316,0.23999999463558197,-0.05000000074505806,113,114,3,0,9
113,-2.9000000953674316,0,-0.25,-2.9000000953674316,0.23999999463558197,-0.05000000074505806,-1,-1,1,1,10
114,-3.0999999046325684,0.23999999463558197,-0.25,-2.9000000953674316,0.23999999463558197,-0.05000000074505806,-1,-1,2,2,10
115,-2.7999999523162842,0,-0.25,-2.5999999046325684,0.23999999463558197,-0.05000000074505806,116,123,12,0,7
116,-2.7999999523162842,0,-0.25,-2.5999999046325684,0.23999999463558197,-0.05000000074505806,117,120,6,0,8
117,-2.7999999523162842,0,-0.25,-2.5999999046325684,0.23999999463558197,-0.05000000074505806,118,119,3,0,9
118,-2.7999999523162842,0,-0.25,-2.5999999046325684,0,-0.05000000074505806,-1,-1,1,1,10
119,-2.7999999523162842,0,-0.25,-2.5999999046325684,0.23999999463558197,-0.05000000074505806,-1,-1,2,2,10
120,-2.7999999523162842,0,-0.25,-2.5999999046325684,0.23999999463558197,-0.05000000074505806,121,122,3,0,9
121,-2.7999999523162842,0,-0.25,-2.5999999046325684,0.23999999463558197,-0.25,-1,-1,1,1,10
122,-2.7999999523162842,0,-0.05000000074505806,-2.5999999046325684,0.23999999463558197,-0.05000000074505806,-1,-1,2,2,10
123,-2.7999999523162842,0,-0.25,-2.5999999046325684,0.23999999463558197,-0.05000000074505806,124,127,6,0,8
124,-2.7999999523162842,0,-0.25,-2.5999999046325684,0.23999999463558197,-0.05000000074505806,125,126,3,0,9
125,-2.7999999523162842,0,-0.25,-2.7999999523162842,0.23999999463558197,-0.05000000074505806,-1,-1,1,1,10
126,-2.7999999523162842,0,-0.25,-2.5999999046325684,0.23999999463558197,-0.05000000074505806,-1,-1,2,2,10
127,-2.7999999523162842,0,-0.25,-2.5999999046325684,0.23999999463558197,-0.05000000074505806,128,129,3,0,9
128,-2.5999999046325684,0,-0.25,-2.5999999046325684,0.23999999463558197,-0.05000000074505806,-1,-1,1,1,10
129,-2.7999999523162842,0.23999999463558197,-0.25,-2.5999999046325684,0.23999999463558197,-0.05000000074505806,-1,-1,2,2,10
130,-2.5,0,-1.1499999761581421,-1.8999999761581421,0.23999999463558197,-0.05000000074505806,131,194,96,0,4
131,-2.5,0,-1.1499999761581421,-1.8999999761581421,0.23999999463558197,-0.64999997615814209,132,163,48,0,5
132,-2.5,0,-1.1499999761581421,-2.2999999523162842,0.23999999463558197,-0.64999997615814209,133,148,24,0,6
133,-2.5,0,-1.1499999761581421,-2.2999999523162842,0.23999999463558197,-0.94999998807907104,134,141,12,0,7
134,-2.5,0,-1.1499999761581421,-2.2999999523162842,0.23999999463558197,-0.94999998807907104,135,138,6,0,8
135,-2.5,0,-1.1499999761581421,-2.2999999523162842,0.23999999463558197,-0.94999998807907104,136,137,3,0,9
136,-2.5,0,-1.1499999761581421,-2.2999999523162842,0,-0.94999998807907104,-1,-1,1,1,10
137,-2.5,0,-1.1499999761581421,-2.2999999523162842,0.23999999463558197,-0.94999998807907104,-1,-1,2,2,10
138,-2.5,0,-1.1499999761581421,-2.2999999523162842,0.23999999463558197,-0.94999998807907104,139,140,3,0,9
139,-2.5,0,-1.1499999761581421,-2.2999999523162842,0.23999999463558197,-1.1499999761581421,-1,-1,1,1,10
140,-2.5,0,-0.94999998807907104,-2.2999999523162842,0.23999999463558197,-0.94999998807907104,-1,-1,2,2,10
141,-2.5,0,-1.1499999761581421,-2.2999999523162842,0.23999999463558197,-0.94999998807907104,142,145,6,0,8
142,-2.5,0,-1.1499999761581421,-2.2999999523162842,0.23999999463558197,-0.94999998807907104,143,144,3,0,9
143,-2.5,0,-1.1499999761581421,-2.5,0.23999999463558197,-0.94999998807907104,-1,-1,1,1,10
144,-2.5,0,-1.1499999761581421,-2.2999999523162842,0.23999999463558197,-0.94999998807907104,-1,-1,2,2,10
145,-2.5,0,-1.1499999761581421,-2.2999999523162842,0.23999999463558197,-0.94999998807907104,146,147,3,0,9
146,-2.2999999523162842,0,-1.1499999761581421,-2.2999999523162842,0.23999999463558197,-0.94999998807907104,-1,-1,1,1,10
147,-2.5,0.23999999463558197,-1.1499999761581421,-2.2999999523162842,0.23999999463558197,-0.94999998807907104,-1,-1,2,2,10
148,-2.5,0,-0.85000002384185791,-2.2999999523162842,0.23999999463558197,-0.64999997615814209,149,156,12,0,7
149,-2.5,0,-0.85000002384185791,-2.2999999523162842,0.23999999463558197,-0.64999997615814209,150,153,6,0,8
150,-2.5,0,-0.85000002384185791,-2.2999999523162842,0.23999999463558197,-0.64999997615814209,151,152,3,0,9
151,-2.5,0,-0.85000002384185791,-2.2999999523162842,0,-0.64999997615814209,-1,-1,1,1,10
152,-2.5,0,-0.85000002384185791,-2.2999999523162842,0.23999999463558197,-0.64999997615814209,-1,-1,2,2,10
153,-2.5,0,-0.85000002384185791,-2.2999999523162842,0.23999999463558197,-0.64999997615814209,154,155,3,0,9
154,-2.5,0,-0.85000002384185791,-2.2999999523162842,0.23999999463558197,-0.85000002384185791,-1,-1,1,1,10
155,-2.5,0,-0.64999997615814209,-2.2999999523162842,0.23999999463558197,-0.64999997615814209,-1,-1,2,2,10
156,-2.5,0,-0.85000002384185791,-2.2999999523162842,0.23999999463558197,-0.64999997615814209,157,160,6,0,8
157,-2.5,0,-0.85000002384185791,-2.2999999523162842,0.23999999463558197,-0.64999997615814209,158,159,3,0,9
158,-2.5,0,-0.85000002384185791,-2.5,0.23999999463558197,-0.64999997615814209,-1,-1,1,1,10
159,-2.5,0,-0.85000002384185791,-2.2999999523162842,0.23999999463558197,-0.64999997615814209,-1,-1,2,2,10
160,-2.5,0,-0.85000002384185791,-2.2999999523162842,0.23999999463558197,-0.64999997615814209,161,162,3,0,9
161,-2.2999999523162842,0,-0.85000002384185791,-2.2999999523162842,0.23999999463558197,-0.64999997615814209,-1,-1,1,1,10
162,-2.5,0.23999999463558197,-0.85000002384185791,-2.2999999523162842,0.23999999463558197,-0.64999997615814209,-1,-1,2,2,10
163,-2.2000000476837158,0,-1.1499999761581421,-1.8999999761581421,0.23999999463558197,-0.64999997615814209,164,179,24,0,6
164,-2.2000000476837158,0,-1.1499999761581421,-1.8999999761581421,0.23999999463558197,-0.94999998807907104,165,172,12,0,7
165,-2.2000000476837158,0,-1.1499999761581421,-2,0.23999999463558197,-0.94999998807907104,166,169,6,0,8
166,-2.2000000476837158,0,-1.1499999761581421,-2,0.23999999463558197,-0.94999998807907104,167,168,3,0,9
167,-2.2000000476837158,0,-1.1499999761581421,-2,0,-0.94999998807907104,-1,-1,1,1,10
168,-2.2000000476837158,0,-1.1499999761581421,-2,0.23999999463558197,-1.1499999761581421,-1,-1,2,2,10
169,-2.2000000476837158,0,-1.1499999761581421,-2,0.23999999463558197,-0.94999998807907104,170,171,3,0,9
170,-2.2000000476837158,0,-0.94999998807907104,-2,0.23999999463558197,-0.94999998807907104,-1,-1,1,1,10
171,-2.2000000476837158,0,-1.1499999761581421,-2.2000000476837158,0.23999999463558197,-0.94999998807907104,-1,-1,2,2,10
172,-2.2000000476837158,0,-1.1499999761581421,-1.8999999761581421,0.23999999463558197,-0.94999998807907104,173,176,6,0,8
173,-2.2000000476837158,0,-1.1499999761581421,-2,0.23999999463558197,-0.94999998807907104,174,175,3,0,9
174,-2.2000000476837158,0,-1.1499999761581421,-2,0,-0.94999998807907104,-1,-1,1,1,10
175,-2.2000000476837158,0.23999999463558197,-1.1499999761581421,-2,0.23999999463558197,-0.94999998807907104,-1,-1,2,2,10
176,-2,0,-1.1499999761581421,-1.8999999761581421,0.23999999463558197,-0.94999998807907104,177,178,3,0,9
177,-2,0,-1.1499999761581421,-2,0.23999999463558197,-0.94999998807907104,-1,-1,1,1,10
178,-2,0,-1.1499999761581421,-1.8999999761581421,0.23999999463558197,-0.94999998807907104,-1,-1,2,2,10
179,-2.2000000476837158,0,-0.94999998807907104,-2,0.23999999463558197,-0.64999997615814209,180,187,12,0,7
180,-2.2000000476837158,0,-0.94999998807907104,-2,0.23999999463558197,-0.64999997615814209,181,184,6,0,8
181,-2.2000000476837158,0,-0.94999998807907104,-2,0.23999999463558197,-0.85000002384185791,182,183,3,0,9
182,-2.2000000476837158,0,-0.94999998807907104,-2,0.23999999463558197,-0.94999998807907104,-1,-1,1,1,10
183,-2.2000000476837158,0,-0.85000002384185791,-2,0.23999999463558197,-0.85000002384185791,-1,-1,2,2,10
184,-2.2000000476837158,0,-0.85000002384185791,-2,0.23999999463558197,-0.64999997615814209,185,186,3,0,9
185,-2.2000000476837158,0,-0.85000002384185791,-2.2000000476837158,0.23999999463558197,-0.64999997615814209,-1,-1,1,1,10
186,-2.2000000476837158,0,-0.85000002384185791,-2,0.23999999463558197,-0.64999997615814209,-1,-1,2,2,10
187,-2.2000000476837158,0,-0.85000002384185791,-2,0.23999999463558197,-0.64999997615814209,188,191,6,0,8
188,-2.2000000476837158,0,-0.85000002384185791,-2,0.23999999463558197,-0.64999997615814209,189,190,3,0,9
189,-2.2000000476837158,0,-0.85000002384185791,-2,0,-0.64999997615814209,-1,-1,1,1,10
190,-2.2000000476837158,0,-0.85000002384185791,-2,0.23999999463558197,-0.64999997615814209,-1,-1,2,2,10
191,-2.2000000476837158,0,-0.85000002384185791,-2,0.23999999463558197,-0.64999997615814209,192,193,3,0,9
192,-2,0,-0.85000002384185791,-2,0.23999999463558197,-0.64999997615814209,-1,-1,1,1,10
193,-2.2000000476837158,0.23999999463558197,-0.85000002384185791,-2,0.23999999463558197,-0.64999997615814209,-1,-1,2,2,10
194,-2.5,0,-0.64999997615814209,-2,0.23999999463558197,-0.05000000074505806,195,226,48,0,5
195,-2.5,0,-0.64999997615814209,-2,0.23999999463558197,-0.34999999403953552,196,211,24,0,6
196,-2.5,0,-0.55000001192092896,-2.2999999523162842,0.23999999463558197,-0.34999999403953552,197,204,12,0,7
197,-2.5,0,-0.55000001192092896,-2.2999999523162842,0.23999999463558197,-0.34999999403953552,198,201,6,0,8
198,-2.5,0,-0.55000001192092896,-2.2999999523162842,0.23999999463558197,-0.34999999403953552,199,200,3,0,9
199,-2.5,0,-0.55000001192092896,-2.2999999523162842,0,-0.34999999403953552,-1,-1,1,1,10
200,-2.5,0,-0.55000001192092896,-2.2999999523162842,0.23999999463558197,-0.34999999403953552,-1,-1,2,2,10
201,-2.5,0,-0.55000001192092896,-2.2999999523162842,0.23999999463558197,-0.34999999403953552,202,203,3,0,9
202,-2.5,0,-0.55000001192092896,-2.2999999523162842,0.23999999463558197,-0.55000001192092896,-1,-1,1,1,10
203,-2.5,0,-0.34999999403953552,-2.2999999523162842,0.23999999463558197,-0.34999999403953552,-1,-1,2,2,10
204,-2.5,0,-0.55000001192092896,-2.2999999523162842,0.23999999463558197,-0.34999999403953552,205,208,6,0,8
205,-2.5,0,-0.55000001192092896,-2.2999999523162842,0.23999999463558197,-0.34999999403953552,206,207,3,0,9
206,-2.5,0,-0.55000001192092896,-2.5,0.23999999463558197,-0.34999999403953552,-1,-1,1,1,10
207,-2.5,0,-0.55000001192092896,-2.2999999523162842,0.23999999463558197,-0.34999999403953552,-1,-1,2,2,10
208,-2.5,0,-0.55000001192092896,-2.2999999523162842,0.23999999463558197,-0.34999999403953552,209,210,3,0,9
209,-2.2999999523162842,0,-0.55000001192092896,-2.2999999523162842,0.23999999463558197,-0.34999999403953552,-1,-1,1,1,10
210,-2.5,0.23999999463558197,-0.55000001192092896,-2.2999999523162842,0.23999999463558197,-0.34999999403953552,-1,-1,2,2,10
211,-2.2000000476837158,0,-0.64999997615814209,-2,0.23999999463558197,-0.34999999403953552,212,219,12,0,7
212,-2.2000000476837158,0,-0.64999997615814209,-2,0.23999999463558197,-0.34999999403953552,213,216,6,0,8
213,-2.2000000476837158,0,-0.64999997615814209,-2,0.23999999463558197,-0.55000001192092896,214,215,3,0,9
214,-2.2000000476837158,0,-0.64999997615814209,-2,0.23999999463558197,-0.64999997615814209,-1,-1,1,1,10
215,-2.2000000476837158,0,-0.55000001192092896,-2,0.23999999463558197,-0.55000001192092896,-1,-1,2,2,10
216,-2.2000000476837158,0,-0.55000001192092896,-2,0.23999999463558197,-0.34999999403953552,217,218,3,0,9
217,-2.2000000476837158,0,-0.55000001192092896,-2.2000000476837158,0.23999999463558197,-0.34999999403953552,-1,-1,1,1,10
218,-2.2000000476837158,0,-0.55000001192092896,-2,0.23999999463558197,-0.34999999403953552,-1,-1,2,2,10
219,-2.2000000476837158,0,-0.55000001192092896,-2,0.23999999463558197,-0.34999999403953552,220,223,6,0,8
220,-2.2000000476837158,0,-0.55000001192092896,-2,0.23999999463558197,-0.34999999403953552,221,222,3,0,9
221,-2.2000000476837158,0,-0.55000001192092896,-2,0,-0.34999999403953552,-1,-1,1,1,10
222,-2.2000000476837158,0,-0.55000001192092896,-2,0.23999999463558197,-0.34999999403953552,-1,-1,2,2,10
223,-2.2000000476837158,0,-0.55000001192092896,-2,0.23999999463558197,-0.34999999403953552,224,225,3,0,9
224,-2,0,-0.55000001192092896,-2,0.23999999463558197,-0.34999999403953552,-1,-1,1,1,10
225,-2.2000000476837158,0.23999999463558197,-0.55000001192092896,-2,0.23999999463558197,-0.34999999403953552,-1,-1,2,2,10
226,-2.5,0,-0.34999999403953552,-2,0.23999999463558197,-0.05000000074505806,227,242,24,0,6
227,-2.5,0,-0.25,-2.2999999523162842,0.23999999463558197,-0.05000000074505806,228,235,12,0,7
228,-2.5,0,-0.25,-2.2999999523162842,0.23999999463558197,-0.05000000074505806,229,232,6,0,8
229,-2.5,0,-0.25,-2.2999999523162842,0.23999999463558197,-0.05000000074505806,230,231,3,0,9
230,-2.5,0,-0.25,-2.2999999523162842,0,-0.05000000074505806,-1,-1,1,1,10
231,-2.5,0,-0.25,-2.2999999523162842,0.23999999463558197,-0.05000000074505806,-1,-1,2,2,10
232,-2.5,0,-0.25,-2.2999999523162842,0.23999999463558197,-0.05000000074505806,233,234,3,0,9
233,-2.5,0,-0.25,-2.2999999523162842,0.23999999463558197,-0.25,-1,-1,1,1,10
234,-2.5,0,-0.05000000074505806,-2.2999999523162842,0.23999999463558197,-0.05000000074505806,-1,-1,2,2,10
235,-2.5,0,-0.25,-2.2999999523162842,0.23999999463558197,-0.05000000074505806,236,239,6,0,8
236,-2.5,0,-0.25,-2.2999999523162842,0.23999999463558197,-0.05000000074505806,237,238,3,0,9
237,-2.5,0,-0.25,-2.5,0.23999999463558197,-0.05000000074505806,-1,-1,1,1,10
238,-2.5,0,-0.25,-2.2999999523162842,0.23999999463558197,-0.05000000074505806,-1,-1,2,2,10
239,-2.5,0,-0.25,-2.2999999523162842,0.23999999463558197,-0.05000000074505806,240,241,3,0,9
240,-2.2999999523162842,0,-0.25,-2.2999999523162842,0.23999999463558197,-0.05000000074505806,-1,-1,1,1,10
241,-2.5,0.23999999463558197,-0.25,-2.2999999523162842,0.23999999463558197,-0.05000000074505806,-1,-1,2,2,10
242,-2.2000000476837158,0,-0.34999999403953552,-2,0.23999999463558197,-0.05000000074505806,243,250,12,0,7
243,-2.2000000476837158,0,-0.34999999403953552,-2,0.23999999463558197,-0.05000000074505806,244,247,6,0,8
244,-2.2000000476837158,0,-0.34999999403953552,-2,0.23999999463558197,-0.25,245,246,3,0,9
245,-2.2000000476837158,0,-0.34999999403953552,-2,0.23999999463558197,-0.34999999403953552,-1,-1,1,1,10
246,-2.2000000476837158,0,-0.25,-2,0.23999999463558197,-0.25,-1,-1,2,2,10
247,-2.2000000476837158,0,-0.25,-2,0.23999999463558197,-0.05000000074505806,248,249,3,0,9
248,-2.2000000476837158,0,-0.25,-2.2000000476837158,0.23999999463558197,-0.05000000074505806,-1,-1,1,1,10
249,-2.2000000476837158,0,-0.25,-2,0.23999999463558197,-0.05000000074505806,-1,-1,2,2,10
250,-2.2000000476837158,0,-0.25,-2,0.23999999463558197,-0.05000000074505806,251,254,6,0,8
251,-2.2000000476837158,0,-0.25,-2,0.23999999463558197,-0.05000000074505806,252,253,3,0,9
252,-2.2000000476837158,0,-0.25,-2,0,-0.05000000074505806,-1,-1,1,1,10
253,-2.2000000476837158,0,-0.25,-2,0.23999999463558197,-0.05000000074505806,-1,-1,2,2,10
254,-2.2000000476837158,0,-0.25,-2,0.23999999463558197,-0.05000000074505806,255,256,3,0,9
255,-2,0,-0.25,-2,0.23999999463558197,-0.05000000074505806,-1,-1,1,1,10
256,-2.2000000476837158,0.23999999463558197,-0.25,-2,0.23999999463558197,-0.05000000074505806,-1,-1,2,2,10
257,-3.0999999046325684,0,-0.05000000074505806,-2,0.23999999463558197,1.1499999761581421,258,385,193,0,3
258,-3.0999999046325684,0,-0.05000000074505806,-2,0.23999999463558197,0.55000001192092896,259,322,96,0,4
259,-3.0999999046325684,0,0.05000000074505806,-2.5999999046325684,0.23999999463558197,0.55000001192092896,260,291,48,0,5
260,-3.0999999046325684,0,0.05000000074505806,-2.5999999046325684,0.23999999463558197,0.25,261,276,24,0,6
261,-3.0999999046325684,0,0.05000000074505806,-2.9000000953674316,0.23999999463558197,0.25,262,269,12,0,7
262,-3.0999999046325684,0,0.05000000074505806,-2.9000000953674316,0.23999999463558197,0.25,263,266,6,0,8
263,-3.0999999046325684,0,0.05000000074505806,-2.9000000953674316,0.23999999463558197,0.25,264,265,3,0,9
264,-3.0999999046325684,0,0.05000000074505806,-2.9000000953674316,0,0.25,-1,-1,1,1,10
265,-3.0999999046325684,0,0.05000000074505806,-2.9000000953674316,0.23999999463558197,0.25,-1,-1,2,2,10
266,-3.0999999046325684,0,0.05000000074505806,-2.9000000953674316,0.23999999463558197,0.25,267,268,3,0,9
267,-3.0999999046325684,0,0.05000000074505806,-2.9000000953674316,0.23999999463558197,0.05000000074505806,-1,-1,1,1,10
268,-3.0999999046325684,0,0.25,-2.9000000953674316,0.23999999463558197,0.25,-1,-1,2,2,10
269,-3.0999999046325684,0,0.05000000074505806,-2.9000000953674316,0.23999999463558197,0.25,270,273,6,0,8
270,-3.0999999046325684,0,0.05000000074505806,-2.9000000953674316,0.23999999463558197,0.25,271,272,3,0,9
271,-3.0999999046325684,0,0.05000000074505806,-3.0999999046325684,0.23999999463558197,0.25,-1,-1,1,1,10
272,-3.0999999046325684,0,0.05000000074505806,-2.9000000953674316,0.23999999463558197,0.25,-1,-1,2,2,10
273,-3.0999999046325684,0,0.05000000074505806,-2.9000000953674316,0.23999999463558197,0.25,274,275,3,0,9
274,-2.9000000953674316,0,0.05000000074505806,-2.9000000953674316,0.23999999463558197,0.25,-1,-1,1,1,10
275,-3.0999999046325684,0.23999999463558197,0.05000000074505806,-2.9000000953674316,0.23999999463558197,0.25,-1,-1,2,2,10
276,-2.7999999523162842,0,0.05000000074505806,-2.5999999046325684,0.23999999463558197,0.25,277,284,12,0,7
277,-2.7999999523162842,0,0.05000000074505806,-2.5999999046325684,0.23999999463558197,0.25,278,281,6,0,8
278,-2.7999999523162842,0,0.05000000074505806,-2.5999999046325684,0.23999999463558197,0.25,279,280,3,0,9
279,-2.7999999523162842,0,0.05000000074505806,-2.5999999046325684,0,0.25,-1,-1,1,1,10
280,-2.7999999523162842,0,0.05000000074505806,-2.5999999046325684,0.23999999463558197,0.25,-1,-1,2,2,10
281,-2.7999999523162842,0,0.05000000074505806,-2.5999999046325684,0.23999999463558197,0.25,282,283,3,0,9
282,-2.7999999523162842,0,0.05000000074505806,-2.5999999046325684,0.23999999463558197,0.05000000074505806,-1,-1,1,1,10
283,-2.7999999523162842,0,0.25,-2.5999999046325684,0.23999999463558197,0.25,-1,-1,2,2,10
284,-2.7999999523162842,0,0.05000000074505806,-2.5999999046325684,0.23999999463558197,0.25,285,288,6,0,8
285,-2.7999999523162842,0,0.05000000074505806,-2.5999999046325684,0.23999999463558197,0.25,286,287,3,0,9
286,-2.7999999523162842,0,0.05000000074505806,-2.7999999523162842,0.23999999463558197,0.25,-1,-1,1,1,10
287,-2.7999999523162842,0,0.05000000074505806,-2.5999999046325684,0.23999999463558197,0.25,-1,-1,2,2,10
288,-2.7999999523162842,0,0.05000000074505806,-2.5999999046325684,0.23999999463558197,0.25,289,290,3,0,9
289,-2.5999999046325684,0,0.05000000074505806,-2.5999999046325684,0.23999999463558197,0.25,-1,-1,1,1,10
290,-2.7999999523162842,0.23999999463558197,0.05000000074505806,-2.5999999046325684,0.23999999463558197,0.25,-1,-1,2,2,10
291,-3.0999999046325684,0,0.34999999403953552,-2.5999999046325684,0.23999999463558197,0.55000001192092896,292,307,24,0,6
292,-3.0999999046325684,0,0.34999999403953552,-2.9000000953674316,0.23999999463558197,0.55000001192092896,293,300,12,0,7
293,-3.0999999046325684,0,0.34999999403953552,-2.9000000953674316,0.23999999463558197,0.55000001192092896,294,297,6,0,8
294,-3.0999999046325684,0,0.34999999403953552,-2.9000000953674316,0.23999999463558197,0.55000001192092896,295,296,3,0,9
295,-3.0999999046325684,0,0.34999999403953552,-2.9000000953674316,0,0.55000001192092896,-1,-1,1,1,10
296,-3.0999999046325684,0,0.34999999403953552,-2.9000000953674316,0.23999999463558197,0.55000001192092896,-1,-1,2,2,10
297,-3.0999999046325684,0,0.34999999403953552,-2.9000000953674316,0.23999999463558197,0.55000001192092896,298,299,3,0,9
298,-3.0999999046325684,0,0.34999999403953552,-2.9000000953674316,0.23999999463558197,0.34999999403953552,-1,-1,1,1,10
299,-3.0999999046325684,0,0.55000001192092896,-2.9000000953674316,0.23999999463558197,0.55000001192092896,-1,-1,2,2,10
300,-3.0999999046325684,0,0.34999999403953552,-2.9000000953674316,0.23999999463558197,0.55000001192092896,301,304,6,0,8
301,-3.0999999046325684,0,0.34999999403953552,-2.9000000953674316,0.23999999463558197,0.55000001192092896,302,303,3,0,9
302,-3.0999999046325684,0,0.34999999403953552,-3.0999999046325684,0.23999999463558197,0.55000001192092896,-1,-1,1,1,10
303,-3.0999999046325684,0,0.34999999403953552,-2.9000000953674316,0.23999999463558197,0.55000001192092896,-1,-1,2,2,10
304,-3.0999999046325684,0,0.34999999403953552,-2.9000000953674316,0.23999999463558197,0.55000001192092896,305,306,3,0,9
305,-2.9000000953674316,0,0.34999999403953552,-2.9000000953674316,0.23999999463558197,0.55000001192092896,-1,-1,1,1,10
306,-3.0999999046325684,0.23999999463558197,0.34999999403953552,-2.9000000953674316,0.23999999463558197,0.55000001192092896,-1,-1,2,2,10
307,-2.7999999523162842,0,0.34999999403953552,-2.5999999046325684,0.23999999463558197,0.55000001192092896,308,315,12,0,7
308,-2.7999999523162842,0,0.34999999403953552,-2.5999999046325684,0.23999999463558197,0.55000001192092896,309,312,6,0,8
309,-2.7999999523162842,0,0.34999999403953552,-2.5999999046325684,0.23999999463558197,0.55000001192092896,310,311,3,0,9
310,-2.7999999523162842,0,0.34999999403953552,-2.5999999046325684,0,0.55000001192092896,-1,-1,1,1,10
311,-2.7999999523162842,0,0.34999999403953552,-2.5999999046325684,0.23999999463558197,0.55000001192092896,-1,-1,2,2,10
312,-2.7999999523162842,0,0.34999999403953552,-2.5999999046325684,0.23999999463558197,0.55000001192092896,313,314,3,0,9
313,-2.7999999523162842,0,0.34999999403953552,-2.5999999046325684,0.23999999463558197,0.34999999403953552,-1,-1,1,1,10
314,-2.7999999523162842,0,0.55000001192092896,-2.5999999046325684,0.23999999463558197,0.55000001192092896,-1,-1,2,2,10
315,-2.7999999523162842,0,0.34999999403953552,-2.5999999046325684,0.23999999463558197,0.55000001192092896,316,319,6,0,8
316,-2.7999999523162842,0,0.34999999403953552,-2.5999999046325684,0.23999999463558197,0.55000001192092896,317,318,3,0,9
317,-2.7999999523162842,0,0.34999999403953552,-2.7999999523162842,0.23999999463558197,0.55000001192092896,-1,-1,1,1,10
318,-2.7999999523162842,0,0.34999999403953552,-2.5999999046325684,0.23999999463558197,0.55000001192092896,-1,-1,2,2,10
319,-2.7999999523162842,0,0.34999999403953552,-2.5999999046325684,0.23999999463558197,0.55000001192092896,320,321,3,0,9
320,-2.5999999046325684,0,0.34999999403953552,-2.5999999046325684,0.23999999463558197,0.55000001192092896,-1,-1,1,1,10
321,-2.7999999523162842,0.23999999463558197,0.34999999403953552,-2.5999999046325684,0.23999999463558197,0.55000001192092896,-1,-1,2,2,10
322,-2.5,0,-0.05000000074505806,-2,0.23999999463558197,0.55000001192092896,323,354,48,0,5
323,-2.5,0,-0.05000000074505806,-2,0.23999999463558197,0.25,324,339,24,0,6
324,-2.5,0,0.05000000074505806,-2.2999999523162842,0.23999999463558197,0.25,325,332,12,0,7
325,-2.5,0,0.05000000074505806,-2.2999999523162842,0.23999999463558197,0.25,326,329,6,0,8
326,-2.5,0,0.05000000074505806,-2.2999999523162842,0.23999999463558197,0.25,327,328,3,0,9
327,-2.5,0,0.05000000074505806,-2.2999999523162842,0,0.25,-1,-1,1,1,10
328,-2.5,0,0.05000000074505806,-2.2999999523162842,0.23999999463558197,0.25,-1,-1,2,2,10
329,-2.5,0,0.05000000074505806,-2.2999999523162842,0.23999999463558197,0.25,330,331,3,0,9
330,-2.5,0,0.05000000074505806,-2.2999999523162842,0.23999999463558197,0.05000000074505806,-1,-1,1,1,10
331,-2.5,0,0.25,-2.2999999523162842,0.23999999463558197,0.25,-1,-1,2,2,10
332,-2.5,0,0.05000000074505806,-2.2999999523162842,0.23999999463558197,0.25,333,336,6,0,8
333,-2.5,0,0.05000000074505806,-2.2999999523162842,0.23999999463558197,0.25,334,335,3,0,9
334,-2.5,0,0.05000000074505806,-2.5,0.23999999463558197,0.25,-1,-1,1,1,10
335,-2.5,0,0.05000000074505806,-2.2999999523162842,0.23999999463558197,0.25,-1,-1,2,2,10
336,-2.5,0,0.05000000074505806,-2.2999999523162842,0.23999999463558197,0.25,337,338,3,0,9
337,-2.2999999523162842,0,0.05000000074505806,-2.2999999523162842,0.23999999463558197,0.25,-1,-1,1,1,10
338,-2.5,0.23999999463558197,0.05000000074505806,-2.2999999523162842,0.23999999463558197,0.25,-1,-1,2,2,10
339,-2.2000000476837158,0,-0.05000000074505806,-2,0.23999999463558197,0.25,340,347,12,0,7
340,-2.2000000476837158,0,-0.05000000074505806,-2,0.23999999463558197,0.25,341,344,6,0,8
341,-2.2000000476837158,0,-0.05000000074505806,-2,0.23999999463558197,0.05000000074505806,342,343,3,0,9
342,-2.2000000476837158,0,-0.05000000074505806,-2,0.23999999463558197,-0.05000000074505806,-1,-1,1,1,10
343,-2.2000000476837158,0,0.05000000074505806,-2,0.23999999463558197,0.05000000074505806,-1,-1,2,2,10
344,-2.2000000476837158,0,0.05000000074505806,-2,0.23999999463558197,0.25,345,346,3,0,9
345,-2.2000000476837158,0,0.05000000074505806,-2.2000000476837158,0.23999999463558197,0.25,-1,-1,1,1,10
346,-2.2000000476837158,0,0.05000000074505806,-2,0.23999999463558197,0.25,-1,-1,2,2,10
347,-2.2000000476837158,0,0.05000000074505806,-2,0.23999999463558197,0.25,348,351,6,0,8
348,-2.2000000476837158,0,0.05000000074505806,-2,0.23999999463558197,0.25,349,350,3,0,9
349,-2.2000000476837158,0,0.05000000074505806,-2,0,0.25,-1,-1,1,1,10
350,-2.2000000476837158,0,0.05000000074505806,-2,0.23999999463558197,0.25,-1,-1,2,2,10
351,-2.2000000476837158,0,0.05000000074505806,-2,0.23999999463558197,0.25,352,353,3,0,9
352,-2,0,0.05000000074505806,-2,0.23999999463558197,0.25,-1,-1,1,1,10
353,-2.2000000476837158,0.23999999463558197,0.05000000074505806,-2,0.23999999463558197,0.25,-1,-1,2,2,10
354,-2.5,0,0.25,-2,0.23999999463558197,0.55000001192092896,355,370,24,0,6
355,-2.5,0,0.34999999403953552,-2.2999999523162842,0.23999999463558197,0.55000001192092896,356,363,12,0,7
356,-2.5,0,0.34999999403953552,-2.2999999523162842,0.23999999463558197,0.55000001192092896,357,360,6,0,8
357,-2.5,0,0.34999999403953552,-2.2999999523162842,0.23999999463558197,0.55000001192092896,358,359,3,0,9
358,-2.5,0,0.34999999403953552,-2.2999999523162842,0,0.55000001192092896,-1,-1,1,1,10
359,-2.5,0,0.34999999403953552,-2.2999999523162842,0.23999999463558197,0.55000001192092896,-1,-1,2,2,10
360,-2.5,0,0.34999999403953552,-2.2999999523162842,0.23999999463558197,0.55000001192092896,361,362,3,0,9
361,-2.5,0,0.34999999403953552,-2.2999999523162842,0.23999999463558197,0.34999999403953552,-1,-1,1,1,10
362,-2.5,0,0.55000001192092896,-2.2999999523162842,0.23999999463558197,0.55000001192092896,-1,-1,2,2,10
363,-2.5,0,0.34999999403953552,-2.2999999523162842,0.23999999463558197,0.55000001192092896,364,367,6,0,8
364,-2.5,0,0.34999999403953552,-2.2999999523162842,0.23999999463558197,0.55000001192092896,365,366,3,0,9
365,-2.5,0,0.34999999403953552,-2.5,0.23999999463558197,0.55000001192092896,-1,-1,1,1,10
366,-2.5,0,0.34999999403953552,-2.2999999523162842,0.23999999463558197,0.55000001192092896,-1,-1,2,2,10
367,-2.5,0,0.34999999403953552,-2.2999999523162842,0.23999999463558197,0.55000001192092896,368,369,3,0,9
368,-2.2999999523162842,0,0.34999999403953552,-2.2999999523162842,0.23999999463558197,0.55000001192092896,-1,-1,1,1,10
369,-2.5,0.23999999463558197,0.34999999403953552,-2.2999999523162842,0.23999999463558197,0.55000001192092896,-1,-1,2,2,10
370,-2.2000000476837158,0,0.25,-2,0.23999999463558197,0.55000001192092896,371,378,12,0,7
371,-2.2000000476837158,0,0.25,-2,0.23999999463558197,0.55000001192092896,372,375,6,0,8
372,-2.2000000476837158,0,0.25,-2,0.23999999463558197,0.34999999403953552,373,374,3,0,9
373,-2.2000000476837158,0,0.25,-2,0.23999999463558197,0.25,-1,-1,1,1,10
374,-2.2000000476837158,0,0.34999999403953552,-2,0.23999999463558197,0.34999999403953552,-1,-1,2,2,10
375,-2.2000000476837158,0,0.34999999403953552,-2,0.23999999463558197,0.55000001192092896,376,377,3,0,9
376,-2.2000000476837158,0,0.34999999403953552,-2.2000000476837158,0.23999999463558197,0.55000001192092896,-1,-1,1,1,10
377,-2.2000000476837158,0,0.34999999403953552,-2,0.23999999463558197,0.55000001192092896,-1,-1,2,2,10
378,-2.2000000476837158,0,0.34999999403953552,-2,0.23999999463558197,0.55000001192092896,379,382,6,0,8
379,-2.2000000476837158,0,0.34999999403953552,-2,0.23999999463558197,0.55000001192092896,380,381,3,0,9
380,-2.2000000476837158,0,0.34999999403953552,-2,0,0.55000001192092896,-1,-1,1,1,10
381,-2.2000000476837158,0,0.34999999403953552,-2,0.23999999463558197,0.55000001192092896,-1,-1,2,2,10
382,-2.2000000476837158,0,0.34999999403953552,-2,0.23999999463558197,0.55000001192092896,383,384,3,0,9
383,-2,0,0.34999999403953552,-2,0.23999999463558197,0.55000001192092896,-1,-1,1,1,10
384,-2.2000000476837158,0.23999999463558197,0.34999999403953552,-2,0.23999999463558197,0.55000001192092896,-1,-1,2,2,10
385,-3.0999999046325684,0,0.55000001192092896,-2,0.23999999463558197,1.1499999761581421,386,449,97,0,4
386,-3.0999999046325684,0,0.64999997615814209,-2.5999999046325684,0.23999999463558197,1.1499999761581421,387,418,48,0,5
387,-3.0999999046325684,0,0.64999997615814209,-2.9000000953674316,0.23999999463558197,1.1499999761581421,388,403,24,0,6
388,-3.0999999046325684,0,0.64999997615814209,-2.9000000953674316,0.23999999463558197,0.85000002384185791,389,396,12,0,7
389,-3.0999999046325684,0,0.64999997615814209,-2.9000000953674316,0.23999999463558197,0.85000002384185791,390,393,6,0,8
390,-3.0999999046325684,0,0.64999997615814209,-2.9000000953674316,0.23999999463558197,0.85000002384185791,391,392,3,0,9
391,-3.0999999046325684,0,0.64999997615814209,-2.9000000953674316,0,0.85000002384185791,-1,-1,1,1,10
392,-3.0999999046325684,0,0.64999997615814209,-2.9000000953674316,0.23999999463558197,0.85000002384185791,-1,-1,2,2,10
393,-3.0999999046325684,0,0.64999997615814209,-2.9000000953674316,0.23999999463558197,0.85000002384185791,394,395,3,0,9
394,-3.0999999046325684,0,0.64999997615814209,-2.9000000953674316,0.23999999463558197,0.64999997615814209,-1,-1,1,1,10
395,-3.0999999046325684,0,0.85000002384185791,-2.9000000953674316,0.23999999463558197,0.85000002384185791,-1,-1,2,2,10
396,-3.0999999046325684,0,0.64999997615814209,-2.9000000953674316,0.23999999463558197,0.85000002384185791,397,400,6,0,8
397,-3.0999999046325684,0,0.64999997615814209,-2.9000000953674316,0.23999999463558197,0.85000002384185791,398,399,3,0,9
398,-3.0999999046325684,0,0.64999997615814209,-3.0999999046325684,0.23999999463558197,0.85000002384185791,-1,-1,1,1,10
399,-3.0999999046325684,0,0.64999997615814209,-2.9000000953674316,0.23999999463558197,0.85000002384185791,-1,-1,2,2,10
400,-3.0999999046325684,0,0.64999997615814209,-2.9000000953674316,0.23999999463558197,0.85000002384185791,401,402,3,0,9
401,-2.9000000953674316,0,0.64999997615814209,-2.9000000953674316,0.23999999463558197,0.85000002384185791,-1,-1,1,1,10
402,-3.0999999046325684,0.23999999463558197,0.64999997615814209,-2.9000000953674316,0.23999999463558197,0.85000002384185791,-1,-1,2,2,10
403,-3.0999999046325684,0,0.94999998807907104,-2.9000000953674316,0.23999999463558197,1.1499999761581421,404,411,12,0,7
404,-3.0999999046325684,0,0.94999998807907104,-2.9000000953674316,0.23999999463558197,1.1499999761581421,405,408,6,0,8
405,-3.0999999046325684,0,0.94999998807907104,-2.9000000953674316,0.23999999463558197,1.1499999761581421,406,407,3,0,9
406,-3.0999999046325684,0,0.94999998807907104,-2.9000000953674316,0,1.1499999761581421,-1,-1,1,1,10
407,-3.0999999046325684,0,0.94999998807907104,-2.9000000953674316,0.23999999463558197,1.1499999761581421,-1,-1,2,2,10
408,-3.0999999046325684,0,0.94999998807907104,-2.9000000953674316,0.23999999463558197,1.1499999761581421,409,410,3,0,9
409,-3.0999999046325684,0,0.94999998807907104,-2.9000000953674316,0.23999999463558197,0.94999998807907104,-1,-1,1,1,10
410,-3.0999999046325684,0,1.1499999761581421,-2.9000000953674316,0.23999999463558197,1.1499999761581421,-1,-1,2,2,10
411,-3.0999999046325684,0,0.94999998807907104,-2.9000000953674316,0.23999999463558197,1.1499999761581421,412,415,6,0,8
412,-3.0999999046325684,0,0.94999998807907104,-2.9000000953674316,0.23999999463558197,1.1499999761581421,413,414,3,0,9
413,-3.0999999046325684,0,0.94999998807907104,-3.0999999046325684,0.23999999463558197,1.1499999761581421,-1,-1,1,1,10
414,-3.0999999046325684,0,0.94999998807907104,-2.9000000953674316,0.23999999463558197,1.1499999761581421,-1,-1,2,2,10
415,-3.0999999046325684,0,0.94999998807907104,-2.9000000953674316,0.23999999463558197,1.1499999761581421,416,417,3,0,9
416,-2.9000000953674316,0,0.94999998807907104,-2.9000000953674316,0.23999999463558197,1.1499999761581421,-1,-1,1,1,10
417,-3.0999999046325684,0.23999999463558197,0.94999998807907104,-2.9000000953674316,0.23999999463558197,1.1499999761581421,-1,-1,2,2,10
418,-2.7999999523162842,0,0.64999997615814209,-2.5999999046325684,0.23999999463558197,1.1499999761581421,419,434,24,0,6
419,-2.7999999523162842,0,0.64999997615814209,-2.5999999046325684,0.23999999463558197,0.85000002384185791,420,427,12,0,7
420,-2.7999999523162842,0,0.64999997615814209,-2.5999999046325684,0.23999999463558197,0.85000002384185791,421,424,6,0,8
421,-2.7999999523162842,0,0.64999997615814209,-2.5999999046325684,0.23999999463558197,0.85000002384185791,422,423,3,0,9
422,-2.7999999523162842,0,0.64999997615814209,-2.5999999046325684,0,0.85000002384185791,-1,-1,1,1,10
423,-2.7999999523162842,0,0.64999997615814209,-2.5999999046325684,0.23999999463558197,0.85000002384185791,-1,-1,2,2,10
424,-2.7999999523162842,0,0.64999997615814209,-2.5999999046325684,0.23999999463558197,0.85000002384185791,425,426,3,0,9
425,-2.7999999523162842,0,0.64999997615814209,-2.5999999046325684,0.23999999463558197,0.64999997615814209,-1,-1,1,1,10
426,-2.7999999523162842,0,0.85000002384185791,-2.5999999046325684,0.23999999463558197,0.85000002384185791,-1,-1,2,2,10
427,-2.7999999523162842,0,0.64999997615814209,-2.5999999046325684,0.23999999463558197,0.85000002384185791,428,431,6,0,8
428,-2.7999999523162842,0,0.64999997615814209,-2.5999999046325684,0.23999999463558197,0.85000002384185791,429,430,3,0,9
429,-2.7999999523162842,0,0.64999997615814209,-2.7999999523162842,0.23999999463558197,0.85000002384185791,-1,-1,1,1,10
430,-2.7999999523162842,0,0.64999997615814209,-2.5999999046325684,0.23999999463558197,0.85000002384185791,-1,-1,2,2,10
431,-2.7999999523162842,0,0.64999997615814209,-2.5999999046325684,0.23999999463558197,0.85000002384185791,432,433,3,0,9
432,-2.5999999046325684,0,0.64999997615814209,-2.5999999046325684,0.23999999463558197,0.85000002384185791,-1,-1,1,1,10
433,-2.7999999523162842,0.23999999463558197,0.64999997615814209,-2.5999999046325684,0.23999999463558197,0.85000002384185791,-1,-1,2,2,10
434,-2.7999999523162842,0,0.94999998807907104,-2.5999999046325684,0.23999999463558197,1.1499999761581421,435,442,12,0,7
435,-2.7999999523162842,0,0.94999998807907104,-2.5999999046325684,0.23999999463558197,1.1499999761581421,436,439,6,0,8
436,-2.7999999523162842,0,0.94999998807907104,-2.5999999046325684,0.23999999463558197,1.1499999761581421,437,438,3,0,9
437,-2.7999999523162842,0,0.94999998807907104,-2.5999999046325684,0,1.1499999761581421,-1,-1,1,1,10
438,-2.7999999523162842,0,0.94999998807907104,-2.5999999046325684,0.23999999463558197,1.1499999761581421,-1,-1,2,2,10
439,-2.7999999523162842,0,0.94999998807907104,-2.5999999046325684,0.23999999463558197,1.1499999761581421,440,441,3,0,9
440,-2.7999999523162842,0,0.94999998807907104,-2.5999999046325684,0.23999999463558197,0.94999998807907104,-1,-1,1,1,10
441,-2.7999999523162842,0,1.1499999761581421,-2.5999999046325684,0.23999999463558197,1.1499999761581421,-1,-1,2,2,10
442,-2.7999999523162842,0,0.94999998807907104,-2.5999999046325684,0.23999999463558197,1.1499999761581421,443,446,6,0,8
443,-2.7999999523162842,0,0.94999998807907104,-2.5999999046325684,0.23999999463558197,1.1499999761581421,444,445,3,0,9
444,-2.7999999523162842,0,0.94999998807907104,-2.7999999523162842,0.23999999463558197,1.1499999761581421,-1,-1,1,1,10
445,-2.7999999523162842,0,0.94999998807907104,-2.5999999046325684,0.23999999463558197,1.1499999761581421,-1,-1,2,2,10
446,-2.7999999523162842,0,0.94999998807907104,-2.5999999046325684,0.23999999463558197,1.1499999761581421,447,448,3,0,9
447,-2.5999999046325684,0,0.94999998807907104,-2.5999999046325684,0.23999999463558197,1.1499999761581421,-1,-1,1,1,10
448,-2.7999999523162842,0.23999999463558197,0.94999998807907104,-2.5999999046325684,0.23999999463558197,1.1499999761581421,-1,-1,2,2,10
449,-2.5,0,0.55000001192092896,-2,0.23999999463558197,1.1499999761581421,450,481,49,0,5
450,-2.5,0,0.55000001192092896,-2,0.23999999463558197,0.85000002384185791,451,466,24,0,6
451,-2.5,0,0.64999997615814209,-2.2999999523162842,0.23999999463558197,0.85000002384185791,452,459,12,0,7
452,-2.5,0,0.64999997615814209,-2.2999999523162842,0.23999999463558197,0.85000002384185791,453,456,6,0,8
453,-2.5,0,0.64999997615814209,-2.2999999523162842,0.23999999463558197,0.85000002384185791,454,455,3,0,9
454,-2.5,0,0.64999997615814209,-2.2999999523162842,0,0.85000002384185791,-1,-1,1,1,10
455,-2.5,0,0.64999997615814209,-2.2999999523162842,0.23999999463558197,0.85000002384185791,-1,-1,2,2,10
456,-2.5,0,0.64999997615814209,-2.2999999523162842,0.23999999463558197,0.85000002384185791,457,458,3,0,9
457,-2.5,0,0.64999997615814209,-2.2999999523162842,0.23999999463558197,0.64999997615814209,-1,-1,1,1,10
458,-2.5,0,0.85000002384185791,-2.2999999523162842,0.23999999463558197,0.85000002384185791,-1,-1,2,2,10
459,-2.5,0,0.64999997615814209,-2.2999999523162842,0.23999999463558197,0.85000002384185791,460,463,6,0,8
460,-2.5,0,0.64999997615814209,-2.2999999523162842,0.23999999463558197,0.85000002384185791,461,462,3,0,9
461,-2.5,0,0.64999997615814209,-2.5,0.23999999463558197,0.85000002384185791,-1,-1,1,1,10
462,-2.5,0,0.64999997615814209,-2.2999999523162842,0.23999999463558197,0.85000002384185791,-1,-1,2,2,10
463,-2.5,0,0.64999997615814209,-2.2999999523162842,0.23999999463558197,0.85000002384185791,464,465,3,0,9
464,-2.2999999523162842,0,0.64999997615814209,-2.2999999523162842,0.23999999463558197,0.85000002384185791,-1,-1,1,1,10
465,-2.5,0.23999999463558197,0.64999997615814209,-2.2999999523162842,0.23999999463558197,0.85000002384185791,-1,-1,2,2,10
466,-2.2000000476837158,0,0.55000001192092896,-2,0.23999999463558197,0.85000002384185791,467,474,12,0,7
467,-2.2000000476837158,0,0.55000001192092896,-2,0.23999999463558197,0.85000002384185791,468,471,6,0,8
468,-2.2000000476837158,0,0.55000001192092896,-2,0.23999999463558197,0.64999997615814209,469,470,3,0,9
469,-2.2000000476837158,0,0.55000001192092896,-2,0.23999999463558197,0.55000001192092896,-1,-1,1,1,10
470,-2.2000000476837158,0,0.64999997615814209,-2,0.23999999463558197,0.64999997615814209,-1,-1,2,2,10
471,-2.2000000476837158,0,0.64999997615814209,-2,0.23999999463558197,0.85000002384185791,472,473,3,0,9
472,-2.2000000476837158,0,0.64999997615814209,-2.2000000476837158,0.23999999463558197,0.85000002384185791,-1,-1,1,1,10
473,-2.2000000476837158,0,0.64999997615814209,-2,0.23999999463558197,0.85000002384185791,-1,-1,2,2,10
474,-2.2000000476837158,0,0.64999997615814209,-2,0.23999999463558197,0.85000002384185791,475,478,6,0,8
475,-2.2000000476837158,0,0.64999997615814209,-2,0.23999999463558197,0.85000002384185791,476,477,3,0,9
476,-2.2000000476837158,0,0.64999997615814209,-2,0,0.85000002384185791,-1,-1,1,1,10
477,-2.2000000476837158,0,0.64999997615814209,-2,0.23999999463558197,0.85000002384185791,-1,-1,2,2,10
478,-2.2000000476837158,0,0.64999997615814209,-2,0.23999999463558197,0.85000002384185791,479,480,3,0,9
479,-2,0,0.64999997615814209,-2,0.23999999463558197,0.85000002384185791,-1,-1,1,1,10
480,-2.2000000476837158,0.23999999463558197,0.64999997615814209,-2,0.23999999463558197,0.85000002384185791,-1,-1,2,2,10
481,-2.5,0,0.85000002384185791,-2,0.23999999463558197,1.1499999761581421,482,497,25,0,6
482,-2.5,0,0.94999998807907104,-2.2999999523162842,0.23999999463558197,1.1499999761581421,483,490,12,0,7
483,-2.5,0,0.94999998807907104,-2.2999999523162842,0.23999999463558197,1.1499999761581421,484,487,6,0,8
484,-2.5,0,0.94999998807907104,-2.2999999523162842,0.23999999463558197,1.1499999761581421,485,486,3,0,9
485,-2.5,0,0.94999998807907104,-2.2999999523162842,0,1.1499999761581421,-1,-1,1,1,10
486,-2.5,0,0.94999998807907104,-2.2999999523162842,0.23999999463558197,1.1499999761581421,-1,-1,2,2,10
487,-2.5,0,0.94999998807907104,-2.2999999523162842,0.23999999463558197,1.1499999761581421,488,489,3,0,9
488,-2.5,0,0.94999998807907104,-2.2999999523162842,0.23999999463558197,0.94999998807907104,-1,-1,1,1,10
489,-2.5,0,1.1499999761581421,-2.2999999523162842,0.23999999463558197,1.1499999761581421,-1,-1,2,2,10
490,-2.5,0,0.94999998807907104,-2.2999999523162842,0.23999999463558197,1.1499999761581421,491,494,6,0,8
491,-2.5,0,0.94999998807907104,-2.2999999523162842,0.23999999463558197,1.1499999761581421,492,493,3,0,9
492,-2.5,0,0.94999998807907104,-2.5,0.23999999463558197,1.1499999761581421,-1,-1,1,1,10
493,-2.5,0,0.94999998807907104,-2.2999999523162842,0.23999999463558197,1.1499999761581421,-1,-1,2,2,10
494,-2.5,0,0.94999998807907104,-2.2999999523162842,0.23999999463558197,1.1499999761581421,495,496,3,0,9
495,-2.2999999523162842,0,0.94999998807907104,-2.2999999523162842,0.23999999463558197,1.1499999761581421,-1,-1,1,1,10
496,-2.5,0.23999999463558197,0.94999998807907104,-2.2999999523162842,0.23999999463558197,1.1499999761581421,-1,-1,2,2,10
497,-2.2000000476837158,0,0.85000002384185791,-2,0.23999999463558197,1.1499999761581421,498,505,13,0,7
498,-2.2000000476837158,0,0.85000002384185791,-2,0.23999999463558197,1.1499999761581421,499,502,6,0,8
499,-2.2000000476837158,0,0.85000002384185791,-2,0.23999999463558197,0.94999998807907104,500,501,3,0,9
500,-2.2000000476837158,0,0.85000002384185791,-2,0.23999999463558197,0.85000002384185791,-1,-1,1,1,10
501,-2.2000000476837158,0,0.94999998807907104,-2,0.23999999463558197,0.94999998807907104,-1,-1,2,2,10
502,-2.2000000476837158,0,0.94999998807907104,-2,0.23999999463558197,1.1499999761581421,503,504,3,0,9
503,-2.2000000476837158,0,0.94999998807907104,-2.2000000476837158,0.23999999463558197,1.1499999761581421,-1,-1,1,1,10
504,-2.2000000476837158,0,0.94999998807907104,-2,0.23999999463558197,1.1499999761581421,-1,-1,2,2,10
505,-2.2000000476837158,0,0.94999998807907104,-2,0.23999999463558197,1.1499999761581421,506,509,7,0,8
506,-2.2000000476837158,0,0.94999998807907104,-2,0.23999999463558197,1.1499999761581421,507,508,3,0,9
507,-2.2000000476837158,0,0.94999998807907104,-2,0,1.1499999761581421,-1,-1,1,1,10
508,-2.2000000476837158,0,0.94999998807907104,-2,0.23999999463558197,1.1499999761581421,-1,-1,2,2,10
509,-2.2000000476837158,0,0.94999998807907104,-2,0.23999999463558197,1.1499999761581421,510,511,4,0,9
510,-2.2000000476837158,0,0.94999998807907104,-2,0.23999999463558197,1.1499999761581421,-1,-1,2,2,10
511,-2.2000000476837158,0.23999999463558197,0.94999998807907104,-2,0.23999999463558197,1.1499999761581421,-1,-1,2,2,10
512,-5,0,-5,5,0.23999999463558197,5,513,768,385,0,2
513,-1.8999999761581421,0,-1.1499999761581421,-1.2999999523162842,0.23999999463558197,1.1499999761581421,514,641,192,0,3
514,-1.8999999761581421,0,-1.1499999761581421,-1.2999999523162842,0.23999999463558197,-0.05000000074505806,515,578,96,0,4
515,-1.8999999761581421,0,-1.1499999761581421,-1.2999999523162842,0.23999999463558197,-0.64999997615814209,516,547,48,0,5
516,-1.8999999761581421,0,-1.1499999761581421,-1.6000000238418579,0.23999999463558197,-0.64999997615814209,517,532,24,0,6
517,-1.8999999761581421,0,-1.1499999761581421,-1.6000000238418579,0.23999999463558197,-0.94999998807907104,518,525,12,0,7
518,-1.8999999761581421,0,-1.1499999761581421,-1.7000000476837158,0.23999999463558197,-0.94999998807907104,519,522,6,0,8
519,-1.8999999761581421,0,-1.1499999761581421,-1.7000000476837158,0.23999999463558197,-0.94999998807907104,520,521,3,0,9
520,-1.8999999761581421,0,-1.1499999761581421,-1.7000000476837158,0,-0.94999998807907104,-1,-1,1,1,10
521,-1.8999999761581421,0,-1.1499999761581421,-1.7000000476837158,0.23999999463558197,-1.1499999761581421,-1,-1,2,2,10
522,-1.8999999761581421,0,-1.1499999761581421,-1.7000000476837158,0.23999999463558197,-0.94999998807907104,523,524,3,0,9
523,-1.8999999761581421,0,-0.94999998807907104,-1.7000000476837158,0.23999999463558197,-0.94999998807907104,-1,-1,1,1,10
524,-1.8999999761581421,0,-1.1499999761581421,-1.7000000476837158,0.23999999463558197,-0.94999998807907104,-1,-1,2,2,10
525,-1.8999999761581421,0,-1.1499999761581421,-1.6000000238418579,0.23999999463558197,-0.94999998807907104,526,529,6,0,8
526,-1.8999999761581421,0,-1.1499999761581421,-1.7000000476837158,0.23999999463558197,-0.94999998807907104,527,528,3,0,9
527,-1.8999999761581421,0,-1.1499999761581421,-1.7000000476837158,0,-0.94999998807907104,-1,-1,1,1,10
528,-1.8999999761581421,0.23999999463558197,-1.1499999761581421,-1.7000000476837158,0.23999999463558197,-0.94999998807907104,-1,-1,2,2,10
529,-1.7000000476837158,0,-1.1499999761581421,-1.6000000238418579,0.23999999463558197,-0.94999998807907104,530,531,3,0,9
530,-1.7000000476837158,0,-1.1499999761581421,-1.7000000476837158,0.23999999463558197,-0.94999998807907104,-1,-1,1,1,10
531,-1.7000000476837158,0,-1.1499999761581421,-1.6000000238418579,0.23999999463558197,-0.94999998807907104,-1,-1,2,2,10
532,-1.8999999761581421,0,-0.85000002384185791,-1.7000000476837158,0.23999999463558197,-0.64999997615814209,533,540,12,0,7
533,-1.8999999761581421,0,-0.85000002384185791,-1.7000000476837158,0.23999999463558197,-0.64999997615814209,534,537,6,0,8
534,-1.8999999761581421,0,-0.85000002384185791,-1.7000000476837158,0.23999999463558197,-0.64999997615814209,535,536,3,0,9
535,-1.8999999761581421,0,-0.85000002384185791,-1.7000000476837158,0,-0.64999997615814209,-1,-1,1,1,10
536,-1.8999999761581421,0,-0.85000002384185791,-1.7000000476837158,0.23999999463558197,-0.64999997615814209,-1,-1,2,2,10
537,-1.8999999761581421,0,-0.85000002384185791,-1.7000000476837158,0.23999999463558197,-0.64999997615814209,538,539,3,0,9
538,-1.8999999761581421,0,-0.85000002384185791,-1.7000000476837158,0.23999999463558197,-0.85000002384185791,-1,-1,1,1,10
539,-1.8999999761581421,0,-0.64999997615814209,-1.7000000476837158,0.23999999463558197,-0.64999997615814209,-1,-1,2,2,10
540,-1.8999999761581421,0,-0.85000002384185791,-1.7000000476837158,0.23999999463558197,-0.64999997615814209,541,544,6,0,8
541,-1.8999999761581421,0,-0.85000002384185791,-1.7000000476837158,0.23999999463558197,-0.64999997615814209,542,543,3,0,9
542,-1.8999999761581421,0,-0.85000002384185791,-1.8999999761581421,0.23999999463558197,-0.64999997615814209,-1,-1,1,1,10
543,-1.8999999761581421,0,-0.85000002384185791,-1.7000000476837158,0.23999999463558197,-0.64999997615814209,-1,-1,2,2,10
544,-1.8999999761581421,0,-0.85000002384185791,-1.7000000476837158,0.23999999463558197,-0.64999997615814209,545,546,3,0,9
545,-1.7000000476837158,0,-0.85000002384185791,-1.7000000476837158,0.23999999463558197,-0.64999997615814209,-1,-1,1,1,10
546,-1.8999999761581421,0.23999999463558197,-0.85000002384185791,-1.7000000476837158,0.23999999463558197,-0.64999997615814209,-1,-1,2,2,10
547,-1.6000000238418579,0,-1.1499999761581421,-1.2999999523162842,0.23999999463558197,-0.64999997615814209,548,563,24,0,6
548,-1.6000000238418579,0,-1.1499999761581421,-1.2999999523162842,0.23999999463558197,-0.94999998807907104,549,556,12,0,7
549,-1.6000000238418579,0,-1.1499999761581421,-1.3999999761581421,0.23999999463558197,-0.94999998807907104,550,553,6,0,8
550,-1.6000000238418579,0,-1.1499999761581421,-1.3999999761581421,0.23999999463558197,-0.94999998807907104,551,552,3,0,9
551,-1.6000000238418579,0,-1.1499999761581421,-1.3999999761581421,0,-0.94999998807907104,-1,-1,1,1,10
552,-1.6000000238418579,0,-1.1499999761581421,-1.3999999761581421,0.23999999463558197,-1.1499999761581421,-1,-1,2,2,10
553,-1.6000000238418579,0,-1.1499999761581421,-1.3999999761581421,0.23999999463558197,-0.94999998807907104,554,555,3,0,9
554,-1.6000000238418579,0,-0.94999998807907104,-1.3999999761581421,0.23999999463558197,-0.94999998807907104,-1,-1,1,1,10
555,-1.6000000238418579,0,-1.1499999761581421,-1.3999999761581421,0.23999999463558197,-0.94999998807907104,-1,-1,2,2,10
556,-1.6000000238418579,0,-1.1499999761581421,-1.2999999523162842,0.23999999463558197,-0.94999998807907104,557,560,6,0,8
557,-1.6000000238418579,0,-1.1499999761581421,-1.3999999761581421,0.23999999463558197,-0.94999998807907104,558,559,3,0,9
558,-1.6000000238418579,0,-1.1499999761581421,-1.3999999761581421,0,-0.94999998807907104,-1,-1,1,1,10
559,-1.6000000238418579,0.23999999463558197,-1.1499999761581421,-1.3999999761581421,0.23999999463558197,-0.94999998807907104,-1,-1,2,2,10
560,-1.3999999761581421,0,-1.1499999761581421,-1.2999999523162842,0.23999999463558197,-0.94999998807907104,561,562,3,0,9
561,-1.3999999761581421,0,-1.1499999761581421,-1.3999999761581421,0.23999999463558197,-0.94999998807907104,-1,-1,1,1,10
562,-1.3999999761581421,0,-1.1499999761581421,-1.2999999523162842,0.23999999463558197,-0.94999998807907104,-1,-1,2,2,10
563,-1.6000000238418579,0,-0.85000002384185791,-1.3999999761581421,0.23999999463558197,-0.64999997615814209,564,571,12,0,7
564,-1.6000000238418579,0,-0.85000002384185791,-1.3999999761581421,0.23999999463558197,-0.64999997615814209,565,568,6,0,8
565,-1.6000000238418579,0,-0.85000002384185791,-1.3999999761581421,0.23999999463558197,-0.64999997615814209,566,567,3,0,9
566,-1.6000000238418579,0,-0.85000002384185791,-1.3999999761581421,0,-0.64999997615814209,-1,-1,1,1,10
567,-1.6000000238418579,0,-0.85000002384185791,-1.3999999761581421,0.23999999463558197,-0.64999997615814209,-1,-1,2,2,10
568,-1.6000000238418579,0,-0.85000002384185791,-1.3999999761581421,0.23999999463558197,-0.64999997615814209,569,570,3,0,9
569,-1.6000000238418579,0,-0.85000002384185791,-1.3999999761581421,0.23999999463558197,-0.85000002384185791,-1,-1,1,1,10
570,-1.6000000238418579,0,-0.64999997615814209,-1.3999999761581421,0.23999999463558197,-0.64999997615814209,-1,-1,2,2,10
571,-1.6000000238418579,0,-0.85000002384185791,-1.3999999761581421,0.23999999463558197,-0.64999997615814209,572,575,6,0,8
572,-1.6000000238418579,0,-0.85000002384185791,-1.3999999761581421,0.23999999463558197,-0.64999997615814209,573,574,3,0,9
573,-1.6000000238418579,0,-0.85000002384185791,-1.6000000238418579,0.23999999463558197,-0.64999997615814209,-1,-1,1,1,10
574,-1.6000000238418579,0,-0.85000002384185791,-1.3999999761581421,0.23999999463558197,-0.64999997615814209,-1,-1,2,2,10
575,-1.6000000238418579,0,-0.85000002384185791,-1.3999999761581421,0.23999999463558197,-0.64999997615814209,576,577,3,0,9
576,-1.3999999761581421,0,-0.85000002384185791,-1.3999999761581421,0.23999999463558197,-0.64999997615814209,-1,-1,1,1,10
577,-1.6000000238418579,0.23999999463558197,-0.85000002384185791,-1.3999999761581421,0.23999999463558197,-0.64999997615814209,-1,-1,2,2,10
578,-1.8999999761581421,0,-0.55000001192092896,-1.3999999761581421,0.23999999463558197,-0.05000000074505806,579,610,48,0,5
579,-1.8999999761581421,0,-0.55000001192092896,-1.3999999761581421,0.23999999463558197,-0.34999999403953552,580,595,24,0,6
580,-1.8999999761581421,0,-0.55000001192092896,-1.7000000476837158,0.23999999463558197,-0.34999999403953552,581,588,12,0,7
581,-1.8999999761581421,0,-0.55000001192092896,-1.7000000476837158,0.23999999463558197,-0.34999999403953552,582,585,6,0,8
582,-1.8999999761581421,0,-0.55000001192092896,-1.7000000476837158,0.23999999463558197,-0.34999999403953552,583,584,3,0,9
583,-1.8999999761581421,0,-0.55000001192092896,-1.7000000476837158,0,-0.34999999403953552,-1,-1,1,1,10
584,-1.8999999761581421,0,-0.55000001192092896,-1.7000000476837158,0.23999999463558197,-0.34999999403953552,-1,-1,2,2,10
585,-1.8999999761581421,0,-0.55000001192092896,-1.7000000476837158,0.23999999463558197,-0.34999999403953552,586,587,3,0,9
586,-1.8999999761581421,0,-0.55000001192092896,-1.7000000476837158,0.23999999463558197,-0.55000001192092896,-1,-1,1,1,10
587,-1.8999999761581421,0,-0.34999999403953552,-1.7000000476837158,0.23999999463558197,-0.34999999403953552,-1,-1,2,2,10
588,-1.8999999761581421,0,-0.55000001192092896,-1.7000000476837158,0.23999999463558197,-0.34999999403953552,589,592,6,0,8
589,-1.8999999761581421,0,-0.55000001192092896,-1.7000000476837158,0.23999999463558197,-0.34999999403953552,590,591,3,0,9
590,-1.8999999761581421,0,-0.55000001192092896,-1.8999999761581421,0.23999999463558197,-0.34999999403953552,-1,-1,1,1,10
591,-1.8999999761581421,0,-0.55000001192092896,-1.7000000476837158,0.23999999463558197,-0.34999999403953552,-1,-1,2,2,10
592,-1.8999999761581421,0,-0.55000001192092896,-1.7000000476837158,0.23999999463558197,-0.34999999403953552,593,594,3,0,9
593,-1.7000000476837158,0,-0.55000001192092896,-1.7000000476837158,0.23999999463558197,-0.34999999403953552,-1,-1,1,1,10
594,-1.8999999761581421,0.23999999463558197,-0.55000001192092896,-1.7000000476837158,0.23999999463558197,-0.34999999403953552,-1,-1,2,2,10
595,-1.6000000238418579,0,-0.55000001192092896,-1.3999999761581421,0.23999999463558197,-0.34999999403953552,596,603,12,0,7
596,-1.6000000238418579,0,-0.55000001192092896,-1.3999999761581421,0.23999999463558197,-0.34999999403953552,597,600,6,0,8
597,-1.6000000238418579,0,-0.55000001192092896,-1.3999999761581421,0.23999999463558197,-0.34999999403953552,598,599,3,0,9
598,-1.6000000238418579,0,-0.55000001192092896,-1.3999999761581421,0,-0.34999999403953552,-1,-1,1,1,10
599,-1.6000000238418579,0,-0.55000001192092896,-1.3999999761581421,0.23999999463558197,-0.34999999403953552,-1,-1,2,2,10
600,-1.6000000238418579,0,-0.55000001192092896,-1.3999999761581421,0.23999999463558197,-0.34999999403953552,601,602,3,0,9
601,-1.6000000238418579,0,-0.55000001192092896,-1.3999999761581421,0.23999999463558197,-0.55000001192092896,-1,-1,1,1,10
602,-1.6000000238418579,0,-0.34999999403953552,-1.3999999761581421,0.23999999463558197,-0.34999999403953552,-1,-1,2,2,10
603,-1.6000000238418579,0,-0.55000001192092896,-1.3999999761581421,0.23999999463558197,-0.34999999403953552,604,607,6,0,8
604,-1.6000000238418579,0,-0.55000001192092896,-1.3999999761581421,0.23999999463558197,-0.34999999403953552,605,606,3,0,9
605,-1.6000000238418579,0,-0.55000001192092896,-1.6000000238418579,0.23999999463558197,-0.34999999403953552,-1,-1,1,1,10
606,-1.6000000238418579,0,-0.55000001192092896,-1.3999999761581421,0.23999999463558197,-0.34999999403953552,-1,-1,2,2,10
607,-1.6000000238418579,0,-0.55000001192092896,-1.3999999761581421,0.23999999463558197,-0.34999999403953552,608,609,3,0,9
608,-1.3999999761581421,0,-0.55000001192092896,-1.3999999761581421,0.23999999463558197,-0.34999999403953552,-1,-1,1,1,10
609,-1.6000000238418579,0.23999999463558197,-0.55000001192092896,-1.3999999761581421,0.23999999463558197,-0.34999999403953552,-1,-1,2,2,10
610,-1.8999999761581421,0,-0.25,-1.3999999761581421,0.23999999463558197,-0.05000000074505806,611,626,24,0,6
611,-1.8999999761581421,0,-0.25,-1.7000000476837158,0.23999999463558197,-0.05000000074505806,612,619,12,0,7
612,-1.8999999761581421,0,-0.25,-1.7000000476837158,0.23999999463558197,-0.05000000074505806,613,616,6,0,8
613,-1.8999999761581421,0,-0.25,-1.7000000476837158,0.23999999463558197,-0.05000000074505806,614,615,3,0,9
614,-1.8999999761581421,0,-0.25,-1.7000000476837158,0,-0.05000000074505806,-1,-1,1,1,10
615,-1.8999999761581421,0,-0.25,-1.7000000476837158,0.23999999463558197,-0.05000000074505806,-1,-1,2,2,10
616,-1.8999999761581421,0,-0.25,-1.7000000476837158,0.23999999463558197,-0.05000000074505806,617,618,3,0,9
617,-1.8999999761581421,0,-0.25,-1.7000000476837158,0.23999999463558197,-0.25,-1,-1,1,1,10
618,-1.8999999761581421,0,-0.05000000074505806,-1.7000000476837158,0.23999999463558197,-0.05000000074505806,-1,-1,2,2,10
619,-1.8999999761581421,0,-0.25,-1.7000000476837158,0.23999999463558197,-0.05000000074505806,620,623,6,0,8
620,-1.8999999761581421,0,-0.25,-1.7000000476837158,0.23999999463558197,-0.05000000074505806,621,622,3,0,9
621,-1.8999999761581421,0,-0.25,-1.8999999761581421,0.23999999463558197,-0.05000000074505806,-1,-1,1,1,10
622,-1.8999999761581421,0,-0.25,-1.7000000476837158,0.23999999463558197,-0.05000000074505806,-1,-1,2,2,10
623,-1.8999999761581421,0,-0.25,-1.7000000476837158,0.23999999463558197,-0.05000000074505806,624,625,3,0,9
624,-1.7000000476837158,0,-0.25,-1.7000000476837158,0.23999999463558197,-0.05000000074505806,-1,-1,1,1,10
625,-1.8999999761581421,0.23999999463558197,-0.25,-1.7000000476837158,0.23999999463558197,-0.05000000074505806,-1,-1,2,2,10
626,-1.6000000238418579,0,-0.25,-1.3999999761581421,0.23999999463558197,-0.05000000074505806,627,634,12,0,7
627,-1.6000000238418579,0,-0.25,-1.3999999761581421,0.23999999463558197,-0.05000000074505806,628,631,6,0,8
628,-1.6000000238418579,0,-0.25,-1.3999999761581421,0.23999999463558197,-0.05000000074505806,629,630,3,0,9
629,-1.6000000238418579,0,-0.25,-1.3999999761581421,0,-0.05000000074505806,-1,-1,1,1,10
630,-1.6000000238418579,0,-0.25,-1.3999999761581421,0.23999999463558197,-0.05000000074505806,-1,-1,2,2,10
631,-1.6000000238418579,0,-0.25,-1.3999999761581421,0.23999999463558197,-0.05000000074505806,632,633,3,0,9
632,-1.6000000238418579,0,-0.25,-1.3999999761581421,0.23999999463558197,-0.25,-1,-1,1,1,10
633,-1.6000000238418579,0,-0.05000000074505806,-1.3999999761581421,0.23999999463558197,-0.05000000074505806,-1,-1,2,2,10
634,-1.6000000238418579,0,-0.25,-1.3999999761581421,0.23999999463558197,-0.05000000074505806,635,638,6,0,8
635,-1.6000000238418579,0,-0.25,-1.3999999761581421,0.23999999463558197,-0.05000000074505806,636,637,3,0,9
636,-1.6000000238418579,0,-0.25,-1.6000000238418579,0.23999999463558197,-0.05000000074505806,-1,-1,1,1,10
637,-1.6000000238418579,0,-0.25,-1.3999999761581421,0.23999999463558197,-0.05000000074505806,-1,-1,2,2,10
638,-1.6000000238418579,0,-0.25,-1.3999999761581421,0.23999999463558197,-0.05000000074505806,639,640,3,0,9
639,-1.3999999761581421,0,-0.25,-1.3999999761581421,0.23999999463558197,-0.05000000074505806,-1,-1,1,1,10
640,-1.6000000238418579,0.23999999463558197,-0.25,-1.3999999761581421,0.23999999463558197,-0.05000000074505806,-1,-1,2,2,10
641,-1.8999999761581421,0,0.05000000074505806,-1.3999999761581421,0.23999999463558197,1.1499999761581421,642,705,96,0,4
642,-1.8999999761581421,0,0.05000000074505806,-1.3999999761581421,0.23999999463558197,0.55000001192092896,643,674,48,0,5
643,-1.8999999761581421,0,0.05000000074505806,-1.3999999761581421,0.23999999463558197,0.25,644,659,24,0,6
644,-1.8999999761581421,0,0.05000000074505806,-1.7000000476837158,0.23999999463558197,0.25,645,652,12,0,7
645,-1.8999999761581421,0,0.05000000074505806,-1.7000000476837158,0.23999999463558197,0.25,646,649,6,0,8
646,-1.8999999761581421,0,0.05000000074505806,-1.7000000476837158,0.23999999463558197,0.25,647,648,3,0,9
647,-1.8999999761581421,0,0.05000000074505806,-1.7000000476837158,0,0.25,-1,-1,1,1,10
648,-1.8999999761581421,0,0.05000000074505806,-1.7000000476837158,0.23999999463558197,0.25,-1,-1,2,2,10
649,-1.8999999761581421,0,0.05000000074505806,-1.7000000476837158,0.23999999463558197,0.25,650,651,3,0,9
650,-1.8999999761581421,0,0.05000000074505806,-1.7000000476837158,0.23999999463558197,0.05000000074505806,-1,-1,1,1,10
651,-1.8999999761581421,0,0.25,-1.7000000476837158,0.23999999463558197,0.25,-1,-1,2,2,10
652,-1.8999999761581421,0,0.05000000074505806,-1.7000000476837158,0.23999999463558197,0.25,653,656,6,0,8
653,-1.8999999761581421,0,0.05000000074505806,-1.7000000476837158,0.23999999463558197,0.25,654,655,3,0,9
654,-1.8999999761581421,0,0.05000000074505806,-1.8999999761581421,0.23999999463558197,0.25,-1,-1,1,1,10
655,-1.8999999761581421,0,0.05000000074505806,-1.7000000476837158,0.23999999463558197,0.25,-1,-1,2,2,10
656,-1.8999999761581421,0,0.05000000074505806,-1.7000000476837158,0.23999999463558197,0.25,657,658,3,0,9
657,-1.7000000476837158,0,0.05000000074505806,-1.7000000476837158,0.23999999463558197,0.25,-1,-1,1,1,10
658,-1.8999999761581421,0.23999999463558197,0.05000000074505806,-1.7000000476837158,0.23999999463558197,0.25,-1,-1,2,2,10
659,-1.6000000238418579,0,0.05000000074505806,-1.3999999761581421,0.23999999463558197,0.25,660,667,12,0,7
660,-1.6000000238418579,0,0.05000000074505806,-1.3999999761581421,0.23999999463558197,0.25,661,664,6,0,8
661,-1.6000000238418579,0,0.05000000074505806,-1.3999999761581421,0.23999999463558197,0.25,662,663,3,0,9
662,-1.6000000238418579,0,0.05000000074505806,-1.3999999761581421,0,0.25,-1,-1,1,1,10
663,-1.6000000238418579,0,0.05000000074505806,-1.3999999761581421,0.23999999463558197,0.25,-1,-1,2,2,10
664,-1.6000000238418579,0,0.05000000074505806,-1.3999999761581421,0.23999999463558197,0.25,665,666,3,0,9
665,-1.6000000238418579,0,0.05000000074505806,-1.3999999761581421,0.23999999463558197,0.05000000074505806,-1,-1,1,1,10
666,-1.6000000238418579,0,0.25,-1.3999999761581421,0.23999999463558197,0.25,-1,-1,2,2,10
667,-1.6000000238418579,0,0.05000000074505806,-1.3999999761581421,0.23999999463558197,0.25,668,671,6,0,8
668,-1.6000000238418579,0,0.05000000074505806,-1.3999999761581421,0.23999999463558197,0.25,669,670,3,0,9
669,-1.6000000238418579,0,0.05000000074505806,-1.6000000238418579,0.23999999463558197,0.25,-1,-1,1,1,10
670,-1.6000000238418579,0,0.05000000074505806,-1.3999999761581421,0.23999999463558197,0.25,-1,-1,2,2,10
671,-1.6000000238418579,0,0.05000000074505806,-1.3999999761581421,0.23999999463558197,0.25,672,673,3,0,9
672,-1.3999999761581421,0,0.05000000074505806,-1.3999999761581421,0.23999999463558197,0.25,-1,-1,1,1,10
673,-1.6000000238418579,0.23999999463558197,0.05000000074505806,-1.3999999761581421,0.23999999463558197,0.25,-1,-1,2,2,10
674,-1.8999999761581421,0,0.34999999403953552,-1.3999999761581421,0.23999999463558197,0.55000001192092896,675,690,24,0,6
675,-1.8999999761581421,0,0.34999999403953552,-1.7000000476837158,0.23999999463558197,0.55000001192092896,676,683,12,0,7
676,-1.8999999761581421,0,0.34999999403953552,-1.7000000476837158,0.23999999463558197,0.55000001192092896,677,680,6,0,8
677,-1.8999999761581421,0,0.34999999403953552,-1.7000000476837158,0.23999999463558197,0.55000001192092896,678,679,3,0,9
678,-1.8999999761581421,0,0.34999999403953552,-1.7000000476837158,0,0.55000001192092896,-1,-1,1,1,10
679,-1.8999999761581421,0,0.34999999403953552,-1.7000000476837158,0.23999999463558197,0.55000001192092896,-1,-1,2,2,10
680,-1.8999999761581421,0,0.34999999403953552,-1.7000000476837158,0.23999999463558197,0.55000001192092896,681,682,3,0,9
681,-1.8999999761581421,0,0.34999999403953552,-1.7000000476837158,0.23999999463558197,0.34999999403953552,-1,-1,1,1,10
682,-1.8999999761581421,0,0.55000001192092896,-1.7000000476837158,0.23999999463558197,0.55000001192092896,-1,-1,2,2,10
683,-1.8999999761581421,0,0.34999999403953552,-1.7000000476837158,0.23999999463558197,0.55000001192092896,684,687,6,0,8
684,-1.8999999761581421,0,0.34999999403953552,-1.7000000476837158,0.23999999463558197,0.55000001192092896,685,686,3,0,9
685,-1.8999999761581421,0,0.34999999403953552,-1.8999999761581421,0.23999999463558197,0.55000001192092896,-1,-1,1,1,10
686,-1.8999999761581421,0,0.34999999403953552,-1.7000000476837158,0.23999999463558197,0.55000001192092896,-1,-1,2,2,10
687,-1.8999999761581421,0,0.34999999403953552,-1.7000000476837158,0.23999999463558197,0.55000001192092896,688,689,3,0,9
688,-1.7000000476837158,0,0.34999999403953552,-1.7000000476837158,0.23999999463558197,0.55000001192092896,-1,-1,1,1,10
689,-1.8999999761581421,0.23999999463558197,0.34999999403953552,-1.7000000476837158,0.23999999463558197,0.55000001192092896,-1,-1,2,2,10
690,-1.6000000238418579,0,0.34999999403953552,-1.3999999761581421,0.23999999463558197,0.55000001192092896,691,698,12,0,7
691,-1.6000000238418579,0,0.34999999403953552,-1.3999999761581421,0.23999999463558197,0.55000001192092896,692,695,6,0,8
692,-1.6000000238418579,0,0.34999999403953552,-1.3999999761581421,0.23999999463558197,0.55000001192092896,693,694,3,0,9
693,-1.6000000238418579,0,0.34999999403953552,-1.3999999761581421,0,0.55000001192092896,-1,-1,1,1,10
694,-1.6000000238418579,0,0.34999999403953552,-1.3999999761581421,0.23999999463558197,0.55000001192092896,-1,-1,2,2,10
695,-1.6000000238418579,0,0.34999999403953552,-1.3999999761581421,0.23999999463558197,0.55000001192092896,696,697,3,0,9
696,-1.6000000238418579,0,0.34999999403953552,-1.3999999761581421,0.23999999463558197,0.34999999403953552,-1,-1,1,1,10
697,-1.6000000238418579,0,0.55000001192092896,-1.3999999761581421,0.23999999463558197,0.55000001192092896,-1,-1,2,2,10
698,-1.6000000238418579,0,0.34999999403953552,-1.3999999761581421,0.23999999463558197,0.55000001192092896,699,702,6,0,8
699,-1.6000000238418579,0,0.34999999403953552,-1.3999999761581421,0.23999999463558197,0.55000001192092896,700,701,3,0,9
700,-1.6000000238418579,0,0.34999999403953552,-1.6000000238418579,0.23999999463558197,0.55000001192092896,-1,-1,1,1,10
701,-1.6000000238418579,0,0.34999999403953552,-1.3999999761581421,0.23999999463558197,0.55000001192092896,-1,-1,2,2,10
702,-1.6000000238418579,0,0.34999999403953552,-1.3999999761581421,0.23999999463558197,0.55000001192092896,703,704,3,0,9
703,-1.3999999761581421,0,0.34999999403953552,-1.3999999761581421,0.23999999463558197,0.55000001192092896,-1,-1,1,1,10
704,-1.6000000238418579,0.23999999463558197,0.34999999403953552,-1.3999999761581421,0.23999999463558197,0.55000001192092896,-1,-1,2,2,10
705,-1.8999999761581421,0,0.64999997615814209,-1.3999999761581421,0.23999999463558197,1.1499999761581421,706,737,48,0,5
706,-1.8999999761581421,0,0.64999997615814209,-1.7000000476837158,0.23999999463558197,1.1499999761581421,707,722,24,0,6
707,-1.8999999761581421,0,0.64999997615814209,-1.7000000476837158,0.23999999463558197,0.85000002384185791,708,715,12,0,7
708,-1.8999999761581421,0,0.64999997615814209,-1.7000000476837158,0.23999999463558197,0.85000002384185791,709,712,6,0,8
709,-1.8999999761581421,0,0.64999997615814209,-1.7000000476837158,0.23999999463558197,0.85000002384185791,710,711,3,0,9
710,-1.8999999761581421,0,0.64999997615814209,-1.7000000476837158,0,0.85000002384185791,-1,-1,1,1,10
711,-1.8999999761581421,0,0.64999997615814209,-1.7000000476837158,0.23999999463558197,0.85000002384185791,-1,-1,2,2,10
712,-1.8999999761581421,0,0.64999997615814209,-1.7000000476837158,0.23999999463558197,0.85000002384185791,713,714,3,0,9
713,-1.8999999761581421,0,0.64999997615814209,-1.7000000476837158,0.23999999463558197,0.64999997615814209,-1,-1,1,1,10
714,-1.8999999761581421,0,0.85000002384185791,-1.7000000476837158,0.23999999463558197,0.85000002384185791,-1,-1,2,2,10
715,-1.8999999761581421,0,0.64999997615814209,-1.7000000476837158,0.23999999463558197,0.85000002384185791,716,719,6,0,8
716,-1.8999999761581421,0,0.64999997615814209,-1.7000000476837158,0.23999999463558197,0.85000002384185791,717,718,3,0,9
717,-1.8999999761581421,0,0.64999997615814209,-1.8999999761581421,0.23999999463558197,0.85000002384185791,-1,-1,1,1,10
718,-1.8999999761581421,0,0.64999997615814209,-1.7000000476837158,0.23999999463558197,0.85000002384185791,-1,-1,2,2,10
719,-1.8999999761581421,0,0.64999997615814209,-1.7000000476837158,0.23999999463558197,0.85000002384185791,720,721,3,0,9
720,-1.7000000476837158,0,0.64999997615814209,-1.7000000476837158,0.23999999463558197,0.85000002384185791,-1,-1,1,1,10
721,-1.8999999761581421,0.23999999463558197,0.64999997615814209,-1.7000000476837158,0.23999999463558197,0.85000002384185791,-1,-1,2,2,10
722,-1.8999999761581421,0,0.94999998807907104,-1.7000000476837158,0.23999999463558197,1.1499999761581421,723,730,12,0,7
723,-1.8999999761581421,0,0.94999998807907104,-1.7000000476837158,0.23999999463558197,1.1499999761581421,724,727,6,0,8
724,-1.8999999761581421,0,0.94999998807907104,-1.7000000476837158,0.23999999463558197,1.1499999761581421,725,726,3,0,9
725,-1.8999999761581421,0,0.94999998807907104,-1.7000000476837158,0,1.1499999761581421,-1,-1,1,1,10
726,-1.8999999761581421,0,0.94999998807907104,-1.7000000476837158,0.23999999463558197,1.1499999761581421,-1,-1,2,2,10
727,-1.8999999761581421,0,0.94999998807907104,-1.7000000476837158,0.23999999463558197,1.1499999761581421,728,729,3,0,9
728,-1.8999999761581421,0,0.94999998807907104,-1.7000000476837158,0.23999999463558197,0.94999998807907104,-1,-1,1,1,10
729,-1.8999999761581421,0,1.1499999761581421,-1.7000000476837158,0.23999999463558197,1.1499999761581421,-1,-1,2,2,10
730,-1.8999999761581421,0,0.94999998807907104,-1.7000000476837158,0.23999999463558197,1.1499999761581421,731,734,6,0,8
731,-1.8999999761581421,0,0.94999998807907104,-1.7000000476837158,0.23999999463558197,1.1499999761581421,732,733,3,0,9
732,-1.8999999761581421,0,0.94999998807907104,-1.8999999761581421,0.23999999463558197,1.1499999761581421,-1,-1,1,1,10
733,-1.8999999761581421,0,0.94999998807907104,-1.7000000476837158,0.23999999463558197,1.1499999761581421,-1,-1,2,2,10
734,-1.8999999761581421,0,0.94999998807907104,-1.7000000476837158,0.23999999463558197,1.1499999761581421,735,736,3,0,9
735,-1.7000000476837158,0,0.94999998807907104,-1.7000000476837158,0.23999999463558197,1.1499999761581421,-1,-1,1,1,10
736,-1.8999999761581421,0.23999999463558197,0.94999998807907104,-1.7000000476837158,0.23999999463558197,1.1499999761581421,-1,-1,2,2,10
737,-1.6000000238418579,0,0.64999997615814209,-1.3999999761581421,0.23999999463558197,1.1499999761581421,738,753,24,0,6
738,-1.6000000238418579,0,0.64999997615814209,-1.3999999761581421,0.23999999463558197,0.85000002384185791,739,746,12,0,7
739,-1.6000000238418579,0,0.64999997615814209,-1.3999999761581421,0.23999999463558197,0.85000002384185791,740,743,6,0,8
740,-1.6000000238418579,0,0.64999997615814209,-1.3999999761581421,0.23999999463558197,0.85000002384185791,741,742,3,0,9
741,-1.6000000238418579,0,0.64999997615814209,-1.3999999761581421,0,0.85000002384185791,-1,-1,1,1,10
742,-1.6000000238418579,0,0.64999997615814209,-1.3999999761581421,0.23999999463558197,0.85000002384185791,-1,-1,2,2,10
743,-1.6000000238418579,0,0.64999997615814209,-1.3999999761581421,0.23999999463558197,0.85000002384185791,744,745,3,0,9
744,-1.6000000238418579,0,0.64999997615814209,-1.3999999761581421,0.23999999463558197,0.64999997615814209,-1,-1,1,1,10
745,-1.6000000238418579,0,0.85000002384185791,-1.3999999761581421,0.23999999463558197,0.85000002384185791,-1,-1,2,2,10
746,-1.6000000238418579,0,0.64999997615814209,-1.3999999761581421,0.23999999463558197,0.85000002384185791,747,750,6,0,8
747,-1.6000000238418579,0,0.64999997615814209,-1.3999999761581421,0.23999999463558197,0.85000002384185791,748,749,3,0,9
748,-1.6000000238418579,0,0.64999997615814209,-1.6000000238418579,0.23999999463558197,0.85000002384185791,-1,-1,1,1,10
749,-1.6000000238418579,0,0.64999997615814209,-1.3999999761581421,0.23999999463558197,0.85000002384185791,-1,-1,2,2,10
750,-1.6000000238418579,0,0.64999997615814209,-1.3999999761581421,0.23999999463558197,0.85000002384185791,751,752,3,0,9
751,-1.3999999761581421,0,0.64999997615814209,-1.3999999761581421,0.23999999463558197,0.85000002384185791,-1,-1,1,1,10
752,-1.6000000238418579,0.23999999463558197,0.64999997615814209,-1.3999999761581421,0.23999999463558197,0.85000002384185791,-1,-1,2,2,10
753,-1.6000000238418579,0,0.94999998807907104,-1.3999999761581421,0.23999999463558197,1.1499999761581421,754,761,12,0,7
754,-1.6000000238418579,0,0.94999998807907104,-1.3999999761581421,0.23999999463558197,1.1499999761581421,755,758,6,0,8
755,-1.6000000238418579,0,0.94999998807907104,-1.3999999761581421,0.23999999463558197,1.1499999761581421,756,757,3,0,9
756,-1.6000000238418579,0,0.94999998807907104,-1.3999999761581421,0,1.1499999761581421,-1,-1,1,1,10
757,-1.6000000238418579,0,0.94999998807907104,-1.3999999761581421,0.23999999463558197,1.1499999761581421,-1,-1,2,2,10
758,-1.6000000238418579,0,0.94999998807907104,-1.3999999761581421,0.23999999463558197,1.1499999761581421,759,760,3,0,9
759,-1.6000000238418579,0,0.94999998807907104,-1.3999999761581421,0.23999999463558197,0.94999998807907104,-1,-1,1,1,10
760,-1.6000000238418579,0,1.1499999761581421,-1.3999999761581421,0.23999999463558197,1.1499999761581421,-1,-1,2,2,10
761,-1.6000000238418579,0,0.94999998807907104,-1.3999999761581421,0.23999999463558197,1.1499999761581421,762,765,6,0,8
762,-1.6000000238418579,0,0.94999998807907104,-1.3999999761581421,0.23999999463558197,1.1499999761581421,763,764,3,0,9
763,-1.6000000238418579,0,0.94999998807907104,-1.6000000238418579,0.23999999463558197,1.1499999761581421,-1,-1,1,1,10
764,-1.6000000238418579,0,0.94999998807907104,-1.3999999761581421,0.23999999463558197,1.1499999761581421,-1,-1,2,2,10
765,-1.6000000238418579,0,0.94999998807907104,-1.3999999761581421,0.23999999463558197,1.1499999761581421,766,767,3,0,9
766,-1.3999999761581421,0,0.94999998807907104,-1.3999999761581421,0.23999999463558197,1.1499999761581421,-1,-1,1,1,10
767,-1.6000000238418579,0.23999999463558197,0.94999998807907104,-1.3999999761581421,0.23999999463558197,1.1499999761581421,-1,-1,2,2,10
768,-5,0,-5,5,0.23999999463558197,5,769,896,193,0,3
769,-5,0,-5,5,0.23999999463558197,5,770,833,96,0,4
770,-1.2999999523162842,0,-1.1499999761581421,-1.1000000238418579,0.23999999463558197,1.1499999761581421,771,802,48,0,5
771,-1.2999999523162842,0,-1.1499999761581421,-1.1000000238418579,0.23999999463558197,-0.34999999403953552,772,787,24,0,6
772,-1.2999999523162842,0,-1.1499999761581421,-1.1000000238418579,0.23999999463558197,-0.64999997615814209,773,780,12,0,7
773,-1.2999999523162842,0,-1.1499999761581421,-1.1000000238418579,0.23999999463558197,-0.94999998807907104,774,777,6,0,8
774,-1.2999999523162842,0,-1.1499999761581421,-1.1000000238418579,0.23999999463558197,-0.94999998807907104,775,776,3,0,9
775,-1.2999999523162842,0,-1.1499999761581421,-1.1000000238418579,0,-0.94999998807907104,-1,-1,1,1,10
776,-1.2999999523162842,0,-1.1499999761581421,-1.1000000238418579,0.23999999463558197,-0.94999998807907104,-1,-1,2,2,10
777,-1.2999999523162842,0,-1.1499999761581421,-1.1000000238418579,0.23999999463558197,-0.94999998807907104,778,779,3,0,9
778,-1.2999999523162842,0,-1.1499999761581421,-1.1000000238418579,0.23999999463558197,-1.1499999761581421,-1,-1,1,1,10
779,-1.2999999523162842,0,-1.1499999761581421,-1.1000000238418579,0.23999999463558197,-0.94999998807907104,-1,-1,2,2,10
780,-1.2999999523162842,0,-1.1499999761581421,-1.1000000238418579,0.23999999463558197,-0.64999997615814209,781,784,6,0,8
781,-1.2999999523162842,0,-1.1499999761581421,-1.1000000238418579,0.23999999463558197,-0.94999998807907104,782,783,3,0,9
782,-1.2999999523162842,0,-0.94999998807907104,-1.1000000238418579,0.23999999463558197,-0.94999998807907104,-1,-1,1,1,10
783,-1.2999999523162842,0,-1.1499999761581421,-1.1000000238418579,0.23999999463558197,-0.94999998807907104,-1,-1,2,2,10
784,-1.2999999523162842,0,-0.85000002384185791,-1.1000000238418579,0.23999999463558197,-0.64999997615814209,785,786,3,0,9
785,-1.2999999523162842,0,-0.85000002384185791,-1.1000000238418579,0.23999999463558197,-0.85000002384185791,-1,-1,1,1,10
786,-1.2999999523162842,0,-0.85000002384185791,-1.1000000238418579,0.23999999463558197,-0.64999997615814209,-1,-1,2,2,10
787,-1.2999999523162842,0,-0.85000002384185791,-1.1000000238418579,0.23999999463558197,-0.34999999403953552,788,795,12,0,7
788,-1.2999999523162842,0,-0.85000002384185791,-1.1000000238418579,0.23999999463558197,-0.64999997615814209,789,792,6,0,8
789,-1.2999999523162842,0,-0.85000002384185791,-1.1000000238418579,0.23999999463558197,-0.64999997615814209,790,791,3,0,9
790,-1.2999999523162842,0,-0.85000002384185791,-1.1000000238418579,0,-0.64999997615814209,-1,-1,1,1,10
791,-1.2999999523162842,0,-0.85000002384185791,-1.1000000238418579,0.23999999463558197,-0.64999997615814209,-1,-1,2,2,10
792,-1.2999999523162842,0,-0.85000002384185791,-1.1000000238418579,0.23999999463558197,-0.64999997615814209,793,794,3,0,9
793,-1.2999999523162842,0,-0.85000002384185791,-1.2999999523162842,0.23999999463558197,-0.64999997615814209,-1,-1,1,1,10
794,-1.2999999523162842,0.23999999463558197,-0.85000002384185791,-1.1000000238418579,0.23999999463558197,-0.64999997615814209,-1,-1,2,2,10
795,-1.2999999523162842,0,-0.64999997615814209,-1.1000000238418579,0.23999999463558197,-0.34999999403953552,796,799,6,0,8
796,-1.2999999523162842,0,-0.64999997615814209,-1.1000000238418579,0.23999999463558197,-0.55000001192092896,797,798,3,0,9
797,-1.2999999523162842,0,-0.64999997615814209,-1.1000000238418579,0.23999999463558197,-0.64999997615814209,-1,-1,1,1,10
798,-1.2999999523162842,0,-0.55000001192092896,-1.1000000238418579,0.23999999463558197,-0.55000001192092896,-1,-1,2,2,10
799,-1.2999999523162842,0,-0.55000001192092896,-1.1000000238418579,0.23999999463558197,-0.34999999403953552,800,801,3,0,9
800,-1.2999999523162842,0,-0.55000001192092896,-1.1000000238418579,0,-0.34999999403953552,-1,-1,1,1,10
801,-1.2999999523162842,0,-0.55000001192092896,-1.2999999523162842,0.23999999463558197,-0.34999999403953552,-1,-1,2,2,10
802,-1.2999999523162842,0,-0.55000001192092896,-1.1000000238418579,0.23999999463558197,1.1499999761581421,803,818,24,0,6
803,-1.2999999523162842,0,-0.55000001192092896,-1.1000000238418579,0.23999999463558197,-0.05000000074505806,804,811,12,0,7
804,-1.2999999523162842,0,-0.55000001192092896,-1.1000000238418579,0.23999999463558197,-0.25,805,808,6,0,8
805,-1.2999999523162842,0,-0.55000001192092896,-1.1000000238418579,0.23999999463558197,-0.34999999403953552,806,807,3,0,9
806,-1.2999999523162842,0,-0.55000001192092896,-1.1000000238418579,0,-0.34999999403953552,-1,-1,1,1,10
807,-1.2999999523162842,0.23999999463558197,-0.55000001192092896,-1.1000000238418579,0.23999999463558197,-0.34999999403953552,-1,-1,2,2,10
808,-1.2999999523162842,0,-0.34999999403953552,-1.1000000238418579,0.23999999463558197,-0.25,809,810,3,0,9
809,-1.2999999523162842,0,-0.34999999403953552,-1.1000000238418579,0.23999999463558197,-0.34999999403953552,-1,-1,1,1,10
810,-1.2999999523162842,0,-0.34999999403953552,-1.1000000238418579,0.23999999463558197,-0.25,-1,-1,2,2,10
811,-1.2999999523162842,0,-0.25,-1.1000000238418579,0.23999999463558197,-0.05000000074505806,812,815,6,0,8
812,-1.2999999523162842,0,-0.25,-1.1000000238418579,0.23999999463558197,-0.05000000074505806,813,814,3,0,9
813,-1.2999999523162842,0,-0.25,-1.1000000238418579,0,-0.05000000074505806,-1,-1,1,1,10
814,-1.2999999523162842,0,-0.25,-1.1000000238418579,0.23999999463558197,-0.05000000074505806,-1,-1,2,2,10
815,-1.2999999523162842,0,-0.25,-1.1000000238418579,0.23999999463558197,-0.05000000074505806,816,817,3,0,9
816,-1.2999999523162842,0,-0.25,-1.2999999523162842,0.23999999463558197,-0.05000000074505806,-1,-1,1,1,10
817,-1.2999999523162842,0,-0.25,-1.1000000238418579,0.23999999463558197,-0.05000000074505806,-1,-1,2,2,10
818,-1.2999999523162842,0,-0.25,-1.1000000238418579,0.23999999463558197,1.1499999761581421,819,826,12,0,7
819,-1.2999999523162842,0,-0.25,-1.1000000238418579,0.23999999463558197,0.25,820,823,6,0,8
820,-1.2999999523162842,0,-0.25,-1.1000000238418579,0.23999999463558197,-0.05000000074505806,821,822,3,0,9
821,-1.2999999523162842,0,-0.05000000074505806,-1.1000000238418579,0.23999999463558197,-0.05000000074505806,-1,-1,1,1,10
822,-1.2999999523162842,0,-0.25,-1.1000000238418579,0.23999999463558197,-0.05000000074505806,-1,-1,2,2,10
823,-1.2999999523162842,0,0.05000000074505806,-1.1000000238418579,0.23999999463558197,0.25,824,825,3,0,9
824,-1.2999999523162842,0,0.05000000074505806,-1.1000000238418579,0.23999999463558197,0.05000000074505806,-1,-1,1,1,10
825,-1.2999999523162842,0,0.05000000074505806,-1.2999999523162842,0.23999999463558197,0.25,-1,-1,2,2,10
826,-1.2999999523162842,0,0.34999999403953552,-1.2999999523162842,0.23999999463558197,1.1499999761581421,827,830,6,0,8
827,-1.2999999523162842,0,0.34999999403953552,-1.2999999523162842,0.23999999463558197,0.85000002384185791,828,829,3,0,9
828,-1.2999999523162842,0,0.34999999403953552,-1.2999999523162842,0.23999999463558197,0.55000001192092896,-1,-1,1,1,10
829,-1.2999999523162842,0,0.34999999403953552,-1.2999999523162842,0.23999999463558197,0.85000002384185791,-1,-1,2,2,10
830,-1.2999999523162842,0,0.64999997615814209,-1.2999999523162842,0.23999999463558197,1.1499999761581421,831,832,3,0,9
831,-1.2999999523162842,0,0.64999997615814209,-1.2999999523162842,0.23999999463558197,0.85000002384185791,-1,-1,1,1,10
832,-1.2999999523162842,0,0.94999998807907104,-1.2999999523162842,0.23999999463558197,1.1499999761581421,-1,-1,2,2,10
833,-5,0,-5,5,0.23999999463558197,5,834,865,48,0,5
834,-1.2999999523162842,0,0.05000000074505806,-1.1000000238418579,0.23999999463558197,0.94999998807907104,835,850,24,0,6
835,-1.2999999523162842,0,0.05000000074505806,-1.1000000238418579,0.23999999463558197,0.55000001192092896,836,843,12,0,7
836,-1.2999999523162842,0,0.05000000074505806,-1.1000000238418579,0.23999999463558197,0.25,837,840,6,0,8
837,-1.2999999523162842,0,0.05000000074505806,-1.1000000238418579,0.23999999463558197,0.25,838,839,3,0,9
838,-1.2999999523162842,0,0.05000000074505806,-1.1000000238418579,0,0.25,-1,-1,1,1,10
839,-1.2999999523162842,0,0.05000000074505806,-1.1000000238418579,0.23999999463558197,0.25,-1,-1,2,2,10
840,-1.2999999523162842,0,0.05000000074505806,-1.1000000238418579,0.23999999463558197,0.25,841,842,3,0,9
841,-1.2999999523162842,0,0.25,-1.1000000238418579,0.23999999463558197,0.25,-1,-1,1,1,10
842,-1.2999999523162842,0.23999999463558197,0.05000000074505806,-1.1000000238418579,0.23999999463558197,0.25,-1,-1,2,2,10
843,-1.2999999523162842,0,0.25,-1.1000000238418579,0.23999999463558197,0.55000001192092896,844,847,6,0,8
844,-1.2999999523162842,0,0.25,-1.1000000238418579,0.23999999463558197,0.34999999403953552,845,846,3,0,9
845,-1.2999999523162842,0,0.25,-1.1000000238418579,0.23999999463558197,0.25,-1,-1,1,1,10
846,-1.2999999523162842,0,0.34999999403953552,-1.1000000238418579,0.23999999463558197,0.34999999403953552,-1,-1,2,2,10
847,-1.2999999523162842,0,0.34999999403953552,-1.1000000238418579,0.23999999463558197,0.55000001192092896,848,849,3,0,9
848,-1.2999999523162842,0,0.34999999403953552,-1.1000000238418579,0,0.55000001192092896,-1,-1,1,1,10
849,-1.2999999523162842,0,0.34999999403953552,-1.1000000238418579,0.23999999463558197,0.55000001192092896,-1,-1,2,2,10
850,-1.2999999523162842,0,0.34999999403953552,-1.1000000238418579,0.23999999463558197,0.94999998807907104,851,858,12,0,7
851,-1.2999999523162842,0,0.34999999403953552,-1.1000000238418579,0.23999999463558197,0.85000002384185791,852,855,6,0,8
852,-1.2999999523162842,0,0.34999999403953552,-1.1000000238418579,0.23999999463558197,0.55000001192092896,853,854,3,0,9
853,-1.2999999523162842,0,0.55000001192092896,-1.1000000238418579,0.23999999463558197,0.55000001192092896,-1,-1,1,1,10
854,-1.2999999523162842,0,0.34999999403953552,-1.1000000238418579,0.23999999463558197,0.55000001192092896,-1,-1,2,2,10
855,-1.2999999523162842,0,0.64999997615814209,-1.1000000238418579,0.23999999463558197,0.85000002384185791,856,857,3,0,9
856,-1.2999999523162842,0,0.64999997615814209,-1.1000000238418579,0,0.85000002384185791,-1,-1,1,1,10
857,-1.2999999523162842,0,0.64999997615814209,-1.1000000238418579,0.23999999463558197,0.64999997615814209,-1,-1,2,2,10
858,-1.2999999523162842,0,0.64999997615814209,-1.1000000238418579,0.23999999463558197,0.94999998807907104,859,862,6,0,8
859,-1.2999999523162842,0,0.64999997615814209,-1.1000000238418579,0.23999999463558197,0.85000002384185791,860,861,3,0,9
860,-1.2999999523162842,0,0.64999997615814209,-1.1000000238418579,0,0.85000002384185791,-1,-1,1,1,10
861,-1.2999999523162842,0.23999999463558197,0.64999997615814209,-1.1000000238418579,0.23999999463558197,0.85000002384185791,-1,-1,2,2,10
862,-1.2999999523162842,0,0.85000002384185791,-1.1000000238418579,0.23999999463558197,0.94999998807907104,863,864,3,0,9
863,-1.2999999523162842,0,0.85000002384185791,-1.1000000238418579,0.23999999463558197,0.85000002384185791,-1,-1,1,1,10
864,-1.2999999523162842,0,0.85000002384185791,-1.1000000238418579,0.23999999463558197,0.94999998807907104,-1,-1,2,2,10
865,-5,0,-5,5,0.23999999463558197,5,866,881,24,0,6
866,-1.2999999523162842,0,-1.1499999761581421,-1.1000000238418579,0.23999999463558197,1.1499999761581421,867,874,12,0,7
867,-1.2999999523162842,0,-1.1499999761581421,-1.1000000238418579,0.23999999463558197,0.94999998807907104,868,871,6,0,8
868,-1.1000000238418579,0,-1.1499999761581421,-1.1000000238418579,0.23999999463558197,-0.64999997615814209,869,870,3,0,9
869,-1.1000000238418579,0,-1.1499999761581421,-1.1000000238418579,0.23999999463558197,-0.94999998807907104,-1,-1,1,1,10
870,-1.1000000238418579,0,-1.1499999761581421,-1.1000000238418579,0.23999999463558197,-0.64999997615814209,-1,-1,2,2,10
871,-1.2999999523162842,0,-0.85000002384185791,-1.1000000238418579,0.23999999463558197,0.94999998807907104,872,873,3,0,9
872,-1.1000000238418579,0,-0.85000002384185791,-1.1000000238418579,0.23999999463558197,-0.64999997615814209,-1,-1,1,1,10
873,-1.2999999523162842,0,-0.55000001192092896,-1.1000000238418579,0.23999999463558197,0.94999998807907104,-1,-1,2,2,10
874,-1.2999999523162842,0,0.94999998807907104,-1.1000000238418579,0.23999999463558197,1.1499999761581421,875,878,6,0,8
875,-1.2999999523162842,0,0.94999998807907104,-1.1000000238418579,0.23999999463558197,1.1499999761581421,876,877,3,0,9
876,-1.2999999523162842,0,0.94999998807907104,-1.1000000238418579,0,1.1499999761581421,-1,-1,1,1,10
877,-1.2999999523162842,0,0.94999998807907104,-1.1000000238418579,0.23999999463558197,1.1499999761581421,-1,-1,2,2,10
878,-1.2999999523162842,0,0.94999998807907104,-1.1000000238418579,0.23999999463558197,1.1499999761581421,879,880,3,0,9
879,-1.2999999523162842,0,1.1499999761581421,-1.1000000238418579,0.23999999463558197,1.1499999761581421,-1,-1,1,1,10
880,-1.2999999523162842,0.23999999463558197,0.94999998807907104,-1.1000000238418579,0.23999999463558197,1.1499999761581421,-1,-1,2,2,10
881,-5,0,-5,5,0.23999999463558197,5,882,889,12,0,7
882,-1.1000000238418579,0,-0.55000001192092896,-1.1000000238418579,0.23999999463558197,0.55000001192092896,883,886,6,0,8
883,-1.1000000238418579,0,-0.55000001192092896,-1.1000000238418579,0.23999999463558197,-0.05000000074505806,884,885,3,0,9
884,-1.1000000238418579,0,-0.55000001192092896,-1.1000000238418579,0.23999999463558197,-0.34999999403953552,-1,-1,1,1,10
885,-1.1000000238418579,0,-0.25,-1.1000000238418579,0.23999999463558197,-0.05000000074505806,-1,-1,2,2,10
886,-1.1000000238418579,0,0.05000000074505806,-1.1000000238418579,0.23999999463558197,0.55000001192092896,887,888,3,0,9
887,-1.1000000238418579,0,0.05000000074505806,-1.1000000238418579,0.23999999463558197,0.25,-1,-1,1,1,10
888,-1.1000000238418579,0,0.05000000074505806,-1.1000000238418579,0.23999999463558197,0.55000001192092896,-1,-1,2,2,10
889,-5,0,-5,5,0.23999999463558197,5,890,893,6,0,8
890,-1.1000000238418579,0,0.34999999403953552,-1.1000000238418579,0.23999999463558197,0.85000002384185791,891,892,3,0,9
891,-1.1000000238418579,0,0.34999999403953552,-1.1000000238418579,0.23999999463558197,0.55000001192092896,-1,-1,1,1,10
892,-1.1000000238418579,0,0.64999997615814209,-1.1000000238418579,0.23999999463558197,0.85000002384185791,-1,-1,2,2,10
893,-5,0,-5,5,0.23999999463558197,5,894,895,3,0,9
894,-1.1000000238418579,0,0.94999998807907104,-1.1000000238418579,0.23999999463558197,1.1499999761581421,-1,-1,1,1,10
895,-5,0,-5,5,0.23999999463558197,5,-1,-1,2,2,10
896,-5,0,-5,5,0.23999999463558197,5,897,960,97,0,4
897,-5,0,-5,5,0.23999999463558197,5,898,929,48,0,5
898,-5,0,-5,5,0.23999999463558197,5,899,914,24,0,6
899,-5,0,-5,5,0.23999999463558197,5,900,907,12,0,7
900,-5,0,-5,5,0.23999999463558197,5,901,904,6,0,8
901,-5,0,-5,5,0.23999999463558197,5,902,903,3,0,9
902,-5,0,-5,5,0,5,-1,-1,1,1,10
903,2.7000000476837158,0,-0.25,2.7000000476837158,0.23999999463558197,-0.05000000074505806,-1,-1,2,2,10
904,2.7000000476837158,0,-0.25,2.9000000953674316,0.23999999463558197,0.25,905,906,3,0,9
905,2.7000000476837158,0,-0.25,2.9000000953674316,0.23999999463558197,-0.25,-1,-1,1,1,10
906,2.7000000476837158,0,0.05000000074505806,2.7000000476837158,0.23999999463558197,0.25,-1,-1,2,2,10
907,2.7000000476837158,0,-0.25,2.9000000953674316,0.23999999463558197,-0.05000000074505806,908,911,6,0,8
908,2.7000000476837158,0,-0.25,2.9000000953674316,0.23999999463558197,-0.05000000074505806,909,910,3,0,9
909,2.7000000476837158,0,-0.25,2.9000000953674316,0,-0.05000000074505806,-1,-1,1,1,10
910,2.7000000476837158,0,-0.25,2.9000000953674316,0.23999999463558197,-0.05000000074505806,-1,-1,2,2,10
911,2.7000000476837158,0,-0.25,2.9000000953674316,0.23999999463558197,-0.05000000074505806,912,913,3,0,9
912,2.7000000476837158,0,-0.05000000074505806,2.9000000953674316,0.23999999463558197,-0.05000000074505806,-1,-1,1,1,10
913,2.7000000476837158,0,-0.25,2.9000000953674316,0.23999999463558197,-0.05000000074505806,-1,-1,2,2,10
914,2.7000000476837158,0,-0.25,2.9000000953674316,0.23999999463558197,0.25,915,922,12,0,7
915,2.7000000476837158,0,-0.25,2.9000000953674316,0.23999999463558197,0.25,916,919,6,0,8
916,2.7000000476837158,0,-0.25,2.9000000953674316,0.23999999463558197,-0.05000000074505806,917,918,3,0,9
917,2.9000000953674316,0,-0.25,2.9000000953674316,0.23999999463558197,-0.05000000074505806,-1,-1,1,1,10
918,2.7000000476837158,0,-0.25,2.9000000953674316,0.23999999463558197,-0.05000000074505806,-1,-1,2,2,10
919,2.7000000476837158,0,0.05000000074505806,2.9000000953674316,0.23999999463558197,0.25,920,921,3,0,9
920,2.7000000476837158,0,0.05000000074505806,2.9000000953674316,0.23999999463558197,0.05000000074505806,-1,-1,1,1,10
921,2.7000000476837158,0,0.05000000074505806,2.9000000953674316,0.23999999463558197,0.25,-1,-1,2,2,10
922,2.7000000476837158,0,0.05000000074505806,2.9000000953674316,0.23999999463558197,0.25,923,926,6,0,8
923,2.7000000476837158,0,0.05000000074505806,2.9000000953674316,0.23999999463558197,0.25,924,925,3,0,9
924,2.7000000476837158,0,0.05000000074505806,2.9000000953674316,0,0.25,-1,-1,1,1,10
925,2.7000000476837158,0,0.05000000074505806,2.9000000953674316,0.23999999463558197,0.25,-1,-1,2,2,10
926,2.7000000476837158,0,0.05000000074505806,2.9000000953674316,0.23999999463558197,0.25,927,928,3,0,9
927,2.7000000476837158,0,0.25,2.9000000953674316,0.23999999463558197,0.25,-1,-1,1,1,10
928,2.7000000476837158,0.23999999463558197,0.05000000074505806,2.9000000953674316,0.23999999463558197,0.25,-1,-1,2,2,10
929,2.9000000953674316,0,-0.25,3.2000000476837158,0.23999999463558197,0.25,930,945,24,0,6
930,3,0,-0.25,3.2000000476837158,0.23999999463558197,-0.05000000074505806,931,938,12,0,7
931,3,0,-0.25,3.2000000476837158,0.23999999463558197,-0.05000000074505806,932,935,6,0,8
932,3,0,-0.25,3.2000000476837158,0.23999999463558197,-0.05000000074505806,933,934,3,0,9
933,3,0,-0.25,3.2000000476837158,0,-0.05000000074505806,-1,-1,1,1,10
934,3,0,-0.25,3.2000000476837158,0.23999999463558197,-0.05000000074505806,-1,-1,2,2,10
935,3,0,-0.25,3.2000000476837158,0.23999999463558197,-0.05000000074505806,936,937,3,0,9
936,3,0,-0.25,3.2000000476837158,0.23999999463558197,-0.25,-1,-1,1,1,10
937,3,0,-0.05000000074505806,3.2000000476837158,0.23999999463558197,-0.05000000074505806,-1,-1,2,2,10
938,3,0,-0.25,3.2000000476837158,0.23999999463558197,-0.05000000074505806,939,942,6,0,8
939,3,0,-0.25,3.2000000476837158,0.23999999463558197,-0.05000000074505806,940,941,3,0,9
940,3,0,-0.25,3,0.23999999463558197,-0.05000000074505806,-1,-1,1,1,10
941,3,0,-0.25,3.2000000476837158,0.23999999463558197,-0.05000000074505806,-1,-1,2,2,10
942,3,0,-0.25,3.2000000476837158,0.23999999463558197,-0.05000000074505806,943,944,3,0,9
943,3.2000000476837158,0,-0.25,3.2000000476837158,0.23999999463558197,-0.05000000074505806,-1,-1,1,1,10
944,3,0.23999999463558197,-0.25,3.2000000476837158,0.23999999463558197,-0.05000000074505806,-1,-1,2,2,10
945,2.9000000953674316,0,0.05000000074505806,3.2000000476837158,0.23999999463558197,0.25,946,953,12,0,7
946,2.9000000953674316,0,0.05000000074505806,3.2000000476837158,0.23999999463558197,0.25,947,950,6,0,8
947,2.9000000953674316,0,0.05000000074505806,3,0.23999999463558197,0.25,948,949,3,0,9
948,2.9000000953674316,0,0.05000000074505806,2.9000000953674316,0.23999999463558197,0.25,-1,-1,1,1,10
949,3,0,0.05000000074505806,3,0.23999999463558197,0.25,-1,-1,2,2,10
950,3,0,0.05000000074505806,3.2000000476837158,0.23999999463558197,0.25,951,952,3,0,9
951,3,0,0.05000000074505806,3.2000000476837158,0.23999999463558197,0.05000000074505806,-1,-1,1,1,10
952,3,0,0.05000000074505806,3.2000000476837158,0.23999999463558197,0.25,-1,-1,2,2,10
953,3,0,0.05000000074505806,3.2000000476837158,0.23999999463558197,0.25,954,957,6,0,8
954,3,0,0.05000000074505806,3.2000000476837158,0.23999999463558197,0.25,955,956,3,0,9
955,3,0,0.05000000074505806,3.2000000476837158,0,0.25,-1,-1,1,1,10
956,3,0,0.05000000074505806,3.2000000476837158,0.23999999463558197,0.25,-1,-1,2,2,10
957,3,0,0.05000000074505806,3.2000000476837158,0.23999999463558197,0.25,958,959,3,0,9
958,3.2000000476837158,0,0.05000000074505806,3.2000000476837158,0.23999999463558197,0.25,-1,-1,1,1,10
959,3,0.23999999463558197,0.05000000074505806,3.2000000476837158,0.23999999463558197,0.25,-1,-1,2,2,10
960,3.2000000476837158,0,-0.25,3.7999999523162842,0.23999999463558197,0.25,961,992,49,0,5
961,3.2000000476837158,0,-0.25,3.5,0.23999999463558197,0.25,962,977,24,0,6
962,3.2999999523162842,0,-0.25,3.5,0.23999999463558197,-0.05000000074505806,963,970,12,0,7
963,3.2999999523162842,0,-0.25,3.5,0.23999999463558197,-0.05000000074505806,964,967,6,0,8
964,3.2999999523162842,0,-0.25,3.5,0.23999999463558197,-0.05000000074505806,965,966,3,0,9
965,3.2999999523162842,0,-0.25,3.5,0,-0.05000000074505806,-1,-1,1,1,10
966,3.2999999523162842,0,-0.25,3.5,0.23999999463558197,-0.05000000074505806,-1,-1,2,2,10
967,3.2999999523162842,0,-0.25,3.5,0.23999999463558197,-0.05000000074505806,968,969,3,0,9
968,3.2999999523162842,0,-0.25,3.5,0.23999999463558197,-0.25,-1,-1,1,1,10
969,3.2999999523162842,0,-0.05000000074505806,3.5,0.23999999463558197,-0.05000000074505806,-1,-1,2,2,10
970,3.2999999523162842,0,-0.25,3.5,0.23999999463558197,-0.05000000074505806,971,974,6,0,8
971,3.2999999523162842,0,-0.25,3.5,0.23999999463558197,-0.05000000074505806,972,973,3,0,9
972,3.2999999523162842,0,-0.25,3.2999999523162842,0.23999999463558197,-0.05000000074505806,-1,-1,1,1,10
973,3.2999999523162842,0,-0.25,3.5,0.23999999463558197,-0.05000000074505806,-1,-1,2,2,10
974,3.2999999523162842,0,-0.25,3.5,0.23999999463558197,-0.05000000074505806,975,976,3,0,9
975,3.5,0,-0.25,3.5,0.23999999463558197,-0.05000000074505806,-1,-1,1,1,10
976,3.2999999523162842,0.23999999463558197,-0.25,3.5,0.23999999463558197,-0.05000000074505806,-1,-1,2,2,10
977,3.2000000476837158,0,0.05000000074505806,3.5,0.23999999463558197,0.25,978,985,12,0,7
978,3.2000000476837158,0,0.05000000074505806,3.5,0.23999999463558197,0.25,979,982,6,0,8
979,3.2000000476837158,0,0.05000000074505806,3.2999999523162842,0.23999999463558197,0.25,980,981,3,0,9
980,3.2000000476837158,0,0.05000000074505806,3.2000000476837158,0.23999999463558197,0.25,-1,-1,1,1,10
981,3.2999999523162842,0,0.05000000074505806,3.2999999523162842,0.23999999463558197,0.25,-1,-1,2,2,10
982,3.2999999523162842,0,0.05000000074505806,3.5,0.23999999463558197,0.25,983,984,3,0,9
983,3.2999999523162842,0,0.05000000074505806,3.5,0.23999999463558197,0.05000000074505806,-1,-1,1,1,10
984,3.2999999523162842,0,0.05000000074505806,3.5,0.23999999463558197,0.25,-1,-1,2,2,10
985,3.2999999523162842,0,0.05000000074505806,3.5,0.23999999463558197,0.25,986,989,6,0,8
986,3.2999999523162842,0,0.05000000074505806,3.5,0.23999999463558197,0.25,987,988,3,0,9
987,3.2999999523162842,0,0.05000000074505806,3.5,0,0.25,-1,-1,1,1,10
988,3.2999999523162842,0,0.05000000074505806,3.5,0.23999999463558197,0.25,-1,-1,2,2,10
989,3.2999999523162842,0,0.05000000074505806,3.5,0.23999999463558197,0.25,990,991,3,0,9
990,3.5,0,0.05000000074505806,3.5,0.23999999463558197,0.25,-1,-1,1,1,10
991,3.2999999523162842,0.23999999463558197,0.05000000074505806,3.5,0.23999999463558197,0.25,-1,-1,2,2,10
992,3.5,0,-0.25,3.7999999523162842,0.23999999463558197,0.25,993,1008,25,0,6
993,3.5999999046325684,0,-0.25,3.7999999523162842,0.23999999463558197,-0.05000000074505806,994,1001,12,0,7
994,3.5999999046325684,0,-0.25,3.7999999523162842,0.23999999463558197,-0.05000000074505806,995,998,6,0,8
995,3.5999999046325684,0,-0.25,3.7999999523162842,0.23999999463558197,-0.05000000074505806,996,997,3,0,9
996,3.5999999046325684,0,-0.25,3.7999999523162842,0,-0.05000000074505806,-1,-1,1,1,10
997,3.5999999046325684,0,-0.25,3.7999999523162842,0.23999999463558197,-0.05000000074505806,-1,-1,2,2,10
998,3.5999999046325684,0,-0.25,3.7999999523162842,0.23999999463558197,-0.05000000074505806,999,1000,3,0,9
999,3.5999999046325684,0,-0.25,3.7999999523162842,0.23999999463558197,-0.25,-1,-1,1,1,10
1000,3.5999999046325684,0,-0.05000000074505806,3.7999999523162842,0.23999999463558197,-0.05000000074505806,-1,-1,2,2,10
1001,3.5999999046325684,0,-0.25,3.7999999523162842,0.23999999463558197,-0.05000000074505806,1002,1005,6,0,8
1002,3.5999999046325684,0,-0.25,3.7999999523162842,0.23999999463558197,-0.05000000074505806,1003,1004,3,0,9
1003,3.5999999046325684,0,-0.25,3.5999999046325684,0.23999999463558197,-0.05000000074505806,-1,-1,1,1,10
1004,3.5999999046325684,0,-0.25,3.7999999523162842,0.23999999463558197,-0.05000000074505806,-1,-1,2,2,10
1005,3.5999999046325684,0,-0.25,3.7999999523162842,0.23999999463558197,-0.05000000074505806,1006,1007,3,0,9
1006,3.7999999523162842,0,-0.25,3.7999999523162842,0.23999999463558197,-0.05000000074505806,-1,-1,1,1,10
1007,3.5999999046325684,0.23999999463558197,-0.25,3.7999999523162842,0.23999999463558197,-0.05000000074505806,-1,-1,2,2,10
1008,3.5,0,0.05000000074505806,3.7999999523162842,0.23999999463558197,0.25,1009,1016,13,0,7
1009,3.5,0,0.05000000074505806,3.7999999523162842,0.23999999463558197,0.25,1010,1013,6,0,8
1010,3.5,0,0.05000000074505806,3.5999999046325684,0.23999999463558197,0.25,1011,1012,3,0,9
1011,3.5,0,0.05000000074505806,3.5,0.23999999463558197,0.25,-1,-1,1,1,10
1012,3.5999999046325684,0,0.05000000074505806,3.5999999046325684,0.23999999463558197,0.25,-1,-1,2,2,10
1013,3.5999999046325684,0,0.05000000074505806,3.7999999523162842,0.23999999463558197,0.25,1014,1015,3,0,9
1014,3.5999999046325684,0,0.05000000074505806,3.7999999523162842,0.23999999463558197,0.05000000074505806,-1,-1,1,1,10
1015,3.5999999046325684,0,0.05000000074505806,3.7999999523162842,0.23999999463558197,0.25,-1,-1,2,2,10
1016,3.5999999046325684,0,0.05000000074505806,3.7999999523162842,0.23999999463558197,0.25,1017,1020,7,0,8
1017,3.5999999046325684,0,0.05000000074505806,3.7999999523162842,0.23999999463558197,0.25,1018,1019,3,0,9
1018,3.5999999046325684,0,0.05000000074505806,3.7999999523162842,0,0.25,-1,-1,1,1,10
1019,3.5999999046325684,0,0.05000000074505806,3.7999999523162842,0.23999999463558197,0.25,-1,-1,2,2,10
1020,3.5999999046325684,0,0.05000000074505806,3.7999999523162842,0.23999999463558197,0.25,1021,1022,4,0,9
1021,3.7999999523162842,0,0.05000000074505806,3.7999999523162842,0.23999999463558197,0.25,-1,-1,2,2,10
1022,3.5999999046325684,0.23999999463558197,0.05000000074505806,3.7999999523162842,0.23999999463558197,0.25,-1,-1,2,2,10
