index,low_x,low_y,low_z,high_x,high_y,high_z,left,right,count,leaf_count,depth
0,-5,0,-5,5,0.60000002384185791,5,1,512,770,0,1
1,-5,0,-5,5,0.60000002384185791,5,2,257,385,0,2
2,-3.7999999523162842,0,-3.7999999523162842,-2.2000000476837158,0.60000002384185791,3.7999999523162842,3,130,192,0,3
3,-3.7999999523162842,0,-3.7999999523162842,-2.2000000476837158,0.60000002384185791,-0.20000000298023224,4,67,96,0,4
4,-3.7999999523162842,0,-3.7999999523162842,-2.2000000476837158,0.60000002384185791,-2.2000000476837158,5,36,48,0,5
5,-3.7999999523162842,0,-3.7999999523162842,-3.2000000476837158,0.60000002384185791,-2.2000000476837158,6,21,24,0,6
6,-3.7999999523162842,0,-3.7999999523162842,-3.2000000476837158,0.60000002384185791,-3.2000000476837158,7,14,12,0,7
7,-3.7999999523162842,0,-3.7999999523162842,-3.2000000476837158,0.60000002384185791,-3.2000000476837158,8,11,6,0,8
8,-3.7999999523162842,0,-3.7999999523162842,-3.2000000476837158,0.60000002384185791,-3.2000000476837158,9,10,3,0,9
9,-3.7999999523162842,0,-3.7999999523162842,-3.2000000476837158,0,-3.2000000476837158,-1,-1,1,1,10
10,-3.7999999523162842,0,-3.7999999523162842,-3.2000000476837158,0.60000002384185791,-3.2000000476837158,-1,-1,2,2,10
11,-3.7999999523162842,0,-3.7999999523162842,-3.2000000476837158,0.60000002384185791,-3.2000000476837158,12,13,3,0,9
12,-3.7999999523162842,0,-3.7999999523162842,-3.2000000476837158,0.60000002384185791,-3.7999999523162842,-1,-1,1,1,10
13,-3.7999999523162842,0,-3.2000000476837158,-3.2000000476837158,0.60000002384185791,-3.2000000476837158,-1,-1,2,2,10
14,-3.7999999523162842,0,-3.7999999523162842,-3.2000000476837158,0.60000002384185791,-3.2000000476837158,15,18,6,0,8
15,-3.7999999523162842,0,-3.7999999523162842,-3.2000000476837158,0.60000002384185791,-3.2000000476837158,16,17,3,0,9
16,-3.7999999523162842,0,-3.7999999523162842,-3.7999999523162842,0.60000002384185791,-3.2000000476837158,-1,-1,1,1,10
17,-3.7999999523162842,0,-3.7999999523162842,-3.2000000476837158,0.60000002384185791,-3.2000000476837158,-1,-1,2,2,10
18,-3.7999999523162842,0,-3.7999999523162842,-3.2000000476837158,0.60000002384185791,-3.2000000476837158,19,20,3,0,9
19,-3.2000000476837158,0,-3.7999999523162842,-3.2000000476837158,0.60000002384185791,-3.2000000476837158,-1,-1,1,1,10
20,-3.7999999523162842,0.60000002384185791,-3.7999999523162842,-3.2000000476837158,0.60000002384185791,-3.2000000476837158,-1,-1,2,2,10
21,-3.7999999523162842,0,-2.7999999523162842,-3.2000000476837158,0.60000002384185791,-2.2000000476837158,22,29,12,0,7
22,-3.7999999523162842,0,-2.7999999523162842,-3.2000000476837158,0.60000002384185791,-2.2000000476837158,23,26,6,0,8
23,-3.7999999523162842,0,-2.7999999523162842,-3.2000000476837158,0.60000002384185791,-2.2000000476837158,24,25,3,0,9
24,-3.7999999523162842,0,-2.7999999523162842,-3.2000000476837158,0,-2.2000000476837158,-1,-1,1,1,10
25,-3.7999999523162842,0,-2.7999999523162842,-3.2000000476837158,0.60000002384185791,-2.2000000476837158,-1,-1,2,2,10
26,-3.7999999523162842,0,-2.7999999523162842,-3.2000000476837158,0.60000002384185791,-2.2000000476837158,27,28,3,0,9
27,-3.7999999523162842,0,-2.7999999523162842,-3.2000000476837158,0.60000002384185791,-2.7999999523162842,-1,-1,1,1,10
28,-3.7999999523162842,0,-2.2000000476837158,-3.2000000476837158,0.60000002384185791,-2.2000000476837158,-1,-1,2,2,10
29,-3.7999999523162842,0,-2.7999999523162842,-3.2000000476837158,0.60000002384185791,-2.2000000476837158,30,33,6,0,8
30,-3.7999999523162842,0,-2.7999999523162842,-3.2000000476837158,0.60000002384185791,-2.2000000476837158,31,32,3,0,9
31,-3.7999999523162842,0,-2.7999999523162842,-3.7999999523162842,0.60000002384185791,-2.2000000476837158,-1,-1,1,1,10
32,-3.7999999523162842,0,-2.7999999523162842,-3.2000000476837158,0.60000002384185791,-2.2000000476837158,-1,-1,2,2,10
33,-3.7999999523162842,0,-2.7999999523162842,-3.2000000476837158,0.60000002384185791,-2.2000000476837158,34,35,3,0,9
34,-3.2000000476837158,0,-2.7999999523162842,-3.2000000476837158,0.60000002384185791,-2.2000000476837158,-1,-1,1,1,10
35,-3.7999999523162842,0.60000002384185791,-2.7999999523162842,-3.2000000476837158,0.60000002384185791,-2.2000000476837158,-1,-1,2,2,10
36,-2.7999999523162842,0,-3.7999999523162842,-2.2000000476837158,0.60000002384185791,-2.2000000476837158,37,52,24,0,6
37,-2.7999999523162842,0,-3.7999999523162842,-2.2000000476837158,0.60000002384185791,-3.2000000476837158,38,45,12,0,7
38,-2.7999999523162842,0,-3.7999999523162842,-2.2000000476837158,0.60000002384185791,-3.2000000476837158,39,42,6,0,8
39,-2.7999999523162842,0,-3.7999999523162842,-2.2000000476837158,0.60000002384185791,-3.2000000476837158,40,41,3,0,9
40,-2.7999999523162842,0,-3.7999999523162842,-2.2000000476837158,0,-3.2000000476837158,-1,-1,1,1,10
41,-2.7999999523162842,0,-3.7999999523162842,-2.2000000476837158,0.60000002384185791,-3.2000000476837158,-1,-1,2,2,10
42,-2.7999999523162842,0,-3.7999999523162842,-2.2000000476837158,0.60000002384185791,-3.2000000476837158,43,44,3,0,9
43,-2.7999999523162842,0,-3.7999999523162842,-2.2000000476837158,0.60000002384185791,-3.7999999523162842,-1,-1,1,1,10
44,-2.7999999523162842,0,-3.2000000476837158,-2.2000000476837158,0.60000002384185791,-3.2000000476837158,-1,-1,2,2,10
45,-2.7999999523162842,0,-3.7999999523162842,-2.2000000476837158,0.60000002384185791,-3.2000000476837158,46,49,6,0,8
46,-2.7999999523162842,0,-3.7999999523162842,-2.2000000476837158,0.60000002384185791,-3.2000000476837158,47,48,3,0,9
47,-2.7999999523162842,0,-3.7999999523162842,-2.7999999523162842,0.60000002384185791,-3.2000000476837158,-1,-1,1,1,10
48,-2.7999999523162842,0,-3.7999999523162842,-2.2000000476837158,0.60000002384185791,-3.2000000476837158,-1,-1,2,2,10
49,-2.7999999523162842,0,-3.7999999523162842,-2.2000000476837158,0.60000002384185791,-3.2000000476837158,50,51,3,0,9
50,-2.2000000476837158,0,-3.7999999523162842,-2.2000000476837158,0.60000002384185791,-3.2000000476837158,-1,-1,1,1,10
51,-2.7999999523162842,0.60000002384185791,-3.7999999523162842,-2.2000000476837158,0.60000002384185791,-3.2000000476837158,-1,-1,2,2,10
52,-2.7999999523162842,0,-2.7999999523162842,-2.2000000476837158,0.60000002384185791,-2.2000000476837158,53,60,12,0,7
53,-2.7999999523162842,0,-2.7999999523162842,-2.2000000476837158,0.60000002384185791,-2.2000000476837158,54,57,6,0,8
54,-2.7999999523162842,0,-2.7999999523162842,-2.2000000476837158,0.60000002384185791,-2.2000000476837158,55,56,3,0,9
55,-2.7999999523162842,0,-2.7999999523162842,-2.2000000476837158,0,-2.2000000476837158,-1,-1,1,1,10
56,-2.7999999523162842,0,-2.7999999523162842,-2.2000000476837158,0.60000002384185791,-2.2000000476837158,-1,-1,2,2,10
57,-2.7999999523162842,0,-2.7999999523162842,-2.2000000476837158,0.60000002384185791,-2.2000000476837158,58,59,3,0,9
58,-2.7999999523162842,0,-2.7999999523162842,-2.2000000476837158,0.60000002384185791,-2.7999999523162842,-1,-1,1,1,10
59,-2.7999999523162842,0,-2.2000000476837158,-2.2000000476837158,0.60000002384185791,-2.2000000476837158,-1,-1,2,2,10
60,-2.7999999523162842,0,-2.7999999523162842,-2.2000000476837158,0.60000002384185791,-2.2000000476837158,61,64,6,0,8
61,-2.7999999523162842,0,-2.7999999523162842,-2.2000000476837158,0.60000002384185791,-2.2000000476837158,62,63,3,0,9
62,-2.7999999523162842,0,-2.7999999523162842,-2.7999999523162842,0.60000002384185791,-2.2000000476837158,-1,-1,1,1,10
63,-2.7999999523162842,0,-2.7999999523162842,-2.2000000476837158,0.60000002384185791,-2.2000000476837158,-1,-1,2,2,10
64,-2.7999999523162842,0,-2.7999999523162842,-2.2000000476837158,0.60000002384185791,-2.2000000476837158,65,66,3,0,9
65,-2.2000000476837158,0,-2.7999999523162842,-2.2000000476837158,0.60000002384185791,-2.2000000476837158,-1,-1,1,1,10
66,-2.7999999523162842,0.60000002384185791,-2.7999999523162842,-2.2000000476837158,0.60000002384185791,-2.2000000476837158,-1,-1,2,2,10
67,-3.7999999523162842,0,-1.7999999523162842,-2.2000000476837158,0.60000002384185791,-0.20000000298023224,68,99,48,0,5
68,-3.7999999523162842,0,-1.7999999523162842,-2.2000000476837158,0.60000002384185791,-1.2000000476837158,69,84,24,0,6
69,-3.7999999523162842,0,-1.7999999523162842,-3.2000000476837158,0.60000002384185791,-1.2000000476837158,70,77,12,0,7
70,-3.7999999523162842,0,-1.7999999523162842,-3.2000000476837158,0.60000002384185791,-1.2000000476837158,71,74,6,0,8
71,-3.7999999523162842,0,-1.7999999523162842,-3.2000000476837158,0.60000002384185791,-1.2000000476837158,72,73,3,0,9
72,-3.7999999523162842,0,-1.7999999523162842,-3.2000000476837158,0,-1.2000000476837158,-1,-1,1,1,10
73,-3.7999999523162842,0,-1.7999999523162842,-3.2000000476837158,0.60000002384185791,-1.2000000476837158,-1,-1,2,2,10
74,-3.7999999523162842,0,-1.7999999523162842,-3.2000000476837158,0.60000002384185791,-1.2000000476837158,75,76,3,0,9
75,-3.7999999523162842,0,-1.7999999523162842,-3.2000000476837158,0.60000002384185791,-1.7999999523162842,-1,-1,1,1,10
76,-3.7999999523162842,0,-1.2000000476837158,-3.2000000476837158,0.60000002384185791,-1.2000000476837158,-1,-1,2,2,10
77,-3.7999999523162842,0,-1.7999999523162842,-3.2000000476837158,0.60000002384185791,-1.2000000476837158,78,81,6,0,8
78,-3.7999999523162842,0,-1.7999999523162842,-3.2000000476837158,0.60000002384185791,-1.2000000476837158,79,80,3,0,9
79,-3.7999999523162842,0,-1.7999999523162842,-3.7999999523162842,0.60000002384185791,-1.2000000476837158,-1,-1,1,1,10
80,-3.7999999523162842,0,-1.7999999523162842,-3.2000000476837158,0.60000002384185791,-1.2000000476837158,-1,-1,2,2,10
81,-3.7999999523162842,0,-1.7999999523162842,-3.2000000476837158,0.60000002384185791,-1.2000000476837158,82,83,3,0,9
82,-3.2000000476837158,0,-1.7999999523162842,-3.2000000476837158,0.60000002384185791,-1.2000000476837158,-1,-1,1,1,10
83,-3.7999999523162842,0.60000002384185791,-1.7999999523162842,-3.2000000476837158,0.60000002384185791,-1.2000000476837158,-1,-1,2,2,10
84,-2.7999999523162842,0,-1.7999999523162842,-2.2000000476837158,0.60000002384185791,-1.2000000476837158,85,92,12,0,7
85,-2.7999999523162842,0,-1.7999999523162842,-2.2000000476837158,0.60000002384185791,-1.2000000476837158,86,89,6,0,8
86,-2.7999999523162842,0,-1.7999999523162842,-2.2000000476837158,0.60000002384185791,-1.2000000476837158,87,88,3,0,9
87,-2.7999999523162842,0,-1.7999999523162842,-2.2000000476837158,0,-1.2000000476837158,-1,-1,1,1,10
88,-2.7999999523162842,0,-1.7999999523162842,-2.2000000476837158,0.60000002384185791,-1.2000000476837158,-1,-1,2,2,10
89,-2.7999999523162842,0,-1.7999999523162842,-2.2000000476837158,0.60000002384185791,-1.2000000476837158,90,91,3,0,9
90,-2.7999999523162842,0,-1.7999999523162842,-2.2000000476837158,0.60000002384185791,-1.7999999523162842,-1,-1,1,1,10
91,-2.7999999523162842,0,-1.2000000476837158,-2.2000000476837158,0.60000002384185791,-1.2000000476837158,-1,-1,2,2,10
92,-2.7999999523162842,0,-1.7999999523162842,-2.2000000476837158,0.60000002384185791,-1.2000000476837158,93,96,6,0,8
93,-2.7999999523162842,0,-1.7999999523162842,-2.2000000476837158,0.60000002384185791,-1.2000000476837158,94,95,3,0,9
94,-2.7999999523162842,0,-1.7999999523162842,-2.7999999523162842,0.60000002384185791,-1.2000000476837158,-1,-1,1,1,10
95,-2.7999999523162842,0,-1.7999999523162842,-2.2000000476837158,0.60000002384185791,-1.2000000476837158,-1,-1,2,2,10
96,-2.7999999523162842,0,-1.7999999523162842,-2.2000000476837158,0.60000002384185791,-1.2000000476837158,97,98,3,0,9
97,-2.2000000476837158,0,-1.7999999523162842,-2.2000000476837158,0.60000002384185791,-1.2000000476837158,-1,-1,1,1,10
98,-2.7999999523162842,0.60000002384185791,-1.7999999523162842,-2.2000000476837158,0.60000002384185791,-1.2000000476837158,-1,-1,2,2,10
99,-3.7999999523162842,0,-0.80000001192092896,-2.2000000476837158,0.60000002384185791,-0.20000000298023224,100,115,24,0,6
100,-3.7999999523162842,0,-0.80000001192092896,-3.2000000476837158,0.60000002384185791,-0.20000000298023224,101,108,12,0,7
101,-3.7999999523162842,0,-0.80000001192092896,-3.2000000476837158,0.60000002384185791,-0.20000000298023224,102,105,6,0,8
102,-3.7999999523162842,0,-0.80000001192092896,-3.2000000476837158,0.60000002384185791,-0.20000000298023224,103,104,3,0,9
103,-3.7999999523162842,0,-0.80000001192092896,-3.2000000476837158,0,-0.20000000298023224,-1,-1,1,1,10
104,-3.7999999523162842,0,-0.80000001192092896,-3.2000000476837158,0.60000002384185791,-0.20000000298023224,-1,-1,2,2,10
105,-3.7999999523162842,0,-0.80000001192092896,-3.2000000476837158,0.60000002384185791,-0.20000000298023224,106,107,3,0,9
106,-3.7999999523162842,0,-0.80000001192092896,-3.2000000476837158,0.60000002384185791,-0.80000001192092896,-1,-1,1,1,10
107,-3.7999999523162842,0,-0.20000000298023224,-3.2000000476837158,0.60000002384185791,-0.20000000298023224,-1,-1,2,2,10
108,-3.7999999523162842,0,-0.80000001192092896,-3.2000000476837158,0.60000002384185791,-0.20000000298023224,109,112,6,0,8
109,-3.7999999523162842,0,-0.80000001192092896,-3.2000000476837158,0.60000002384185791,-0.20000000298023224,110,111,3,0,9
110,-3.7999999523162842,0,-0.80000001192092896,-3.7999999523162842,0.60000002384185791,-0.20000000298023224,-1,-1,1,1,10
111,-3.7999999523162842,0,-0.80000001192092896,-3.2000000476837158,0.60000002384185791,-0.20000000298023224,-1,-1,2,2,10
112,-3.7999999523162842,0,-0.80000001192092896,-3.2000000476837158,0.60000002384185791,-0.20000000298023224,113,114,3,0,9
113,-3.2000000476837158,0,-0.80000001192092896,-3.2000000476837158,0.60000002384185791,-0.20000000298023224,-1,-1,1,1,10
114,-3.7999999523162842,0.60000002384185791,-0.80000001192092896,-3.2000000476837158,0.60000002384185791,-0.20000000298023224,-1,-1,2,2,10
115,-2.7999999523162842,0,-0.80000001192092896,-2.2000000476837158,0.60000002384185791,-0.20000000298023224,116,123,12,0,7
116,-2.7999999523162842,0,-0.80000001192092896,-2.2000000476837158,0.60000002384185791,-0.20000000298023224,117,120,6,0,8
117,-2.7999999523162842,0,-0.80000001192092896,-2.2000000476837158,0.60000002384185791,-0.20000000298023224,118,119,3,0,9
118,-2.7999999523162842,0,-0.80000001192092896,-2.2000000476837158,0,-0.20000000298023224,-1,-1,1,1,10
119,-2.7999999523162842,0,-0.80000001192092896,-2.2000000476837158,0.60000002384185791,-0.20000000298023224,-1,-1,2,2,10
120,-2.7999999523162842,0,-0.80000001192092896,-2.2000000476837158,0.60000002384185791,-0.20000000298023224,121,122,3,0,9
121,-2.7999999523162842,0,-0.80000001192092896,-2.2000000476837158,0.60000002384185791,-0.80000001192092896,-1,-1,1,1,10
122,-2.7999999523162842,0,-0.20000000298023224,-2.2000000476837158,0.60000002384185791,-0.20000000298023224,-1,-1,2,2,10
123,-2.7999999523162842,0,-0.80000001192092896,-2.2000000476837158,0.60000002384185791,-0.20000000298023224,124,127,6,0,8
124,-2.7999999523162842,0,-0.80000001192092896,-2.2000000476837158,0.60000002384185791,-0.20000000298023224,125,126,3,0,9
125,-2.7999999523162842,0,-0.80000001192092896,-2.7999999523162842,0.60000002384185791,-0.20000000298023224,-1,-1,1,1,10
126,-2.7999999523162842,0,-0.80000001192092896,-2.2000000476837158,0.60000002384185791,-0.20000000298023224,-1,-1,2,2,10
127,-2.7999999523162842,0,-0.80000001192092896,-2.2000000476837158,0.60000002384185791,-0.20000000298023224,128,129,3,0,9
128,-2.2000000476837158,0,-0.80000001192092896,-2.2000000476837158,0.60000002384185791,-0.20000000298023224,-1,-1,1,1,10
129,-2.7999999523162842,0.60000002384185791,-0.80000001192092896,-2.2000000476837158,0.60000002384185791,-0.20000000298023224,-1,-1,2,2,10
130,-3.7999999523162842,0,0.20000000298023224,-2.2000000476837158,0.60000002384185791,3.7999999523162842,131,194,96,0,4
131,-3.7999999523162842,0,0.20000000298023224,-2.2000000476837158,0.60000002384185791,1.7999999523162842,132,163,48,0,5
132,-3.7999999523162842,0,0.20000000298023224,-2.2000000476837158,0.60000002384185791,0.80000001192092896,133,148,24,0,6
133,-3.7999999523162842,0,0.20000000298023224,-3.2000000476837158,0.60000002384185791,0.80000001192092896,134,141,12,0,7
134,-3.7999999523162842,0,0.20000000298023224,-3.2000000476837158,0.60000002384185791,0.80000001192092896,135,138,6,0,8
135,-3.7999999523162842,0,0.20000000298023224,-3.2000000476837158,0.60000002384185791,0.80000001192092896,136,137,3,0,9
136,-3.7999999523162842,0,0.20000000298023224,-3.2000000476837158,0,0.80000001192092896,-1,-1,1,1,10
137,-3.7999999523162842,0,0.20000000298023224,-3.2000000476837158,0.60000002384185791,0.80000001192092896,-1,-1,2,2,10
138,-3.7999999523162842,0,0.20000000298023224,-3.2000000476837158,0.60000002384185791,0.80000001192092896,139,140,3,0,9
139,-3.7999999523162842,0,0.20000000298023224,-3.2000000476837158,0.60000002384185791,0.20000000298023224,-1,-1,1,1,10
140,-3.7999999523162842,0,0.80000001192092896,-3.2000000476837158,0.60000002384185791,0.80000001192092896,-1,-1,2,2,10
141,-3.7999999523162842,0,0.20000000298023224,-3.2000000476837158,0.60000002384185791,0.80000001192092896,142,145,6,0,8
142,-3.7999999523162842,0,0.20000000298023224,-3.2000000476837158,0.60000002384185791,0.80000001192092896,143,144,3,0,9
143,-3.7999999523162842,0,0.20000000298023224,-3.7999999523162842,0.60000002384185791,0.80000001192092896,-1,-1,1,1,10
144,-3.7999999523162842,0,0.20000000298023224,-3.2000000476837158,0.60000002384185791,0.80000001192092896,-1,-1,2,2,10
145,-3.7999999523162842,0,0.20000000298023224,-3.2000000476837158,0.60000002384185791,0.80000001192092896,146,147,3,0,9
146,-3.2000000476837158,0,0.20000000298023224,-3.2000000476837158,0.60000002384185791,0.80000001192092896,-1,-1,1,1,10
147,-3.7999999523162842,0.60000002384185791,0.20000000298023224,-3.2000000476837158,0.60000002384185791,0.80000001192092896,-1,-1,2,2,10
148,-2.7999999523162842,0,0.20000000298023224,-2.2000000476837158,0.60000002384185791,0.80000001192092896,149,156,12,0,7
149,-2.7999999523162842,0,0.20000000298023224,-2.2000000476837158,0.60000002384185791,0.80000001192092896,150,153,6,0,8
150,-2.7999999523162842,0,0.20000000298023224,-2.2000000476837158,0.60000002384185791,0.80000001192092896,151,152,3,0,9
151,-2.7999999523162842,0,0.20000000298023224,-2.2000000476837158,0,0.80000001192092896,-1,-1,1,1,10
152,-2.7999999523162842,0,0.20000000298023224,-2.2000000476837158,0.60000002384185791,0.80000001192092896,-1,-1,2,2,10
153,-2.7999999523162842,0,0.20000000298023224,-2.2000000476837158,0.60000002384185791,0.80000001192092896,154,155,3,0,9
154,-2.7999999523162842,0,0.20000000298023224,-2.2000000476837158,0.60000002384185791,0.20000000298023224,-1,-1,1,1,10
155,-2.7999999523162842,0,0.80000001192092896,-2.2000000476837158,0.60000002384185791,0.80000001192092896,-1,-1,2,2,10
156,-2.7999999523162842,0,0.20000000298023224,-2.2000000476837158,0.60000002384185791,0.80000001192092896,157,160,6,0,8
157,-2.7999999523162842,0,0.20000000298023224,-2.2000000476837158,0.60000002384185791,0.80000001192092896,158,159,3,0,9
158,-2.7999999523162842,0,0.20000000298023224,-2.7999999523162842,0.60000002384185791,0.80000001192092896,-1,-1,1,1,10
159,-2.7999999523162842,0,0.20000000298023224,-2.2000000476837158,0.60000002384185791,0.80000001192092896,-1,-1,2,2,10
160,-2.7999999523162842,0,0.20000000298023224,-2.2000000476837158,0.60000002384185791,0.80000001192092896,161,162,3,0,9
161,-2.2000000476837158,0,0.20000000298023224,-2.2000000476837158,0.60000002384185791,0.80000001192092896,-1,-1,1,1,10
162,-2.7999999523162842,0.60000002384185791,0.20000000298023224,-2.2000000476837158,0.60000002384185791,0.80000001192092896,-1,-1,2,2,10
163,-3.7999999523162842,0,1.2000000476837158,-2.2000000476837158,0.60000002384185791,1.7999999523162842,164,179,24,0,6
164,-3.7999999523162842,0,1.2000000476837158,-3.2000000476837158,0.60000002384185791,1.7999999523162842,165,172,12,0,7
165,-3.7999999523162842,0,1.2000000476837158,-3.2000000476837158,0.60000002384185791,1.7999999523162842,166,169,6,0,8
166,-3.7999999523162842,0,1.2000000476837158,-3.2000000476837158,0.60000002384185791,1.7999999523162842,167,168,3,0,9
167,-3.7999999523162842,0,1.2000000476837158,-3.2000000476837158,0,1.7999999523162842,-1,-1,1,1,10
168,-3.7999999523162842,0,1.2000000476837158,-3.2000000476837158,0.60000002384185791,1.7999999523162842,-1,-1,2,2,10
169,-3.7999999523162842,0,1.2000000476837158,-3.2000000476837158,0.60000002384185791,1.7999999523162842,170,171,3,0,9
170,-3.7999999523162842,0,1.2000000476837158,-3.2000000476837158,0.60000002384185791,1.2000000476837158,-1,-1,1,1,10
171,-3.7999999523162842,0,1.7999999523162842,-3.2000000476837158,0.60000002384185791,1.7999999523162842,-1,-1,2,2,10
172,-3.7999999523162842,0,1.2000000476837158,-3.2000000476837158,0.60000002384185791,1.7999999523162842,173,176,6,0,8
173,-3.7999999523162842,0,1.2000000476837158,-3.2000000476837158,0.60000002384185791,1.7999999523162842,174,175,3,0,9
174,-3.7999999523162842,0,1.2000000476837158,-3.7999999523162842,0.60000002384185791,1.7999999523162842,-1,-1,1,1,10
175,-3.7999999523162842,0,1.2000000476837158,-3.2000000476837158,0.60000002384185791,1.7999999523162842,-1,-1,2,2,10
176,-3.7999999523162842,0,1.2000000476837158,-3.2000000476837158,0.60000002384185791,1.7999999523162842,177,178,3,0,9
177,-3.2000000476837158,0,1.2000000476837158,-3.2000000476837158,0.60000002384185791,1.7999999523162842,-1,-1,1,1,10
178,-3.7999999523162842,0.60000002384185791,1.2000000476837158,-3.2000000476837158,0.60000002384185791,1.7999999523162842,-1,-1,2,2,10
179,-2.7999999523162842,0,1.2000000476837158,-2.2000000476837158,0.60000002384185791,1.7999999523162842,180,187,12,0,7
180,-2.7999999523162842,0,1.2000000476837158,-2.2000000476837158,0.60000002384185791,1.7999999523162842,181,184,6,0,8
181,-2.7999999523162842,0,1.2000000476837158,-2.2000000476837158,0.60000002384185791,1.7999999523162842,182,183,3,0,9
182,-2.7999999523162842,0,1.2000000476837158,-2.2000000476837158,0,1.7999999523162842,-1,-1,1,1,10
183,-2.7999999523162842,0,1.2000000476837158,-2.2000000476837158,0.60000002384185791,1.7999999523162842,-1,-1,2,2,10
184,-2.7999999523162842,0,1.2000000476837158,-2.2000000476837158,0.60000002384185791,1.7999999523162842,185,186,3,0,9
185,-2.7999999523162842,0,1.2000000476837158,-2.2000000476837158,0.60000002384185791,1.2000000476837158,-1,-1,1,1,10
186,-2.7999999523162842,0,1.7999999523162842,-2.2000000476837158,0.60000002384185791,1.7999999523162842,-1,-1,2,2,10
187,-2.7999999523162842,0,1.2000000476837158,-2.2000000476837158,0.60000002384185791,1.7999999523162842,188,191,6,0,8
188,-2.7999999523162842,0,1.2000000476837158,-2.2000000476837158,0.60000002384185791,1.7999999523162842,189,190,3,0,9
189,-2.7999999523162842,0,1.2000000476837158,-2.7999999523162842,0.60000002384185791,1.7999999523162842,-1,-1,1,1,10
190,-2.7999999523162842,0,1.2000000476837158,-2.2000000476837158,0.60000002384185791,1.7999999523162842,-1,-1,2,2,10
191,-2.7999999523162842,0,1.2000000476837158,-2.2000000476837158,0.60000002384185791,1.7999999523162842,192,193,3,0,9
192,-2.2000000476837158,0,1.2000000476837158,-2.2000000476837158,0.60000002384185791,1.7999999523162842,-1,-1,1,1,10
193,-2.7999999523162842,0.60000002384185791,1.2000000476837158,-2.2000000476837158,0.60000002384185791,1.7999999523162842,-1,-1,2,2,10
194,-3.7999999523162842,0,2.2000000476837158,-2.2000000476837158,0.60000002384185791,3.7999999523162842,195,226,48,0,5
195,-3.7999999523162842,0,2.2000000476837158,-3.2000000476837158,0.60000002384185791,3.7999999523162842,196,211,24,0,6
196,-3.7999999523162842,0,2.2000000476837158,-3.2000000476837158,0.60000002384185791,2.7999999523162842,197,204,12,0,7
197,-3.7999999523162842,0,2.2000000476837158,-3.2000000476837158,0.60000002384185791,2.7999999523162842,198,201,6,0,8
198,-3.7999999523162842,0,2.2000000476837158,-3.2000000476837158,0.60000002384185791,2.7999999523162842,199,200,3,0,9
199,-3.7999999523162842,0,2.2000000476837158,-3.2000000476837158,0,2.7999999523162842,-1,-1,1,1,10
200,-3.7999999523162842,0,2.2000000476837158,-3.2000000476837158,0.60000002384185791,2.7999999523162842,-1,-1,2,2,10
201,-3.7999999523162842,0,2.2000000476837158,-3.2000000476837158,0.60000002384185791,2.7999999523162842,202,203,3,0,9
202,-3.7999999523162842,0,2.2000000476837158,-3.2000000476837158,0.60000002384185791,2.2000000476837158,-1,-1,1,1,10
203,-3.7999999523162842,0,2.7999999523162842,-3.2000000476837158,0.60000002384185791,2.7999999523162842,-1,-1,2,2,10
204,-3.7999999523162842,0,2.2000000476837158,-3.2000000476837158,0.60000002384185791,2.7999999523162842,205,208,6,0,8
205,-3.7999999523162842,0,2.2000000476837158,-3.2000000476837158,0.60000002384185791,2.7999999523162842,206,207,3,0,9
206,-3.7999999523162842,0,2.2000000476837158,-3.7999999523162842,0.60000002384185791,2.7999999523162842,-1,-1,1,1,10
207,-3.7999999523162842,0,2.2000000476837158,-3.2000000476837158,0.60000002384185791,2.7999999523162842,-1,-1,2,2,10
208,-3.7999999523162842,0,2.2000000476837158,-3.2000000476837158,0.60000002384185791,2.7999999523162842,209,210,3,0,9
209,-3.2000000476837158,0,2.2000000476837158,-3.2000000476837158,0.60000002384185791,2.7999999523162842,-1,-1,1,1,10
210,-3.7999999523162842,0.60000002384185791,2.2000000476837158,-3.2000000476837158,0.60000002384185791,2.7999999523162842,-1,-1,2,2,10
211,-3.7999999523162842,0,3.2000000476837158,-3.2000000476837158,0.60000002384185791,3.7999999523162842,212,219,12,0,7
212,-3.7999999523162842,0,3.2000000476837158,-3.2000000476837158,0.60000002384185791,3.7999999523162842,213,216,6,0,8
213,-3.7999999523162842,0,3.2000000476837158,-3.2000000476837158,0.60000002384185791,3.7999999523162842,214,215,3,0,9
214,-3.7999999523162842,0,3.2000000476837158,-3.2000000476837158,0,3.7999999523162842,-1,-1,1,1,10
215,-3.7999999523162842,0,3.2000000476837158,-3.2000000476837158,0.60000002384185791,3.7999999523162842,-1,-1,2,2,10
216,-3.7999999523162842,0,3.2000000476837158,-3.2000000476837158,0.60000002384185791,3.7999999523162842,217,218,3,0,9
217,-3.7999999523162842,0,3.2000000476837158,-3.2000000476837158,0.60000002384185791,3.2000000476837158,-1,-1,1,1,10
218,-3.7999999523162842,0,3.7999999523162842,-3.2000000476837158,0.60000002384185791,3.7999999523162842,-1,-1,2,2,10
219,-3.7999999523162842,0,3.2000000476837158,-3.2000000476837158,0.60000002384185791,3.7999999523162842,220,223,6,0,8
220,-3.7999999523162842,0,3.2000000476837158,-3.2000000476837158,0.60000002384185791,3.7999999523162842,221,222,3,0,9
221,-3.7999999523162842,0,3.2000000476837158,-3.7999999523162842,0.60000002384185791,3.7999999523162842,-1,-1,1,1,10
222,-3.7999999523162842,0,3.2000000476837158,-3.2000000476837158,0.60000002384185791,3.7999999523162842,-1,-1,2,2,10
223,-3.7999999523162842,0,3.2000000476837158,-3.2000000476837158,0.60000002384185791,3.7999999523162842,224,225,3,0,9
224,-3.2000000476837158,0,3.2000000476837158,-3.2000000476837158,0.60000002384185791,3.7999999523162842,-1,-1,1,1,10
225,-3.7999999523162842,0.60000002384185791,3.2000000476837158,-3.2000000476837158,0.60000002384185791,3.7999999523162842,-1,-1,2,2,10
226,-2.7999999523162842,0,2.2000000476837158,-2.2000000476837158,0.60000002384185791,3.7999999523162842,227,242,24,0,6
227,-2.7999999523162842,0,2.2000000476837158,-2.2000000476837158,0.60000002384185791,2.7999999523162842,228,235,12,0,7
228,-2.7999999523162842,0,2.2000000476837158,-2.2000000476837158,0.60000002384185791,2.7999999523162842,229,232,6,0,8
229,-2.7999999523162842,0,2.2000000476837158,-2.2000000476837158,0.60000002384185791,2.7999999523162842,230,231,3,0,9
230,-2.7999999523162842,0,2.2000000476837158,-2.2000000476837158,0,2.7999999523162842,-1,-1,1,1,10
231,-2.7999999523162842,0,2.2000000476837158,-2.2000000476837158,0.60000002384185791,2.7999999523162842,-1,-1,2,2,10
232,-2.7999999523162842,0,2.2000000476837158,-2.2000000476837158,0.60000002384185791,2.7999999523162842,233,234,3,0,9
233,-2.7999999523162842,0,2.2000000476837158,-2.2000000476837158,0.60000002384185791,2.2000000476837158,-1,-1,1,1,10
234,-2.7999999523162842,0,2.7999999523162842,-2.2000000476837158,0.60000002384185791,2.7999999523162842,-1,-1,2,2,10
235,-2.7999999523162842,0,2.2000000476837158,-2.2000000476837158,0.60000002384185791,2.7999999523162842,236,239,6,0,8
236,-2.7999999523162842,0,2.2000000476837158,-2.2000000476837158,0.60000002384185791,2.7999999523162842,237,238,3,0,9
237,-2.7999999523162842,0,2.2000000476837158,-2.7999999523162842,0.60000002384185791,2.7999999523162842,-1,-1,1,1,10
238,-2.7999999523162842,0,2.2000000476837158,-2.2000000476837158,0.60000002384185791,2.7999999523162842,-1,-1,2,2,10
239,-2.7999999523162842,0,2.2000000476837158,-2.2000000476837158,0.60000002384185791,2.7999999523162842,240,241,3,0,9
240,-2.2000000476837158,0,2.2000000476837158,-2.2000000476837158,0.60000002384185791,2.7999999523162842,-1,-1,1,1,10
241,-2.7999999523162842,0.60000002384185791,2.2000000476837158,-2.2000000476837158,0.60000002384185791,2.7999999523162842,-1,-1,2,2,10
242,-2.7999999523162842,0,3.2000000476837158,-2.2000000476837158,0.60000002384185791,3.7999999523162842,243,250,12,0,7
243,-2.7999999523162842,0,3.2000000476837158,-2.2000000476837158,0.60000002384185791,3.7999999523162842,244,247,6,0,8
244,-2.7999999523162842,0,3.2000000476837158,-2.2000000476837158,0.60000002384185791,3.7999999523162842,245,246,3,0,9
245,-2.7999999523162842,0,3.2000000476837158,-2.2000000476837158,0,3.7999999523162842,-1,-1,1,1,10
246,-2.7999999523162842,0,3.2000000476837158,-2.2000000476837158,0.60000002384185791,3.7999999523162842,-1,-1,2,2,10
247,-2.7999999523162842,0,3.2000000476837158,-2.2000000476837158,0.60000002384185791,3.7999999523162842,248,249,3,0,9
248,-2.7999999523162842,0,3.2000000476837158,-2.2000000476837158,0.60000002384185791,3.2000000476837158,-1,-1,1,1,10
249,-2.7999999523162842,0,3.7999999523162842,-2.2000000476837158,0.60000002384185791,3.7999999523162842,-1,-1,2,2,10
250,-2.7999999523162842,0,3.2000000476837158,-2.2000000476837158,0.60000002384185791,3.7999999523162842,251,254,6,0,8
251,-2.7999999523162842,0,3.2000000476837158,-2.2000000476837158,0.60000002384185791,3.7999999523162842,252,253,3,0,9
252,-2.7999999523162842,0,3.2000000476837158,-2.7999999523162842,0.60000002384185791,3.7999999523162842,-1,-1,1,1,10
253,-2.7999999523162842,0,3.2000000476837158,-2.2000000476837158,0.60000002384185791,3.7999999523162842,-1,-1,2,2,10
254,-2.7999999523162842,0,3.2000000476837158,-2.2000000476837158,0.60000002384185791,3.7999999523162842,255,256,3,0,9
255,-2.2000000476837158,0,3.2000000476837158,-2.2000000476837158,0.60000002384185791,3.7999999523162842,-1,-1,1,1,10
256,-2.7999999523162842,0.60000002384185791,3.2000000476837158,-2.2000000476837158,0.60000002384185791,3.7999999523162842,-1,-1,2,2,10
257,-5,0,-5,5,0.60000002384185791,5,258,385,193,0,3
258,-1.7999999523162842,0,-3.7999999523162842,-1.2000000476837158,0.60000002384185791,3.7999999523162842,259,322,96,0,4
259,-1.7999999523162842,0,-3.7999999523162842,-1.2000000476837158,0.60000002384185791,-0.20000000298023224,260,291,48,0,5
260,-1.7999999523162842,0,-3.7999999523162842,-1.2000000476837158,0.60000002384185791,-2.2000000476837158,261,276,24,0,6
261,-1.7999999523162842,0,-3.7999999523162842,-1.2000000476837158,0.60000002384185791,-3.2000000476837158,262,269,12,0,7
262,-1.7999999523162842,0,-3.7999999523162842,-1.2000000476837158,0.60000002384185791,-3.2000000476837158,263,266,6,0,8
263,-1.7999999523162842,0,-3.7999999523162842,-1.2000000476837158,0.60000002384185791,-3.2000000476837158,264,265,3,0,9
264,-1.7999999523162842,0,-3.7999999523162842,-1.2000000476837158,0,-3.2000000476837158,-1,-1,1,1,10
265,-1.7999999523162842,0,-3.7999999523162842,-1.2000000476837158,0.60000002384185791,-3.2000000476837158,-1,-1,2,2,10
266,-1.7999999523162842,0,-3.7999999523162842,-1.2000000476837158,0.60000002384185791,-3.2000000476837158,267,268,3,0,9
267,-1.7999999523162842,0,-3.7999999523162842,-1.2000000476837158,0.60000002384185791,-3.7999999523162842,-1,-1,1,1,10
268,-1.7999999523162842,0,-3.2000000476837158,-1.2000000476837158,0.60000002384185791,-3.2000000476837158,-1,-1,2,2,10
269,-1.7999999523162842,0,-3.7999999523162842,-1.2000000476837158,0.60000002384185791,-3.2000000476837158,270,273,6,0,8
270,-1.7999999523162842,0,-3.7999999523162842,-1.2000000476837158,0.60000002384185791,-3.2000000476837158,271,272,3,0,9
271,-1.7999999523162842,0,-3.7999999523162842,-1.7999999523162842,0.60000002384185791,-3.2000000476837158,-1,-1,1,1,10
272,-1.7999999523162842,0,-3.7999999523162842,-1.2000000476837158,0.60000002384185791,-3.2000000476837158,-1,-1,2,2,10
273,-1.7999999523162842,0,-3.7999999523162842,-1.2000000476837158,0.60000002384185791,-3.2000000476837158,274,275,3,0,9
274,-1.2000000476837158,0,-3.7999999523162842,-1.2000000476837158,0.60000002384185791,-3.2000000476837158,-1,-1,1,1,10
275,-1.7999999523162842,0.60000002384185791,-3.7999999523162842,-1.2000000476837158,0.60000002384185791,-3.2000000476837158,-1,-1,2,2,10
276,-1.7999999523162842,0,-2.7999999523162842,-1.2000000476837158,0.60000002384185791,-2.2000000476837158,277,284,12,0,7
277,-1.7999999523162842,0,-2.7999999523162842,-1.2000000476837158,0.60000002384185791,-2.2000000476837158,278,281,6,0,8
278,-1.7999999523162842,0,-2.7999999523162842,-1.2000000476837158,0.60000002384185791,-2.2000000476837158,279,280,3,0,9
279,-1.7999999523162842,0,-2.7999999523162842,-1.2000000476837158,0,-2.2000000476837158,-1,-1,1,1,10
280,-1.7999999523162842,0,-2.7999999523162842,-1.2000000476837158,0.60000002384185791,-2.2000000476837158,-1,-1,2,2,10
281,-1.7999999523162842,0,-2.7999999523162842,-1.2000000476837158,0.60000002384185791,-2.2000000476837158,282,283,3,0,9
282,-1.7999999523162842,0,-2.7999999523162842,-1.2000000476837158,0.60000002384185791,-2.7999999523162842,-1,-1,1,1,10
283,-1.7999999523162842,0,-2.2000000476837158,-1.2000000476837158,0.60000002384185791,-2.2000000476837158,-1,-1,2,2,10
284,-1.7999999523162842,0,-2.7999999523162842,-1.2000000476837158,0.60000002384185791,-2.2000000476837158,285,288,6,0,8
285,-1.7999999523162842,0,-2.7999999523162842,-1.2000000476837158,0.60000002384185791,-2.2000000476837158,286,287,3,0,9
286,-1.7999999523162842,0,-2.7999999523162842,-1.7999999523162842,0.60000002384185791,-2.2000000476837158,-1,-1,1,1,10
287,-1.7999999523162842,0,-2.7999999523162842,-1.2000000476837158,0.60000002384185791,-2.2000000476837158,-1,-1,2,2,10
288,-1.7999999523162842,0,-2.7999999523162842,-1.2000000476837158,0.60000002384185791,-2.2000000476837158,289,290,3,0,9
289,-1.2000000476837158,0,-2.7999999523162842,-1.2000000476837158,0.60000002384185791,-2.2000000476837158,-1,-1,1,1,10
290,-1.7999999523162842,0.60000002384185791,-2.7999999523162842,-1.2000000476837158,0.60000002384185791,-2.2000000476837158,-1,-1,2,2,10
291,-1.7999999523162842,0,-1.7999999523162842,-1.2000000476837158,0.60000002384185791,-0.20000000298023224,292,307,24,0,6
292,-1.7999999523162842,0,-1.7999999523162842,-1.2000000476837158,0.60000002384185791,-1.2000000476837158,293,300,12,0,7
293,-1.7999999523162842,0,-1.7999999523162842,-1.2000000476837158,0.60000002384185791,-1.2000000476837158,294,297,6,0,8
294,-1.7999999523162842,0,-1.7999999523162842,-1.2000000476837158,0.60000002384185791,-1.2000000476837158,295,296,3,0,9
295,-1.7999999523162842,0,-1.7999999523162842,-1.2000000476837158,0,-1.2000000476837158,-1,-1,1,1,10
296,-1.7999999523162842,0,-1.7999999523162842,-1.2000000476837158,0.60000002384185791,-1.2000000476837158,-1,-1,2,2,10
297,-1.7999999523162842,0,-1.7999999523162842,-1.2000000476837158,0.60000002384185791,-1.2000000476837158,298,299,3,0,9
298,-1.7999999523162842,0,-1.7999999523162842,-1.2000000476837158,0.60000002384185791,-1.7999999523162842,-1,-1,1,1,10
299,-1.7999999523162842,0,-1.2000000476837158,-1.2000000476837158,0.60000002384185791,-1.2000000476837158,-1,-1,2,2,10
300,-1.7999999523162842,0,-1.7999999523162842,-1.2000000476837158,0.60000002384185791,-1.2000000476837158,301,304,6,0,8
301,-1.7999999523162842,0,-1.7999999523162842,-1.2000000476837158,0.60000002384185791,-1.2000000476837158,302,303,3,0,9
302,-1.7999999523162842,0,-1.7999999523162842,-1.7999999523162842,0.60000002384185791,-1.2000000476837158,-1,-1,1,1,10
303,-1.7999999523162842,0,-1.7999999523162842,-1.2000000476837158,0.60000002384185791,-1.2000000476837158,-1,-1,2,2,10
304,-1.7999999523162842,0,-1.7999999523162842,-1.2000000476837158,0.60000002384185791,-1.2000000476837158,305,306,3,0,9
305,-1.2000000476837158,0,-1.7999999523162842,-1.2000000476837158,0.60000002384185791,-1.2000000476837158,-1,-1,1,1,10
306,-1.7999999523162842,0.60000002384185791,-1.7999999523162842,-1.2000000476837158,0.60000002384185791,-1.2000000476837158,-1,-1,2,2,10
307,-1.7999999523162842,0,-0.80000001192092896,-1.2000000476837158,0.60000002384185791,-0.20000000298023224,308,315,12,0,7
308,-1.7999999523162842,0,-0.80000001192092896,-1.2000000476837158,0.60000002384185791,-0.20000000298023224,309,312,6,0,8
309,-1.7999999523162842,0,-0.80000001192092896,-1.2000000476837158,0.60000002384185791,-0.20000000298023224,310,311,3,0,9
310,-1.7999999523162842,0,-0.80000001192092896,-1.2000000476837158,0,-0.20000000298023224,-1,-1,1,1,10
311,-1.7999999523162842,0,-0.80000001192092896,-1.2000000476837158,0.60000002384185791,-0.20000000298023224,-1,-1,2,2,10
312,-1.7999999523162842,0,-0.80000001192092896,-1.2000000476837158,0.60000002384185791,-0.20000000298023224,313,314,3,0,9
313,-1.7999999523162842,0,-0.80000001192092896,-1.2000000476837158,0.60000002384185791,-0.80000001192092896,-1,-1,1,1,10
314,-1.7999999523162842,0,-0.20000000298023224,-1.2000000476837158,0.60000002384185791,-0.20000000298023224,-1,-1,2,2,10
315,-1.7999999523162842,0,-0.80000001192092896,-1.2000000476837158,0.60000002384185791,-0.20000000298023224,316,319,6,0,8
316,-1.7999999523162842,0,-0.80000001192092896,-1.2000000476837158,0.60000002384185791,-0.20000000298023224,317,318,3,0,9
317,-1.7999999523162842,0,-0.80000001192092896,-1.7999999523162842,0.60000002384185791,-0.20000000298023224,-1,-1,1,1,10
318,-1.7999999523162842,0,-0.80000001192092896,-1.2000000476837158,0.60000002384185791,-0.20000000298023224,-1,-1,2,2,10
319,-1.7999999523162842,0,-0.80000001192092896,-1.2000000476837158,0.60000002384185791,-0.20000000298023224,320,321,3,0,9
320,-1.2000000476837158,0,-0.80000001192092896,-1.2000000476837158,0.60000002384185791,-0.20000000298023224,-1,-1,1,1,10
321,-1.7999999523162842,0.60000002384185791,-0.80000001192092896,-1.2000000476837158,0.60000002384185791,-0.20000000298023224,-1,-1,2,2,10
322,-1.7999999523162842,0,0.20000000298023224,-1.2000000476837158,0.60000002384185791,3.7999999523162842,323,354,48,0,5
323,-1.7999999523162842,0,0.20000000298023224,-1.2000000476837158,0.60000002384185791,1.7999999523162842,324,339,24,0,6
324,-1.7999999523162842,0,0.20000000298023224,-1.2000000476837158,0.60000002384185791,0.80000001192092896,325,332,12,0,7
325,-1.7999999523162842,0,0.20000000298023224,-1.2000000476837158,0.60000002384185791,0.80000001192092896,326,329,6,0,8
326,-1.7999999523162842,0,0.20000000298023224,-1.2000000476837158,0.60000002384185791,0.80000001192092896,327,328,3,0,9
327,-1.7999999523162842,0,0.20000000298023224,-1.2000000476837158,0,0.80000001192092896,-1,-1,1,1,10
328,-1.7999999523162842,0,0.20000000298023224,-1.2000000476837158,0.60000002384185791,0.80000001192092896,-1,-1,2,2,10
329,-1.7999999523162842,0,0.20000000298023224,-1.2000000476837158,0.60000002384185791,0.80000001192092896,330,331,3,0,9
330,-1.7999999523162842,0,0.20000000298023224,-1.2000000476837158,0.60000002384185791,0.20000000298023224,-1,-1,1,1,10
331,-1.7999999523162842,0,0.80000001192092896,-1.2000000476837158,0.60000002384185791,0.80000001192092896,-1,-1,2,2,10
332,-1.7999999523162842,0,0.20000000298023224,-1.2000000476837158,0.60000002384185791,0.80000001192092896,333,336,6,0,8
333,-1.7999999523162842,0,0.20000000298023224,-1.2000000476837158,0.60000002384185791,0.80000001192092896,334,335,3,0,9
334,-1.7999999523162842,0,0.20000000298023224,-1.7999999523162842,0.60000002384185791,0.80000001192092896,-1,-1,1,1,10
335,-1.7999999523162842,0,0.20000000298023224,-1.2000000476837158,0.60000002384185791,0.80000001192092896,-1,-1,2,2,10
336,-1.7999999523162842,0,0.20000000298023224,-1.2000000476837158,0.60000002384185791,0.80000001192092896,337,338,3,0,9
337,-1.2000000476837158,0,0.20000000298023224,-1.2000000476837158,0.60000002384185791,0.80000001192092896,-1,-1,1,1,10
338,-1.7999999523162842,0.60000002384185791,0.20000000298023224,-1.2000000476837158,0.60000002384185791,0.80000001192092896,-1,-1,2,2,10
339,-1.7999999523162842,0,1.2000000476837158,-1.2000000476837158,0.60000002384185791,1.7999999523162842,340,347,12,0,7
340,-1.7999999523162842,0,1.2000000476837158,-1.2000000476837158,0.60000002384185791,1.7999999523162842,341,344,6,0,8
341,-1.7999999523162842,0,1.2000000476837158,-1.2000000476837158,0.60000002384185791,1.7999999523162842,342,343,3,0,9
342,-1.7999999523162842,0,1.2000000476837158,-1.2000000476837158,0,1.7999999523162842,-1,-1,1,1,10
343,-1.7999999523162842,0,1.2000000476837158,-1.2000000476837158,0.60000002384185791,1.7999999523162842,-1,-1,2,2,10
344,-1.7999999523162842,0,1.2000000476837158,-1.2000000476837158,0.60000002384185791,1.7999999523162842,345,346,3,0,9
345,-1.7999999523162842,0,1.2000000476837158,-1.2000000476837158,0.60000002384185791,1.2000000476837158,-1,-1,1,1,10
346,-1.7999999523162842,0,1.7999999523162842,-1.2000000476837158,0.60000002384185791,1.7999999523162842,-1,-1,2,2,10
347,-1.7999999523162842,0,1.2000000476837158,-1.2000000476837158,0.60000002384185791,1.7999999523162842,348,351,6,0,8
348,-1.7999999523162842,0,1.2000000476837158,-1.2000000476837158,0.60000002384185791,1.7999999523162842,349,350,3,0,9
349,-1.7999999523162842,0,1.2000000476837158,-1.7999999523162842,0.60000002384185791,1.7999999523162842,-1,-1,1,1,10
350,-1.7999999523162842,0,1.2000000476837158,-1.2000000476837158,0.60000002384185791,1.7999999523162842,-1,-1,2,2,10
351,-1.7999999523162842,0,1.2000000476837158,-1.2000000476837158,0.60000002384185791,1.7999999523162842,352,353,3,0,9
352,-1.2000000476837158,0,1.2000000476837158,-1.2000000476837158,0.60000002384185791,1.7999999523162842,-1,-1,1,1,10
353,-1.7999999523162842,0.60000002384185791,1.2000000476837158,-1.2000000476837158,0.60000002384185791,1.7999999523162842,-1,-1,2,2,10
354,-1.7999999523162842,0,2.2000000476837158,-1.2000000476837158,0.60000002384185791,3.7999999523162842,355,370,24,0,6
355,-1.7999999523162842,0,2.2000000476837158,-1.2000000476837158,0.60000002384185791,2.7999999523162842,356,363,12,0,7
356,-1.7999999523162842,0,2.2000000476837158,-1.2000000476837158,0.60000002384185791,2.7999999523162842,357,360,6,0,8
357,-1.7999999523162842,0,2.2000000476837158,-1.2000000476837158,0.60000002384185791,2.7999999523162842,358,359,3,0,9
358,-1.7999999523162842,0,2.2000000476837158,-1.2000000476837158,0,2.7999999523162842,-1,-1,1,1,10
359,-1.7999999523162842,0,2.2000000476837158,-1.2000000476837158,0.60000002384185791,2.7999999523162842,-1,-1,2,2,10
360,-1.7999999523162842,0,2.2000000476837158,-1.2000000476837158,0.60000002384185791,2.7999999523162842,361,362,3,0,9
361,-1.7999999523162842,0,2.2000000476837158,-1.2000000476837158,0.60000002384185791,2.2000000476837158,-1,-1,1,1,10
362,-1.7999999523162842,0,2.7999999523162842,-1.2000000476837158,0.60000002384185791,2.7999999523162842,-1,-1,2,2,10
363,-1.7999999523162842,0,2.2000000476837158,-1.2000000476837158,0.60000002384185791,2.7999999523162842,364,367,6,0,8
364,-1.7999999523162842,0,2.2000000476837158,-1.2000000476837158,0.60000002384185791,2.7999999523162842,365,366,3,0,9
365,-1.7999999523162842,0,2.2000000476837158,-1.7999999523162842,0.60000002384185791,2.7999999523162842,-1,-1,1,1,10
366,-1.7999999523162842,0,2.2000000476837158,-1.2000000476837158,0.60000002384185791,2.7999999523162842,-1,-1,2,2,10
367,-1.7999999523162842,0,2.2000000476837158,-1.2000000476837158,0.60000002384185791,2.7999999523162842,368,369,3,0,9
368,-1.2000000476837158,0,2.2000000476837158,-1.2000000476837158,0.60000002384185791,2.7999999523162842,-1,-1,1,1,10
369,-1.7999999523162842,0.60000002384185791,2.2000000476837158,-1.2000000476837158,0.60000002384185791,2.7999999523162842,-1,-1,2,2,10
370,-1.7999999523162842,0,3.2000000476837158,-1.2000000476837158,0.60000002384185791,3.7999999523162842,371,378,12,0,7
371,-1.7999999523162842,0,3.2000000476837158,-1.2000000476837158,0.60000002384185791,3.7999999523162842,372,375,6,0,8
372,-1.7999999523162842,0,3.2000000476837158,-1.2000000476837158,0.60000002384185791,3.7999999523162842,373,374,3,0,9
373,-1.7999999523162842,0,3.2000000476837158,-1.2000000476837158,0,3.7999999523162842,-1,-1,1,1,10
374,-1.7999999523162842,0,3.2000000476837158,-1.2000000476837158,0.60000002384185791,3.7999999523162842,-1,-1,2,2,10
375,-1.7999999523162842,0,3.2000000476837158,-1.2000000476837158,0.60000002384185791,3.7999999523162842,376,377,3,0,9
376,-1.7999999523162842,0,3.2000000476837158,-1.2000000476837158,0.60000002384185791,3.2000000476837158,-1,-1,1,1,10
377,-1.7999999523162842,0,3.7999999523162842,-1.2000000476837158,0.60000002384185791,3.7999999523162842,-1,-1,2,2,10
378,-1.7999999523162842,0,3.2000000476837158,-1.2000000476837158,0.60000002384185791,3.7999999523162842,379,382,6,0,8
379,-1.7999999523162842,0,3.2000000476837158,-1.2000000476837158,0.60000002384185791,3.7999999523162842,380,381,3,0,9
380,-1.7999999523162842,0,3.2000000476837158,-1.7999999523162842,0.60000002384185791,3.7999999523162842,-1,-1,1,1,10
381,-1.7999999523162842,0,3.2000000476837158,-1.2000000476837158,0.60000002384185791,3.7999999523162842,-1,-1,2,2,10
382,-1.7999999523162842,0,3.2000000476837158,-1.2000000476837158,0.60000002384185791,3.7999999523162842,383,384,3,0,9
383,-1.2000000476837158,0,3.2000000476837158,-1.2000000476837158,0.60000002384185791,3.7999999523162842,-1,-1,1,1,10
384,-1.7999999523162842,0.60000002384185791,3.2000000476837158,-1.2000000476837158,0.60000002384185791,3.7999999523162842,-1,-1,2,2,10
385,-5,0,-5,5,0.60000002384185791,5,386,449,97,0,4
386,-0.80000001192092896,0,-3.7999999523162842,-0.20000000298023224,0.60000002384185791,3.7999999523162842,387,418,48,0,5
387,-0.80000001192092896,0,-3.7999999523162842,-0.20000000298023224,0.60000002384185791,-1.2000000476837158,388,403,24,0,6
388,-0.80000001192092896,0,-3.7999999523162842,-0.20000000298023224,0.60000002384185791,-2.7999999523162842,389,396,12,0,7
389,-0.80000001192092896,0,-3.7999999523162842,-0.20000000298023224,0.60000002384185791,-3.2000000476837158,390,393,6,0,8
390,-0.80000001192092896,0,-3.7999999523162842,-0.20000000298023224,0.60000002384185791,-3.2000000476837158,391,392,3,0,9
391,-0.80000001192092896,0,-3.7999999523162842,-0.20000000298023224,0,-3.2000000476837158,-1,-1,1,1,10
392,-0.80000001192092896,0,-3.7999999523162842,-0.20000000298023224,0.60000002384185791,-3.2000000476837158,-1,-1,2,2,10
393,-0.80000001192092896,0,-3.7999999523162842,-0.20000000298023224,0.60000002384185791,-3.2000000476837158,394,395,3,0,9
394,-0.80000001192092896,0,-3.7999999523162842,-0.20000000298023224,0.60000002384185791,-3.7999999523162842,-1,-1,1,1,10
395,-0.80000001192092896,0,-3.7999999523162842,-0.80000001192092896,0.60000002384185791,-3.2000000476837158,-1,-1,2,2,10
396,-0.80000001192092896,0,-3.7999999523162842,-0.20000000298023224,0.60000002384185791,-2.7999999523162842,397,400,6,0,8
397,-0.80000001192092896,0,-3.7999999523162842,-0.20000000298023224,0.60000002384185791,-3.2000000476837158,398,399,3,0,9
398,-0.80000001192092896,0,-3.2000000476837158,-0.20000000298023224,0.60000002384185791,-3.2000000476837158,-1,-1,1,1,10
399,-0.80000001192092896,0.60000002384185791,-3.7999999523162842,-0.20000000298023224,0.60000002384185791,-3.2000000476837158,-1,-1,2,2,10
400,-0.80000001192092896,0,-3.2000000476837158,-0.20000000298023224,0.60000002384185791,-2.7999999523162842,401,402,3,0,9
401,-0.80000001192092896,0,-3.2000000476837158,-0.20000000298023224,0.60000002384185791,-3.2000000476837158,-1,-1,1,1,10
402,-0.80000001192092896,0,-2.7999999523162842,-0.20000000298023224,0.60000002384185791,-2.7999999523162842,-1,-1,2,2,10
403,-0.80000001192092896,0,-2.7999999523162842,-0.20000000298023224,0.60000002384185791,-1.2000000476837158,404,411,12,0,7
404,-0.80000001192092896,0,-2.7999999523162842,-0.20000000298023224,0.60000002384185791,-2.2000000476837158,405,408,6,0,8
405,-0.80000001192092896,0,-2.7999999523162842,-0.20000000298023224,0.60000002384185791,-2.2000000476837158,406,407,3,0,9
406,-0.80000001192092896,0,-2.7999999523162842,-0.20000000298023224,0,-2.2000000476837158,-1,-1,1,1,10
407,-0.80000001192092896,0,-2.7999999523162842,-0.20000000298023224,0.60000002384185791,-2.2000000476837158,-1,-1,2,2,10
408,-0.80000001192092896,0,-2.7999999523162842,-0.20000000298023224,0.60000002384185791,-2.2000000476837158,409,410,3,0,9
409,-0.80000001192092896,0,-2.7999999523162842,-0.80000001192092896,0.60000002384185791,-2.2000000476837158,-1,-1,1,1,10
410,-0.80000001192092896,0.60000002384185791,-2.7999999523162842,-0.20000000298023224,0.60000002384185791,-2.2000000476837158,-1,-1,2,2,10
411,-0.80000001192092896,0,-2.2000000476837158,-0.20000000298023224,0.60000002384185791,-1.2000000476837158,412,415,6,0,8
412,-0.80000001192092896,0,-2.2000000476837158,-0.20000000298023224,0.60000002384185791,-1.7999999523162842,413,414,3,0,9
413,-0.80000001192092896,0,-2.2000000476837158,-0.20000000298023224,0.60000002384185791,-2.2000000476837158,-1,-1,1,1,10
414,-0.80000001192092896,0,-2.2000000476837158,-0.20000000298023224,0.60000002384185791,-1.7999999523162842,-1,-1,2,2,10
415,-0.80000001192092896,0,-1.7999999523162842,-0.20000000298023224,0.60000002384185791,-1.2000000476837158,416,417,3,0,9
416,-0.80000001192092896,0,-1.7999999523162842,-0.20000000298023224,0.60000002384185791,-1.7999999523162842,-1,-1,1,1,10
417,-0.80000001192092896,0,-1.7999999523162842,-0.80000001192092896,0.60000002384185791,-1.2000000476837158,-1,-1,2,2,10
418,-0.80000001192092896,0,-1.7999999523162842,-0.20000000298023224,0.60000002384185791,3.7999999523162842,419,434,24,0,6
419,-0.80000001192092896,0,-1.7999999523162842,-0.20000000298023224,0.60000002384185791,-0.20000000298023224,420,427,12,0,7
420,-0.80000001192092896,0,-1.7999999523162842,-0.20000000298023224,0.60000002384185791,-1.2000000476837158,421,424,6,0,8
421,-0.80000001192092896,0,-1.7999999523162842,-0.20000000298023224,0.60000002384185791,-1.2000000476837158,422,423,3,0,9
422,-0.80000001192092896,0,-1.7999999523162842,-0.20000000298023224,0,-1.2000000476837158,-1,-1,1,1,10
423,-0.80000001192092896,0,-1.7999999523162842,-0.20000000298023224,0.60000002384185791,-1.2000000476837158,-1,-1,2,2,10
424,-0.80000001192092896,0,-1.7999999523162842,-0.20000000298023224,0.60000002384185791,-1.2000000476837158,425,426,3,0,9
425,-0.80000001192092896,0,-1.2000000476837158,-0.20000000298023224,0.60000002384185791,-1.2000000476837158,-1,-1,1,1,10
426,-0.80000001192092896,0.60000002384185791,-1.7999999523162842,-0.20000000298023224,0.60000002384185791,-1.2000000476837158,-1,-1,2,2,10
427,-0.80000001192092896,0,-0.80000001192092896,-0.20000000298023224,0.60000002384185791,-0.20000000298023224,428,431,6,0,8
428,-0.80000001192092896,0,-0.80000001192092896,-0.20000000298023224,0.60000002384185791,-0.20000000298023224,429,430,3,0,9
429,-0.80000001192092896,0,-0.80000001192092896,-0.20000000298023224,0,-0.20000000298023224,-1,-1,1,1,10
430,-0.80000001192092896,0,-0.80000001192092896,-0.20000000298023224,0.60000002384185791,-0.20000000298023224,-1,-1,2,2,10
431,-0.80000001192092896,0,-0.80000001192092896,-0.20000000298023224,0.60000002384185791,-0.20000000298023224,432,433,3,0,9
432,-0.80000001192092896,0,-0.80000001192092896,-0.20000000298023224,0.60000002384185791,-0.80000001192092896,-1,-1,1,1,10
433,-0.80000001192092896,0,-0.80000001192092896,-0.80000001192092896,0.60000002384185791,-0.20000000298023224,-1,-1,2,2,10
434,-0.80000001192092896,0,-0.80000001192092896,-0.20000000298023224,0.60000002384185791,3.7999999523162842,435,442,12,0,7
435,-0.80000001192092896,0,-0.80000001192092896,-0.20000000298023224,0.60000002384185791,0.80000001192092896,436,439,6,0,8
436,-0.80000001192092896,0,-0.80000001192092896,-0.20000000298023224,0.60000002384185791,-0.20000000298023224,437,438,3,0,9
437,-0.80000001192092896,0,-0.20000000298023224,-0.20000000298023224,0.60000002384185791,-0.20000000298023224,-1,-1,1,1,10
438,-0.80000001192092896,0.60000002384185791,-0.80000001192092896,-0.20000000298023224,0.60000002384185791,-0.20000000298023224,-1,-1,2,2,10
439,-0.80000001192092896,0,-0.20000000298023224,-0.20000000298023224,0.60000002384185791,0.80000001192092896,440,441,3,0,9
440,-0.80000001192092896,0,-0.20000000298023224,-0.20000000298023224,0.60000002384185791,-0.20000000298023224,-1,-1,1,1,10
441,-0.80000001192092896,0,0.20000000298023224,-0.80000001192092896,0.60000002384185791,0.80000001192092896,-1,-1,2,2,10
442,-0.80000001192092896,0,1.2000000476837158,-0.80000001192092896,0.60000002384185791,3.7999999523162842,443,446,6,0,8
443,-0.80000001192092896,0,1.2000000476837158,-0.80000001192092896,0.60000002384185791,2.7999999523162842,444,445,3,0,9
444,-0.80000001192092896,0,1.2000000476837158,-0.80000001192092896,0.60000002384185791,1.7999999523162842,-1,-1,1,1,10
445,-0.80000001192092896,0,1.2000000476837158,-0.80000001192092896,0.60000002384185791,2.7999999523162842,-1,-1,2,2,10
446,-0.80000001192092896,0,2.2000000476837158,-0.80000001192092896,0.60000002384185791,3.7999999523162842,447,448,3,0,9
447,-0.80000001192092896,0,2.2000000476837158,-0.80000001192092896,0.60000002384185791,2.7999999523162842,-1,-1,1,1,10
448,-0.80000001192092896,0,3.2000000476837158,-0.80000001192092896,0.60000002384185791,3.7999999523162842,-1,-1,2,2,10
449,-5,0,-5,5,0.60000002384185791,5,450,481,49,0,5
450,-0.80000001192092896,0,0.20000000298023224,-0.20000000298023224,0.60000002384185791,2.7999999523162842,451,466,24,0,6
451,-0.80000001192092896,0,0.20000000298023224,-0.20000000298023224,0.60000002384185791,1.7999999523162842,452,459,12,0,7
452,-0.80000001192092896,0,0.20000000298023224,-0.20000000298023224,0.60000002384185791,0.80000001192092896,453,456,6,0,8
453,-0.80000001192092896,0,0.20000000298023224,-0.20000000298023224,0.60000002384185791,0.80000001192092896,454,455,3,0,9
454,-0.80000001192092896,0,0.20000000298023224,-0.20000000298023224,0,0.80000001192092896,-1,-1,1,1,10
455,-0.80000001192092896,0,0.20000000298023224,-0.20000000298023224,0.60000002384185791,0.80000001192092896,-1,-1,2,2,10
456,-0.80000001192092896,0,0.20000000298023224,-0.20000000298023224,0.60000002384185791,0.80000001192092896,457,458,3,0,9
457,-0.80000001192092896,0,0.20000000298023224,-0.20000000298023224,0.60000002384185791,0.20000000298023224,-1,-1,1,1,10
458,-0.80000001192092896,0.60000002384185791,0.20000000298023224,-0.20000000298023224,0.60000002384185791,0.80000001192092896,-1,-1,2,2,10
459,-0.80000001192092896,0,0.80000001192092896,-0.20000000298023224,0.60000002384185791,1.7999999523162842,460,463,6,0,8
460,-0.80000001192092896,0,0.80000001192092896,-0.20000000298023224,0.60000002384185791,1.2000000476837158,461,462,3,0,9
461,-0.80000001192092896,0,0.80000001192092896,-0.20000000298023224,0.60000002384185791,0.80000001192092896,-1,-1,1,1,10
462,-0.80000001192092896,0,0.80000001192092896,-0.20000000298023224,0.60000002384185791,1.2000000476837158,-1,-1,2,2,10
463,-0.80000001192092896,0,1.2000000476837158,-0.20000000298023224,0.60000002384185791,1.7999999523162842,464,465,3,0,9
464,-0.80000001192092896,0,1.2000000476837158,-0.20000000298023224,0,1.7999999523162842,-1,-1,1,1,10
465,-0.80000001192092896,0,1.2000000476837158,-0.20000000298023224,0.60000002384185791,1.7999999523162842,-1,-1,2,2,10
466,-0.80000001192092896,0,1.2000000476837158,-0.20000000298023224,0.60000002384185791,2.7999999523162842,467,474,12,0,7
467,-0.80000001192092896,0,1.2000000476837158,-0.20000000298023224,0.60000002384185791,2.2000000476837158,468,471,6,0,8
468,-0.80000001192092896,0,1.2000000476837158,-0.20000000298023224,0.60000002384185791,1.7999999523162842,469,470,3,0,9
469,-0.80000001192092896,0,1.7999999523162842,-0.20000000298023224,0.60000002384185791,1.7999999523162842,-1,-1,1,1,10
470,-0.80000001192092896,0.60000002384185791,1.2000000476837158,-0.20000000298023224,0.60000002384185791,1.7999999523162842,-1,-1,2,2,10
471,-0.80000001192092896,0,1.7999999523162842,-0.20000000298023224,0.60000002384185791,2.2000000476837158,472,473,3,0,9
472,-0.80000001192092896,0,1.7999999523162842,-0.20000000298023224,0.60000002384185791,1.7999999523162842,-1,-1,1,1,10
473,-0.80000001192092896,0,2.2000000476837158,-0.20000000298023224,0.60000002384185791,2.2000000476837158,-1,-1,2,2,10
474,-0.80000001192092896,0,2.2000000476837158,-0.20000000298023224,0.60000002384185791,2.7999999523162842,475,478,6,0,8
475,-0.80000001192092896,0,2.2000000476837158,-0.20000000298023224,0.60000002384185791,2.7999999523162842,476,477,3,0,9
476,-0.80000001192092896,0,2.2000000476837158,-0.20000000298023224,0,2.7999999523162842,-1,-1,1,1,10
477,-0.80000001192092896,0,2.2000000476837158,-0.20000000298023224,0.60000002384185791,2.7999999523162842,-1,-1,2,2,10
478,-0.80000001192092896,0,2.2000000476837158,-0.20000000298023224,0.60000002384185791,2.7999999523162842,479,480,3,0,9
479,-0.80000001192092896,0,2.7999999523162842,-0.20000000298023224,0.60000002384185791,2.7999999523162842,-1,-1,1,1,10
480,-0.80000001192092896,0.60000002384185791,2.2000000476837158,-0.20000000298023224,0.60000002384185791,2.7999999523162842,-1,-1,2,2,10
481,-5,0,-5,5,0.60000002384185791,5,482,497,25,0,6
482,-0.80000001192092896,0,-3.7999999523162842,-0.20000000298023224,0.60000002384185791,3.7999999523162842,483,490,12,0,7
483,-0.80000001192092896,0,-3.7999999523162842,-0.20000000298023224,0.60000002384185791,3.2000000476837158,484,487,6,0,8
484,-0.20000000298023224,0,-3.7999999523162842,-0.20000000298023224,0.60000002384185791,-2.2000000476837158,485,486,3,0,9
485,-0.20000000298023224,0,-3.7999999523162842,-0.20000000298023224,0.60000002384185791,-3.2000000476837158,-1,-1,1,1,10
486,-0.20000000298023224,0,-3.7999999523162842,-0.20000000298023224,0.60000002384185791,-2.2000000476837158,-1,-1,2,2,10
487,-0.80000001192092896,0,-2.7999999523162842,-0.20000000298023224,0.60000002384185791,3.2000000476837158,488,489,3,0,9
488,-0.20000000298023224,0,-2.7999999523162842,-0.20000000298023224,0.60000002384185791,-2.2000000476837158,-1,-1,1,1,10
489,-0.80000001192092896,0,3.2000000476837158,-0.20000000298023224,0.60000002384185791,3.2000000476837158,-1,-1,2,2,10
490,-0.80000001192092896,0,3.2000000476837158,-0.20000000298023224,0.60000002384185791,3.7999999523162842,491,494,6,0,8
491,-0.80000001192092896,0,3.2000000476837158,-0.20000000298023224,0.60000002384185791,3.7999999523162842,492,493,3,0,9
492,-0.80000001192092896,0,3.2000000476837158,-0.20000000298023224,0,3.7999999523162842,-1,-1,1,1,10
493,-0.80000001192092896,0,3.2000000476837158,-0.20000000298023224,0.60000002384185791,3.7999999523162842,-1,-1,2,2,10
494,-0.80000001192092896,0,3.2000000476837158,-0.20000000298023224,0.60000002384185791,3.7999999523162842,495,496,3,0,9
495,-0.80000001192092896,0,3.7999999523162842,-0.20000000298023224,0.60000002384185791,3.7999999523162842,-1,-1,1,1,10
496,-0.80000001192092896,0.60000002384185791,3.2000000476837158,-0.20000000298023224,0.60000002384185791,3.7999999523162842,-1,-1,2,2,10
497,-5,0,-5,5,0.60000002384185791,5,498,505,13,0,7
498,-0.20000000298023224,0,-1.7999999523162842,-0.20000000298023224,0.60000002384185791,0.80000001192092896,499,502,6,0,8
499,-0.20000000298023224,0,-1.7999999523162842,-0.20000000298023224,0.60000002384185791,-0.20000000298023224,500,501,3,0,9
500,-0.20000000298023224,0,-1.7999999523162842,-0.20000000298023224,0.60000002384185791,-1.2000000476837158,-1,-1,1,1,10
501,-0.20000000298023224,0,-1.7999999523162842,-0.20000000298023224,0.60000002384185791,-0.20000000298023224,-1,-1,2,2,10
502,-0.20000000298023224,0,-0.80000001192092896,-0.20000000298023224,0.60000002384185791,0.80000001192092896,503,504,3,0,9
503,-0.20000000298023224,0,-0.80000001192092896,-0.20000000298023224,0.60000002384185791,-0.20000000298023224,-1,-1,1,1,10
504,-0.20000000298023224,0,0.20000000298023224,-0.20000000298023224,0.60000002384185791,0.80000001192092896,-1,-1,2,2,10
505,-5,0,-5,5,0.60000002384185791,5,506,509,7,0,8
506,-0.20000000298023224,0,1.2000000476837158,-0.20000000298023224,0.60000002384185791,2.7999999523162842,507,508,3,0,9
507,-0.20000000298023224,0,1.2000000476837158,-0.20000000298023224,0.60000002384185791,1.7999999523162842,-1,-1,1,1,10
508,-0.20000000298023224,0,1.2000000476837158,-0.20000000298023224,0.60000002384185791,2.7999999523162842,-1,-1,2,2,10
509,-5,0,-5,5,0.60000002384185791,5,510,511,4,0,9
510,-0.20000000298023224,0,2.2000000476837158,-0.20000000298023224,0.60000002384185791,3.7999999523162842,-1,-1,2,2,10
511,-5,0,-5,5,0.60000002384185791,5,-1,-1,2,2,10
512,-5,0,-5,5,0.60000002384185791,5,513,768,385,0,2
513,-5,0,-5,5,0.60000002384185791,5,514,641,192,0,3
514,-5,0,-5,5,0.60000002384185791,5,515,578,96,0,4
515,-5,0,-5,5,0.60000002384185791,5,516,547,48,0,5
516,-5,0,-5,5,0.60000002384185791,5,517,532,24,0,6
517,-5,0,-5,5,0.60000002384185791,5,518,525,12,0,7
518,-5,0,-5,5,0.60000002384185791,5,519,522,6,0,8
519,-5,0,-5,5,0.60000002384185791,5,520,521,3,0,9
520,-5,0,-5,5,0,5,-1,-1,1,1,10
521,0.20000000298023224,0,-3.7999999523162842,0.20000000298023224,0.60000002384185791,-3.2000000476837158,-1,-1,2,2,10
522,0.20000000298023224,0,-2.7999999523162842,0.20000000298023224,0.60000002384185791,-1.2000000476837158,523,524,3,0,9
523,0.20000000298023224,0,-2.7999999523162842,0.20000000298023224,0.60000002384185791,-2.2000000476837158,-1,-1,1,1,10
524,0.20000000298023224,0,-2.7999999523162842,0.20000000298023224,0.60000002384185791,-1.2000000476837158,-1,-1,2,2,10
525,0.20000000298023224,0,-1.7999999523162842,0.20000000298023224,0.60000002384185791,1.7999999523162842,526,529,6,0,8
526,0.20000000298023224,0,-1.7999999523162842,0.20000000298023224,0.60000002384185791,-0.20000000298023224,527,528,3,0,9
527,0.20000000298023224,0,-1.7999999523162842,0.20000000298023224,0.60000002384185791,-1.2000000476837158,-1,-1,1,1,10
528,0.20000000298023224,0,-0.80000001192092896,0.20000000298023224,0.60000002384185791,-0.20000000298023224,-1,-1,2,2,10
529,0.20000000298023224,0,0.20000000298023224,0.20000000298023224,0.60000002384185791,1.7999999523162842,530,531,3,0,9
530,0.20000000298023224,0,0.20000000298023224,0.20000000298023224,0.60000002384185791,0.80000001192092896,-1,-1,1,1,10
531,0.20000000298023224,0,0.20000000298023224,0.20000000298023224,0.60000002384185791,1.7999999523162842,-1,-1,2,2,10
532,0.20000000298023224,0,-3.7999999523162842,0.80000001192092896,0.60000002384185791,3.7999999523162842,533,540,12,0,7
533,0.20000000298023224,0,-3.7999999523162842,0.80000001192092896,0.60000002384185791,-3.2000000476837158,534,537,6,0,8
534,0.20000000298023224,0,-3.7999999523162842,0.80000001192092896,0.60000002384185791,-3.2000000476837158,535,536,3,0,9
535,0.20000000298023224,0,-3.7999999523162842,0.80000001192092896,0,-3.2000000476837158,-1,-1,1,1,10
536,0.20000000298023224,0,-3.7999999523162842,0.80000001192092896,0.60000002384185791,-3.2000000476837158,-1,-1,2,2,10
537,0.20000000298023224,0,-3.7999999523162842,0.80000001192092896,0.60000002384185791,-3.2000000476837158,538,539,3,0,9
538,0.20000000298023224,0,-3.7999999523162842,0.80000001192092896,0.60000002384185791,-3.7999999523162842,-1,-1,1,1,10
539,0.20000000298023224,0,-3.7999999523162842,0.80000001192092896,0.60000002384185791,-3.2000000476837158,-1,-1,2,2,10
540,0.20000000298023224,0,-3.2000000476837158,0.80000001192092896,0.60000002384185791,3.7999999523162842,541,544,6,0,8
541,0.20000000298023224,0,-3.2000000476837158,0.80000001192092896,0.60000002384185791,2.7999999523162842,542,543,3,0,9
542,0.20000000298023224,0,-3.2000000476837158,0.80000001192092896,0.60000002384185791,-3.2000000476837158,-1,-1,1,1,10
543,0.20000000298023224,0,1.2000000476837158,0.20000000298023224,0.60000002384185791,2.7999999523162842,-1,-1,2,2,10
544,0.20000000298023224,0,2.2000000476837158,0.20000000298023224,0.60000002384185791,3.7999999523162842,545,546,3,0,9
545,0.20000000298023224,0,2.2000000476837158,0.20000000298023224,0.60000002384185791,2.7999999523162842,-1,-1,1,1,10
546,0.20000000298023224,0,3.2000000476837158,0.20000000298023224,0.60000002384185791,3.7999999523162842,-1,-1,2,2,10
547,0.20000000298023224,0,-3.7999999523162842,0.80000001192092896,0.60000002384185791,-0.20000000298023224,548,563,24,0,6
548,0.20000000298023224,0,-3.7999999523162842,0.80000001192092896,0.60000002384185791,-1.2000000476837158,549,556,12,0,7
549,0.20000000298023224,0,-3.7999999523162842,0.80000001192092896,0.60000002384185791,-2.2000000476837158,550,553,6,0,8
550,0.20000000298023224,0,-3.7999999523162842,0.80000001192092896,0.60000002384185791,-2.7999999523162842,551,552,3,0,9
551,0.20000000298023224,0.60000002384185791,-3.7999999523162842,0.80000001192092896,0.60000002384185791,-3.2000000476837158,-1,-1,1,1,10
552,0.20000000298023224,0,-2.7999999523162842,0.80000001192092896,0.60000002384185791,-2.7999999523162842,-1,-1,2,2,10
553,0.20000000298023224,0,-2.7999999523162842,0.80000001192092896,0.60000002384185791,-2.2000000476837158,554,555,3,0,9
554,0.20000000298023224,0,-2.7999999523162842,0.80000001192092896,0,-2.2000000476837158,-1,-1,1,1,10
555,0.20000000298023224,0,-2.7999999523162842,0.80000001192092896,0.60000002384185791,-2.2000000476837158,-1,-1,2,2,10
556,0.20000000298023224,0,-2.7999999523162842,0.80000001192092896,0.60000002384185791,-1.2000000476837158,557,560,6,0,8
557,0.20000000298023224,0,-2.7999999523162842,0.80000001192092896,0.60000002384185791,-2.2000000476837158,558,559,3,0,9
558,0.20000000298023224,0,-2.2000000476837158,0.80000001192092896,0.60000002384185791,-2.2000000476837158,-1,-1,1,1,10
559,0.20000000298023224,0,-2.7999999523162842,0.80000001192092896,0.60000002384185791,-2.2000000476837158,-1,-1,2,2,10
560,0.20000000298023224,0,-1.7999999523162842,0.80000001192092896,0.60000002384185791,-1.2000000476837158,561,562,3,0,9
561,0.20000000298023224,0,-1.7999999523162842,0.80000001192092896,0,-1.2000000476837158,-1,-1,1,1,10
562,0.20000000298023224,0,-1.7999999523162842,0.80000001192092896,0.60000002384185791,-1.7999999523162842,-1,-1,2,2,10
563,0.20000000298023224,0,-1.7999999523162842,0.80000001192092896,0.60000002384185791,-0.20000000298023224,564,571,12,0,7
564,0.20000000298023224,0,-1.7999999523162842,0.80000001192092896,0.60000002384185791,-0.80000001192092896,565,568,6,0,8
565,0.20000000298023224,0,-1.7999999523162842,0.80000001192092896,0.60000002384185791,-1.2000000476837158,566,567,3,0,9
566,0.20000000298023224,0,-1.7999999523162842,0.80000001192092896,0,-1.2000000476837158,-1,-1,1,1,10
567,0.20000000298023224,0.60000002384185791,-1.7999999523162842,0.80000001192092896,0.60000002384185791,-1.2000000476837158,-1,-1,2,2,10
568,0.20000000298023224,0,-1.2000000476837158,0.80000001192092896,0.60000002384185791,-0.80000001192092896,569,570,3,0,9
569,0.20000000298023224,0,-1.2000000476837158,0.80000001192092896,0.60000002384185791,-1.2000000476837158,-1,-1,1,1,10
570,0.20000000298023224,0,-1.2000000476837158,0.80000001192092896,0.60000002384185791,-0.80000001192092896,-1,-1,2,2,10
571,0.20000000298023224,0,-0.80000001192092896,0.80000001192092896,0.60000002384185791,-0.20000000298023224,572,575,6,0,8
572,0.20000000298023224,0,-0.80000001192092896,0.80000001192092896,0.60000002384185791,-0.20000000298023224,573,574,3,0,9
573,0.20000000298023224,0,-0.80000001192092896,0.80000001192092896,0,-0.20000000298023224,-1,-1,1,1,10
574,0.20000000298023224,0,-0.80000001192092896,0.80000001192092896,0.60000002384185791,-0.20000000298023224,-1,-1,2,2,10
575,0.20000000298023224,0,-0.80000001192092896,0.80000001192092896,0.60000002384185791,-0.20000000298023224,576,577,3,0,9
576,0.20000000298023224,0,-0.20000000298023224,0.80000001192092896,0.60000002384185791,-0.20000000298023224,-1,-1,1,1,10
577,0.20000000298023224,0,-0.80000001192092896,0.80000001192092896,0.60000002384185791,-0.20000000298023224,-1,-1,2,2,10
578,0.20000000298023224,0,-3.7999999523162842,0.80000001192092896,0.60000002384185791,3.7999999523162842,579,610,48,0,5
579,0.20000000298023224,0,-3.7999999523162842,0.80000001192092896,0.60000002384185791,1.7999999523162842,580,595,24,0,6
580,0.20000000298023224,0,-3.7999999523162842,0.80000001192092896,0.60000002384185791,0.80000001192092896,581,588,12,0,7
581,0.80000001192092896,0,-3.7999999523162842,0.80000001192092896,0.60000002384185791,-1.2000000476837158,582,585,6,0,8
582,0.80000001192092896,0,-3.7999999523162842,0.80000001192092896,0.60000002384185791,-2.2000000476837158,583,584,3,0,9
583,0.80000001192092896,0,-3.7999999523162842,0.80000001192092896,0.60000002384185791,-3.2000000476837158,-1,-1,1,1,10
584,0.80000001192092896,0,-3.7999999523162842,0.80000001192092896,0.60000002384185791,-2.2000000476837158,-1,-1,2,2,10
585,0.80000001192092896,0,-2.7999999523162842,0.80000001192092896,0.60000002384185791,-1.2000000476837158,586,587,3,0,9
586,0.80000001192092896,0,-2.7999999523162842,0.80000001192092896,0.60000002384185791,-2.2000000476837158,-1,-1,1,1,10
587,0.80000001192092896,0,-1.7999999523162842,0.80000001192092896,0.60000002384185791,-1.2000000476837158,-1,-1,2,2,10
588,0.20000000298023224,0,-0.80000001192092896,0.80000001192092896,0.60000002384185791,0.80000001192092896,589,592,6,0,8
589,0.20000000298023224,0,-0.80000001192092896,0.80000001192092896,0.60000002384185791,-0.20000000298023224,590,591,3,0,9
590,0.80000001192092896,0,-0.80000001192092896,0.80000001192092896,0.60000002384185791,-0.20000000298023224,-1,-1,1,1,10
591,0.20000000298023224,0,-0.80000001192092896,0.80000001192092896,0.60000002384185791,-0.20000000298023224,-1,-1,2,2,10
592,0.20000000298023224,0,0.20000000298023224,0.80000001192092896,0.60000002384185791,0.80000001192092896,593,594,3,0,9
593,0.20000000298023224,0,0.20000000298023224,0.80000001192092896,0.60000002384185791,0.20000000298023224,-1,-1,1,1,10
594,0.20000000298023224,0,0.20000000298023224,0.80000001192092896,0.60000002384185791,0.80000001192092896,-1,-1,2,2,10
595,0.20000000298023224,0,0.20000000298023224,0.80000001192092896,0.60000002384185791,1.7999999523162842,596,603,12,0,7
596,0.20000000298023224,0,0.20000000298023224,0.80000001192092896,0.60000002384185791,0.80000001192092896,597,600,6,0,8
597,0.20000000298023224,0,0.20000000298023224,0.80000001192092896,0.60000002384185791,0.80000001192092896,598,599,3,0,9
598,0.20000000298023224,0,0.20000000298023224,0.80000001192092896,0,0.80000001192092896,-1,-1,1,1,10
599,0.20000000298023224,0,0.20000000298023224,0.80000001192092896,0.60000002384185791,0.80000001192092896,-1,-1,2,2,10
600,0.20000000298023224,0,0.20000000298023224,0.80000001192092896,0.60000002384185791,0.80000001192092896,601,602,3,0,9
601,0.80000001192092896,0,0.20000000298023224,0.80000001192092896,0.60000002384185791,0.80000001192092896,-1,-1,1,1,10
602,0.20000000298023224,0.60000002384185791,0.20000000298023224,0.80000001192092896,0.60000002384185791,0.80000001192092896,-1,-1,2,2,10
603,0.20000000298023224,0,0.80000001192092896,0.80000001192092896,0.60000002384185791,1.7999999523162842,604,607,6,0,8
604,0.20000000298023224,0,0.80000001192092896,0.80000001192092896,0.60000002384185791,1.2000000476837158,605,606,3,0,9
605,0.20000000298023224,0,0.80000001192092896,0.80000001192092896,0.60000002384185791,0.80000001192092896,-1,-1,1,1,10
606,0.20000000298023224,0,1.2000000476837158,0.80000001192092896,0.60000002384185791,1.2000000476837158,-1,-1,2,2,10
607,0.20000000298023224,0,1.2000000476837158,0.80000001192092896,0.60000002384185791,1.7999999523162842,608,609,3,0,9
608,0.20000000298023224,0,1.2000000476837158,0.80000001192092896,0,1.7999999523162842,-1,-1,1,1,10
609,0.80000001192092896,0,1.2000000476837158,0.80000001192092896,0.60000002384185791,1.7999999523162842,-1,-1,2,2,10
610,0.20000000298023224,0,1.2000000476837158,0.80000001192092896,0.60000002384185791,3.7999999523162842,611,626,24,0,6
611,0.20000000298023224,0,1.2000000476837158,0.80000001192092896,0.60000002384185791,2.7999999523162842,612,619,12,0,7
612,0.20000000298023224,0,1.2000000476837158,0.80000001192092896,0.60000002384185791,2.2000000476837158,613,616,6,0,8
613,0.20000000298023224,0,1.2000000476837158,0.80000001192092896,0.60000002384185791,1.7999999523162842,614,615,3,0,9
614,0.20000000298023224,0,1.2000000476837158,0.80000001192092896,0,1.7999999523162842,-1,-1,1,1,10
615,0.20000000298023224,0.60000002384185791,1.2000000476837158,0.80000001192092896,0.60000002384185791,1.7999999523162842,-1,-1,2,2,10
616,0.20000000298023224,0,1.7999999523162842,0.80000001192092896,0.60000002384185791,2.2000000476837158,617,618,3,0,9
617,0.20000000298023224,0,1.7999999523162842,0.80000001192092896,0.60000002384185791,1.7999999523162842,-1,-1,1,1,10
618,0.20000000298023224,0,1.7999999523162842,0.80000001192092896,0.60000002384185791,2.2000000476837158,-1,-1,2,2,10
619,0.20000000298023224,0,2.2000000476837158,0.80000001192092896,0.60000002384185791,2.7999999523162842,620,623,6,0,8
620,0.20000000298023224,0,2.2000000476837158,0.80000001192092896,0.60000002384185791,2.7999999523162842,621,622,3,0,9
621,0.20000000298023224,0,2.2000000476837158,0.80000001192092896,0,2.7999999523162842,-1,-1,1,1,10
622,0.20000000298023224,0,2.2000000476837158,0.80000001192092896,0.60000002384185791,2.7999999523162842,-1,-1,2,2,10
623,0.20000000298023224,0,2.2000000476837158,0.80000001192092896,0.60000002384185791,2.7999999523162842,624,625,3,0,9
624,0.80000001192092896,0,2.2000000476837158,0.80000001192092896,0.60000002384185791,2.7999999523162842,-1,-1,1,1,10
625,0.20000000298023224,0,2.2000000476837158,0.80000001192092896,0.60000002384185791,2.7999999523162842,-1,-1,2,2,10
626,0.20000000298023224,0,2.2000000476837158,0.80000001192092896,0.60000002384185791,3.7999999523162842,627,634,12,0,7
627,0.20000000298023224,0,2.2000000476837158,0.80000001192092896,0.60000002384185791,3.7999999523162842,628,631,6,0,8
628,0.20000000298023224,0,2.2000000476837158,0.80000001192092896,0.60000002384185791,2.7999999523162842,629,630,3,0,9
629,0.20000000298023224,0,2.7999999523162842,0.80000001192092896,0.60000002384185791,2.7999999523162842,-1,-1,1,1,10
630,0.20000000298023224,0,2.2000000476837158,0.80000001192092896,0.60000002384185791,2.7999999523162842,-1,-1,2,2,10
631,0.20000000298023224,0,3.2000000476837158,0.80000001192092896,0.60000002384185791,3.7999999523162842,632,633,3,0,9
632,0.20000000298023224,0,3.2000000476837158,0.80000001192092896,0.60000002384185791,3.2000000476837158,-1,-1,1,1,10
633,0.20000000298023224,0,3.2000000476837158,0.80000001192092896,0.60000002384185791,3.7999999523162842,-1,-1,2,2,10
634,0.20000000298023224,0,3.2000000476837158,0.80000001192092896,0.60000002384185791,3.7999999523162842,635,638,6,0,8
635,0.20000000298023224,0,3.2000000476837158,0.80000001192092896,0.60000002384185791,3.7999999523162842,636,637,3,0,9
636,0.20000000298023224,0,3.2000000476837158,0.80000001192092896,0,3.7999999523162842,-1,-1,1,1,10
637,0.20000000298023224,0,3.2000000476837158,0.80000001192092896,0.60000002384185791,3.7999999523162842,-1,-1,2,2,10
638,0.20000000298023224,0,3.2000000476837158,0.80000001192092896,0.60000002384185791,3.7999999523162842,639,640,3,0,9
639,0.20000000298023224,0,3.7999999523162842,0.80000001192092896,0.60000002384185791,3.7999999523162842,-1,-1,1,1,10
640,0.20000000298023224,0.60000002384185791,3.2000000476837158,0.80000001192092896,0.60000002384185791,3.7999999523162842,-1,-1,2,2,10
641,0.80000001192092896,0,-3.7999999523162842,1.7999999523162842,0.60000002384185791,3.7999999523162842,642,705,96,0,4
642,1.2000000476837158,0,-3.7999999523162842,1.7999999523162842,0.60000002384185791,-0.20000000298023224,643,674,48,0,5
643,1.2000000476837158,0,-3.7999999523162842,1.7999999523162842,0.60000002384185791,-2.2000000476837158,644,659,24,0,6
644,1.2000000476837158,0,-3.7999999523162842,1.7999999523162842,0.60000002384185791,-3.2000000476837158,645,652,12,0,7
645,1.2000000476837158,0,-3.7999999523162842,1.7999999523162842,0.60000002384185791,-3.2000000476837158,646,649,6,0,8
646,1.2000000476837158,0,-3.7999999523162842,1.7999999523162842,0.60000002384185791,-3.2000000476837158,647,648,3,0,9
647,1.2000000476837158,0,-3.7999999523162842,1.7999999523162842,0,-3.2000000476837158,-1,-1,1,1,10
648,1.2000000476837158,0,-3.7999999523162842,1.7999999523162842,0.60000002384185791,-3.2000000476837158,-1,-1,2,2,10
649,1.2000000476837158,0,-3.7999999523162842,1.7999999523162842,0.60000002384185791,-3.2000000476837158,650,651,3,0,9
650,1.2000000476837158,0,-3.7999999523162842,1.7999999523162842,0.60000002384185791,-3.7999999523162842,-1,-1,1,1,10
651,1.2000000476837158,0,-3.2000000476837158,1.7999999523162842,0.60000002384185791,-3.2000000476837158,-1,-1,2,2,10
652,1.2000000476837158,0,-3.7999999523162842,1.7999999523162842,0.60000002384185791,-3.2000000476837158,653,656,6,0,8
653,1.2000000476837158,0,-3.7999999523162842,1.7999999523162842,0.60000002384185791,-3.2000000476837158,654,655,3,0,9
654,1.2000000476837158,0,-3.7999999523162842,1.2000000476837158,0.60000002384185791,-3.2000000476837158,-1,-1,1,1,10
655,1.2000000476837158,0,-3.7999999523162842,1.7999999523162842,0.60000002384185791,-3.2000000476837158,-1,-1,2,2,10
656,1.2000000476837158,0,-3.7999999523162842,1.7999999523162842,0.60000002384185791,-3.2000000476837158,657,658,3,0,9
657,1.7999999523162842,0,-3.7999999523162842,1.7999999523162842,0.60000002384185791,-3.2000000476837158,-1,-1,1,1,10
658,1.2000000476837158,0.60000002384185791,-3.7999999523162842,1.7999999523162842,0.60000002384185791,-3.2000000476837158,-1,-1,2,2,10
659,1.2000000476837158,0,-2.7999999523162842,1.7999999523162842,0.60000002384185791,-2.2000000476837158,660,667,12,0,7
660,1.2000000476837158,0,-2.7999999523162842,1.7999999523162842,0.60000002384185791,-2.2000000476837158,661,664,6,0,8
661,1.2000000476837158,0,-2.7999999523162842,1.7999999523162842,0.60000002384185791,-2.2000000476837158,662,663,3,0,9
662,1.2000000476837158,0,-2.7999999523162842,1.7999999523162842,0,-2.2000000476837158,-1,-1,1,1,10
663,1.2000000476837158,0,-2.7999999523162842,1.7999999523162842,0.60000002384185791,-2.2000000476837158,-1,-1,2,2,10
664,1.2000000476837158,0,-2.7999999523162842,1.7999999523162842,0.60000002384185791,-2.2000000476837158,665,666,3,0,9
665,1.2000000476837158,0,-2.7999999523162842,1.7999999523162842,0.60000002384185791,-2.7999999523162842,-1,-1,1,1,10
666,1.2000000476837158,0,-2.2000000476837158,1.7999999523162842,0.60000002384185791,-2.2000000476837158,-1,-1,2,2,10
667,1.2000000476837158,0,-2.7999999523162842,1.7999999523162842,0.60000002384185791,-2.2000000476837158,668,671,6,0,8
668,1.2000000476837158,0,-2.7999999523162842,1.7999999523162842,0.60000002384185791,-2.2000000476837158,669,670,3,0,9
669,1.2000000476837158,0,-2.7999999523162842,1.2000000476837158,0.60000002384185791,-2.2000000476837158,-1,-1,1,1,10
670,1.2000000476837158,0,-2.7999999523162842,1.7999999523162842,0.60000002384185791,-2.2000000476837158,-1,-1,2,2,10
671,1.2000000476837158,0,-2.7999999523162842,1.7999999523162842,0.60000002384185791,-2.2000000476837158,672,673,3,0,9
672,1.7999999523162842,0,-2.7999999523162842,1.7999999523162842,0.60000002384185791,-2.2000000476837158,-1,-1,1,1,10
673,1.2000000476837158,0.60000002384185791,-2.7999999523162842,1.7999999523162842,0.60000002384185791,-2.2000000476837158,-1,-1,2,2,10
674,1.2000000476837158,0,-1.7999999523162842,1.7999999523162842,0.60000002384185791,-0.20000000298023224,675,690,24,0,6
675,1.2000000476837158,0,-1.7999999523162842,1.7999999523162842,0.60000002384185791,-1.2000000476837158,676,683,12,0,7
676,1.2000000476837158,0,-1.7999999523162842,1.7999999523162842,0.60000002384185791,-1.2000000476837158,677,680,6,0,8
677,1.2000000476837158,0,-1.7999999523162842,1.7999999523162842,0.60000002384185791,-1.2000000476837158,678,679,3,0,9
678,1.2000000476837158,0,-1.7999999523162842,1.7999999523162842,0,-1.2000000476837158,-1,-1,1,1,10
679,1.2000000476837158,0,-1.7999999523162842,1.7999999523162842,0.60000002384185791,-1.2000000476837158,-1,-1,2,2,10
680,1.2000000476837158,0,-1.7999999523162842,1.7999999523162842,0.60000002384185791,-1.2000000476837158,681,682,3,0,9
681,1.2000000476837158,0,-1.7999999523162842,1.7999999523162842,0.60000002384185791,-1.7999999523162842,-1,-1,1,1,10
682,1.2000000476837158,0,-1.2000000476837158,1.7999999523162842,0.60000002384185791,-1.2000000476837158,-1,-1,2,2,10
683,1.2000000476837158,0,-1.7999999523162842,1.7999999523162842,0.60000002384185791,-1.2000000476837158,684,687,6,0,8
684,1.2000000476837158,0,-1.7999999523162842,1.7999999523162842,0.60000002384185791,-1.2000000476837158,685,686,3,0,9
685,1.2000000476837158,0,-1.7999999523162842,1.2000000476837158,0.60000002384185791,-1.2000000476837158,-1,-1,1,1,10
686,1.2000000476837158,0,-1.7999999523162842,1.7999999523162842,0.60000002384185791,-1.2000000476837158,-1,-1,2,2,10
687,1.2000000476837158,0,-1.7999999523162842,1.7999999523162842,0.60000002384185791,-1.2000000476837158,688,689,3,0,9
688,1.7999999523162842,0,-1.7999999523162842,1.7999999523162842,0.60000002384185791,-1.2000000476837158,-1,-1,1,1,10
689,1.2000000476837158,0.60000002384185791,-1.7999999523162842,1.7999999523162842,0.60000002384185791,-1.2000000476837158,-1,-1,2,2,10
690,1.2000000476837158,0,-0.80000001192092896,1.7999999523162842,0.60000002384185791,-0.20000000298023224,691,698,12,0,7
691,1.2000000476837158,0,-0.80000001192092896,1.7999999523162842,0.60000002384185791,-0.20000000298023224,692,695,6,0,8
692,1.2000000476837158,0,-0.80000001192092896,1.7999999523162842,0.60000002384185791,-0.20000000298023224,693,694,3,0,9
693,1.2000000476837158,0,-0.80000001192092896,1.7999999523162842,0,-0.20000000298023224,-1,-1,1,1,10
694,1.2000000476837158,0,-0.80000001192092896,1.7999999523162842,0.60000002384185791,-0.20000000298023224,-1,-1,2,2,10
695,1.2000000476837158,0,-0.80000001192092896,1.7999999523162842,0.60000002384185791,-0.20000000298023224,696,697,3,0,9
696,1.2000000476837158,0,-0.80000001192092896,1.7999999523162842,0.60000002384185791,-0.80000001192092896,-1,-1,1,1,10
697,1.2000000476837158,0,-0.20000000298023224,1.7999999523162842,0.60000002384185791,-0.20000000298023224,-1,-1,2,2,10
698,1.2000000476837158,0,-0.80000001192092896,1.7999999523162842,0.60000002384185791,-0.20000000298023224,699,702,6,0,8
699,1.2000000476837158,0,-0.80000001192092896,1.7999999523162842,0.60000002384185791,-0.20000000298023224,700,701,3,0,9
700,1.2000000476837158,0,-0.80000001192092896,1.2000000476837158,0.60000002384185791,-0.20000000298023224,-1,-1,1,1,10
701,1.2000000476837158,0,-0.80000001192092896,1.7999999523162842,0.60000002384185791,-0.20000000298023224,-1,-1,2,2,10
702,1.2000000476837158,0,-0.80000001192092896,1.7999999523162842,0.60000002384185791,-0.20000000298023224,703,704,3,0,9
703,1.7999999523162842,0,-0.80000001192092896,1.7999999523162842,0.60000002384185791,-0.20000000298023224,-1,-1,1,1,10
704,1.2000000476837158,0.60000002384185791,-0.80000001192092896,1.7999999523162842,0.60000002384185791,-0.20000000298023224,-1,-1,2,2,10
705,0.80000001192092896,0,0.20000000298023224,1.7999999523162842,0.60000002384185791,3.7999999523162842,706,737,48,0,5
706,1.2000000476837158,0,0.20000000298023224,1.7999999523162842,0.60000002384185791,1.7999999523162842,707,722,24,0,6
707,1.2000000476837158,0,0.20000000298023224,1.7999999523162842,0.60000002384185791,0.80000001192092896,708,715,12,0,7
708,1.2000000476837158,0,0.20000000298023224,1.7999999523162842,0.60000002384185791,0.80000001192092896,709,712,6,0,8
709,1.2000000476837158,0,0.20000000298023224,1.7999999523162842,0.60000002384185791,0.80000001192092896,710,711,3,0,9
710,1.2000000476837158,0,0.20000000298023224,1.7999999523162842,0,0.80000001192092896,-1,-1,1,1,10
711,1.2000000476837158,0,0.20000000298023224,1.7999999523162842,0.60000002384185791,0.80000001192092896,-1,-1,2,2,10
712,1.2000000476837158,0,0.20000000298023224,1.7999999523162842,0.60000002384185791,0.80000001192092896,713,714,3,0,9
713,1.2000000476837158,0,0.20000000298023224,1.7999999523162842,0.60000002384185791,0.20000000298023224,-1,-1,1,1,10
714,1.2000000476837158,0,0.80000001192092896,1.7999999523162842,0.60000002384185791,0.80000001192092896,-1,-1,2,2,10
715,1.2000000476837158,0,0.20000000298023224,1.7999999523162842,0.60000002384185791,0.80000001192092896,716,719,6,0,8
716,1.2000000476837158,0,0.20000000298023224,1.7999999523162842,0.60000002384185791,0.80000001192092896,717,718,3,0,9
717,1.2000000476837158,0,0.20000000298023224,1.2000000476837158,0.60000002384185791,0.80000001192092896,-1,-1,1,1,10
718,1.2000000476837158,0,0.20000000298023224,1.7999999523162842,0.60000002384185791,0.80000001192092896,-1,-1,2,2,10
719,1.2000000476837158,0,0.20000000298023224,1.7999999523162842,0.60000002384185791,0.80000001192092896,720,721,3,0,9
720,1.7999999523162842,0,0.20000000298023224,1.7999999523162842,0.60000002384185791,0.80000001192092896,-1,-1,1,1,10
721,1.2000000476837158,0.60000002384185791,0.20000000298023224,1.7999999523162842,0.60000002384185791,0.80000001192092896,-1,-1,2,2,10
722,1.2000000476837158,0,1.2000000476837158,1.7999999523162842,0.60000002384185791,1.7999999523162842,723,730,12,0,7
723,1.2000000476837158,0,1.2000000476837158,1.7999999523162842,0.60000002384185791,1.7999999523162842,724,727,6,0,8
724,1.2000000476837158,0,1.2000000476837158,1.7999999523162842,0.60000002384185791,1.7999999523162842,725,726,3,0,9
725,1.2000000476837158,0,1.2000000476837158,1.7999999523162842,0,1.7999999523162842,-1,-1,1,1,10
726,1.2000000476837158,0,1.2000000476837158,1.7999999523162842,0.60000002384185791,1.7999999523162842,-1,-1,2,2,10
727,1.2000000476837158,0,1.2000000476837158,1.7999999523162842,0.60000002384185791,1.7999999523162842,728,729,3,0,9
728,1.2000000476837158,0,1.2000000476837158,1.7999999523162842,0.60000002384185791,1.2000000476837158,-1,-1,1,1,10
729,1.2000000476837158,0,1.7999999523162842,1.7999999523162842,0.60000002384185791,1.7999999523162842,-1,-1,2,2,10
730,1.2000000476837158,0,1.2000000476837158,1.7999999523162842,0.60000002384185791,1.7999999523162842,731,734,6,0,8
731,1.2000000476837158,0,1.2000000476837158,1.7999999523162842,0.60000002384185791,1.7999999523162842,732,733,3,0,9
732,1.2000000476837158,0,1.2000000476837158,1.2000000476837158,0.60000002384185791,1.7999999523162842,-1,-1,1,1,10
733,1.2000000476837158,0,1.2000000476837158,1.7999999523162842,0.60000002384185791,1.7999999523162842,-1,-1,2,2,10
734,1.2000000476837158,0,1.2000000476837158,1.7999999523162842,0.60000002384185791,1.7999999523162842,735,736,3,0,9
735,1.7999999523162842,0,1.2000000476837158,1.7999999523162842,0.60000002384185791,1.7999999523162842,-1,-1,1,1,10
736,1.2000000476837158,0.60000002384185791,1.2000000476837158,1.7999999523162842,0.60000002384185791,1.7999999523162842,-1,-1,2,2,10
737,0.80000001192092896,0,2.2000000476837158,1.7999999523162842,0.60000002384185791,3.7999999523162842,738,753,24,0,6
738,1.2000000476837158,0,2.2000000476837158,1.7999999523162842,0.60000002384185791,2.7999999523162842,739,746,12,0,7
739,1.2000000476837158,0,2.2000000476837158,1.7999999523162842,0.60000002384185791,2.7999999523162842,740,743,6,0,8
740,1.2000000476837158,0,2.2000000476837158,1.7999999523162842,0.60000002384185791,2.7999999523162842,741,742,3,0,9
741,1.2000000476837158,0,2.2000000476837158,1.7999999523162842,0,2.7999999523162842,-1,-1,1,1,10
742,1.2000000476837158,0,2.2000000476837158,1.7999999523162842,0.60000002384185791,2.7999999523162842,-1,-1,2,2,10
743,1.2000000476837158,0,2.2000000476837158,1.7999999523162842,0.60000002384185791,2.7999999523162842,744,745,3,0,9
744,1.2000000476837158,0,2.2000000476837158,1.7999999523162842,0.60000002384185791,2.2000000476837158,-1,-1,1,1,10
745,1.2000000476837158,0,2.7999999523162842,1.7999999523162842,0.60000002384185791,2.7999999523162842,-1,-1,2,2,10
746,1.2000000476837158,0,2.2000000476837158,1.7999999523162842,0.60000002384185791,2.7999999523162842,747,750,6,0,8
747,1.2000000476837158,0,2.2000000476837158,1.7999999523162842,0.60000002384185791,2.7999999523162842,748,749,3,0,9
748,1.2000000476837158,0,2.2000000476837158,1.2000000476837158,0.60000002384185791,2.7999999523162842,-1,-1,1,1,10
749,1.2000000476837158,0,2.2000000476837158,1.7999999523162842,0.60000002384185791,2.7999999523162842,-1,-1,2,2,10
750,1.2000000476837158,0,2.2000000476837158,1.7999999523162842,0.60000002384185791,2.7999999523162842,751,752,3,0,9
751,1.7999999523162842,0,2.2000000476837158,1.7999999523162842,0.60000002384185791,2.7999999523162842,-1,-1,1,1,10
752,1.2000000476837158,0.60000002384185791,2.2000000476837158,1.7999999523162842,0.60000002384185791,2.7999999523162842,-1,-1,2,2,10
753,0.80000001192092896,0,3.2000000476837158,1.7999999523162842,0.60000002384185791,3.7999999523162842,754,761,12,0,7
754,0.80000001192092896,0,3.2000000476837158,1.7999999523162842,0.60000002384185791,3.7999999523162842,755,758,6,0,8
755,0.80000001192092896,0,3.2000000476837158,1.2000000476837158,0.60000002384185791,3.7999999523162842,756,757,3,0,9
756,0.80000001192092896,0,3.2000000476837158,0.80000001192092896,0.60000002384185791,3.7999999523162842,-1,-1,1,1,10
757,1.2000000476837158,0,3.2000000476837158,1.2000000476837158,0.60000002384185791,3.7999999523162842,-1,-1,2,2,10
758,1.2000000476837158,0,3.2000000476837158,1.7999999523162842,0.60000002384185791,3.7999999523162842,759,760,3,0,9
759,1.2000000476837158,0,3.2000000476837158,1.7999999523162842,0.60000002384185791,3.2000000476837158,-1,-1,1,1,10
760,1.2000000476837158,0,3.2000000476837158,1.7999999523162842,0.60000002384185791,3.7999999523162842,-1,-1,2,2,10
761,1.2000000476837158,0,3.2000000476837158,1.7999999523162842,0.60000002384185791,3.7999999523162842,762,765,6,0,8
762,1.2000000476837158,0,3.2000000476837158,1.7999999523162842,0.60000002384185791,3.7999999523162842,763,764,3,0,9
763,1.2000000476837158,0,3.2000000476837158,1.7999999523162842,0,3.7999999523162842,-1,-1,1,1,10
764,1.2000000476837158,0,3.2000000476837158,1.7999999523162842,0.60000002384185791,3.7999999523162842,-1,-1,2,2,10
765,1.2000000476837158,0,3.2000000476837158,1.7999999523162842,0.60000002384185791,3.7999999523162842,766,767,3,0,9
766,1.7999999523162842,0,3.2000000476837158,1.7999999523162842,0.60000002384185791,3.7999999523162842,-1,-1,1,1,10
767,1.2000000476837158,0.60000002384185791,3.2000000476837158,1.7999999523162842,0.60000002384185791,3.7999999523162842,-1,-1,2,2,10
768,1.7999999523162842,0,-3.7999999523162842,3.7999999523162842,0.60000002384185791,3.7999999523162842,769,896,193,0,3
769,2.2000000476837158,0,-3.7999999523162842,3.7999999523162842,0.60000002384185791,-0.20000000298023224,770,833,96,0,4
770,2.2000000476837158,0,-3.7999999523162842,3.7999999523162842,0.60000002384185791,-2.2000000476837158,771,802,48,0,5
771,2.2000000476837158,0,-3.7999999523162842,2.7999999523162842,0.60000002384185791,-2.2000000476837158,772,787,24,0,6
772,2.2000000476837158,0,-3.7999999523162842,2.7999999523162842,0.60000002384185791,-3.2000000476837158,773,780,12,0,7
773,2.2000000476837158,0,-3.7999999523162842,2.7999999523162842,0.60000002384185791,-3.2000000476837158,774,777,6,0,8
774,2.2000000476837158,0,-3.7999999523162842,2.7999999523162842,0.60000002384185791,-3.2000000476837158,775,776,3,0,9
775,2.2000000476837158,0,-3.7999999523162842,2.7999999523162842,0,-3.2000000476837158,-1,-1,1,1,10
776,2.2000000476837158,0,-3.7999999523162842,2.7999999523162842,0.60000002384185791,-3.2000000476837158,-1,-1,2,2,10
777,2.2000000476837158,0,-3.7999999523162842,2.7999999523162842,0.60000002384185791,-3.2000000476837158,778,779,3,0,9
778,2.2000000476837158,0,-3.7999999523162842,2.7999999523162842,0.60000002384185791,-3.7999999523162842,-1,-1,1,1,10
779,2.2000000476837158,0,-3.2000000476837158,2.7999999523162842,0.60000002384185791,-3.2000000476837158,-1,-1,2,2,10
780,2.2000000476837158,0,-3.7999999523162842,2.7999999523162842,0.60000002384185791,-3.2000000476837158,781,784,6,0,8
781,2.2000000476837158,0,-3.7999999523162842,2.7999999523162842,0.60000002384185791,-3.2000000476837158,782,783,3,0,9
782,2.2000000476837158,0,-3.7999999523162842,2.2000000476837158,0.60000002384185791,-3.2000000476837158,-1,-1,1,1,10
783,2.2000000476837158,0,-3.7999999523162842,2.7999999523162842,0.60000002384185791,-3.2000000476837158,-1,-1,2,2,10
784,2.2000000476837158,0,-3.7999999523162842,2.7999999523162842,0.60000002384185791,-3.2000000476837158,785,786,3,0,9
785,2.7999999523162842,0,-3.7999999523162842,2.7999999523162842,0.60000002384185791,-3.2000000476837158,-1,-1,1,1,10
786,2.2000000476837158,0.60000002384185791,-3.7999999523162842,2.7999999523162842,0.60000002384185791,-3.2000000476837158,-1,-1,2,2,10
787,2.2000000476837158,0,-2.7999999523162842,2.7999999523162842,0.60000002384185791,-2.2000000476837158,788,795,12,0,7
788,2.2000000476837158,0,-2.7999999523162842,2.7999999523162842,0.60000002384185791,-2.2000000476837158,789,792,6,0,8
789,2.2000000476837158,0,-2.7999999523162842,2.7999999523162842,0.60000002384185791,-2.2000000476837158,790,791,3,0,9
790,2.2000000476837158,0,-2.7999999523162842,2.7999999523162842,0,-2.2000000476837158,-1,-1,1,1,10
791,2.2000000476837158,0,-2.7999999523162842,2.7999999523162842,0.60000002384185791,-2.2000000476837158,-1,-1,2,2,10
792,2.2000000476837158,0,-2.7999999523162842,2.7999999523162842,0.60000002384185791,-2.2000000476837158,793,794,3,0,9
793,2.2000000476837158,0,-2.7999999523162842,2.7999999523162842,0.60000002384185791,-2.7999999523162842,-1,-1,1,1,10
794,2.2000000476837158,0,-2.2000000476837158,2.7999999523162842,0.60000002384185791,-2.2000000476837158,-1,-1,2,2,10
795,2.2000000476837158,0,-2.7999999523162842,2.7999999523162842,0.60000002384185791,-2.2000000476837158,796,799,6,0,8
796,2.2000000476837158,0,-2.7999999523162842,2.7999999523162842,0.60000002384185791,-2.2000000476837158,797,798,3,0,9
797,2.2000000476837158,0,-2.7999999523162842,2.2000000476837158,0.60000002384185791,-2.2000000476837158,-1,-1,1,1,10
798,2.2000000476837158,0,-2.7999999523162842,2.7999999523162842,0.60000002384185791,-2.2000000476837158,-1,-1,2,2,10
799,2.2000000476837158,0,-2.7999999523162842,2.7999999523162842,0.60000002384185791,-2.2000000476837158,800,801,3,0,9
800,2.7999999523162842,0,-2.7999999523162842,2.7999999523162842,0.60000002384185791,-2.2000000476837158,-1,-1,1,1,10
801,2.2000000476837158,0.60000002384185791,-2.7999999523162842,2.7999999523162842,0.60000002384185791,-2.2000000476837158,-1,-1,2,2,10
802,3.2000000476837158,0,-3.7999999523162842,3.7999999523162842,0.60000002384185791,-2.2000000476837158,803,818,24,0,6
803,3.2000000476837158,0,-3.7999999523162842,3.7999999523162842,0.60000002384185791,-3.2000000476837158,804,811,12,0,7
804,3.2000000476837158,0,-3.7999999523162842,3.7999999523162842,0.60000002384185791,-3.2000000476837158,805,808,6,0,8
805,3.2000000476837158,0,-3.7999999523162842,3.7999999523162842,0.60000002384185791,-3.2000000476837158,806,807,3,0,9
806,3.2000000476837158,0,-3.7999999523162842,3.7999999523162842,0,-3.2000000476837158,-1,-1,1,1,10
807,3.2000000476837158,0,-3.7999999523162842,3.7999999523162842,0.60000002384185791,-3.2000000476837158,-1,-1,2,2,10
808,3.2000000476837158,0,-3.7999999523162842,3.7999999523162842,0.60000002384185791,-3.2000000476837158,809,810,3,0,9
809,3.2000000476837158,0,-3.7999999523162842,3.7999999523162842,0.60000002384185791,-3.7999999523162842,-1,-1,1,1,10
810,3.2000000476837158,0,-3.2000000476837158,3.7999999523162842,0.60000002384185791,-3.2000000476837158,-1,-1,2,2,10
811,3.2000000476837158,0,-3.7999999523162842,3.7999999523162842,0.60000002384185791,-3.2000000476837158,812,815,6,0,8
812,3.2000000476837158,0,-3.7999999523162842,3.7999999523162842,0.60000002384185791,-3.2000000476837158,813,814,3,0,9
813,3.2000000476837158,0,-3.7999999523162842,3.2000000476837158,0.60000002384185791,-3.2000000476837158,-1,-1,1,1,10
814,3.2000000476837158,0,-3.7999999523162842,3.7999999523162842,0.60000002384185791,-3.2000000476837158,-1,-1,2,2,10
815,3.2000000476837158,0,-3.7999999523162842,3.7999999523162842,0.60000002384185791,-3.2000000476837158,816,817,3,0,9
816,3.7999999523162842,0,-3.7999999523162842,3.7999999523162842,0.60000002384185791,-3.2000000476837158,-1,-1,1,1,10
817,3.2000000476837158,0.60000002384185791,-3.7999999523162842,3.7999999523162842,0.60000002384185791,-3.2000000476837158,-1,-1,2,2,10
818,3.2000000476837158,0,-2.7999999523162842,3.7999999523162842,0.60000002384185791,-2.2000000476837158,819,826,12,0,7
819,3.2000000476837158,0,-2.7999999523162842,3.7999999523162842,0.60000002384185791,-2.2000000476837158,820,823,6,0,8
820,3.2000000476837158,0,-2.7999999523162842,3.7999999523162842,0.60000002384185791,-2.2000000476837158,821,822,3,0,9
821,3.2000000476837158,0,-2.7999999523162842,3.7999999523162842,0,-2.2000000476837158,-1,-1,1,1,10
822,3.2000000476837158,0,-2.7999999523162842,3.7999999523162842,0.60000002384185791,-2.2000000476837158,-1,-1,2,2,10
823,3.2000000476837158,0,-2.7999999523162842,3.7999999523162842,0.60000002384185791,-2.2000000476837158,824,825,3,0,9
824,3.2000000476837158,0,-2.7999999523162842,3.7999999523162842,0.60000002384185791,-2.7999999523162842,-1,-1,1,1,10
825,3.2000000476837158,0,-2.2000000476837158,3.7999999523162842,0.60000002384185791,-2.2000000476837158,-1,-1,2,2,10
826,3.2000000476837158,0,-2.7999999523162842,3.7999999523162842,0.60000002384185791,-2.2000000476837158,827,830,6,0,8
827,3.2000000476837158,0,-2.7999999523162842,3.7999999523162842,0.60000002384185791,-2.2000000476837158,828,829,3,0,9
828,3.2000000476837158,0,-2.7999999523162842,3.2000000476837158,0.60000002384185791,-2.2000000476837158,-1,-1,1,1,10
829,3.2000000476837158,0,-2.7999999523162842,3.7999999523162842,0.60000002384185791,-2.2000000476837158,-1,-1,2,2,10
830,3.2000000476837158,0,-2.7999999523162842,3.7999999523162842,0.60000002384185791,-2.2000000476837158,831,832,3,0,9
831,3.7999999523162842,0,-2.7999999523162842,3.7999999523162842,0.60000002384185791,-2.2000000476837158,-1,-1,1,1,10
832,3.2000000476837158,0.60000002384185791,-2.7999999523162842,3.7999999523162842,0.60000002384185791,-2.2000000476837158,-1,-1,2,2,10
833,2.2000000476837158,0,-1.7999999523162842,3.7999999523162842,0.60000002384185791,-0.20000000298023224,834,865,48,0,5
834,2.2000000476837158,0,-1.7999999523162842,3.7999999523162842,0.60000002384185791,-1.2000000476837158,835,850,24,0,6
835,2.2000000476837158,0,-1.7999999523162842,2.7999999523162842,0.60000002384185791,-1.2000000476837158,836,843,12,0,7
836,2.2000000476837158,0,-1.7999999523162842,2.7999999523162842,0.60000002384185791,-1.2000000476837158,837,840,6,0,8
837,2.2000000476837158,0,-1.7999999523162842,2.7999999523162842,0.60000002384185791,-1.2000000476837158,838,839,3,0,9
838,2.2000000476837158,0,-1.7999999523162842,2.7999999523162842,0,-1.2000000476837158,-1,-1,1,1,10
839,2.2000000476837158,0,-1.7999999523162842,2.7999999523162842,0.60000002384185791,-1.2000000476837158,-1,-1,2,2,10
840,2.2000000476837158,0,-1.7999999523162842,2.7999999523162842,0.60000002384185791,-1.2000000476837158,841,842,3,0,9
841,2.2000000476837158,0,-1.7999999523162842,2.7999999523162842,0.60000002384185791,-1.7999999523162842,-1,-1,1,1,10
842,2.2000000476837158,0,-1.2000000476837158,2.7999999523162842,0.60000002384185791,-1.2000000476837158,-1,-1,2,2,10
843,2.2000000476837158,0,-1.7999999523162842,2.7999999523162842,0.60000002384185791,-1.2000000476837158,844,847,6,0,8
844,2.2000000476837158,0,-1.7999999523162842,2.7999999523162842,0.60000002384185791,-1.2000000476837158,845,846,3,0,9
845,2.2000000476837158,0,-1.7999999523162842,2.2000000476837158,0.60000002384185791,-1.2000000476837158,-1,-1,1,1,10
846,2.2000000476837158,0,-1.7999999523162842,2.7999999523162842,0.60000002384185791,-1.2000000476837158,-1,-1,2,2,10
847,2.2000000476837158,0,-1.7999999523162842,2.7999999523162842,0.60000002384185791,-1.2000000476837158,848,849,3,0,9
848,2.7999999523162842,0,-1.7999999523162842,2.7999999523162842,0.60000002384185791,-1.2000000476837158,-1,-1,1,1,10
849,2.2000000476837158,0.60000002384185791,-1.7999999523162842,2.7999999523162842,0.60000002384185791,-1.2000000476837158,-1,-1,2,2,10
850,3.2000000476837158,0,-1.7999999523162842,3.7999999523162842,0.60000002384185791,-1.2000000476837158,851,858,12,0,7
851,3.2000000476837158,0,-1.7999999523162842,3.7999999523162842,0.60000002384185791,-1.2000000476837158,852,855,6,0,8
852,3.2000000476837158,0,-1.7999999523162842,3.7999999523162842,0.60000002384185791,-1.2000000476837158,853,854,3,0,9
853,3.2000000476837158,0,-1.7999999523162842,3.7999999523162842,0,-1.2000000476837158,-1,-1,1,1,10
854,3.2000000476837158,0,-1.7999999523162842,3.7999999523162842,0.60000002384185791,-1.2000000476837158,-1,-1,2,2,10
855,3.2000000476837158,0,-1.7999999523162842,3.7999999523162842,0.60000002384185791,-1.2000000476837158,856,857,3,0,9
856,3.2000000476837158,0,-1.7999999523162842,3.7999999523162842,0.60000002384185791,-1.7999999523162842,-1,-1,1,1,10
857,3.2000000476837158,0,-1.2000000476837158,3.7999999523162842,0.60000002384185791,-1.2000000476837158,-1,-1,2,2,10
858,3.2000000476837158,0,-1.7999999523162842,3.7999999523162842,0.60000002384185791,-1.2000000476837158,859,862,6,0,8
859,3.2000000476837158,0,-1.7999999523162842,3.7999999523162842,0.60000002384185791,-1.2000000476837158,860,861,3,0,9
860,3.2000000476837158,0,-1.7999999523162842,3.2000000476837158,0.60000002384185791,-1.2000000476837158,-1,-1,1,1,10
861,3.2000000476837158,0,-1.7999999523162842,3.7999999523162842,0.60000002384185791,-1.2000000476837158,-1,-1,2,2,10
862,3.2000000476837158,0,-1.7999999523162842,3.7999999523162842,0.60000002384185791,-1.2000000476837158,863,864,3,0,9
863,3.7999999523162842,0,-1.7999999523162842,3.7999999523162842,0.60000002384185791,-1.2000000476837158,-1,-1,1,1,10
864,3.2000000476837158,0.60000002384185791,-1.7999999523162842,3.7999999523162842,0.60000002384185791,-1.2000000476837158,-1,-1,2,2,10
865,2.2000000476837158,0,-0.80000001192092896,3.7999999523162842,0.60000002384185791,-0.20000000298023224,866,881,24,0,6
866,2.2000000476837158,0,-0.80000001192092896,2.7999999523162842,0.60000002384185791,-0.20000000298023224,867,874,12,0,7
867,2.2000000476837158,0,-0.80000001192092896,2.7999999523162842,0.60000002384185791,-0.20000000298023224,868,871,6,0,8
868,2.2000000476837158,0,-0.80000001192092896,2.7999999523162842,0.60000002384185791,-0.20000000298023224,869,870,3,0,9
869,2.2000000476837158,0,-0.80000001192092896,2.7999999523162842,0,-0.20000000298023224,-1,-1,1,1,10
870,2.2000000476837158,0,-0.80000001192092896,2.7999999523162842,0.60000002384185791,-0.20000000298023224,-1,-1,2,2,10
871,2.2000000476837158,0,-0.80000001192092896,2.7999999523162842,0.60000002384185791,-0.20000000298023224,872,873,3,0,9
872,2.2000000476837158,0,-0.80000001192092896,2.7999999523162842,0.60000002384185791,-0.80000001192092896,-1,-1,1,1,10
873,2.2000000476837158,0,-0.20000000298023224,2.7999999523162842,0.60000002384185791,-0.20000000298023224,-1,-1,2,2,10
874,2.2000000476837158,0,-0.80000001192092896,2.7999999523162842,0.60000002384185791,-0.20000000298023224,875,878,6,0,8
875,2.2000000476837158,0,-0.80000001192092896,2.7999999523162842,0.60000002384185791,-0.20000000298023224,876,877,3,0,9
876,2.2000000476837158,0,-0.80000001192092896,2.2000000476837158,0.60000002384185791,-0.20000000298023224,-1,-1,1,1,10
877,2.2000000476837158,0,-0.80000001192092896,2.7999999523162842,0.60000002384185791,-0.20000000298023224,-1,-1,2,2,10
878,2.2000000476837158,0,-0.80000001192092896,2.7999999523162842,0.60000002384185791,-0.20000000298023224,879,880,3,0,9
879,2.7999999523162842,0,-0.80000001192092896,2.7999999523162842,0.60000002384185791,-0.20000000298023224,-1,-1,1,1,10
880,2.2000000476837158,0.60000002384185791,-0.80000001192092896,2.7999999523162842,0.60000002384185791,-0.20000000298023224,-1,-1,2,2,10
881,3.2000000476837158,0,-0.80000001192092896,3.7999999523162842,0.60000002384185791,-0.20000000298023224,882,889,12,0,7
882,3.2000000476837158,0,-0.80000001192092896,3.7999999523162842,0.60000002384185791,-0.20000000298023224,883,886,6,0,8
883,3.2000000476837158,0,-0.80000001192092896,3.7999999523162842,0.60000002384185791,-0.20000000298023224,884,885,3,0,9
884,3.2000000476837158,0,-0.80000001192092896,3.7999999523162842,0,-0.20000000298023224,-1,-1,1,1,10
885,3.2000000476837158,0,-0.80000001192092896,3.7999999523162842,0.60000002384185791,-0.20000000298023224,-1,-1,2,2,10
886,3.2000000476837158,0,-0.80000001192092896,3.7999999523162842,0.60000002384185791,-0.20000000298023224,887,888,3,0,9
887,3.2000000476837158,0,-0.80000001192092896,3.7999999523162842,0.60000002384185791,-0.80000001192092896,-1,-1,1,1,10
888,3.2000000476837158,0,-0.20000000298023224,3.7999999523162842,0.60000002384185791,-0.20000000298023224,-1,-1,2,2,10
889,3.2000000476837158,0,-0.80000001192092896,3.7999999523162842,0.60000002384185791,-0.20000000298023224,890,893,6,0,8
890,3.2000000476837158,0,-0.80000001192092896,3.7999999523162842,0.60000002384185791,-0.20000000298023224,891,892,3,0,9
891,3.2000000476837158,0,-0.80000001192092896,3.2000000476837158,0.60000002384185791,-0.20000000298023224,-1,-1,1,1,10
892,3.2000000476837158,0,-0.80000001192092896,3.7999999523162842,0.60000002384185791,-0.20000000298023224,-1,-1,2,2,10
893,3.2000000476837158,0,-0.80000001192092896,3.7999999523162842,0.60000002384185791,-0.20000000298023224,894,895,3,0,9
894,3.7999999523162842,0,-0.80000001192092896,3.7999999523162842,0.60000002384185791,-0.20000000298023224,-1,-1,1,1,10
895,3.2000000476837158,0.60000002384185791,-0.80000001192092896,3.7999999523162842,0.60000002384185791,-0.20000000298023224,-1,-1,2,2,10
896,1.7999999523162842,0,0.20000000298023224,3.7999999523162842,0.60000002384185791,3.7999999523162842,897,960,97,0,4
897,2.2000000476837158,0,0.20000000298023224,3.7999999523162842,0.60000002384185791,1.7999999523162842,898,929,48,0,5
898,2.2000000476837158,0,0.20000000298023224,3.7999999523162842,0.60000002384185791,0.80000001192092896,899,914,24,0,6
899,2.2000000476837158,0,0.20000000298023224,2.7999999523162842,0.60000002384185791,0.80000001192092896,900,907,12,0,7
900,2.2000000476837158,0,0.20000000298023224,2.7999999523162842,0.60000002384185791,0.80000001192092896,901,904,6,0,8
901,2.2000000476837158,0,0.20000000298023224,2.7999999523162842,0.60000002384185791,0.80000001192092896,902,903,3,0,9
902,2.2000000476837158,0,0.20000000298023224,2.7999999523162842,0,0.80000001192092896,-1,-1,1,1,10
903,2.2000000476837158,0,0.20000000298023224,2.7999999523162842,0.60000002384185791,0.80000001192092896,-1,-1,2,2,10
904,2.2000000476837158,0,0.20000000298023224,2.7999999523162842,0.60000002384185791,0.80000001192092896,905,906,3,0,9
905,2.2000000476837158,0,0.20000000298023224,2.7999999523162842,0.60000002384185791,0.20000000298023224,-1,-1,1,1,10
906,2.2000000476837158,0,0.80000001192092896,2.7999999523162842,0.60000002384185791,0.80000001192092896,-1,-1,2,2,10
907,2.2000000476837158,0,0.20000000298023224,2.7999999523162842,0.60000002384185791,0.80000001192092896,908,911,6,0,8
908,2.2000000476837158,0,0.20000000298023224,2.7999999523162842,0.60000002384185791,0.80000001192092896,909,910,3,0,9
909,2.2000000476837158,0,0.20000000298023224,2.2000000476837158,0.60000002384185791,0.80000001192092896,-1,-1,1,1,10
910,2.2000000476837158,0,0.20000000298023224,2.7999999523162842,0.60000002384185791,0.80000001192092896,-1,-1,2,2,10
911,2.2000000476837158,0,0.20000000298023224,2.7999999523162842,0.60000002384185791,0.80000001192092896,912,913,3,0,9
912,2.7999999523162842,0,0.20000000298023224,2.7999999523162842,0.60000002384185791,0.80000001192092896,-1,-1,1,1,10
913,2.2000000476837158,0.60000002384185791,0.20000000298023224,2.7999999523162842,0.60000002384185791,0.80000001192092896,-1,-1,2,2,10
914,3.2000000476837158,0,0.20000000298023224,3.7999999523162842,0.60000002384185791,0.80000001192092896,915,922,12,0,7
915,3.2000000476837158,0,0.20000000298023224,3.7999999523162842,0.60000002384185791,0.80000001192092896,916,919,6,0,8
916,3.2000000476837158,0,0.20000000298023224,3.7999999523162842,0.60000002384185791,0.80000001192092896,917,918,3,0,9
917,3.2000000476837158,0,0.20000000298023224,3.7999999523162842,0,0.80000001192092896,-1,-1,1,1,10
918,3.2000000476837158,0,0.20000000298023224,3.7999999523162842,0.60000002384185791,0.80000001192092896,-1,-1,2,2,10
919,3.2000000476837158,0,0.20000000298023224,3.7999999523162842,0.60000002384185791,0.80000001192092896,920,921,3,0,9
920,3.2000000476837158,0,0.20000000298023224,3.7999999523162842,0.60000002384185791,0.20000000298023224,-1,-1,1,1,10
921,3.2000000476837158,0,0.80000001192092896,3.7999999523162842,0.60000002384185791,0.80000001192092896,-1,-1,2,2,10
922,3.2000000476837158,0,0.20000000298023224,3.7999999523162842,0.60000002384185791,0.80000001192092896,923,926,6,0,8
923,3.2000000476837158,0,0.20000000298023224,3.7999999523162842,0.60000002384185791,0.80000001192092896,924,925,3,0,9
924,3.2000000476837158,0,0.20000000298023224,3.2000000476837158,0.60000002384185791,0.80000001192092896,-1,-1,1,1,10
925,3.2000000476837158,0,0.20000000298023224,3.7999999523162842,0.60000002384185791,0.80000001192092896,-1,-1,2,2,10
926,3.2000000476837158,0,0.20000000298023224,3.7999999523162842,0.60000002384185791,0.80000001192092896,927,928,3,0,9
927,3.7999999523162842,0,0.20000000298023224,3.7999999523162842,0.60000002384185791,0.80000001192092896,-1,-1,1,1,10
928,3.2000000476837158,0.60000002384185791,0.20000000298023224,3.7999999523162842,0.60000002384185791,0.80000001192092896,-1,-1,2,2,10
929,2.2000000476837158,0,1.2000000476837158,3.7999999523162842,0.60000002384185791,1.7999999523162842,930,945,24,0,6
930,2.2000000476837158,0,1.2000000476837158,2.7999999523162842,0.60000002384185791,1.7999999523162842,931,938,12,0,7
931,2.2000000476837158,0,1.2000000476837158,2.7999999523162842,0.60000002384185791,1.7999999523162842,932,935,6,0,8
932,2.2000000476837158,0,1.2000000476837158,2.7999999523162842,0.60000002384185791,1.7999999523162842,933,934,3,0,9
933,2.2000000476837158,0,1.2000000476837158,2.7999999523162842,0,1.7999999523162842,-1,-1,1,1,10
934,2.2000000476837158,0,1.2000000476837158,2.7999999523162842,0.60000002384185791,1.7999999523162842,-1,-1,2,2,10
935,2.2000000476837158,0,1.2000000476837158,2.7999999523162842,0.60000002384185791,1.7999999523162842,936,937,3,0,9
936,2.2000000476837158,0,1.2000000476837158,2.7999999523162842,0.60000002384185791,1.2000000476837158,-1,-1,1,1,10
937,2.2000000476837158,0,1.7999999523162842,2.7999999523162842,0.60000002384185791,1.7999999523162842,-1,-1,2,2,10
938,2.2000000476837158,0,1.2000000476837158,2.7999999523162842,0.60000002384185791,1.7999999523162842,939,942,6,0,8
939,2.2000000476837158,0,1.2000000476837158,2.7999999523162842,0.60000002384185791,1.7999999523162842,940,941,3,0,9
940,2.2000000476837158,0,1.2000000476837158,2.2000000476837158,0.60000002384185791,1.7999999523162842,-1,-1,1,1,10
941,2.2000000476837158,0,1.2000000476837158,2.7999999523162842,0.60000002384185791,1.7999999523162842,-1,-1,2,2,10
942,2.2000000476837158,0,1.2000000476837158,2.7999999523162842,0.60000002384185791,1.7999999523162842,943,944,3,0,9
943,2.7999999523162842,0,1.2000000476837158,2.7999999523162842,0.60000002384185791,1.7999999523162842,-1,-1,1,1,10
944,2.2000000476837158,0.60000002384185791,1.2000000476837158,2.7999999523162842,0.60000002384185791,1.7999999523162842,-1,-1,2,2,10
945,3.2000000476837158,0,1.2000000476837158,3.7999999523162842,0.60000002384185791,1.7999999523162842,946,953,12,0,7
946,3.2000000476837158,0,1.2000000476837158,3.7999999523162842,0.60000002384185791,1.7999999523162842,947,950,6,0,8
947,3.2000000476837158,0,1.2000000476837158,3.7999999523162842,0.60000002384185791,1.7999999523162842,948,949,3,0,9
948,3.2000000476837158,0,1.2000000476837158,3.7999999523162842,0,1.7999999523162842,-1,-1,1,1,10
949,3.2000000476837158,0,1.2000000476837158,3.7999999523162842,0.60000002384185791,1.7999999523162842,-1,-1,2,2,10
950,3.2000000476837158,0,1.2000000476837158,3.7999999523162842,0.60000002384185791,1.7999999523162842,951,952,3,0,9
951,3.2000000476837158,0,1.2000000476837158,3.7999999523162842,0.60000002384185791,1.2000000476837158,-1,-1,1,1,10
952,3.2000000476837158,0,1.7999999523162842,3.7999999523162842,0.60000002384185791,1.7999999523162842,-1,-1,2,2,10
953,3.2000000476837158,0,1.2000000476837158,3.7999999523162842,0.60000002384185791,1.7999999523162842,954,957,6,0,8
954,3.2000000476837158,0,1.2000000476837158,3.7999999523162842,0.60000002384185791,1.7999999523162842,955,956,3,0,9
955,3.2000000476837158,0,1.2000000476837158,3.2000000476837158,0.60000002384185791,1.7999999523162842,-1,-1,1,1,10
956,3.2000000476837158,0,1.2000000476837158,3.7999999523162842,0.60000002384185791,1.7999999523162842,-1,-1,2,2,10
957,3.2000000476837158,0,1.2000000476837158,3.7999999523162842,0.60000002384185791,1.7999999523162842,958,959,3,0,9
958,3.7999999523162842,0,1.2000000476837158,3.7999999523162842,0.60000002384185791,1.7999999523162842,-1,-1,1,1,10
959,3.2000000476837158,0.60000002384185791,1.2000000476837158,3.7999999523162842,0.60000002384185791,1.7999999523162842,-1,-1,2,2,10
960,1.7999999523162842,0,2.2000000476837158,3.7999999523162842,0.60000002384185791,3.7999999523162842,961,992,49,0,5
961,1.7999999523162842,0,2.2000000476837158,2.7999999523162842,0.60000002384185791,3.7999999523162842,962,977,24,0,6
962,2.2000000476837158,0,2.2000000476837158,2.7999999523162842,0.60000002384185791,2.7999999523162842,963,970,12,0,7
963,2.2000000476837158,0,2.2000000476837158,2.7999999523162842,0.60000002384185791,2.7999999523162842,964,967,6,0,8
964,2.2000000476837158,0,2.2000000476837158,2.7999999523162842,0.60000002384185791,2.7999999523162842,965,966,3,0,9
965,2.2000000476837158,0,2.2000000476837158,2.7999999523162842,0,2.7999999523162842,-1,-1,1,1,10
966,2.2000000476837158,0,2.2000000476837158,2.7999999523162842,0.60000002384185791,2.7999999523162842,-1,-1,2,2,10
967,2.2000000476837158,0,2.2000000476837158,2.7999999523162842,0.60000002384185791,2.7999999523162842,968,969,3,0,9
968,2.2000000476837158,0,2.2000000476837158,2.7999999523162842,0.60000002384185791,2.2000000476837158,-1,-1,1,1,10
969,2.2000000476837158,0,2.7999999523162842,2.7999999523162842,0.60000002384185791,2.7999999523162842,-1,-1,2,2,10
970,2.2000000476837158,0,2.2000000476837158,2.7999999523162842,0.60000002384185791,2.7999999523162842,971,974,6,0,8
971,2.2000000476837158,0,2.2000000476837158,2.7999999523162842,0.60000002384185791,2.7999999523162842,972,973,3,0,9
972,2.2000000476837158,0,2.2000000476837158,2.2000000476837158,0.60000002384185791,2.7999999523162842,-1,-1,1,1,10
973,2.2000000476837158,0,2.2000000476837158,2.7999999523162842,0.60000002384185791,2.7999999523162842,-1,-1,2,2,10
974,2.2000000476837158,0,2.2000000476837158,2.7999999523162842,0.60000002384185791,2.7999999523162842,975,976,3,0,9
975,2.7999999523162842,0,2.2000000476837158,2.7999999523162842,0.60000002384185791,2.7999999523162842,-1,-1,1,1,10
976,2.2000000476837158,0.60000002384185791,2.2000000476837158,2.7999999523162842,0.60000002384185791,2.7999999523162842,-1,-1,2,2,10
977,1.7999999523162842,0,3.2000000476837158,2.7999999523162842,0.60000002384185791,3.7999999523162842,978,985,12,0,7
978,1.7999999523162842,0,3.2000000476837158,2.7999999523162842,0.60000002384185791,3.7999999523162842,979,982,6,0,8
979,1.7999999523162842,0,3.2000000476837158,2.2000000476837158,0.60000002384185791,3.7999999523162842,980,981,3,0,9
980,1.7999999523162842,0,3.2000000476837158,1.7999999523162842,0.60000002384185791,3.7999999523162842,-1,-1,1,1,10
981,2.2000000476837158,0,3.2000000476837158,2.2000000476837158,0.60000002384185791,3.7999999523162842,-1,-1,2,2,10
982,2.2000000476837158,0,3.2000000476837158,2.7999999523162842,0.60000002384185791,3.7999999523162842,983,984,3,0,9
983,2.2000000476837158,0,3.2000000476837158,2.7999999523162842,0.60000002384185791,3.2000000476837158,-1,-1,1,1,10
984,2.2000000476837158,0,3.2000000476837158,2.7999999523162842,0.60000002384185791,3.7999999523162842,-1,-1,2,2,10
985,2.2000000476837158,0,3.2000000476837158,2.7999999523162842,0.60000002384185791,3.7999999523162842,986,989,6,0,8
986,2.2000000476837158,0,3.2000000476837158,2.7999999523162842,0.60000002384185791,3.7999999523162842,987,988,3,0,9
987,2.2000000476837158,0,3.2000000476837158,2.7999999523162842,0,3.7999999523162842,-1,-1,1,1,10
988,2.2000000476837158,0,3.2000000476837158,2.7999999523162842,0.60000002384185791,3.7999999523162842,-1,-1,2,2,10
989,2.2000000476837158,0,3.2000000476837158,2.7999999523162842,0.60000002384185791,3.7999999523162842,990,991,3,0,9
990,2.7999999523162842,0,3.2000000476837158,2.7999999523162842,0.60000002384185791,3.7999999523162842,-1,-1,1,1,10
991,2.2000000476837158,0.60000002384185791,3.2000000476837158,2.7999999523162842,0.60000002384185791,3.7999999523162842,-1,-1,2,2,10
992,2.7999999523162842,0,2.2000000476837158,3.7999999523162842,0.60000002384185791,3.7999999523162842,993,1008,25,0,6
993,3.2000000476837158,0,2.2000000476837158,3.7999999523162842,0.60000002384185791,2.7999999523162842,994,1001,12,0,7
994,3.2000000476837158,0,2.2000000476837158,3.7999999523162842,0.60000002384185791,2.7999999523162842,995,998,6,0,8
995,3.2000000476837158,0,2.2000000476837158,3.7999999523162842,0.60000002384185791,2.7999999523162842,996,997,3,0,9
996,3.2000000476837158,0,2.2000000476837158,3.7999999523162842,0,2.7999999523162842,-1,-1,1,1,10
997,3.2000000476837158,0,2.2000000476837158,3.7999999523162842,0.60000002384185791,2.7999999523162842,-1,-1,2,2,10
998,3.2000000476837158,0,2.2000000476837158,3.7999999523162842,0.60000002384185791,2.7999999523162842,999,1000,3,0,9
999,3.2000000476837158,0,2.2000000476837158,3.7999999523162842,0.60000002384185791,2.2000000476837158,-1,-1,1,1,10
1000,3.2000000476837158,0,2.7999999523162842,3.7999999523162842,0.60000002384185791,2.7999999523162842,-1,-1,2,2,10
1001,3.2000000476837158,0,2.2000000476837158,3.7999999523162842,0.60000002384185791,2.7999999523162842,1002,1005,6,0,8
1002,3.2000000476837158,0,2.2000000476837158,3.7999999523162842,0.60000002384185791,2.7999999523162842,1003,1004,3,0,9
1003,3.2000000476837158,0,2.2000000476837158,3.2000000476837158,0.60000002384185791,2.7999999523162842,-1,-1,1,1,10
1004,3.2000000476837158,0,2.2000000476837158,3.7999999523162842,0.60000002384185791,2.7999999523162842,-1,-1,2,2,10
1005,3.2000000476837158,0,2.2000000476837158,3.7999999523162842,0.60000002384185791,2.7999999523162842,1006,1007,3,0,9
1006,3.7999999523162842,0,2.2000000476837158,3.7999999523162842,0.60000002384185791,2.7999999523162842,-1,-1,1,1,10
1007,3.2000000476837158,0.60000002384185791,2.2000000476837158,3.7999999523162842,0.60000002384185791,2.7999999523162842,-1,-1,2,2,10
1008,2.7999999523162842,0,3.2000000476837158,3.7999999523162842,0.60000002384185791,3.7999999523162842,1009,1016,13,0,7
1009,2.7999999523162842,0,3.2000000476837158,3.7999999523162842,0.60000002384185791,3.7999999523162842,1010,1013,6,0,8
1010,2.7999999523162842,0,3.2000000476837158,3.2000000476837158,0.60000002384185791,3.7999999523162842,1011,1012,3,0,9
1011,2.7999999523162842,0,3.2000000476837158,2.7999999523162842,0.60000002384185791,3.7999999523162842,-1,-1,1,1,10
1012,3.2000000476837158,0,3.2000000476837158,3.2000000476837158,0.60000002384185791,3.7999999523162842,-1,-1,2,2,10
1013,3.2000000476837158,0,3.2000000476837158,3.7999999523162842,0.60000002384185791,3.7999999523162842,1014,1015,3,0,9
1014,3.2000000476837158,0,3.2000000476837158,3.7999999523162842,0.60000002384185791,3.2000000476837158,-1,-1,1,1,10
1015,3.2000000476837158,0,3.2000000476837158,3.7999999523162842,0.60000002384185791,3.7999999523162842,-1,-1,2,2,10
1016,3.2000000476837158,0,3.2000000476837158,3.7999999523162842,0.60000002384185791,3.7999999523162842,1017,1020,7,0,8
1017,3.2000000476837158,0,3.2000000476837158,3.7999999523162842,0.60000002384185791,3.7999999523162842,1018,1019,3,0,9
1018,3.2000000476837158,0,3.2000000476837158,3.7999999523162842,0,3.7999999523162842,-1,-1,1,1,10
1019,3.2000000476837158,0,3.2000000476837158,3.7999999523162842,0.60000002384185791,3.7999999523162842,-1,-1,2,2,10
1020,3.2000000476837158,0,3.2000000476837158,3.7999999523162842,0.60000002384185791,3.7999999523162842,1021,1022,4,0,9
1021,3.7999999523162842,0,3.2000000476837158,3.7999999523162842,0.60000002384185791,3.7999999523162842,-1,-1,2,2,10
1022,3.2000000476837158,0.60000002384185791,3.2000000476837158,3.7999999523162842,0.60000002384185791,3.7999999523162842,-1,-1,2,2,10
