index,low_x,low_y,low_z,high_x,high_y,high_z,left,right,count,leaf_count,depth
0,-5,0,-5,5,1.2000000476837158,5,1,512,770,0,1
1,-5,0,-5,5,1.2000000476837158,5,2,257,385,0,2
2,-5,0,-5,5,1.2000000476837158,5,3,130,192,0,3
3,-0.60000002384185791,0,-0.60000002384185791,-0.60000002384185791,1.2000000476837158,0.60000002384185791,4,67,96,0,4
4,-0.60000002384185791,0,-0.60000002384185791,-0.60000002384185791,1.2000000476837158,0.60000002384185791,5,36,48,0,5
5,-0.60000002384185791,0,-0.60000002384185791,-0.60000002384185791,1.2000000476837158,0.60000002384185791,6,21,24,0,6
6,-0.60000002384185791,0,-0.60000002384185791,-0.60000002384185791,1.2000000476837158,0.60000002384185791,7,14,12,0,7
7,-0.60000002384185791,0,-0.60000002384185791,-0.60000002384185791,1.2000000476837158,0.60000002384185791,8,11,6,0,8
8,-0.60000002384185791,0,-0.60000002384185791,-0.60000002384185791,1.2000000476837158,0.60000002384185791,9,10,3,0,9
9,-0.60000002384185791,0,-0.60000002384185791,-0.60000002384185791,1.2000000476837158,0.60000002384185791,-1,-1,1,1,10
10,-0.60000002384185791,0,-0.60000002384185791,-0.60000002384185791,1.2000000476837158,0.60000002384185791,-1,-1,2,2,10
11,-0.60000002384185791,0,-0.60000002384185791,-0.60000002384185791,1.2000000476837158,0.60000002384185791,12,13,3,0,9
12,-0.60000002384185791,0,-0.60000002384185791,-0.60000002384185791,1.2000000476837158,0.60000002384185791,-1,-1,1,1,10
13,-0.60000002384185791,0,-0.60000002384185791,-0.60000002384185791,1.2000000476837158,0.60000002384185791,-1,-1,2,2,10
14,-0.60000002384185791,0,-0.60000002384185791,-0.60000002384185791,1.2000000476837158,0.60000002384185791,15,18,6,0,8
15,-0.60000002384185791,0,-0.60000002384185791,-0.60000002384185791,1.2000000476837158,0.60000002384185791,16,17,3,0,9
16,-0.60000002384185791,0,-0.60000002384185791,-0.60000002384185791,1.2000000476837158,0.60000002384185791,-1,-1,1,1,10
17,-0.60000002384185791,0,-0.60000002384185791,-0.60000002384185791,1.2000000476837158,0.60000002384185791,-1,-1,2,2,10
18,-0.60000002384185791,0,-0.60000002384185791,-0.60000002384185791,1.2000000476837158,0.60000002384185791,19,20,3,0,9
19,-0.60000002384185791,0,-0.60000002384185791,-0.60000002384185791,1.2000000476837158,0.60000002384185791,-1,-1,1,1,10
20,-0.60000002384185791,0,-0.60000002384185791,-0.60000002384185791,1.2000000476837158,0.60000002384185791,-1,-1,2,2,10
21,-0.60000002384185791,0,-0.60000002384185791,-0.60000002384185791,1.2000000476837158,0.60000002384185791,22,29,12,0,7
22,-0.60000002384185791,0,-0.60000002384185791,-0.60000002384185791,1.2000000476837158,0.60000002384185791,23,26,6,0,8
23,-0.60000002384185791,0,-0.60000002384185791,-0.60000002384185791,1.2000000476837158,0.60000002384185791,24,25,3,0,9
24,-0.60000002384185791,0,-0.60000002384185791,-0.60000002384185791,1.2000000476837158,0.60000002384185791,-1,-1,1,1,10
25,-0.60000002384185791,0,-0.60000002384185791,-0.60000002384185791,1.2000000476837158,0.60000002384185791,-1,-1,2,2,10
26,-0.60000002384185791,0,-0.60000002384185791,-0.60000002384185791,1.2000000476837158,0.60000002384185791,27,28,3,0,9
27,-0.60000002384185791,0,-0.60000002384185791,-0.60000002384185791,1.2000000476837158,0.60000002384185791,-1,-1,1,1,10
28,-0.60000002384185791,0,-0.60000002384185791,-0.60000002384185791,1.2000000476837158,0.60000002384185791,-1,-1,2,2,10
29,-0.60000002384185791,0,-0.60000002384185791,-0.60000002384185791,1.2000000476837158,0.60000002384185791,30,33,6,0,8
30,-0.60000002384185791,0,-0.60000002384185791,-0.60000002384185791,1.2000000476837158,0.60000002384185791,31,32,3,0,9
31,-0.60000002384185791,0,-0.60000002384185791,-0.60000002384185791,1.2000000476837158,0.60000002384185791,-1,-1,1,1,10
32,-0.60000002384185791,0,-0.60000002384185791,-0.60000002384185791,1.2000000476837158,0.60000002384185791,-1,-1,2,2,10
33,-0.60000002384185791,0,-0.60000002384185791,-0.60000002384185791,1.2000000476837158,0.60000002384185791,34,35,3,0,9
34,-0.60000002384185791,0,-0.60000002384185791,-0.60000002384185791,1.2000000476837158,0.60000002384185791,-1,-1,1,1,10
35,-0.60000002384185791,0,-0.60000002384185791,-0.60000002384185791,1.2000000476837158,0.60000002384185791,-1,-1,2,2,10
36,-0.60000002384185791,0,-0.60000002384185791,-0.60000002384185791,1.2000000476837158,0.60000002384185791,37,52,24,0,6
37,-0.60000002384185791,0,-0.60000002384185791,-0.60000002384185791,1.2000000476837158,0.60000002384185791,38,45,12,0,7
38,-0.60000002384185791,0,-0.60000002384185791,-0.60000002384185791,1.2000000476837158,0.60000002384185791,39,42,6,0,8
39,-0.60000002384185791,0,-0.60000002384185791,-0.60000002384185791,1.2000000476837158,0.60000002384185791,40,41,3,0,9
40,-0.60000002384185791,0,-0.60000002384185791,-0.60000002384185791,1.2000000476837158,0.60000002384185791,-1,-1,1,1,10
41,-0.60000002384185791,0,-0.60000002384185791,-0.60000002384185791,1.2000000476837158,0.60000002384185791,-1,-1,2,2,10
42,-0.60000002384185791,0,-0.60000002384185791,-0.60000002384185791,1.2000000476837158,0.60000002384185791,43,44,3,0,9
43,-0.60000002384185791,0,-0.60000002384185791,-0.60000002384185791,1.2000000476837158,0.60000002384185791,-1,-1,1,1,10
44,-0.60000002384185791,0,-0.60000002384185791,-0.60000002384185791,1.2000000476837158,0.60000002384185791,-1,-1,2,2,10
45,-0.60000002384185791,0,-0.60000002384185791,-0.60000002384185791,1.2000000476837158,0.60000002384185791,46,49,6,0,8
46,-0.60000002384185791,0,-0.60000002384185791,-0.60000002384185791,1.2000000476837158,0.60000002384185791,47,48,3,0,9
47,-0.60000002384185791,0,-0.60000002384185791,-0.60000002384185791,1.2000000476837158,0.60000002384185791,-1,-1,1,1,10
48,-0.60000002384185791,0,-0.60000002384185791,-0.60000002384185791,1.2000000476837158,0.60000002384185791,-1,-1,2,2,10
49,-0.60000002384185791,0,-0.60000002384185791,-0.60000002384185791,1.2000000476837158,0.60000002384185791,50,51,3,0,9
50,-0.60000002384185791,0,-0.60000002384185791,-0.60000002384185791,1.2000000476837158,0.60000002384185791,-1,-1,1,1,10
51,-0.60000002384185791,0,-0.60000002384185791,-0.60000002384185791,1.2000000476837158,0.60000002384185791,-1,-1,2,2,10
52,-0.60000002384185791,0,-0.60000002384185791,-0.60000002384185791,1.2000000476837158,0.60000002384185791,53,60,12,0,7
53,-0.60000002384185791,0,-0.60000002384185791,-0.60000002384185791,1.2000000476837158,0.60000002384185791,54,57,6,0,8
54,-0.60000002384185791,0,-0.60000002384185791,-0.60000002384185791,1.2000000476837158,0.60000002384185791,55,56,3,0,9
55,-0.60000002384185791,0,-0.60000002384185791,-0.60000002384185791,1.2000000476837158,0.60000002384185791,-1,-1,1,1,10
56,-0.60000002384185791,0,-0.60000002384185791,-0.60000002384185791,1.2000000476837158,0.60000002384185791,-1,-1,2,2,10
57,-0.60000002384185791,0,-0.60000002384185791,-0.60000002384185791,1.2000000476837158,0.60000002384185791,58,59,3,0,9
58,-0.60000002384185791,0,-0.60000002384185791,-0.60000002384185791,1.2000000476837158,0.60000002384185791,-1,-1,1,1,10
59,-0.60000002384185791,0,-0.60000002384185791,-0.60000002384185791,1.2000000476837158,0.60000002384185791,-1,-1,2,2,10
60,-0.60000002384185791,0,-0.60000002384185791,-0.60000002384185791,1.2000000476837158,0.60000002384185791,61,64,6,0,8
61,-0.60000002384185791,0,-0.60000002384185791,-0.60000002384185791,1.2000000476837158,0.60000002384185791,62,63,3,0,9
62,-0.60000002384185791,0,-0.60000002384185791,-0.60000002384185791,1.2000000476837158,0.60000002384185791,-1,-1,1,1,10
63,-0.60000002384185791,0,-0.60000002384185791,-0.60000002384185791,1.2000000476837158,0.60000002384185791,-1,-1,2,2,10
64,-0.60000002384185791,0,-0.60000002384185791,-0.60000002384185791,1.2000000476837158,0.60000002384185791,65,66,3,0,9
65,-0.60000002384185791,0,-0.60000002384185791,-0.60000002384185791,1.2000000476837158,0.60000002384185791,-1,-1,1,1,10
66,-0.60000002384185791,0,-0.60000002384185791,-0.60000002384185791,1.2000000476837158,0.60000002384185791,-1,-1,2,2,10
67,-0.60000002384185791,0,-0.60000002384185791,-0.60000002384185791,1.2000000476837158,0.60000002384185791,68,99,48,0,5
68,-0.60000002384185791,0,-0.60000002384185791,-0.60000002384185791,1.2000000476837158,0.60000002384185791,69,84,24,0,6
69,-0.60000002384185791,0,-0.60000002384185791,-0.60000002384185791,1.2000000476837158,0.60000002384185791,70,77,12,0,7
70,-0.60000002384185791,0,-0.60000002384185791,-0.60000002384185791,1.2000000476837158,0.60000002384185791,71,74,6,0,8
71,-0.60000002384185791,0,-0.60000002384185791,-0.60000002384185791,1.2000000476837158,0.60000002384185791,72,73,3,0,9
72,-0.60000002384185791,0,-0.60000002384185791,-0.60000002384185791,1.2000000476837158,0.60000002384185791,-1,-1,1,1,10
73,-0.60000002384185791,0,-0.60000002384185791,-0.60000002384185791,1.2000000476837158,0.60000002384185791,-1,-1,2,2,10
74,-0.60000002384185791,0,-0.60000002384185791,-0.60000002384185791,1.2000000476837158,0.60000002384185791,75,76,3,0,9
75,-0.60000002384185791,0,-0.60000002384185791,-0.60000002384185791,1.2000000476837158,0.60000002384185791,-1,-1,1,1,10
76,-0.60000002384185791,0,-0.60000002384185791,-0.60000002384185791,1.2000000476837158,0.60000002384185791,-1,-1,2,2,10
77,-0.60000002384185791,0,-0.60000002384185791,-0.60000002384185791,1.2000000476837158,0.60000002384185791,78,81,6,0,8
78,-0.60000002384185791,0,-0.60000002384185791,-0.60000002384185791,1.2000000476837158,0.60000002384185791,79,80,3,0,9
79,-0.60000002384185791,0,-0.60000002384185791,-0.60000002384185791,1.2000000476837158,0.60000002384185791,-1,-1,1,1,10
80,-0.60000002384185791,0,-0.60000002384185791,-0.60000002384185791,1.2000000476837158,0.60000002384185791,-1,-1,2,2,10
81,-0.60000002384185791,0,-0.60000002384185791,-0.60000002384185791,1.2000000476837158,0.60000002384185791,82,83,3,0,9
82,-0.60000002384185791,0,-0.60000002384185791,-0.60000002384185791,1.2000000476837158,0.60000002384185791,-1,-1,1,1,10
83,-0.60000002384185791,0,-0.60000002384185791,-0.60000002384185791,1.2000000476837158,0.60000002384185791,-1,-1,2,2,10
84,-0.60000002384185791,0,-0.60000002384185791,-0.60000002384185791,1.2000000476837158,0.60000002384185791,85,92,12,0,7
85,-0.60000002384185791,0,-0.60000002384185791,-0.60000002384185791,1.2000000476837158,0.60000002384185791,86,89,6,0,8
86,-0.60000002384185791,0,-0.60000002384185791,-0.60000002384185791,1.2000000476837158,0.60000002384185791,87,88,3,0,9
87,-0.60000002384185791,0,-0.60000002384185791,-0.60000002384185791,1.2000000476837158,0.60000002384185791,-1,-1,1,1,10
88,-0.60000002384185791,0,-0.60000002384185791,-0.60000002384185791,1.2000000476837158,0.60000002384185791,-1,-1,2,2,10
89,-0.60000002384185791,0,-0.60000002384185791,-0.60000002384185791,1.2000000476837158,0.60000002384185791,90,91,3,0,9
90,-0.60000002384185791,0,-0.60000002384185791,-0.60000002384185791,1.2000000476837158,0.60000002384185791,-1,-1,1,1,10
91,-0.60000002384185791,0,-0.60000002384185791,-0.60000002384185791,1.2000000476837158,0.60000002384185791,-1,-1,2,2,10
92,-0.60000002384185791,0,-0.60000002384185791,-0.60000002384185791,1.2000000476837158,0.60000002384185791,93,96,6,0,8
93,-0.60000002384185791,0,-0.60000002384185791,-0.60000002384185791,1.2000000476837158,0.60000002384185791,94,95,3,0,9
94,-0.60000002384185791,0,-0.60000002384185791,-0.60000002384185791,1.2000000476837158,0.60000002384185791,-1,-1,1,1,10
95,-0.60000002384185791,0,-0.60000002384185791,-0.60000002384185791,1.2000000476837158,0.60000002384185791,-1,-1,2,2,10
96,-0.60000002384185791,0,-0.60000002384185791,-0.60000002384185791,1.2000000476837158,0.60000002384185791,97,98,3,0,9
97,-0.60000002384185791,0,-0.60000002384185791,-0.60000002384185791,1.2000000476837158,0.60000002384185791,-1,-1,1,1,10
98,-0.60000002384185791,0,-0.60000002384185791,-0.60000002384185791,1.2000000476837158,0.60000002384185791,-1,-1,2,2,10
99,-0.60000002384185791,0,-0.60000002384185791,-0.60000002384185791,1.2000000476837158,0.60000002384185791,100,115,24,0,6
100,-0.60000002384185791,0,-0.60000002384185791,-0.60000002384185791,1.2000000476837158,0.60000002384185791,101,108,12,0,7
101,-0.60000002384185791,0,-0.60000002384185791,-0.60000002384185791,1.2000000476837158,0.60000002384185791,102,105,6,0,8
102,-0.60000002384185791,0,-0.60000002384185791,-0.60000002384185791,1.2000000476837158,0.60000002384185791,103,104,3,0,9
103,-0.60000002384185791,0,-0.60000002384185791,-0.60000002384185791,1.2000000476837158,0.60000002384185791,-1,-1,1,1,10
104,-0.60000002384185791,0,-0.60000002384185791,-0.60000002384185791,1.2000000476837158,0.60000002384185791,-1,-1,2,2,10
105,-0.60000002384185791,0,-0.60000002384185791,-0.60000002384185791,1.2000000476837158,0.60000002384185791,106,107,3,0,9
106,-0.60000002384185791,0,-0.60000002384185791,-0.60000002384185791,1.2000000476837158,0.60000002384185791,-1,-1,1,1,10
107,-0.60000002384185791,0,-0.60000002384185791,-0.60000002384185791,1.2000000476837158,0.60000002384185791,-1,-1,2,2,10
108,-0.60000002384185791,0,-0.60000002384185791,-0.60000002384185791,1.2000000476837158,0.60000002384185791,109,112,6,0,8
109,-0.60000002384185791,0,-0.60000002384185791,-0.60000002384185791,1.2000000476837158,0.60000002384185791,110,111,3,0,9
110,-0.60000002384185791,0,-0.60000002384185791,-0.60000002384185791,1.2000000476837158,0.60000002384185791,-1,-1,1,1,10
111,-0.60000002384185791,0,-0.60000002384185791,-0.60000002384185791,1.2000000476837158,0.60000002384185791,-1,-1,2,2,10
112,-0.60000002384185791,0,-0.60000002384185791,-0.60000002384185791,1.2000000476837158,0.60000002384185791,113,114,3,0,9
113,-0.60000002384185791,0,-0.60000002384185791,-0.60000002384185791,1.2000000476837158,0.60000002384185791,-1,-1,1,1,10
114,-0.60000002384185791,0,-0.60000002384185791,-0.60000002384185791,1.2000000476837158,0.60000002384185791,-1,-1,2,2,10
115,-0.60000002384185791,0,-0.60000002384185791,-0.60000002384185791,1.2000000476837158,0.60000002384185791,116,123,12,0,7
116,-0.60000002384185791,0,-0.60000002384185791,-0.60000002384185791,1.2000000476837158,0.60000002384185791,117,120,6,0,8
117,-0.60000002384185791,0,-0.60000002384185791,-0.60000002384185791,1.2000000476837158,0.60000002384185791,118,119,3,0,9
118,-0.60000002384185791,0,-0.60000002384185791,-0.60000002384185791,1.2000000476837158,0.60000002384185791,-1,-1,1,1,10
119,-0.60000002384185791,0,-0.60000002384185791,-0.60000002384185791,1.2000000476837158,0.60000002384185791,-1,-1,2,2,10
120,-0.60000002384185791,0,-0.60000002384185791,-0.60000002384185791,1.2000000476837158,0.60000002384185791,121,122,3,0,9
121,-0.60000002384185791,0,-0.60000002384185791,-0.60000002384185791,1.2000000476837158,0.60000002384185791,-1,-1,1,1,10
122,-0.60000002384185791,0,-0.60000002384185791,-0.60000002384185791,1.2000000476837158,0.60000002384185791,-1,-1,2,2,10
123,-0.60000002384185791,0,-0.60000002384185791,-0.60000002384185791,1.2000000476837158,0.60000002384185791,124,127,6,0,8
124,-0.60000002384185791,0,-0.60000002384185791,-0.60000002384185791,1.2000000476837158,0.60000002384185791,125,126,3,0,9
125,-0.60000002384185791,0,-0.60000002384185791,-0.60000002384185791,1.2000000476837158,0.60000002384185791,-1,-1,1,1,10
126,-0.60000002384185791,0,-0.60000002384185791,-0.60000002384185791,1.2000000476837158,0.60000002384185791,-1,-1,2,2,10
127,-0.60000002384185791,0,-0.60000002384185791,-0.60000002384185791,1.2000000476837158,0.60000002384185791,128,129,3,0,9
128,-0.60000002384185791,0,-0.60000002384185791,-0.60000002384185791,1.2000000476837158,0.60000002384185791,-1,-1,1,1,10
129,-0.60000002384185791,0,-0.60000002384185791,-0.60000002384185791,1.2000000476837158,0.60000002384185791,-1,-1,2,2,10
130,-5,0,-5,5,1.2000000476837158,5,131,194,96,0,4
131,-5,0,-5,5,1.2000000476837158,5,132,163,48,0,5
132,-0.60000002384185791,0,-0.60000002384185791,-0.60000002384185791,1.2000000476837158,0.60000002384185791,133,148,24,0,6
133,-0.60000002384185791,0,-0.60000002384185791,-0.60000002384185791,1.2000000476837158,0.60000002384185791,134,141,12,0,7
134,-0.60000002384185791,0,-0.60000002384185791,-0.60000002384185791,1.2000000476837158,0.60000002384185791,135,138,6,0,8
135,-0.60000002384185791,0,-0.60000002384185791,-0.60000002384185791,1.2000000476837158,0.60000002384185791,136,137,3,0,9
136,-0.60000002384185791,0,-0.60000002384185791,-0.60000002384185791,1.2000000476837158,0.60000002384185791,-1,-1,1,1,10
137,-0.60000002384185791,0,-0.60000002384185791,-0.60000002384185791,1.2000000476837158,0.60000002384185791,-1,-1,2,2,10
138,-0.60000002384185791,0,-0.60000002384185791,-0.60000002384185791,1.2000000476837158,0.60000002384185791,139,140,3,0,9
139,-0.60000002384185791,0,-0.60000002384185791,-0.60000002384185791,1.2000000476837158,0.60000002384185791,-1,-1,1,1,10
140,-0.60000002384185791,0,-0.60000002384185791,-0.60000002384185791,1.2000000476837158,0.60000002384185791,-1,-1,2,2,10
141,-0.60000002384185791,0,-0.60000002384185791,-0.60000002384185791,1.2000000476837158,0.60000002384185791,142,145,6,0,8
142,-0.60000002384185791,0,-0.60000002384185791,-0.60000002384185791,1.2000000476837158,0.60000002384185791,143,144,3,0,9
143,-0.60000002384185791,0,-0.60000002384185791,-0.60000002384185791,1.2000000476837158,0.60000002384185791,-1,-1,1,1,10
144,-0.60000002384185791,0,-0.60000002384185791,-0.60000002384185791,1.2000000476837158,0.60000002384185791,-1,-1,2,2,10
145,-0.60000002384185791,0,-0.60000002384185791,-0.60000002384185791,1.2000000476837158,0.60000002384185791,146,147,3,0,9
146,-0.60000002384185791,0,-0.60000002384185791,-0.60000002384185791,1.2000000476837158,0.60000002384185791,-1,-1,1,1,10
147,-0.60000002384185791,0,-0.60000002384185791,-0.60000002384185791,1.2000000476837158,0.60000002384185791,-1,-1,2,2,10
148,-0.60000002384185791,0,-0.60000002384185791,-0.60000002384185791,1.2000000476837158,0.60000002384185791,149,156,12,0,7
149,-0.60000002384185791,0,-0.60000002384185791,-0.60000002384185791,1.2000000476837158,0.60000002384185791,150,153,6,0,8
150,-0.60000002384185791,0,-0.60000002384185791,-0.60000002384185791,1.2000000476837158,0.60000002384185791,151,152,3,0,9
151,-0.60000002384185791,0,-0.60000002384185791,-0.60000002384185791,1.2000000476837158,0.60000002384185791,-1,-1,1,1,10
152,-0.60000002384185791,0,-0.60000002384185791,-0.60000002384185791,1.2000000476837158,0.60000002384185791,-1,-1,2,2,10
153,-0.60000002384185791,0,-0.60000002384185791,-0.60000002384185791,1.2000000476837158,0.60000002384185791,154,155,3,0,9
154,-0.60000002384185791,0,-0.60000002384185791,-0.60000002384185791,1.2000000476837158,0.60000002384185791,-1,-1,1,1,10
155,-0.60000002384185791,0,-0.60000002384185791,-0.60000002384185791,1.2000000476837158,0.60000002384185791,-1,-1,2,2,10
156,-0.60000002384185791,0,-0.60000002384185791,-0.60000002384185791,1.2000000476837158,0.60000002384185791,157,160,6,0,8
157,-0.60000002384185791,0,-0.60000002384185791,-0.60000002384185791,1.2000000476837158,0.60000002384185791,158,159,3,0,9
158,-0.60000002384185791,0,-0.60000002384185791,-0.60000002384185791,1.2000000476837158,0.60000002384185791,-1,-1,1,1,10
159,-0.60000002384185791,0,-0.60000002384185791,-0.60000002384185791,1.2000000476837158,0.60000002384185791,-1,-1,2,2,10
160,-0.60000002384185791,0,-0.60000002384185791,-0.60000002384185791,1.2000000476837158,0.60000002384185791,161,162,3,0,9
161,-0.60000002384185791,0,-0.60000002384185791,-0.60000002384185791,1.2000000476837158,0.60000002384185791,-1,-1,1,1,10
162,-0.60000002384185791,0,-0.60000002384185791,-0.60000002384185791,1.2000000476837158,0.60000002384185791,-1,-1,2,2,10
163,-5,0,-5,5,1.2000000476837158,5,164,179,24,0,6
164,-5,0,-5,5,1.2000000476837158,5,165,172,12,0,7
165,-0.60000002384185791,0,-0.60000002384185791,-0.60000002384185791,1.2000000476837158,0.60000002384185791,166,169,6,0,8
166,-0.60000002384185791,0,-0.60000002384185791,-0.60000002384185791,1.2000000476837158,0.60000002384185791,167,168,3,0,9
167,-0.60000002384185791,0,-0.60000002384185791,-0.60000002384185791,1.2000000476837158,0.60000002384185791,-1,-1,1,1,10
168,-0.60000002384185791,0,-0.60000002384185791,-0.60000002384185791,1.2000000476837158,0.60000002384185791,-1,-1,2,2,10
169,-0.60000002384185791,0,-0.60000002384185791,-0.60000002384185791,1.2000000476837158,0.60000002384185791,170,171,3,0,9
170,-0.60000002384185791,0,-0.60000002384185791,-0.60000002384185791,1.2000000476837158,0.60000002384185791,-1,-1,1,1,10
171,-0.60000002384185791,0,-0.60000002384185791,-0.60000002384185791,1.2000000476837158,0.60000002384185791,-1,-1,2,2,10
172,-5,0,-5,5,1.2000000476837158,5,173,176,6,0,8
173,-5,0,-5,5,1.2000000476837158,5,174,175,3,0,9
174,-0.60000002384185791,0,-0.60000002384185791,-0.60000002384185791,1.2000000476837158,0.60000002384185791,-1,-1,1,1,10
175,-5,0,-5,5,1.2000000476837158,5,-1,-1,2,2,10
176,-5,0,-5,5,1.2000000476837158,5,177,178,3,0,9
177,-5,0,-5,5,0,5,-1,-1,1,1,10
178,-0.60000002384185791,0,-0.60000002384185791,0.60000002384185791,1.2000000476837158,-0.60000002384185791,-1,-1,2,2,10
179,-0.60000002384185791,0,-0.60000002384185791,0.60000002384185791,1.2000000476837158,0.60000002384185791,180,187,12,0,7
180,-0.60000002384185791,0,-0.60000002384185791,0.60000002384185791,1.2000000476837158,0.60000002384185791,181,184,6,0,8
181,-0.60000002384185791,0,-0.60000002384185791,0.60000002384185791,1.2000000476837158,0.60000002384185791,182,183,3,0,9
182,-0.60000002384185791,0,0.60000002384185791,0.60000002384185791,1.2000000476837158,0.60000002384185791,-1,-1,1,1,10
183,-0.60000002384185791,0,-0.60000002384185791,0.60000002384185791,1.2000000476837158,0.60000002384185791,-1,-1,2,2,10
184,-0.60000002384185791,0,-0.60000002384185791,0.60000002384185791,1.2000000476837158,0.60000002384185791,185,186,3,0,9
185,-0.60000002384185791,0,-0.60000002384185791,0.60000002384185791,0,0.60000002384185791,-1,-1,1,1,10
186,-0.60000002384185791,1.2000000476837158,-0.60000002384185791,0.60000002384185791,1.2000000476837158,0.60000002384185791,-1,-1,2,2,10
187,-0.60000002384185791,0,-0.60000002384185791,0.60000002384185791,1.2000000476837158,0.60000002384185791,188,191,6,0,8
188,-0.60000002384185791,0,-0.60000002384185791,0.60000002384185791,1.2000000476837158,0.60000002384185791,189,190,3,0,9
189,-0.60000002384185791,0,-0.60000002384185791,0.60000002384185791,1.2000000476837158,-0.60000002384185791,-1,-1,1,1,10
190,-0.60000002384185791,0,-0.60000002384185791,0.60000002384185791,1.2000000476837158,0.60000002384185791,-1,-1,2,2,10
191,-0.60000002384185791,0,-0.60000002384185791,0.60000002384185791,1.2000000476837158,0.60000002384185791,192,193,3,0,9
192,-0.60000002384185791,0,0.60000002384185791,0.60000002384185791,1.2000000476837158,0.60000002384185791,-1,-1,1,1,10
193,-0.60000002384185791,0,-0.60000002384185791,0.60000002384185791,0,0.60000002384185791,-1,-1,2,2,10
194,-0.60000002384185791,0,-0.60000002384185791,0.60000002384185791,1.2000000476837158,0.60000002384185791,195,226,48,0,5
195,-0.60000002384185791,0,-0.60000002384185791,0.60000002384185791,1.2000000476837158,0.60000002384185791,196,211,24,0,6
196,-0.60000002384185791,0,-0.60000002384185791,0.60000002384185791,1.2000000476837158,0.60000002384185791,197,204,12,0,7
197,-0.60000002384185791,0,-0.60000002384185791,0.60000002384185791,1.2000000476837158,0.60000002384185791,198,201,6,0,8
198,-0.60000002384185791,0,-0.60000002384185791,0.60000002384185791,1.2000000476837158,0.60000002384185791,199,200,3,0,9
199,-0.60000002384185791,1.2000000476837158,-0.60000002384185791,0.60000002384185791,1.2000000476837158,0.60000002384185791,-1,-1,1,1,10
200,-0.60000002384185791,0,-0.60000002384185791,0.60000002384185791,1.2000000476837158,0.60000002384185791,-1,-1,2,2,10
201,-0.60000002384185791,0,-0.60000002384185791,0.60000002384185791,1.2000000476837158,0.60000002384185791,202,203,3,0,9
202,-0.60000002384185791,0,-0.60000002384185791,0.60000002384185791,1.2000000476837158,-0.60000002384185791,-1,-1,1,1,10
203,-0.60000002384185791,0,0.60000002384185791,0.60000002384185791,1.2000000476837158,0.60000002384185791,-1,-1,2,2,10
204,-0.60000002384185791,0,-0.60000002384185791,0.60000002384185791,1.2000000476837158,0.60000002384185791,205,208,6,0,8
205,-0.60000002384185791,0,-0.60000002384185791,0.60000002384185791,1.2000000476837158,0.60000002384185791,206,207,3,0,9
206,-0.60000002384185791,0,-0.60000002384185791,0.60000002384185791,0,0.60000002384185791,-1,-1,1,1,10
207,-0.60000002384185791,0,-0.60000002384185791,0.60000002384185791,1.2000000476837158,0.60000002384185791,-1,-1,2,2,10
208,-0.60000002384185791,0,-0.60000002384185791,0.60000002384185791,1.2000000476837158,0.60000002384185791,209,210,3,0,9
209,-0.60000002384185791,1.2000000476837158,-0.60000002384185791,0.60000002384185791,1.2000000476837158,0.60000002384185791,-1,-1,1,1,10
210,-0.60000002384185791,0,-0.60000002384185791,0.60000002384185791,1.2000000476837158,-0.60000002384185791,-1,-1,2,2,10
211,-0.60000002384185791,0,-0.60000002384185791,0.60000002384185791,1.2000000476837158,0.60000002384185791,212,219,12,0,7
212,-0.60000002384185791,0,-0.60000002384185791,0.60000002384185791,1.2000000476837158,0.60000002384185791,213,216,6,0,8
213,-0.60000002384185791,0,-0.60000002384185791,0.60000002384185791,1.2000000476837158,0.60000002384185791,214,215,3,0,9
214,-0.60000002384185791,0,0.60000002384185791,0.60000002384185791,1.2000000476837158,0.60000002384185791,-1,-1,1,1,10
215,-0.60000002384185791,0,-0.60000002384185791,0.60000002384185791,1.2000000476837158,0.60000002384185791,-1,-1,2,2,10
216,-0.60000002384185791,0,-0.60000002384185791,0.60000002384185791,1.2000000476837158,0.60000002384185791,217,218,3,0,9
217,-0.60000002384185791,0,-0.60000002384185791,0.60000002384185791,0,0.60000002384185791,-1,-1,1,1,10
218,-0.60000002384185791,1.2000000476837158,-0.60000002384185791,0.60000002384185791,1.2000000476837158,0.60000002384185791,-1,-1,2,2,10
219,-0.60000002384185791,0,-0.60000002384185791,0.60000002384185791,1.2000000476837158,0.60000002384185791,220,223,6,0,8
220,-0.60000002384185791,0,-0.60000002384185791,0.60000002384185791,1.2000000476837158,0.60000002384185791,221,222,3,0,9
221,-0.60000002384185791,0,-0.60000002384185791,0.60000002384185791,1.2000000476837158,-0.60000002384185791,-1,-1,1,1,10
222,-0.60000002384185791,0,-0.60000002384185791,0.60000002384185791,1.2000000476837158,0.60000002384185791,-1,-1,2,2,10
223,-0.60000002384185791,0,-0.60000002384185791,0.60000002384185791,1.2000000476837158,0.60000002384185791,224,225,3,0,9
224,-0.60000002384185791,0,0.60000002384185791,0.60000002384185791,1.2000000476837158,0.60000002384185791,-1,-1,1,1,10
225,-0.60000002384185791,0,-0.60000002384185791,0.60000002384185791,0,0.60000002384185791,-1,-1,2,2,10
226,-0.60000002384185791,0,-0.60000002384185791,0.60000002384185791,1.2000000476837158,0.60000002384185791,227,242,24,0,6
227,-0.60000002384185791,0,-0.60000002384185791,0.60000002384185791,1.2000000476837158,0.60000002384185791,228,235,12,0,7
228,-0.60000002384185791,0,-0.60000002384185791,0.60000002384185791,1.2000000476837158,0.60000002384185791,229,232,6,0,8
229,-0.60000002384185791,0,-0.60000002384185791,0.60000002384185791,1.2000000476837158,0.60000002384185791,230,231,3,0,9
230,-0.60000002384185791,1.2000000476837158,-0.60000002384185791,0.60000002384185791,1.2000000476837158,0.60000002384185791,-1,-1,1,1,10
231,-0.60000002384185791,0,-0.60000002384185791,0.60000002384185791,1.2000000476837158,0.60000002384185791,-1,-1,2,2,10
232,-0.60000002384185791,0,-0.60000002384185791,0.60000002384185791,1.2000000476837158,0.60000002384185791,233,234,3,0,9
233,-0.60000002384185791,0,-0.60000002384185791,0.60000002384185791,1.2000000476837158,-0.60000002384185791,-1,-1,1,1,10
234,-0.60000002384185791,0,0.60000002384185791,0.60000002384185791,1.2000000476837158,0.60000002384185791,-1,-1,2,2,10
235,-0.60000002384185791,0,-0.60000002384185791,0.60000002384185791,1.2000000476837158,0.60000002384185791,236,239,6,0,8
236,-0.60000002384185791,0,-0.60000002384185791,0.60000002384185791,1.2000000476837158,0.60000002384185791,237,238,3,0,9
237,-0.60000002384185791,0,-0.60000002384185791,0.60000002384185791,0,0.60000002384185791,-1,-1,1,1,10
238,-0.60000002384185791,0,-0.60000002384185791,0.60000002384185791,1.2000000476837158,0.60000002384185791,-1,-1,2,2,10
239,-0.60000002384185791,0,-0.60000002384185791,0.60000002384185791,1.2000000476837158,0.60000002384185791,240,241,3,0,9
240,-0.60000002384185791,1.2000000476837158,-0.60000002384185791,0.60000002384185791,1.2000000476837158,0.60000002384185791,-1,-1,1,1,10
241,-0.60000002384185791,0,-0.60000002384185791,0.60000002384185791,1.2000000476837158,-0.60000002384185791,-1,-1,2,2,10
242,-0.60000002384185791,0,-0.60000002384185791,0.60000002384185791,1.2000000476837158,0.60000002384185791,243,250,12,0,7
243,-0.60000002384185791,0,-0.60000002384185791,0.60000002384185791,1.2000000476837158,0.60000002384185791,244,247,6,0,8
244,-0.60000002384185791,0,-0.60000002384185791,0.60000002384185791,1.2000000476837158,0.60000002384185791,245,246,3,0,9
245,-0.60000002384185791,0,0.60000002384185791,0.60000002384185791,1.2000000476837158,0.60000002384185791,-1,-1,1,1,10
246,-0.60000002384185791,0,-0.60000002384185791,0.60000002384185791,1.2000000476837158,0.60000002384185791,-1,-1,2,2,10
247,-0.60000002384185791,0,-0.60000002384185791,0.60000002384185791,1.2000000476837158,0.60000002384185791,248,249,3,0,9
248,-0.60000002384185791,0,-0.60000002384185791,0.60000002384185791,0,0.60000002384185791,-1,-1,1,1,10
249,-0.60000002384185791,1.2000000476837158,-0.60000002384185791,0.60000002384185791,1.2000000476837158,0.60000002384185791,-1,-1,2,2,10
250,-0.60000002384185791,0,-0.60000002384185791,0.60000002384185791,1.2000000476837158,0.60000002384185791,251,254,6,0,8
251,-0.60000002384185791,0,-0.60000002384185791,0.60000002384185791,1.2000000476837158,0.60000002384185791,252,253,3,0,9
252,-0.60000002384185791,0,-0.60000002384185791,0.60000002384185791,1.2000000476837158,-0.60000002384185791,-1,-1,1,1,10
253,-0.60000002384185791,0,-0.60000002384185791,0.60000002384185791,1.2000000476837158,0.60000002384185791,-1,-1,2,2,10
254,-0.60000002384185791,0,-0.60000002384185791,0.60000002384185791,1.2000000476837158,0.60000002384185791,255,256,3,0,9
255,-0.60000002384185791,0,0.60000002384185791,0.60000002384185791,1.2000000476837158,0.60000002384185791,-1,-1,1,1,10
256,-0.60000002384185791,0,-0.60000002384185791,0.60000002384185791,0,0.60000002384185791,-1,-1,2,2,10
257,-0.60000002384185791,0,-0.60000002384185791,0.60000002384185791,1.2000000476837158,0.60000002384185791,258,385,193,0,3
258,-0.60000002384185791,0,-0.60000002384185791,0.60000002384185791,1.2000000476837158,0.60000002384185791,259,322,96,0,4
259,-0.60000002384185791,0,-0.60000002384185791,0.60000002384185791,1.2000000476837158,0.60000002384185791,260,291,48,0,5
260,-0.60000002384185791,0,-0.60000002384185791,0.60000002384185791,1.2000000476837158,0.60000002384185791,261,276,24,0,6
261,-0.60000002384185791,0,-0.60000002384185791,0.60000002384185791,1.2000000476837158,0.60000002384185791,262,269,12,0,7
262,-0.60000002384185791,0,-0.60000002384185791,0.60000002384185791,1.2000000476837158,0.60000002384185791,263,266,6,0,8
263,-0.60000002384185791,0,-0.60000002384185791,0.60000002384185791,1.2000000476837158,0.60000002384185791,264,265,3,0,9
264,-0.60000002384185791,1.2000000476837158,-0.60000002384185791,0.60000002384185791,1.2000000476837158,0.60000002384185791,-1,-1,1,1,10
265,-0.60000002384185791,0,-0.60000002384185791,0.60000002384185791,1.2000000476837158,0.60000002384185791,-1,-1,2,2,10
266,-0.60000002384185791,0,-0.60000002384185791,0.60000002384185791,1.2000000476837158,0.60000002384185791,267,268,3,0,9
267,-0.60000002384185791,0,-0.60000002384185791,0.60000002384185791,1.2000000476837158,-0.60000002384185791,-1,-1,1,1,10
268,-0.60000002384185791,0,0.60000002384185791,0.60000002384185791,1.2000000476837158,0.60000002384185791,-1,-1,2,2,10
269,-0.60000002384185791,0,-0.60000002384185791,0.60000002384185791,1.2000000476837158,0.60000002384185791,270,273,6,0,8
270,-0.60000002384185791,0,-0.60000002384185791,0.60000002384185791,1.2000000476837158,0.60000002384185791,271,272,3,0,9
271,-0.60000002384185791,0,-0.60000002384185791,0.60000002384185791,0,0.60000002384185791,-1,-1,1,1,10
272,-0.60000002384185791,0,-0.60000002384185791,0.60000002384185791,1.2000000476837158,0.60000002384185791,-1,-1,2,2,10
273,-0.60000002384185791,0,-0.60000002384185791,0.60000002384185791,1.2000000476837158,0.60000002384185791,274,275,3,0,9
274,-0.60000002384185791,1.2000000476837158,-0.60000002384185791,0.60000002384185791,1.2000000476837158,0.60000002384185791,-1,-1,1,1,10
275,-0.60000002384185791,0,-0.60000002384185791,0.60000002384185791,1.2000000476837158,-0.60000002384185791,-1,-1,2,2,10
276,-0.60000002384185791,0,-0.60000002384185791,0.60000002384185791,1.2000000476837158,0.60000002384185791,277,284,12,0,7
277,-0.60000002384185791,0,-0.60000002384185791,0.60000002384185791,1.2000000476837158,0.60000002384185791,278,281,6,0,8
278,-0.60000002384185791,0,-0.60000002384185791,0.60000002384185791,1.2000000476837158,0.60000002384185791,279,280,3,0,9
279,-0.60000002384185791,0,0.60000002384185791,0.60000002384185791,1.2000000476837158,0.60000002384185791,-1,-1,1,1,10
280,-0.60000002384185791,0,-0.60000002384185791,0.60000002384185791,1.2000000476837158,0.60000002384185791,-1,-1,2,2,10
281,-0.60000002384185791,0,-0.60000002384185791,0.60000002384185791,1.2000000476837158,0.60000002384185791,282,283,3,0,9
282,-0.60000002384185791,0,-0.60000002384185791,0.60000002384185791,0,0.60000002384185791,-1,-1,1,1,10
283,-0.60000002384185791,1.2000000476837158,-0.60000002384185791,0.60000002384185791,1.2000000476837158,0.60000002384185791,-1,-1,2,2,10
284,-0.60000002384185791,0,-0.60000002384185791,0.60000002384185791,1.2000000476837158,0.60000002384185791,285,288,6,0,8
285,-0.60000002384185791,0,-0.60000002384185791,0.60000002384185791,1.2000000476837158,0.60000002384185791,286,287,3,0,9
286,-0.60000002384185791,0,-0.60000002384185791,0.60000002384185791,1.2000000476837158,-0.60000002384185791,-1,-1,1,1,10
287,-0.60000002384185791,0,-0.60000002384185791,0.60000002384185791,1.2000000476837158,0.60000002384185791,-1,-1,2,2,10
288,-0.60000002384185791,0,-0.60000002384185791,0.60000002384185791,1.2000000476837158,0.60000002384185791,289,290,3,0,9
289,-0.60000002384185791,0,0.60000002384185791,0.60000002384185791,1.2000000476837158,0.60000002384185791,-1,-1,1,1,10
290,-0.60000002384185791,0,-0.60000002384185791,0.60000002384185791,0,0.60000002384185791,-1,-1,2,2,10
291,-0.60000002384185791,0,-0.60000002384185791,0.60000002384185791,1.2000000476837158,0.60000002384185791,292,307,24,0,6
292,-0.60000002384185791,0,-0.60000002384185791,0.60000002384185791,1.2000000476837158,0.60000002384185791,293,300,12,0,7
293,-0.60000002384185791,0,-0.60000002384185791,0.60000002384185791,1.2000000476837158,0.60000002384185791,294,297,6,0,8
294,-0.60000002384185791,0,-0.60000002384185791,0.60000002384185791,1.2000000476837158,0.60000002384185791,295,296,3,0,9
295,-0.60000002384185791,1.2000000476837158,-0.60000002384185791,0.60000002384185791,1.2000000476837158,0.60000002384185791,-1,-1,1,1,10
296,-0.60000002384185791,0,-0.60000002384185791,0.60000002384185791,1.2000000476837158,0.60000002384185791,-1,-1,2,2,10
297,-0.60000002384185791,0,-0.60000002384185791,0.60000002384185791,1.2000000476837158,0.60000002384185791,298,299,3,0,9
298,-0.60000002384185791,0,-0.60000002384185791,0.60000002384185791,1.2000000476837158,-0.60000002384185791,-1,-1,1,1,10
299,-0.60000002384185791,0,0.60000002384185791,0.60000002384185791,1.2000000476837158,0.60000002384185791,-1,-1,2,2,10
300,-0.60000002384185791,0,-0.60000002384185791,0.60000002384185791,1.2000000476837158,0.60000002384185791,301,304,6,0,8
301,-0.60000002384185791,0,-0.60000002384185791,0.60000002384185791,1.2000000476837158,0.60000002384185791,302,303,3,0,9
302,-0.60000002384185791,0,-0.60000002384185791,0.60000002384185791,0,0.60000002384185791,-1,-1,1,1,10
303,-0.60000002384185791,0,-0.60000002384185791,0.60000002384185791,1.2000000476837158,0.60000002384185791,-1,-1,2,2,10
304,-0.60000002384185791,0,-0.60000002384185791,0.60000002384185791,1.2000000476837158,0.60000002384185791,305,306,3,0,9
305,-0.60000002384185791,1.2000000476837158,-0.60000002384185791,0.60000002384185791,1.2000000476837158,0.60000002384185791,-1,-1,1,1,10
306,-0.60000002384185791,0,-0.60000002384185791,0.60000002384185791,1.2000000476837158,-0.60000002384185791,-1,-1,2,2,10
307,-0.60000002384185791,0,-0.60000002384185791,0.60000002384185791,1.2000000476837158,0.60000002384185791,308,315,12,0,7
308,-0.60000002384185791,0,-0.60000002384185791,0.60000002384185791,1.2000000476837158,0.60000002384185791,309,312,6,0,8
309,-0.60000002384185791,0,-0.60000002384185791,0.60000002384185791,1.2000000476837158,0.60000002384185791,310,311,3,0,9
310,-0.60000002384185791,0,0.60000002384185791,0.60000002384185791,1.2000000476837158,0.60000002384185791,-1,-1,1,1,10
311,-0.60000002384185791,0,-0.60000002384185791,0.60000002384185791,1.2000000476837158,0.60000002384185791,-1,-1,2,2,10
312,-0.60000002384185791,0,-0.60000002384185791,0.60000002384185791,1.2000000476837158,0.60000002384185791,313,314,3,0,9
313,-0.60000002384185791,0,-0.60000002384185791,0.60000002384185791,0,0.60000002384185791,-1,-1,1,1,10
314,-0.60000002384185791,1.2000000476837158,-0.60000002384185791,0.60000002384185791,1.2000000476837158,0.60000002384185791,-1,-1,2,2,10
315,-0.60000002384185791,0,-0.60000002384185791,0.60000002384185791,1.2000000476837158,0.60000002384185791,316,319,6,0,8
316,-0.60000002384185791,0,-0.60000002384185791,0.60000002384185791,1.2000000476837158,0.60000002384185791,317,318,3,0,9
317,-0.60000002384185791,0,-0.60000002384185791,0.60000002384185791,1.2000000476837158,-0.60000002384185791,-1,-1,1,1,10
318,-0.60000002384185791,0,-0.60000002384185791,0.60000002384185791,1.2000000476837158,0.60000002384185791,-1,-1,2,2,10
319,-0.60000002384185791,0,-0.60000002384185791,0.60000002384185791,1.2000000476837158,0.60000002384185791,320,321,3,0,9
320,-0.60000002384185791,0,0.60000002384185791,0.60000002384185791,1.2000000476837158,0.60000002384185791,-1,-1,1,1,10
321,-0.60000002384185791,0,-0.60000002384185791,0.60000002384185791,0,0.60000002384185791,-1,-1,2,2,10
322,-0.60000002384185791,0,-0.60000002384185791,0.60000002384185791,1.2000000476837158,0.60000002384185791,323,354,48,0,5
323,-0.60000002384185791,0,-0.60000002384185791,0.60000002384185791,1.2000000476837158,0.60000002384185791,324,339,24,0,6
324,-0.60000002384185791,0,-0.60000002384185791,0.60000002384185791,1.2000000476837158,0.60000002384185791,325,332,12,0,7
325,-0.60000002384185791,0,-0.60000002384185791,0.60000002384185791,1.2000000476837158,0.60000002384185791,326,329,6,0,8
326,-0.60000002384185791,0,-0.60000002384185791,0.60000002384185791,1.2000000476837158,0.60000002384185791,327,328,3,0,9
327,-0.60000002384185791,1.2000000476837158,-0.60000002384185791,0.60000002384185791,1.2000000476837158,0.60000002384185791,-1,-1,1,1,10
328,-0.60000002384185791,0,-0.60000002384185791,0.60000002384185791,1.2000000476837158,0.60000002384185791,-1,-1,2,2,10
329,-0.60000002384185791,0,-0.60000002384185791,0.60000002384185791,1.2000000476837158,0.60000002384185791,330,331,3,0,9
330,-0.60000002384185791,0,-0.60000002384185791,0.60000002384185791,1.2000000476837158,-0.60000002384185791,-1,-1,1,1,10
331,-0.60000002384185791,0,0.60000002384185791,0.60000002384185791,1.2000000476837158,0.60000002384185791,-1,-1,2,2,10
332,-0.60000002384185791,0,-0.60000002384185791,0.60000002384185791,1.2000000476837158,0.60000002384185791,333,336,6,0,8
333,-0.60000002384185791,0,-0.60000002384185791,0.60000002384185791,1.2000000476837158,0.60000002384185791,334,335,3,0,9
334,-0.60000002384185791,0,-0.60000002384185791,0.60000002384185791,0,0.60000002384185791,-1,-1,1,1,10
335,-0.60000002384185791,0,-0.60000002384185791,0.60000002384185791,1.2000000476837158,0.60000002384185791,-1,-1,2,2,10
336,-0.60000002384185791,0,-0.60000002384185791,0.60000002384185791,1.2000000476837158,0.60000002384185791,337,338,3,0,9
337,-0.60000002384185791,1.2000000476837158,-0.60000002384185791,0.60000002384185791,1.2000000476837158,0.60000002384185791,-1,-1,1,1,10
338,-0.60000002384185791,0,-0.60000002384185791,0.60000002384185791,1.2000000476837158,-0.60000002384185791,-1,-1,2,2,10
339,-0.60000002384185791,0,-0.60000002384185791,0.60000002384185791,1.2000000476837158,0.60000002384185791,340,347,12,0,7
340,-0.60000002384185791,0,-0.60000002384185791,0.60000002384185791,1.2000000476837158,0.60000002384185791,341,344,6,0,8
341,-0.60000002384185791,0,-0.60000002384185791,0.60000002384185791,1.2000000476837158,0.60000002384185791,342,343,3,0,9
342,-0.60000002384185791,0,0.60000002384185791,0.60000002384185791,1.2000000476837158,0.60000002384185791,-1,-1,1,1,10
343,-0.60000002384185791,0,-0.60000002384185791,0.60000002384185791,1.2000000476837158,0.60000002384185791,-1,-1,2,2,10
344,-0.60000002384185791,0,-0.60000002384185791,0.60000002384185791,1.2000000476837158,0.60000002384185791,345,346,3,0,9
345,-0.60000002384185791,0,-0.60000002384185791,0.60000002384185791,0,0.60000002384185791,-1,-1,1,1,10
346,-0.60000002384185791,1.2000000476837158,-0.60000002384185791,0.60000002384185791,1.2000000476837158,0.60000002384185791,-1,-1,2,2,10
347,-0.60000002384185791,0,-0.60000002384185791,0.60000002384185791,1.2000000476837158,0.60000002384185791,348,351,6,0,8
348,-0.60000002384185791,0,-0.60000002384185791,0.60000002384185791,1.2000000476837158,0.60000002384185791,349,350,3,0,9
349,-0.60000002384185791,0,-0.60000002384185791,0.60000002384185791,1.2000000476837158,-0.60000002384185791,-1,-1,1,1,10
350,-0.60000002384185791,0,-0.60000002384185791,0.60000002384185791,1.2000000476837158,0.60000002384185791,-1,-1,2,2,10
351,-0.60000002384185791,0,-0.60000002384185791,0.60000002384185791,1.2000000476837158,0.60000002384185791,352,353,3,0,9
352,-0.60000002384185791,0,0.60000002384185791,0.60000002384185791,1.2000000476837158,0.60000002384185791,-1,-1,1,1,10
353,-0.60000002384185791,0,-0.60000002384185791,0.60000002384185791,0,0.60000002384185791,-1,-1,2,2,10
354,-0.60000002384185791,0,-0.60000002384185791,0.60000002384185791,1.2000000476837158,0.60000002384185791,355,370,24,0,6
355,-0.60000002384185791,0,-0.60000002384185791,0.60000002384185791,1.2000000476837158,0.60000002384185791,356,363,12,0,7
356,-0.60000002384185791,0,-0.60000002384185791,0.60000002384185791,1.2000000476837158,0.60000002384185791,357,360,6,0,8
357,-0.60000002384185791,0,-0.60000002384185791,0.60000002384185791,1.2000000476837158,0.60000002384185791,358,359,3,0,9
358,-0.60000002384185791,1.2000000476837158,-0.60000002384185791,0.60000002384185791,1.2000000476837158,0.60000002384185791,-1,-1,1,1,10
359,-0.60000002384185791,0,-0.60000002384185791,0.60000002384185791,1.2000000476837158,0.60000002384185791,-1,-1,2,2,10
360,-0.60000002384185791,0,-0.60000002384185791,0.60000002384185791,1.2000000476837158,0.60000002384185791,361,362,3,0,9
361,-0.60000002384185791,0,-0.60000002384185791,0.60000002384185791,1.2000000476837158,-0.60000002384185791,-1,-1,1,1,10
362,-0.60000002384185791,0,0.60000002384185791,0.60000002384185791,1.2000000476837158,0.60000002384185791,-1,-1,2,2,10
363,-0.60000002384185791,0,-0.60000002384185791,0.60000002384185791,1.2000000476837158,0.60000002384185791,364,367,6,0,8
364,-0.60000002384185791,0,-0.60000002384185791,0.60000002384185791,1.2000000476837158,0.60000002384185791,365,366,3,0,9
365,-0.60000002384185791,0,-0.60000002384185791,0.60000002384185791,0,0.60000002384185791,-1,-1,1,1,10
366,-0.60000002384185791,0,-0.60000002384185791,0.60000002384185791,1.2000000476837158,0.60000002384185791,-1,-1,2,2,10
367,-0.60000002384185791,0,-0.60000002384185791,0.60000002384185791,1.2000000476837158,0.60000002384185791,368,369,3,0,9
368,-0.60000002384185791,1.2000000476837158,-0.60000002384185791,0.60000002384185791,1.2000000476837158,0.60000002384185791,-1,-1,1,1,10
369,-0.60000002384185791,0,-0.60000002384185791,0.60000002384185791,1.2000000476837158,-0.60000002384185791,-1,-1,2,2,10
370,-0.60000002384185791,0,-0.60000002384185791,0.60000002384185791,1.2000000476837158,0.60000002384185791,371,378,12,0,7
371,-0.60000002384185791,0,-0.60000002384185791,0.60000002384185791,1.2000000476837158,0.60000002384185791,372,375,6,0,8
372,-0.60000002384185791,0,-0.60000002384185791,0.60000002384185791,1.2000000476837158,0.60000002384185791,373,374,3,0,9
373,-0.60000002384185791,0,0.60000002384185791,0.60000002384185791,1.2000000476837158,0.60000002384185791,-1,-1,1,1,10
374,-0.60000002384185791,0,-0.60000002384185791,0.60000002384185791,1.2000000476837158,0.60000002384185791,-1,-1,2,2,10
375,-0.60000002384185791,0,-0.60000002384185791,0.60000002384185791,1.2000000476837158,0.60000002384185791,376,377,3,0,9
376,-0.60000002384185791,0,-0.60000002384185791,0.60000002384185791,0,0.60000002384185791,-1,-1,1,1,10
377,-0.60000002384185791,1.2000000476837158,-0.60000002384185791,0.60000002384185791,1.2000000476837158,0.60000002384185791,-1,-1,2,2,10
378,-0.60000002384185791,0,-0.60000002384185791,0.60000002384185791,1.2000000476837158,0.60000002384185791,379,382,6,0,8
379,-0.60000002384185791,0,-0.60000002384185791,0.60000002384185791,1.2000000476837158,0.60000002384185791,380,381,3,0,9
380,-0.60000002384185791,0,-0.60000002384185791,0.60000002384185791,1.2000000476837158,-0.60000002384185791,-1,-1,1,1,10
381,-0.60000002384185791,0,-0.60000002384185791,0.60000002384185791,1.2000000476837158,0.60000002384185791,-1,-1,2,2,10
382,-0.60000002384185791,0,-0.60000002384185791,0.60000002384185791,1.2000000476837158,0.60000002384185791,383,384,3,0,9
383,-0.60000002384185791,0,0.60000002384185791,0.60000002384185791,1.2000000476837158,0.60000002384185791,-1,-1,1,1,10
384,-0.60000002384185791,0,-0.60000002384185791,0.60000002384185791,0,0.60000002384185791,-1,-1,2,2,10
385,-0.60000002384185791,0,-0.60000002384185791,0.60000002384185791,1.2000000476837158,0.60000002384185791,386,449,97,0,4
386,-0.60000002384185791,0,-0.60000002384185791,0.60000002384185791,1.2000000476837158,0.60000002384185791,387,418,48,0,5
387,-0.60000002384185791,0,-0.60000002384185791,0.60000002384185791,1.2000000476837158,0.60000002384185791,388,403,24,0,6
388,-0.60000002384185791,0,-0.60000002384185791,0.60000002384185791,1.2000000476837158,0.60000002384185791,389,396,12,0,7
389,-0.60000002384185791,0,-0.60000002384185791,0.60000002384185791,1.2000000476837158,0.60000002384185791,390,393,6,0,8
390,-0.60000002384185791,0,-0.60000002384185791,0.60000002384185791,1.2000000476837158,0.60000002384185791,391,392,3,0,9
391,-0.60000002384185791,1.2000000476837158,-0.60000002384185791,0.60000002384185791,1.2000000476837158,0.60000002384185791,-1,-1,1,1,10
392,-0.60000002384185791,0,-0.60000002384185791,0.60000002384185791,1.2000000476837158,0.60000002384185791,-1,-1,2,2,10
393,-0.60000002384185791,0,-0.60000002384185791,0.60000002384185791,1.2000000476837158,0.60000002384185791,394,395,3,0,9
394,-0.60000002384185791,0,-0.60000002384185791,0.60000002384185791,1.2000000476837158,-0.60000002384185791,-1,-1,1,1,10
395,-0.60000002384185791,0,0.60000002384185791,0.60000002384185791,1.2000000476837158,0.60000002384185791,-1,-1,2,2,10
396,-0.60000002384185791,0,-0.60000002384185791,0.60000002384185791,1.2000000476837158,0.60000002384185791,397,400,6,0,8
397,-0.60000002384185791,0,-0.60000002384185791,0.60000002384185791,1.2000000476837158,0.60000002384185791,398,399,3,0,9
398,-0.60000002384185791,0,-0.60000002384185791,0.60000002384185791,0,0.60000002384185791,-1,-1,1,1,10
399,-0.60000002384185791,0,-0.60000002384185791,0.60000002384185791,1.2000000476837158,0.60000002384185791,-1,-1,2,2,10
400,-0.60000002384185791,0,-0.60000002384185791,0.60000002384185791,1.2000000476837158,0.60000002384185791,401,402,3,0,9
401,-0.60000002384185791,1.2000000476837158,-0.60000002384185791,0.60000002384185791,1.2000000476837158,0.60000002384185791,-1,-1,1,1,10
402,-0.60000002384185791,0,-0.60000002384185791,0.60000002384185791,1.2000000476837158,-0.60000002384185791,-1,-1,2,2,10
403,-0.60000002384185791,0,-0.60000002384185791,0.60000002384185791,1.2000000476837158,0.60000002384185791,404,411,12,0,7
404,-0.60000002384185791,0,-0.60000002384185791,0.60000002384185791,1.2000000476837158,0.60000002384185791,405,408,6,0,8
405,-0.60000002384185791,0,-0.60000002384185791,0.60000002384185791,1.2000000476837158,0.60000002384185791,406,407,3,0,9
406,-0.60000002384185791,0,0.60000002384185791,0.60000002384185791,1.2000000476837158,0.60000002384185791,-1,-1,1,1,10
407,-0.60000002384185791,0,-0.60000002384185791,0.60000002384185791,1.2000000476837158,0.60000002384185791,-1,-1,2,2,10
408,-0.60000002384185791,0,-0.60000002384185791,0.60000002384185791,1.2000000476837158,0.60000002384185791,409,410,3,0,9
409,-0.60000002384185791,0,-0.60000002384185791,0.60000002384185791,0,0.60000002384185791,-1,-1,1,1,10
410,-0.60000002384185791,1.2000000476837158,-0.60000002384185791,0.60000002384185791,1.2000000476837158,0.60000002384185791,-1,-1,2,2,10
411,-0.60000002384185791,0,-0.60000002384185791,0.60000002384185791,1.2000000476837158,0.60000002384185791,412,415,6,0,8
412,-0.60000002384185791,0,-0.60000002384185791,0.60000002384185791,1.2000000476837158,0.60000002384185791,413,414,3,0,9
413,-0.60000002384185791,0,-0.60000002384185791,0.60000002384185791,1.2000000476837158,-0.60000002384185791,-1,-1,1,1,10
414,-0.60000002384185791,0,-0.60000002384185791,0.60000002384185791,1.2000000476837158,0.60000002384185791,-1,-1,2,2,10
415,-0.60000002384185791,0,-0.60000002384185791,0.60000002384185791,1.2000000476837158,0.60000002384185791,416,417,3,0,9
416,-0.60000002384185791,0,0.60000002384185791,0.60000002384185791,1.2000000476837158,0.60000002384185791,-1,-1,1,1,10
417,-0.60000002384185791,0,-0.60000002384185791,0.60000002384185791,0,0.60000002384185791,-1,-1,2,2,10
418,-0.60000002384185791,0,-0.60000002384185791,0.60000002384185791,1.2000000476837158,0.60000002384185791,419,434,24,0,6
419,-0.60000002384185791,0,-0.60000002384185791,0.60000002384185791,1.2000000476837158,0.60000002384185791,420,427,12,0,7
420,-0.60000002384185791,0,-0.60000002384185791,0.60000002384185791,1.2000000476837158,0.60000002384185791,421,424,6,0,8
421,-0.60000002384185791,0,-0.60000002384185791,0.60000002384185791,1.2000000476837158,0.60000002384185791,422,423,3,0,9
422,-0.60000002384185791,1.2000000476837158,-0.60000002384185791,0.60000002384185791,1.2000000476837158,0.60000002384185791,-1,-1,1,1,10
423,-0.60000002384185791,0,-0.60000002384185791,0.60000002384185791,1.2000000476837158,0.60000002384185791,-1,-1,2,2,10
424,-0.60000002384185791,0,-0.60000002384185791,0.60000002384185791,1.2000000476837158,0.60000002384185791,425,426,3,0,9
425,-0.60000002384185791,0,-0.60000002384185791,0.60000002384185791,1.2000000476837158,-0.60000002384185791,-1,-1,1,1,10
426,-0.60000002384185791,0,0.60000002384185791,0.60000002384185791,1.2000000476837158,0.60000002384185791,-1,-1,2,2,10
427,-0.60000002384185791,0,-0.60000002384185791,0.60000002384185791,1.2000000476837158,0.60000002384185791,428,431,6,0,8
428,-0.60000002384185791,0,-0.60000002384185791,0.60000002384185791,1.2000000476837158,0.60000002384185791,429,430,3,0,9
429,-0.60000002384185791,0,-0.60000002384185791,0.60000002384185791,0,0.60000002384185791,-1,-1,1,1,10
430,-0.60000002384185791,0,-0.60000002384185791,0.60000002384185791,1.2000000476837158,0.60000002384185791,-1,-1,2,2,10
431,-0.60000002384185791,0,-0.60000002384185791,0.60000002384185791,1.2000000476837158,0.60000002384185791,432,433,3,0,9
432,-0.60000002384185791,1.2000000476837158,-0.60000002384185791,0.60000002384185791,1.2000000476837158,0.60000002384185791,-1,-1,1,1,10
433,-0.60000002384185791,0,-0.60000002384185791,0.60000002384185791,1.2000000476837158,-0.60000002384185791,-1,-1,2,2,10
434,-0.60000002384185791,0,-0.60000002384185791,0.60000002384185791,1.2000000476837158,0.60000002384185791,435,442,12,0,7
435,-0.60000002384185791,0,-0.60000002384185791,0.60000002384185791,1.2000000476837158,0.60000002384185791,436,439,6,0,8
436,-0.60000002384185791,0,-0.60000002384185791,0.60000002384185791,1.2000000476837158,0.60000002384185791,437,438,3,0,9
437,-0.60000002384185791,0,0.60000002384185791,0.60000002384185791,1.2000000476837158,0.60000002384185791,-1,-1,1,1,10
438,-0.60000002384185791,0,-0.60000002384185791,0.60000002384185791,1.2000000476837158,0.60000002384185791,-1,-1,2,2,10
439,-0.60000002384185791,0,-0.60000002384185791,0.60000002384185791,1.2000000476837158,0.60000002384185791,440,441,3,0,9
440,-0.60000002384185791,0,-0.60000002384185791,0.60000002384185791,0,0.60000002384185791,-1,-1,1,1,10
441,-0.60000002384185791,1.2000000476837158,-0.60000002384185791,0.60000002384185791,1.2000000476837158,0.60000002384185791,-1,-1,2,2,10
442,-0.60000002384185791,0,-0.60000002384185791,0.60000002384185791,1.2000000476837158,0.60000002384185791,443,446,6,0,8
443,-0.60000002384185791,0,-0.60000002384185791,0.60000002384185791,1.2000000476837158,0.60000002384185791,444,445,3,0,9
444,-0.60000002384185791,0,-0.60000002384185791,0.60000002384185791,1.2000000476837158,-0.60000002384185791,-1,-1,1,1,10
445,-0.60000002384185791,0,-0.60000002384185791,0.60000002384185791,1.2000000476837158,0.60000002384185791,-1,-1,2,2,10
446,-0.60000002384185791,0,-0.60000002384185791,0.60000002384185791,1.2000000476837158,0.60000002384185791,447,448,3,0,9
447,-0.60000002384185791,0,0.60000002384185791,0.60000002384185791,1.2000000476837158,0.60000002384185791,-1,-1,1,1,10
448,-0.60000002384185791,0,-0.60000002384185791,0.60000002384185791,0,0.60000002384185791,-1,-1,2,2,10
449,-0.60000002384185791,0,-0.60000002384185791,0.60000002384185791,1.2000000476837158,0.60000002384185791,450,481,49,0,5
450,-0.60000002384185791,0,-0.60000002384185791,0.60000002384185791,1.2000000476837158,0.60000002384185791,451,466,24,0,6
451,-0.60000002384185791,0,-0.60000002384185791,0.60000002384185791,1.2000000476837158,0.60000002384185791,452,459,12,0,7
452,-0.60000002384185791,0,-0.60000002384185791,0.60000002384185791,1.2000000476837158,0.60000002384185791,453,456,6,0,8
453,-0.60000002384185791,0,-0.60000002384185791,0.60000002384185791,1.2000000476837158,0.60000002384185791,454,455,3,0,9
454,-0.60000002384185791,1.2000000476837158,-0.60000002384185791,0.60000002384185791,1.2000000476837158,0.60000002384185791,-1,-1,1,1,10
455,-0.60000002384185791,0,-0.60000002384185791,0.60000002384185791,1.2000000476837158,0.60000002384185791,-1,-1,2,2,10
456,-0.60000002384185791,0,-0.60000002384185791,0.60000002384185791,1.2000000476837158,0.60000002384185791,457,458,3,0,9
457,-0.60000002384185791,0,-0.60000002384185791,0.60000002384185791,1.2000000476837158,-0.60000002384185791,-1,-1,1,1,10
458,-0.60000002384185791,0,0.60000002384185791,0.60000002384185791,1.2000000476837158,0.60000002384185791,-1,-1,2,2,10
459,-0.60000002384185791,0,-0.60000002384185791,0.60000002384185791,1.2000000476837158,0.60000002384185791,460,463,6,0,8
460,-0.60000002384185791,0,-0.60000002384185791,0.60000002384185791,1.2000000476837158,0.60000002384185791,461,462,3,0,9
461,-0.60000002384185791,0,-0.60000002384185791,0.60000002384185791,0,0.60000002384185791,-1,-1,1,1,10
462,-0.60000002384185791,0,-0.60000002384185791,0.60000002384185791,1.2000000476837158,0.60000002384185791,-1,-1,2,2,10
463,-0.60000002384185791,0,-0.60000002384185791,0.60000002384185791,1.2000000476837158,0.60000002384185791,464,465,3,0,9
464,-0.60000002384185791,1.2000000476837158,-0.60000002384185791,0.60000002384185791,1.2000000476837158,0.60000002384185791,-1,-1,1,1,10
465,-0.60000002384185791,0,-0.60000002384185791,0.60000002384185791,1.2000000476837158,-0.60000002384185791,-1,-1,2,2,10
466,-0.60000002384185791,0,-0.60000002384185791,0.60000002384185791,1.2000000476837158,0.60000002384185791,467,474,12,0,7
467,-0.60000002384185791,0,-0.60000002384185791,0.60000002384185791,1.2000000476837158,0.60000002384185791,468,471,6,0,8
468,-0.60000002384185791,0,-0.60000002384185791,0.60000002384185791,1.2000000476837158,0.60000002384185791,469,470,3,0,9
469,-0.60000002384185791,0,0.60000002384185791,0.60000002384185791,1.2000000476837158,0.60000002384185791,-1,-1,1,1,10
470,-0.60000002384185791,0,-0.60000002384185791,0.60000002384185791,1.2000000476837158,0.60000002384185791,-1,-1,2,2,10
471,-0.60000002384185791,0,-0.60000002384185791,0.60000002384185791,1.2000000476837158,0.60000002384185791,472,473,3,0,9
472,-0.60000002384185791,0,-0.60000002384185791,0.60000002384185791,0,0.60000002384185791,-1,-1,1,1,10
473,-0.60000002384185791,1.2000000476837158,-0.60000002384185791,0.60000002384185791,1.2000000476837158,0.60000002384185791,-1,-1,2,2,10
474,-0.60000002384185791,0,-0.60000002384185791,0.60000002384185791,1.2000000476837158,0.60000002384185791,475,478,6,0,8
475,-0.60000002384185791,0,-0.60000002384185791,0.60000002384185791,1.2000000476837158,0.60000002384185791,476,477,3,0,9
476,-0.60000002384185791,0,-0.60000002384185791,0.60000002384185791,1.2000000476837158,-0.60000002384185791,-1,-1,1,1,10
477,-0.60000002384185791,0,-0.60000002384185791,0.60000002384185791,1.2000000476837158,0.60000002384185791,-1,-1,2,2,10
478,-0.60000002384185791,0,-0.60000002384185791,0.60000002384185791,1.2000000476837158,0.60000002384185791,479,480,3,0,9
479,-0.60000002384185791,0,0.60000002384185791,0.60000002384185791,1.2000000476837158,0.60000002384185791,-1,-1,1,1,10
480,-0.60000002384185791,0,-0.60000002384185791,0.60000002384185791,0,0.60000002384185791,-1,-1,2,2,10
481,-0.60000002384185791,0,-0.60000002384185791,0.60000002384185791,1.2000000476837158,0.60000002384185791,482,497,25,0,6
482,-0.60000002384185791,0,-0.60000002384185791,0.60000002384185791,1.2000000476837158,0.60000002384185791,483,490,12,0,7
483,-0.60000002384185791,0,-0.60000002384185791,0.60000002384185791,1.2000000476837158,0.60000002384185791,484,487,6,0,8
484,-0.60000002384185791,0,-0.60000002384185791,0.60000002384185791,1.2000000476837158,0.60000002384185791,485,486,3,0,9
485,-0.60000002384185791,1.2000000476837158,-0.60000002384185791,0.60000002384185791,1.2000000476837158,0.60000002384185791,-1,-1,1,1,10
486,-0.60000002384185791,0,-0.60000002384185791,0.60000002384185791,1.2000000476837158,0.60000002384185791,-1,-1,2,2,10
487,-0.60000002384185791,0,-0.60000002384185791,0.60000002384185791,1.2000000476837158,0.60000002384185791,488,489,3,0,9
488,-0.60000002384185791,0,-0.60000002384185791,0.60000002384185791,1.2000000476837158,-0.60000002384185791,-1,-1,1,1,10
489,-0.60000002384185791,0,0.60000002384185791,0.60000002384185791,1.2000000476837158,0.60000002384185791,-1,-1,2,2,10
490,-0.60000002384185791,0,-0.60000002384185791,0.60000002384185791,1.2000000476837158,0.60000002384185791,491,494,6,0,8
491,-0.60000002384185791,0,-0.60000002384185791,0.60000002384185791,1.2000000476837158,0.60000002384185791,492,493,3,0,9
492,-0.60000002384185791,0,-0.60000002384185791,0.60000002384185791,0,0.60000002384185791,-1,-1,1,1,10
493,-0.60000002384185791,0,-0.60000002384185791,0.60000002384185791,1.2000000476837158,0.60000002384185791,-1,-1,2,2,10
494,-0.60000002384185791,0,-0.60000002384185791,0.60000002384185791,1.2000000476837158,0.60000002384185791,495,496,3,0,9
495,-0.60000002384185791,1.2000000476837158,-0.60000002384185791,0.60000002384185791,1.2000000476837158,0.60000002384185791,-1,-1,1,1,10
496,-0.60000002384185791,0,-0.60000002384185791,0.60000002384185791,1.2000000476837158,-0.60000002384185791,-1,-1,2,2,10
497,-0.60000002384185791,0,-0.60000002384185791,0.60000002384185791,1.2000000476837158,0.60000002384185791,498,505,13,0,7
498,-0.60000002384185791,0,-0.60000002384185791,0.60000002384185791,1.2000000476837158,0.60000002384185791,499,502,6,0,8
499,-0.60000002384185791,0,-0.60000002384185791,0.60000002384185791,1.2000000476837158,0.60000002384185791,500,501,3,0,9
500,-0.60000002384185791,0,0.60000002384185791,0.60000002384185791,1.2000000476837158,0.60000002384185791,-1,-1,1,1,10
501,-0.60000002384185791,0,-0.60000002384185791,0.60000002384185791,1.2000000476837158,0.60000002384185791,-1,-1,2,2,10
502,-0.60000002384185791,0,-0.60000002384185791,0.60000002384185791,1.2000000476837158,0.60000002384185791,503,504,3,0,9
503,-0.60000002384185791,0,-0.60000002384185791,0.60000002384185791,0,0.60000002384185791,-1,-1,1,1,10
504,-0.60000002384185791,1.2000000476837158,-0.60000002384185791,0.60000002384185791,1.2000000476837158,0.60000002384185791,-1,-1,2,2,10
505,-0.60000002384185791,0,-0.60000002384185791,0.60000002384185791,1.2000000476837158,0.60000002384185791,506,509,7,0,8
506,-0.60000002384185791,0,-0.60000002384185791,0.60000002384185791,1.2000000476837158,0.60000002384185791,507,508,3,0,9
507,-0.60000002384185791,0,-0.60000002384185791,0.60000002384185791,1.2000000476837158,-0.60000002384185791,-1,-1,1,1,10
508,-0.60000002384185791,0,-0.60000002384185791,0.60000002384185791,1.2000000476837158,0.60000002384185791,-1,-1,2,2,10
509,-0.60000002384185791,0,-0.60000002384185791,0.60000002384185791,1.2000000476837158,0.60000002384185791,510,511,4,0,9
510,-0.60000002384185791,0,-0.60000002384185791,0.60000002384185791,1.2000000476837158,0.60000002384185791,-1,-1,2,2,10
511,-0.60000002384185791,0,-0.60000002384185791,0.60000002384185791,1.2000000476837158,0.60000002384185791,-1,-1,2,2,10
512,-0.60000002384185791,0,-0.60000002384185791,0.60000002384185791,1.2000000476837158,0.60000002384185791,513,768,385,0,2
513,-0.60000002384185791,0,-0.60000002384185791,0.60000002384185791,1.2000000476837158,0.60000002384185791,514,641,192,0,3
514,-0.60000002384185791,0,-0.60000002384185791,0.60000002384185791,1.2000000476837158,0.60000002384185791,515,578,96,0,4
515,-0.60000002384185791,0,-0.60000002384185791,0.60000002384185791,1.2000000476837158,0.60000002384185791,516,547,48,0,5
516,-0.60000002384185791,0,-0.60000002384185791,0.60000002384185791,1.2000000476837158,0.60000002384185791,517,532,24,0,6
517,-0.60000002384185791,0,-0.60000002384185791,0.60000002384185791,1.2000000476837158,0.60000002384185791,518,525,12,0,7
518,-0.60000002384185791,0,-0.60000002384185791,0.60000002384185791,1.2000000476837158,0.60000002384185791,519,522,6,0,8
519,-0.60000002384185791,0,-0.60000002384185791,0.60000002384185791,1.2000000476837158,0.60000002384185791,520,521,3,0,9
520,-0.60000002384185791,1.2000000476837158,-0.60000002384185791,0.60000002384185791,1.2000000476837158,0.60000002384185791,-1,-1,1,1,10
521,-0.60000002384185791,0,-0.60000002384185791,0.60000002384185791,1.2000000476837158,-0.60000002384185791,-1,-1,2,2,10
522,-0.60000002384185791,0,-0.60000002384185791,0.60000002384185791,1.2000000476837158,0.60000002384185791,523,524,3,0,9
523,-0.60000002384185791,0,0.60000002384185791,0.60000002384185791,1.2000000476837158,0.60000002384185791,-1,-1,1,1,10
524,-0.60000002384185791,0,-0.60000002384185791,0.60000002384185791,1.2000000476837158,0.60000002384185791,-1,-1,2,2,10
525,-0.60000002384185791,0,-0.60000002384185791,0.60000002384185791,1.2000000476837158,0.60000002384185791,526,529,6,0,8
526,-0.60000002384185791,0,-0.60000002384185791,0.60000002384185791,1.2000000476837158,0.60000002384185791,527,528,3,0,9
527,-0.60000002384185791,0,-0.60000002384185791,0.60000002384185791,0,0.60000002384185791,-1,-1,1,1,10
528,-0.60000002384185791,1.2000000476837158,-0.60000002384185791,0.60000002384185791,1.2000000476837158,0.60000002384185791,-1,-1,2,2,10
529,-0.60000002384185791,0,-0.60000002384185791,0.60000002384185791,1.2000000476837158,0.60000002384185791,530,531,3,0,9
530,-0.60000002384185791,0,-0.60000002384185791,0.60000002384185791,1.2000000476837158,-0.60000002384185791,-1,-1,1,1,10
531,-0.60000002384185791,0,-0.60000002384185791,0.60000002384185791,1.2000000476837158,0.60000002384185791,-1,-1,2,2,10
532,-0.60000002384185791,0,-0.60000002384185791,0.60000002384185791,1.2000000476837158,0.60000002384185791,533,540,12,0,7
533,-0.60000002384185791,0,-0.60000002384185791,0.60000002384185791,1.2000000476837158,0.60000002384185791,534,537,6,0,8
534,-0.60000002384185791,0,-0.60000002384185791,0.60000002384185791,1.2000000476837158,0.60000002384185791,535,536,3,0,9
535,-0.60000002384185791,0,0.60000002384185791,0.60000002384185791,1.2000000476837158,0.60000002384185791,-1,-1,1,1,10
536,-0.60000002384185791,0,-0.60000002384185791,0.60000002384185791,0,0.60000002384185791,-1,-1,2,2,10
537,-0.60000002384185791,0,-0.60000002384185791,0.60000002384185791,1.2000000476837158,0.60000002384185791,538,539,3,0,9
538,-0.60000002384185791,1.2000000476837158,-0.60000002384185791,0.60000002384185791,1.2000000476837158,0.60000002384185791,-1,-1,1,1,10
539,-0.60000002384185791,0,-0.60000002384185791,0.60000002384185791,1.2000000476837158,0.60000002384185791,-1,-1,2,2,10
540,-0.60000002384185791,0,-0.60000002384185791,0.60000002384185791,1.2000000476837158,0.60000002384185791,541,544,6,0,8
541,-0.60000002384185791,0,-0.60000002384185791,0.60000002384185791,1.2000000476837158,0.60000002384185791,542,543,3,0,9
542,-0.60000002384185791,0,-0.60000002384185791,0.60000002384185791,1.2000000476837158,-0.60000002384185791,-1,-1,1,1,10
543,-0.60000002384185791,0,0.60000002384185791,0.60000002384185791,1.2000000476837158,0.60000002384185791,-1,-1,2,2,10
544,-0.60000002384185791,0,-0.60000002384185791,0.60000002384185791,1.2000000476837158,0.60000002384185791,545,546,3,0,9
545,-0.60000002384185791,0,-0.60000002384185791,0.60000002384185791,0,0.60000002384185791,-1,-1,1,1,10
546,-0.60000002384185791,0,-0.60000002384185791,0.60000002384185791,1.2000000476837158,0.60000002384185791,-1,-1,2,2,10
547,-0.60000002384185791,0,-0.60000002384185791,0.60000002384185791,1.2000000476837158,0.60000002384185791,548,563,24,0,6
548,-0.60000002384185791,0,-0.60000002384185791,0.60000002384185791,1.2000000476837158,0.60000002384185791,549,556,12,0,7
549,-0.60000002384185791,0,-0.60000002384185791,0.60000002384185791,1.2000000476837158,0.60000002384185791,550,553,6,0,8
550,-0.60000002384185791,0,-0.60000002384185791,0.60000002384185791,1.2000000476837158,0.60000002384185791,551,552,3,0,9
551,-0.60000002384185791,1.2000000476837158,-0.60000002384185791,0.60000002384185791,1.2000000476837158,0.60000002384185791,-1,-1,1,1,10
552,-0.60000002384185791,0,-0.60000002384185791,0.60000002384185791,1.2000000476837158,-0.60000002384185791,-1,-1,2,2,10
553,-0.60000002384185791,0,-0.60000002384185791,0.60000002384185791,1.2000000476837158,0.60000002384185791,554,555,3,0,9
554,-0.60000002384185791,0,0.60000002384185791,0.60000002384185791,1.2000000476837158,0.60000002384185791,-1,-1,1,1,10
555,-0.60000002384185791,0,-0.60000002384185791,0.60000002384185791,1.2000000476837158,0.60000002384185791,-1,-1,2,2,10
556,-0.60000002384185791,0,-0.60000002384185791,0.60000002384185791,1.2000000476837158,0.60000002384185791,557,560,6,0,8
557,-0.60000002384185791,0,-0.60000002384185791,0.60000002384185791,1.2000000476837158,0.60000002384185791,558,559,3,0,9
558,-0.60000002384185791,0,-0.60000002384185791,0.60000002384185791,0,0.60000002384185791,-1,-1,1,1,10
559,-0.60000002384185791,1.2000000476837158,-0.60000002384185791,0.60000002384185791,1.2000000476837158,0.60000002384185791,-1,-1,2,2,10
560,-0.60000002384185791,0,-0.60000002384185791,0.60000002384185791,1.2000000476837158,0.60000002384185791,561,562,3,0,9
561,-0.60000002384185791,0,-0.60000002384185791,0.60000002384185791,1.2000000476837158,-0.60000002384185791,-1,-1,1,1,10
562,-0.60000002384185791,0,-0.60000002384185791,0.60000002384185791,1.2000000476837158,0.60000002384185791,-1,-1,2,2,10
563,-0.60000002384185791,0,-0.60000002384185791,0.60000002384185791,1.2000000476837158,0.60000002384185791,564,571,12,0,7
564,-0.60000002384185791,0,-0.60000002384185791,0.60000002384185791,1.2000000476837158,0.60000002384185791,565,568,6,0,8
565,-0.60000002384185791,0,-0.60000002384185791,0.60000002384185791,1.2000000476837158,0.60000002384185791,566,567,3,0,9
566,-0.60000002384185791,0,0.60000002384185791,0.60000002384185791,1.2000000476837158,0.60000002384185791,-1,-1,1,1,10
567,-0.60000002384185791,0,-0.60000002384185791,0.60000002384185791,0,0.60000002384185791,-1,-1,2,2,10
568,-0.60000002384185791,0,-0.60000002384185791,0.60000002384185791,1.2000000476837158,0.60000002384185791,569,570,3,0,9
569,-0.60000002384185791,1.2000000476837158,-0.60000002384185791,0.60000002384185791,1.2000000476837158,0.60000002384185791,-1,-1,1,1,10
570,-0.60000002384185791,0,-0.60000002384185791,0.60000002384185791,1.2000000476837158,0.60000002384185791,-1,-1,2,2,10
571,-0.60000002384185791,0,-0.60000002384185791,0.60000002384185791,1.2000000476837158,0.60000002384185791,572,575,6,0,8
572,-0.60000002384185791,0,-0.60000002384185791,0.60000002384185791,1.2000000476837158,0.60000002384185791,573,574,3,0,9
573,-0.60000002384185791,0,-0.60000002384185791,0.60000002384185791,1.2000000476837158,-0.60000002384185791,-1,-1,1,1,10
574,-0.60000002384185791,0,0.60000002384185791,0.60000002384185791,1.2000000476837158,0.60000002384185791,-1,-1,2,2,10
575,-0.60000002384185791,0,-0.60000002384185791,0.60000002384185791,1.2000000476837158,0.60000002384185791,576,577,3,0,9
576,-0.60000002384185791,0,-0.60000002384185791,0.60000002384185791,0,0.60000002384185791,-1,-1,1,1,10
577,-0.60000002384185791,0,-0.60000002384185791,0.60000002384185791,1.2000000476837158,0.60000002384185791,-1,-1,2,2,10
578,-0.60000002384185791,0,-0.60000002384185791,0.60000002384185791,1.2000000476837158,0.60000002384185791,579,610,48,0,5
579,-0.60000002384185791,0,-0.60000002384185791,0.60000002384185791,1.2000000476837158,0.60000002384185791,580,595,24,0,6
580,-0.60000002384185791,0,-0.60000002384185791,0.60000002384185791,1.2000000476837158,0.60000002384185791,581,588,12,0,7
581,-0.60000002384185791,0,-0.60000002384185791,0.60000002384185791,1.2000000476837158,0.60000002384185791,582,585,6,0,8
582,-0.60000002384185791,0,-0.60000002384185791,0.60000002384185791,1.2000000476837158,0.60000002384185791,583,584,3,0,9
583,-0.60000002384185791,1.2000000476837158,-0.60000002384185791,0.60000002384185791,1.2000000476837158,0.60000002384185791,-1,-1,1,1,10
584,-0.60000002384185791,0,-0.60000002384185791,0.60000002384185791,1.2000000476837158,-0.60000002384185791,-1,-1,2,2,10
585,-0.60000002384185791,0,-0.60000002384185791,0.60000002384185791,1.2000000476837158,0.60000002384185791,586,587,3,0,9
586,-0.60000002384185791,0,0.60000002384185791,0.60000002384185791,1.2000000476837158,0.60000002384185791,-1,-1,1,1,10
587,-0.60000002384185791,0,-0.60000002384185791,0.60000002384185791,1.2000000476837158,0.60000002384185791,-1,-1,2,2,10
588,-0.60000002384185791,0,-0.60000002384185791,0.60000002384185791,1.2000000476837158,0.60000002384185791,589,592,6,0,8
589,-0.60000002384185791,0,-0.60000002384185791,0.60000002384185791,1.2000000476837158,0.60000002384185791,590,591,3,0,9
590,-0.60000002384185791,0,-0.60000002384185791,0.60000002384185791,0,0.60000002384185791,-1,-1,1,1,10
591,-0.60000002384185791,1.2000000476837158,-0.60000002384185791,0.60000002384185791,1.2000000476837158,0.60000002384185791,-1,-1,2,2,10
592,-0.60000002384185791,0,-0.60000002384185791,0.60000002384185791,1.2000000476837158,0.60000002384185791,593,594,3,0,9
593,-0.60000002384185791,0,-0.60000002384185791,0.60000002384185791,1.2000000476837158,-0.60000002384185791,-1,-1,1,1,10
594,-0.60000002384185791,0,-0.60000002384185791,0.60000002384185791,1.2000000476837158,0.60000002384185791,-1,-1,2,2,10
595,-0.60000002384185791,0,-0.60000002384185791,0.60000002384185791,1.2000000476837158,0.60000002384185791,596,603,12,0,7
596,-0.60000002384185791,0,-0.60000002384185791,0.60000002384185791,1.2000000476837158,0.60000002384185791,597,600,6,0,8
597,-0.60000002384185791,0,-0.60000002384185791,0.60000002384185791,1.2000000476837158,0.60000002384185791,598,599,3,0,9
598,-0.60000002384185791,0,0.60000002384185791,0.60000002384185791,1.2000000476837158,0.60000002384185791,-1,-1,1,1,10
599,-0.60000002384185791,0,-0.60000002384185791,0.60000002384185791,0,0.60000002384185791,-1,-1,2,2,10
600,-0.60000002384185791,0,-0.60000002384185791,0.60000002384185791,1.2000000476837158,0.60000002384185791,601,602,3,0,9
601,-0.60000002384185791,1.2000000476837158,-0.60000002384185791,0.60000002384185791,1.2000000476837158,0.60000002384185791,-1,-1,1,1,10
602,-0.60000002384185791,0,-0.60000002384185791,0.60000002384185791,1.2000000476837158,0.60000002384185791,-1,-1,2,2,10
603,-0.60000002384185791,0,-0.60000002384185791,0.60000002384185791,1.2000000476837158,0.60000002384185791,604,607,6,0,8
604,-0.60000002384185791,0,-0.60000002384185791,0.60000002384185791,1.2000000476837158,0.60000002384185791,605,606,3,0,9
605,-0.60000002384185791,0,-0.60000002384185791,0.60000002384185791,1.2000000476837158,-0.60000002384185791,-1,-1,1,1,10
606,-0.60000002384185791,0,0.60000002384185791,0.60000002384185791,1.2000000476837158,0.60000002384185791,-1,-1,2,2,10
607,-0.60000002384185791,0,-0.60000002384185791,0.60000002384185791,1.2000000476837158,0.60000002384185791,608,609,3,0,9
608,-0.60000002384185791,0,-0.60000002384185791,0.60000002384185791,0,0.60000002384185791,-1,-1,1,1,10
609,-0.60000002384185791,0,-0.60000002384185791,0.60000002384185791,1.2000000476837158,0.60000002384185791,-1,-1,2,2,10
610,-0.60000002384185791,0,-0.60000002384185791,0.60000002384185791,1.2000000476837158,0.60000002384185791,611,626,24,0,6
611,-0.60000002384185791,0,-0.60000002384185791,0.60000002384185791,1.2000000476837158,0.60000002384185791,612,619,12,0,7
612,-0.60000002384185791,0,-0.60000002384185791,0.60000002384185791,1.2000000476837158,0.60000002384185791,613,616,6,0,8
613,-0.60000002384185791,0,-0.60000002384185791,0.60000002384185791,1.2000000476837158,0.60000002384185791,614,615,3,0,9
614,-0.60000002384185791,1.2000000476837158,-0.60000002384185791,0.60000002384185791,1.2000000476837158,0.60000002384185791,-1,-1,1,1,10
615,-0.60000002384185791,0,-0.60000002384185791,0.60000002384185791,1.2000000476837158,-0.60000002384185791,-1,-1,2,2,10
616,-0.60000002384185791,0,-0.60000002384185791,0.60000002384185791,1.2000000476837158,0.60000002384185791,617,618,3,0,9
617,-0.60000002384185791,0,0.60000002384185791,0.60000002384185791,1.2000000476837158,0.60000002384185791,-1,-1,1,1,10
618,-0.60000002384185791,0,-0.60000002384185791,0.60000002384185791,1.2000000476837158,0.60000002384185791,-1,-1,2,2,10
619,-0.60000002384185791,0,-0.60000002384185791,0.60000002384185791,1.2000000476837158,0.60000002384185791,620,623,6,0,8
620,-0.60000002384185791,0,-0.60000002384185791,0.60000002384185791,1.2000000476837158,0.60000002384185791,621,622,3,0,9
621,-0.60000002384185791,0,-0.60000002384185791,0.60000002384185791,0,0.60000002384185791,-1,-1,1,1,10
622,-0.60000002384185791,1.2000000476837158,-0.60000002384185791,0.60000002384185791,1.2000000476837158,0.60000002384185791,-1,-1,2,2,10
623,-0.60000002384185791,0,-0.60000002384185791,0.60000002384185791,1.2000000476837158,0.60000002384185791,624,625,3,0,9
624,-0.60000002384185791,0,-0.60000002384185791,0.60000002384185791,1.2000000476837158,-0.60000002384185791,-1,-1,1,1,10
625,-0.60000002384185791,0,-0.60000002384185791,0.60000002384185791,1.2000000476837158,0.60000002384185791,-1,-1,2,2,10
626,-0.60000002384185791,0,-0.60000002384185791,0.60000002384185791,1.2000000476837158,0.60000002384185791,627,634,12,0,7
627,-0.60000002384185791,0,-0.60000002384185791,0.60000002384185791,1.2000000476837158,0.60000002384185791,628,631,6,0,8
628,-0.60000002384185791,0,-0.60000002384185791,0.60000002384185791,1.2000000476837158,0.60000002384185791,629,630,3,0,9
629,-0.60000002384185791,0,0.60000002384185791,0.60000002384185791,1.2000000476837158,0.60000002384185791,-1,-1,1,1,10
630,-0.60000002384185791,0,-0.60000002384185791,0.60000002384185791,0,0.60000002384185791,-1,-1,2,2,10
631,-0.60000002384185791,0,-0.60000002384185791,0.60000002384185791,1.2000000476837158,0.60000002384185791,632,633,3,0,9
632,-0.60000002384185791,1.2000000476837158,-0.60000002384185791,0.60000002384185791,1.2000000476837158,0.60000002384185791,-1,-1,1,1,10
633,-0.60000002384185791,0,-0.60000002384185791,0.60000002384185791,1.2000000476837158,0.60000002384185791,-1,-1,2,2,10
634,-0.60000002384185791,0,-0.60000002384185791,0.60000002384185791,1.2000000476837158,0.60000002384185791,635,638,6,0,8
635,-0.60000002384185791,0,-0.60000002384185791,0.60000002384185791,1.2000000476837158,0.60000002384185791,636,637,3,0,9
636,-0.60000002384185791,0,-0.60000002384185791,0.60000002384185791,1.2000000476837158,-0.60000002384185791,-1,-1,1,1,10
637,-0.60000002384185791,0,0.60000002384185791,0.60000002384185791,1.2000000476837158,0.60000002384185791,-1,-1,2,2,10
638,-0.60000002384185791,0,-0.60000002384185791,0.60000002384185791,1.2000000476837158,0.60000002384185791,639,640,3,0,9
639,-0.60000002384185791,0,-0.60000002384185791,0.60000002384185791,0,0.60000002384185791,-1,-1,1,1,10
640,-0.60000002384185791,0,-0.60000002384185791,0.60000002384185791,1.2000000476837158,0.60000002384185791,-1,-1,2,2,10
641,-0.60000002384185791,0,-0.60000002384185791,0.60000002384185791,1.2000000476837158,0.60000002384185791,642,705,96,0,4
642,-0.60000002384185791,0,-0.60000002384185791,0.60000002384185791,1.2000000476837158,0.60000002384185791,643,674,48,0,5
643,-0.60000002384185791,0,-0.60000002384185791,0.60000002384185791,1.2000000476837158,0.60000002384185791,644,659,24,0,6
644,-0.60000002384185791,0,-0.60000002384185791,0.60000002384185791,1.2000000476837158,0.60000002384185791,645,652,12,0,7
645,-0.60000002384185791,0,-0.60000002384185791,0.60000002384185791,1.2000000476837158,0.60000002384185791,646,649,6,0,8
646,-0.60000002384185791,0,-0.60000002384185791,0.60000002384185791,1.2000000476837158,0.60000002384185791,647,648,3,0,9
647,-0.60000002384185791,1.2000000476837158,-0.60000002384185791,0.60000002384185791,1.2000000476837158,0.60000002384185791,-1,-1,1,1,10
648,-0.60000002384185791,0,-0.60000002384185791,0.60000002384185791,1.2000000476837158,-0.60000002384185791,-1,-1,2,2,10
649,-0.60000002384185791,0,-0.60000002384185791,0.60000002384185791,1.2000000476837158,0.60000002384185791,650,651,3,0,9
650,-0.60000002384185791,0,0.60000002384185791,0.60000002384185791,1.2000000476837158,0.60000002384185791,-1,-1,1,1,10
651,-0.60000002384185791,0,-0.60000002384185791,0.60000002384185791,1.2000000476837158,0.60000002384185791,-1,-1,2,2,10
652,-0.60000002384185791,0,-0.60000002384185791,0.60000002384185791,1.2000000476837158,0.60000002384185791,653,656,6,0,8
653,-0.60000002384185791,0,-0.60000002384185791,0.60000002384185791,1.2000000476837158,0.60000002384185791,654,655,3,0,9
654,-0.60000002384185791,0,-0.60000002384185791,0.60000002384185791,0,0.60000002384185791,-1,-1,1,1,10
655,-0.60000002384185791,1.2000000476837158,-0.60000002384185791,0.60000002384185791,1.2000000476837158,0.60000002384185791,-1,-1,2,2,10
656,-0.60000002384185791,0,-0.60000002384185791,0.60000002384185791,1.2000000476837158,0.60000002384185791,657,658,3,0,9
657,-0.60000002384185791,0,-0.60000002384185791,0.60000002384185791,1.2000000476837158,-0.60000002384185791,-1,-1,1,1,10
658,-0.60000002384185791,0,-0.60000002384185791,0.60000002384185791,1.2000000476837158,0.60000002384185791,-1,-1,2,2,10
659,-0.60000002384185791,0,-0.60000002384185791,0.60000002384185791,1.2000000476837158,0.60000002384185791,660,667,12,0,7
660,-0.60000002384185791,0,-0.60000002384185791,0.60000002384185791,1.2000000476837158,0.60000002384185791,661,664,6,0,8
661,-0.60000002384185791,0,-0.60000002384185791,0.60000002384185791,1.2000000476837158,0.60000002384185791,662,663,3,0,9
662,-0.60000002384185791,0,0.60000002384185791,0.60000002384185791,1.2000000476837158,0.60000002384185791,-1,-1,1,1,10
663,-0.60000002384185791,0,-0.60000002384185791,0.60000002384185791,0,0.60000002384185791,-1,-1,2,2,10
664,-0.60000002384185791,0,-0.60000002384185791,0.60000002384185791,1.2000000476837158,0.60000002384185791,665,666,3,0,9
665,-0.60000002384185791,1.2000000476837158,-0.60000002384185791,0.60000002384185791,1.2000000476837158,0.60000002384185791,-1,-1,1,1,10
666,-0.60000002384185791,0,-0.60000002384185791,0.60000002384185791,1.2000000476837158,0.60000002384185791,-1,-1,2,2,10
667,-0.60000002384185791,0,-0.60000002384185791,0.60000002384185791,1.2000000476837158,0.60000002384185791,668,671,6,0,8
668,-0.60000002384185791,0,-0.60000002384185791,0.60000002384185791,1.2000000476837158,0.60000002384185791,669,670,3,0,9
669,-0.60000002384185791,0,-0.60000002384185791,0.60000002384185791,1.2000000476837158,-0.60000002384185791,-1,-1,1,1,10
670,-0.60000002384185791,0,0.60000002384185791,0.60000002384185791,1.2000000476837158,0.60000002384185791,-1,-1,2,2,10
671,-0.60000002384185791,0,-0.60000002384185791,0.60000002384185791,1.2000000476837158,0.60000002384185791,672,673,3,0,9
672,-0.60000002384185791,0,-0.60000002384185791,0.60000002384185791,0,0.60000002384185791,-1,-1,1,1,10
673,-0.60000002384185791,0,-0.60000002384185791,0.60000002384185791,1.2000000476837158,0.60000002384185791,-1,-1,2,2,10
674,-0.60000002384185791,0,-0.60000002384185791,0.60000002384185791,1.2000000476837158,0.60000002384185791,675,690,24,0,6
675,-0.60000002384185791,0,-0.60000002384185791,0.60000002384185791,1.2000000476837158,0.60000002384185791,676,683,12,0,7
676,-0.60000002384185791,0,-0.60000002384185791,0.60000002384185791,1.2000000476837158,0.60000002384185791,677,680,6,0,8
677,-0.60000002384185791,0,-0.60000002384185791,0.60000002384185791,1.2000000476837158,0.60000002384185791,678,679,3,0,9
678,-0.60000002384185791,1.2000000476837158,-0.60000002384185791,0.60000002384185791,1.2000000476837158,0.60000002384185791,-1,-1,1,1,10
679,-0.60000002384185791,0,-0.60000002384185791,0.60000002384185791,1.2000000476837158,-0.60000002384185791,-1,-1,2,2,10
680,-0.60000002384185791,0,-0.60000002384185791,0.60000002384185791,1.2000000476837158,0.60000002384185791,681,682,3,0,9
681,-0.60000002384185791,0,0.60000002384185791,0.60000002384185791,1.2000000476837158,0.60000002384185791,-1,-1,1,1,10
682,-0.60000002384185791,0,-0.60000002384185791,0.60000002384185791,1.2000000476837158,0.60000002384185791,-1,-1,2,2,10
683,-0.60000002384185791,0,-0.60000002384185791,0.60000002384185791,1.2000000476837158,0.60000002384185791,684,687,6,0,8
684,-0.60000002384185791,0,-0.60000002384185791,0.60000002384185791,1.2000000476837158,0.60000002384185791,685,686,3,0,9
685,-0.60000002384185791,0,-0.60000002384185791,0.60000002384185791,0,0.60000002384185791,-1,-1,1,1,10
686,-0.60000002384185791,1.2000000476837158,-0.60000002384185791,0.60000002384185791,1.2000000476837158,0.60000002384185791,-1,-1,2,2,10
687,-0.60000002384185791,0,-0.60000002384185791,0.60000002384185791,1.2000000476837158,0.60000002384185791,688,689,3,0,9
688,-0.60000002384185791,0,-0.60000002384185791,0.60000002384185791,1.2000000476837158,-0.60000002384185791,-1,-1,1,1,10
689,-0.60000002384185791,0,-0.60000002384185791,0.60000002384185791,1.2000000476837158,0.60000002384185791,-1,-1,2,2,10
690,-0.60000002384185791,0,-0.60000002384185791,0.60000002384185791,1.2000000476837158,0.60000002384185791,691,698,12,0,7
691,-0.60000002384185791,0,-0.60000002384185791,0.60000002384185791,1.2000000476837158,0.60000002384185791,692,695,6,0,8
692,-0.60000002384185791,0,-0.60000002384185791,0.60000002384185791,1.2000000476837158,0.60000002384185791,693,694,3,0,9
693,-0.60000002384185791,0,0.60000002384185791,0.60000002384185791,1.2000000476837158,0.60000002384185791,-1,-1,1,1,10
694,-0.60000002384185791,0,-0.60000002384185791,0.60000002384185791,0,0.60000002384185791,-1,-1,2,2,10
695,-0.60000002384185791,0,-0.60000002384185791,0.60000002384185791,1.2000000476837158,0.60000002384185791,696,697,3,0,9
696,-0.60000002384185791,1.2000000476837158,-0.60000002384185791,0.60000002384185791,1.2000000476837158,0.60000002384185791,-1,-1,1,1,10
697,-0.60000002384185791,0,-0.60000002384185791,0.60000002384185791,1.2000000476837158,0.60000002384185791,-1,-1,2,2,10
698,-0.60000002384185791,0,-0.60000002384185791,0.60000002384185791,1.2000000476837158,0.60000002384185791,699,702,6,0,8
699,-0.60000002384185791,0,-0.60000002384185791,0.60000002384185791,1.2000000476837158,0.60000002384185791,700,701,3,0,9
700,-0.60000002384185791,0,-0.60000002384185791,0.60000002384185791,1.2000000476837158,-0.60000002384185791,-1,-1,1,1,10
701,-0.60000002384185791,0,0.60000002384185791,0.60000002384185791,1.2000000476837158,0.60000002384185791,-1,-1,2,2,10
702,-0.60000002384185791,0,-0.60000002384185791,0.60000002384185791,1.2000000476837158,0.60000002384185791,703,704,3,0,9
703,-0.60000002384185791,0,-0.60000002384185791,0.60000002384185791,0,0.60000002384185791,-1,-1,1,1,10
704,-0.60000002384185791,0,-0.60000002384185791,0.60000002384185791,1.2000000476837158,0.60000002384185791,-1,-1,2,2,10
705,-0.60000002384185791,0,-0.60000002384185791,0.60000002384185791,1.2000000476837158,0.60000002384185791,706,737,48,0,5
706,-0.60000002384185791,0,-0.60000002384185791,0.60000002384185791,1.2000000476837158,0.60000002384185791,707,722,24,0,6
707,-0.60000002384185791,0,-0.60000002384185791,0.60000002384185791,1.2000000476837158,0.60000002384185791,708,715,12,0,7
708,-0.60000002384185791,0,-0.60000002384185791,0.60000002384185791,1.2000000476837158,0.60000002384185791,709,712,6,0,8
709,-0.60000002384185791,0,-0.60000002384185791,0.60000002384185791,1.2000000476837158,0.60000002384185791,710,711,3,0,9
710,-0.60000002384185791,1.2000000476837158,-0.60000002384185791,0.60000002384185791,1.2000000476837158,0.60000002384185791,-1,-1,1,1,10
711,-0.60000002384185791,0,-0.60000002384185791,0.60000002384185791,1.2000000476837158,-0.60000002384185791,-1,-1,2,2,10
712,-0.60000002384185791,0,-0.60000002384185791,0.60000002384185791,1.2000000476837158,0.60000002384185791,713,714,3,0,9
713,-0.60000002384185791,0,0.60000002384185791,0.60000002384185791,1.2000000476837158,0.60000002384185791,-1,-1,1,1,10
714,-0.60000002384185791,0,-0.60000002384185791,0.60000002384185791,1.2000000476837158,0.60000002384185791,-1,-1,2,2,10
715,-0.60000002384185791,0,-0.60000002384185791,0.60000002384185791,1.2000000476837158,0.60000002384185791,716,719,6,0,8
716,-0.60000002384185791,0,-0.60000002384185791,0.60000002384185791,1.2000000476837158,0.60000002384185791,717,718,3,0,9
717,-0.60000002384185791,0,-0.60000002384185791,0.60000002384185791,0,0.60000002384185791,-1,-1,1,1,10
718,-0.60000002384185791,1.2000000476837158,-0.60000002384185791,0.60000002384185791,1.2000000476837158,0.60000002384185791,-1,-1,2,2,10
719,-0.60000002384185791,0,-0.60000002384185791,0.60000002384185791,1.2000000476837158,0.60000002384185791,720,721,3,0,9
720,-0.60000002384185791,0,-0.60000002384185791,0.60000002384185791,1.2000000476837158,-0.60000002384185791,-1,-1,1,1,10
721,-0.60000002384185791,0,-0.60000002384185791,0.60000002384185791,1.2000000476837158,0.60000002384185791,-1,-1,2,2,10
722,-0.60000002384185791,0,-0.60000002384185791,0.60000002384185791,1.2000000476837158,0.60000002384185791,723,730,12,0,7
723,-0.60000002384185791,0,-0.60000002384185791,0.60000002384185791,1.2000000476837158,0.60000002384185791,724,727,6,0,8
724,-0.60000002384185791,0,-0.60000002384185791,0.60000002384185791,1.2000000476837158,0.60000002384185791,725,726,3,0,9
725,-0.60000002384185791,0,0.60000002384185791,0.60000002384185791,1.2000000476837158,0.60000002384185791,-1,-1,1,1,10
726,-0.60000002384185791,0,-0.60000002384185791,0.60000002384185791,0,0.60000002384185791,-1,-1,2,2,10
727,-0.60000002384185791,0,-0.60000002384185791,0.60000002384185791,1.2000000476837158,0.60000002384185791,728,729,3,0,9
728,-0.60000002384185791,1.2000000476837158,-0.60000002384185791,0.60000002384185791,1.2000000476837158,0.60000002384185791,-1,-1,1,1,10
729,-0.60000002384185791,0,-0.60000002384185791,0.60000002384185791,1.2000000476837158,0.60000002384185791,-1,-1,2,2,10
730,-0.60000002384185791,0,-0.60000002384185791,0.60000002384185791,1.2000000476837158,0.60000002384185791,731,734,6,0,8
731,-0.60000002384185791,0,-0.60000002384185791,0.60000002384185791,1.2000000476837158,0.60000002384185791,732,733,3,0,9
732,-0.60000002384185791,0,-0.60000002384185791,0.60000002384185791,1.2000000476837158,-0.60000002384185791,-1,-1,1,1,10
733,-0.60000002384185791,0,0.60000002384185791,0.60000002384185791,1.2000000476837158,0.60000002384185791,-1,-1,2,2,10
734,-0.60000002384185791,0,-0.60000002384185791,0.60000002384185791,1.2000000476837158,0.60000002384185791,735,736,3,0,9
735,-0.60000002384185791,0,-0.60000002384185791,0.60000002384185791,0,0.60000002384185791,-1,-1,1,1,10
736,-0.60000002384185791,0,-0.60000002384185791,0.60000002384185791,1.2000000476837158,0.60000002384185791,-1,-1,2,2,10
737,-0.60000002384185791,0,-0.60000002384185791,0.60000002384185791,1.2000000476837158,0.60000002384185791,738,753,24,0,6
738,-0.60000002384185791,0,-0.60000002384185791,0.60000002384185791,1.2000000476837158,0.60000002384185791,739,746,12,0,7
739,-0.60000002384185791,0,-0.60000002384185791,0.60000002384185791,1.2000000476837158,0.60000002384185791,740,743,6,0,8
740,-0.60000002384185791,0,-0.60000002384185791,0.60000002384185791,1.2000000476837158,0.60000002384185791,741,742,3,0,9
741,-0.60000002384185791,1.2000000476837158,-0.60000002384185791,0.60000002384185791,1.2000000476837158,0.60000002384185791,-1,-1,1,1,10
742,-0.60000002384185791,0,-0.60000002384185791,0.60000002384185791,1.2000000476837158,-0.60000002384185791,-1,-1,2,2,10
743,-0.60000002384185791,0,-0.60000002384185791,0.60000002384185791,1.2000000476837158,0.60000002384185791,744,745,3,0,9
744,-0.60000002384185791,0,0.60000002384185791,0.60000002384185791,1.2000000476837158,0.60000002384185791,-1,-1,1,1,10
745,-0.60000002384185791,0,-0.60000002384185791,0.60000002384185791,1.2000000476837158,0.60000002384185791,-1,-1,2,2,10
746,-0.60000002384185791,0,-0.60000002384185791,0.60000002384185791,1.2000000476837158,0.60000002384185791,747,750,6,0,8
747,-0.60000002384185791,0,-0.60000002384185791,0.60000002384185791,1.2000000476837158,0.60000002384185791,748,749,3,0,9
748,-0.60000002384185791,0,-0.60000002384185791,0.60000002384185791,0,0.60000002384185791,-1,-1,1,1,10
749,-0.60000002384185791,1.2000000476837158,-0.60000002384185791,0.60000002384185791,1.2000000476837158,0.60000002384185791,-1,-1,2,2,10
750,-0.60000002384185791,0,-0.60000002384185791,0.60000002384185791,1.2000000476837158,0.60000002384185791,751,752,3,0,9
751,-0.60000002384185791,0,-0.60000002384185791,0.60000002384185791,1.2000000476837158,-0.60000002384185791,-1,-1,1,1,10
752,-0.60000002384185791,0,-0.60000002384185791,0.60000002384185791,1.2000000476837158,0.60000002384185791,-1,-1,2,2,10
753,-0.60000002384185791,0,-0.60000002384185791,0.60000002384185791,1.2000000476837158,0.60000002384185791,754,761,12,0,7
754,-0.60000002384185791,0,-0.60000002384185791,0.60000002384185791,1.2000000476837158,0.60000002384185791,755,758,6,0,8
755,-0.60000002384185791,0,-0.60000002384185791,0.60000002384185791,1.2000000476837158,0.60000002384185791,756,757,3,0,9
756,-0.60000002384185791,0,0.60000002384185791,0.60000002384185791,1.2000000476837158,0.60000002384185791,-1,-1,1,1,10
757,-0.60000002384185791,0,-0.60000002384185791,0.60000002384185791,0,0.60000002384185791,-1,-1,2,2,10
758,-0.60000002384185791,0,-0.60000002384185791,0.60000002384185791,1.2000000476837158,0.60000002384185791,759,760,3,0,9
759,-0.60000002384185791,1.2000000476837158,-0.60000002384185791,0.60000002384185791,1.2000000476837158,0.60000002384185791,-1,-1,1,1,10
760,-0.60000002384185791,0,-0.60000002384185791,0.60000002384185791,1.2000000476837158,0.60000002384185791,-1,-1,2,2,10
761,-0.60000002384185791,0,-0.60000002384185791,0.60000002384185791,1.2000000476837158,0.60000002384185791,762,765,6,0,8
762,-0.60000002384185791,0,-0.60000002384185791,0.60000002384185791,1.2000000476837158,0.60000002384185791,763,764,3,0,9
763,-0.60000002384185791,0,-0.60000002384185791,0.60000002384185791,1.2000000476837158,-0.60000002384185791,-1,-1,1,1,10
764,-0.60000002384185791,0,0.60000002384185791,0.60000002384185791,1.2000000476837158,0.60000002384185791,-1,-1,2,2,10
765,-0.60000002384185791,0,-0.60000002384185791,0.60000002384185791,1.2000000476837158,0.60000002384185791,766,767,3,0,9
766,-0.60000002384185791,0,-0.60000002384185791,0.60000002384185791,0,0.60000002384185791,-1,-1,1,1,10
767,-0.60000002384185791,0,-0.60000002384185791,0.60000002384185791,1.2000000476837158,0.60000002384185791,-1,-1,2,2,10
768,-0.60000002384185791,0,-0.60000002384185791,0.60000002384185791,1.2000000476837158,0.60000002384185791,769,896,193,0,3
769,-0.60000002384185791,0,-0.60000002384185791,0.60000002384185791,1.2000000476837158,0.60000002384185791,770,833,96,0,4
770,-0.60000002384185791,0,-0.60000002384185791,0.60000002384185791,1.2000000476837158,0.60000002384185791,771,802,48,0,5
771,-0.60000002384185791,0,-0.60000002384185791,0.60000002384185791,1.2000000476837158,0.60000002384185791,772,787,24,0,6
772,-0.60000002384185791,0,-0.60000002384185791,0.60000002384185791,1.2000000476837158,0.60000002384185791,773,780,12,0,7
773,-0.60000002384185791,0,-0.60000002384185791,0.60000002384185791,1.2000000476837158,0.60000002384185791,774,777,6,0,8
774,-0.60000002384185791,0,-0.60000002384185791,0.60000002384185791,1.2000000476837158,0.60000002384185791,775,776,3,0,9
775,-0.60000002384185791,1.2000000476837158,-0.60000002384185791,0.60000002384185791,1.2000000476837158,0.60000002384185791,-1,-1,1,1,10
776,-0.60000002384185791,0,-0.60000002384185791,0.60000002384185791,1.2000000476837158,-0.60000002384185791,-1,-1,2,2,10
777,-0.60000002384185791,0,-0.60000002384185791,0.60000002384185791,1.2000000476837158,0.60000002384185791,778,779,3,0,9
778,-0.60000002384185791,0,0.60000002384185791,0.60000002384185791,1.2000000476837158,0.60000002384185791,-1,-1,1,1,10
779,-0.60000002384185791,0,-0.60000002384185791,0.60000002384185791,1.2000000476837158,0.60000002384185791,-1,-1,2,2,10
780,-0.60000002384185791,0,-0.60000002384185791,0.60000002384185791,1.2000000476837158,0.60000002384185791,781,784,6,0,8
781,-0.60000002384185791,0,-0.60000002384185791,0.60000002384185791,1.2000000476837158,0.60000002384185791,782,783,3,0,9
782,-0.60000002384185791,0,-0.60000002384185791,0.60000002384185791,0,0.60000002384185791,-1,-1,1,1,10
783,-0.60000002384185791,1.2000000476837158,-0.60000002384185791,0.60000002384185791,1.2000000476837158,0.60000002384185791,-1,-1,2,2,10
784,-0.60000002384185791,0,-0.60000002384185791,0.60000002384185791,1.2000000476837158,0.60000002384185791,785,786,3,0,9
785,-0.60000002384185791,0,-0.60000002384185791,0.60000002384185791,1.2000000476837158,-0.60000002384185791,-1,-1,1,1,10
786,-0.60000002384185791,0,-0.60000002384185791,0.60000002384185791,1.2000000476837158,0.60000002384185791,-1,-1,2,2,10
787,-0.60000002384185791,0,-0.60000002384185791,0.60000002384185791,1.2000000476837158,0.60000002384185791,788,795,12,0,7
788,-0.60000002384185791,0,-0.60000002384185791,0.60000002384185791,1.2000000476837158,0.60000002384185791,789,792,6,0,8
789,-0.60000002384185791,0,-0.60000002384185791,0.60000002384185791,1.2000000476837158,0.60000002384185791,790,791,3,0,9
790,-0.60000002384185791,0,0.60000002384185791,0.60000002384185791,1.2000000476837158,0.60000002384185791,-1,-1,1,1,10
791,-0.60000002384185791,0,-0.60000002384185791,0.60000002384185791,0,0.60000002384185791,-1,-1,2,2,10
792,-0.60000002384185791,0,-0.60000002384185791,0.60000002384185791,1.2000000476837158,0.60000002384185791,793,794,3,0,9
793,-0.60000002384185791,1.2000000476837158,-0.60000002384185791,0.60000002384185791,1.2000000476837158,0.60000002384185791,-1,-1,1,1,10
794,-0.60000002384185791,0,-0.60000002384185791,0.60000002384185791,1.2000000476837158,0.60000002384185791,-1,-1,2,2,10
795,-0.60000002384185791,0,-0.60000002384185791,0.60000002384185791,1.2000000476837158,0.60000002384185791,796,799,6,0,8
796,-0.60000002384185791,0,-0.60000002384185791,0.60000002384185791,1.2000000476837158,0.60000002384185791,797,798,3,0,9
797,-0.60000002384185791,0,-0.60000002384185791,0.60000002384185791,1.2000000476837158,-0.60000002384185791,-1,-1,1,1,10
798,-0.60000002384185791,0,0.60000002384185791,0.60000002384185791,1.2000000476837158,0.60000002384185791,-1,-1,2,2,10
799,-0.60000002384185791,0,-0.60000002384185791,0.60000002384185791,1.2000000476837158,0.60000002384185791,800,801,3,0,9
800,-0.60000002384185791,0,-0.60000002384185791,0.60000002384185791,0,0.60000002384185791,-1,-1,1,1,10
801,-0.60000002384185791,0,-0.60000002384185791,0.60000002384185791,1.2000000476837158,0.60000002384185791,-1,-1,2,2,10
802,-0.60000002384185791,0,-0.60000002384185791,0.60000002384185791,1.2000000476837158,0.60000002384185791,803,818,24,0,6
803,-0.60000002384185791,0,-0.60000002384185791,0.60000002384185791,1.2000000476837158,0.60000002384185791,804,811,12,0,7
804,-0.60000002384185791,0,-0.60000002384185791,0.60000002384185791,1.2000000476837158,0.60000002384185791,805,808,6,0,8
805,-0.60000002384185791,0,-0.60000002384185791,0.60000002384185791,1.2000000476837158,0.60000002384185791,806,807,3,0,9
806,-0.60000002384185791,1.2000000476837158,-0.60000002384185791,0.60000002384185791,1.2000000476837158,0.60000002384185791,-1,-1,1,1,10
807,-0.60000002384185791,0,-0.60000002384185791,0.60000002384185791,1.2000000476837158,-0.60000002384185791,-1,-1,2,2,10
808,-0.60000002384185791,0,-0.60000002384185791,0.60000002384185791,1.2000000476837158,0.60000002384185791,809,810,3,0,9
809,-0.60000002384185791,0,0.60000002384185791,0.60000002384185791,1.2000000476837158,0.60000002384185791,-1,-1,1,1,10
810,-0.60000002384185791,0,-0.60000002384185791,0.60000002384185791,1.2000000476837158,0.60000002384185791,-1,-1,2,2,10
811,-0.60000002384185791,0,-0.60000002384185791,0.60000002384185791,1.2000000476837158,0.60000002384185791,812,815,6,0,8
812,-0.60000002384185791,0,-0.60000002384185791,0.60000002384185791,1.2000000476837158,0.60000002384185791,813,814,3,0,9
813,-0.60000002384185791,0,-0.60000002384185791,0.60000002384185791,0,0.60000002384185791,-1,-1,1,1,10
814,-0.60000002384185791,1.2000000476837158,-0.60000002384185791,0.60000002384185791,1.2000000476837158,0.60000002384185791,-1,-1,2,2,10
815,-0.60000002384185791,0,-0.60000002384185791,0.60000002384185791,1.2000000476837158,0.60000002384185791,816,817,3,0,9
816,-0.60000002384185791,0,-0.60000002384185791,0.60000002384185791,1.2000000476837158,-0.60000002384185791,-1,-1,1,1,10
817,-0.60000002384185791,0,-0.60000002384185791,0.60000002384185791,1.2000000476837158,0.60000002384185791,-1,-1,2,2,10
818,-0.60000002384185791,0,-0.60000002384185791,0.60000002384185791,1.2000000476837158,0.60000002384185791,819,826,12,0,7
819,-0.60000002384185791,0,-0.60000002384185791,0.60000002384185791,1.2000000476837158,0.60000002384185791,820,823,6,0,8
820,-0.60000002384185791,0,-0.60000002384185791,0.60000002384185791,1.2000000476837158,0.60000002384185791,821,822,3,0,9
821,-0.60000002384185791,0,0.60000002384185791,0.60000002384185791,1.2000000476837158,0.60000002384185791,-1,-1,1,1,10
822,-0.60000002384185791,0,-0.60000002384185791,0.60000002384185791,0,0.60000002384185791,-1,-1,2,2,10
823,-0.60000002384185791,0,-0.60000002384185791,0.60000002384185791,1.2000000476837158,0.60000002384185791,824,825,3,0,9
824,-0.60000002384185791,1.2000000476837158,-0.60000002384185791,0.60000002384185791,1.2000000476837158,0.60000002384185791,-1,-1,1,1,10
825,-0.60000002384185791,0,-0.60000002384185791,0.60000002384185791,1.2000000476837158,0.60000002384185791,-1,-1,2,2,10
826,-0.60000002384185791,0,-0.60000002384185791,0.60000002384185791,1.2000000476837158,0.60000002384185791,827,830,6,0,8
827,-0.60000002384185791,0,-0.60000002384185791,0.60000002384185791,1.2000000476837158,0.60000002384185791,828,829,3,0,9
828,-0.60000002384185791,0,-0.60000002384185791,0.60000002384185791,1.2000000476837158,-0.60000002384185791,-1,-1,1,1,10
829,-0.60000002384185791,0,0.60000002384185791,0.60000002384185791,1.2000000476837158,0.60000002384185791,-1,-1,2,2,10
830,-0.60000002384185791,0,-0.60000002384185791,0.60000002384185791,1.2000000476837158,0.60000002384185791,831,832,3,0,9
831,-0.60000002384185791,0,-0.60000002384185791,0.60000002384185791,0,0.60000002384185791,-1,-1,1,1,10
832,-0.60000002384185791,0,-0.60000002384185791,0.60000002384185791,1.2000000476837158,0.60000002384185791,-1,-1,2,2,10
833,-0.60000002384185791,0,-0.60000002384185791,0.60000002384185791,1.2000000476837158,0.60000002384185791,834,865,48,0,5
834,-0.60000002384185791,0,-0.60000002384185791,0.60000002384185791,1.2000000476837158,0.60000002384185791,835,850,24,0,6
835,-0.60000002384185791,0,-0.60000002384185791,0.60000002384185791,1.2000000476837158,0.60000002384185791,836,843,12,0,7
836,-0.60000002384185791,0,-0.60000002384185791,0.60000002384185791,1.2000000476837158,0.60000002384185791,837,840,6,0,8
837,-0.60000002384185791,0,-0.60000002384185791,0.60000002384185791,1.2000000476837158,0.60000002384185791,838,839,3,0,9
838,-0.60000002384185791,1.2000000476837158,-0.60000002384185791,0.60000002384185791,1.2000000476837158,0.60000002384185791,-1,-1,1,1,10
839,-0.60000002384185791,0,-0.60000002384185791,0.60000002384185791,1.2000000476837158,-0.60000002384185791,-1,-1,2,2,10
840,-0.60000002384185791,0,-0.60000002384185791,0.60000002384185791,1.2000000476837158,0.60000002384185791,841,842,3,0,9
841,-0.60000002384185791,0,0.60000002384185791,0.60000002384185791,1.2000000476837158,0.60000002384185791,-1,-1,1,1,10
842,-0.60000002384185791,0,-0.60000002384185791,0.60000002384185791,1.2000000476837158,0.60000002384185791,-1,-1,2,2,10
843,-0.60000002384185791,0,-0.60000002384185791,0.60000002384185791,1.2000000476837158,0.60000002384185791,844,847,6,0,8
844,-0.60000002384185791,0,-0.60000002384185791,0.60000002384185791,1.2000000476837158,0.60000002384185791,845,846,3,0,9
845,-0.60000002384185791,0,-0.60000002384185791,0.60000002384185791,0,0.60000002384185791,-1,-1,1,1,10
846,-0.60000002384185791,1.2000000476837158,-0.60000002384185791,0.60000002384185791,1.2000000476837158,0.60000002384185791,-1,-1,2,2,10
847,-0.60000002384185791,0,-0.60000002384185791,0.60000002384185791,1.2000000476837158,0.60000002384185791,848,849,3,0,9
848,-0.60000002384185791,0,-0.60000002384185791,0.60000002384185791,1.2000000476837158,-0.60000002384185791,-1,-1,1,1,10
849,-0.60000002384185791,0,-0.60000002384185791,0.60000002384185791,1.2000000476837158,0.60000002384185791,-1,-1,2,2,10
850,-0.60000002384185791,0,-0.60000002384185791,0.60000002384185791,1.2000000476837158,0.60000002384185791,851,858,12,0,7
851,-0.60000002384185791,0,-0.60000002384185791,0.60000002384185791,1.2000000476837158,0.60000002384185791,852,855,6,0,8
852,-0.60000002384185791,0,-0.60000002384185791,0.60000002384185791,1.2000000476837158,0.60000002384185791,853,854,3,0,9
853,-0.60000002384185791,0,0.60000002384185791,0.60000002384185791,1.2000000476837158,0.60000002384185791,-1,-1,1,1,10
854,-0.60000002384185791,0,-0.60000002384185791,0.60000002384185791,0,0.60000002384185791,-1,-1,2,2,10
855,-0.60000002384185791,0,-0.60000002384185791,0.60000002384185791,1.2000000476837158,0.60000002384185791,856,857,3,0,9
856,-0.60000002384185791,1.2000000476837158,-0.60000002384185791,0.60000002384185791,1.2000000476837158,0.60000002384185791,-1,-1,1,1,10
857,-0.60000002384185791,0,-0.60000002384185791,0.60000002384185791,1.2000000476837158,0.60000002384185791,-1,-1,2,2,10
858,0.60000002384185791,0,-0.60000002384185791,0.60000002384185791,1.2000000476837158,0.60000002384185791,859,862,6,0,8
859,0.60000002384185791,0,-0.60000002384185791,0.60000002384185791,1.2000000476837158,0.60000002384185791,860,861,3,0,9
860,0.60000002384185791,0,-0.60000002384185791,0.60000002384185791,1.2000000476837158,0.60000002384185791,-1,-1,1,1,10
861,0.60000002384185791,0,-0.60000002384185791,0.60000002384185791,1.2000000476837158,0.60000002384185791,-1,-1,2,2,10
862,0.60000002384185791,0,-0.60000002384185791,0.60000002384185791,1.2000000476837158,0.60000002384185791,863,864,3,0,9
863,0.60000002384185791,0,-0.60000002384185791,0.60000002384185791,1.2000000476837158,0.60000002384185791,-1,-1,1,1,10
864,0.60000002384185791,0,-0.60000002384185791,0.60000002384185791,1.2000000476837158,0.60000002384185791,-1,-1,2,2,10
865,0.60000002384185791,0,-0.60000002384185791,0.60000002384185791,1.2000000476837158,0.60000002384185791,866,881,24,0,6
866,0.60000002384185791,0,-0.60000002384185791,0.60000002384185791,1.2000000476837158,0.60000002384185791,867,874,12,0,7
867,0.60000002384185791,0,-0.60000002384185791,0.60000002384185791,1.2000000476837158,0.60000002384185791,868,871,6,0,8
868,0.60000002384185791,0,-0.60000002384185791,0.60000002384185791,1.2000000476837158,0.60000002384185791,869,870,3,0,9
869,0.60000002384185791,0,-0.60000002384185791,0.60000002384185791,1.2000000476837158,0.60000002384185791,-1,-1,1,1,10
870,0.60000002384185791,0,-0.60000002384185791,0.60000002384185791,1.2000000476837158,0.60000002384185791,-1,-1,2,2,10
871,0.60000002384185791,0,-0.60000002384185791,0.60000002384185791,1.2000000476837158,0.60000002384185791,872,873,3,0,9
872,0.60000002384185791,0,-0.60000002384185791,0.60000002384185791,1.2000000476837158,0.60000002384185791,-1,-1,1,1,10
873,0.60000002384185791,0,-0.60000002384185791,0.60000002384185791,1.2000000476837158,0.60000002384185791,-1,-1,2,2,10
874,0.60000002384185791,0,-0.60000002384185791,0.60000002384185791,1.2000000476837158,0.60000002384185791,875,878,6,0,8
875,0.60000002384185791,0,-0.60000002384185791,0.60000002384185791,1.2000000476837158,0.60000002384185791,876,877,3,0,9
876,0.60000002384185791,0,-0.60000002384185791,0.60000002384185791,1.2000000476837158,0.60000002384185791,-1,-1,1,1,10
877,0.60000002384185791,0,-0.60000002384185791,0.60000002384185791,1.2000000476837158,0.60000002384185791,-1,-1,2,2,10
878,0.60000002384185791,0,-0.60000002384185791,0.60000002384185791,1.2000000476837158,0.60000002384185791,879,880,3,0,9
879,0.60000002384185791,0,-0.60000002384185791,0.60000002384185791,1.2000000476837158,0.60000002384185791,-1,-1,1,1,10
880,0.60000002384185791,0,-0.60000002384185791,0.60000002384185791,1.2000000476837158,0.60000002384185791,-1,-1,2,2,10
881,0.60000002384185791,0,-0.60000002384185791,0.60000002384185791,1.2000000476837158,0.60000002384185791,882,889,12,0,7
882,0.60000002384185791,0,-0.60000002384185791,0.60000002384185791,1.2000000476837158,0.60000002384185791,883,886,6,0,8
883,0.60000002384185791,0,-0.60000002384185791,0.60000002384185791,1.2000000476837158,0.60000002384185791,884,885,3,0,9
884,0.60000002384185791,0,-0.60000002384185791,0.60000002384185791,1.2000000476837158,0.60000002384185791,-1,-1,1,1,10
885,0.60000002384185791,0,-0.60000002384185791,0.60000002384185791,1.2000000476837158,0.60000002384185791,-1,-1,2,2,10
886,0.60000002384185791,0,-0.60000002384185791,0.60000002384185791,1.2000000476837158,0.60000002384185791,887,888,3,0,9
887,0.60000002384185791,0,-0.60000002384185791,0.60000002384185791,1.2000000476837158,0.60000002384185791,-1,-1,1,1,10
888,0.60000002384185791,0,-0.60000002384185791,0.60000002384185791,1.2000000476837158,0.60000002384185791,-1,-1,2,2,10
889,0.60000002384185791,0,-0.60000002384185791,0.60000002384185791,1.2000000476837158,0.60000002384185791,890,893,6,0,8
890,0.60000002384185791,0,-0.60000002384185791,0.60000002384185791,1.2000000476837158,0.60000002384185791,891,892,3,0,9
891,0.60000002384185791,0,-0.60000002384185791,0.60000002384185791,1.2000000476837158,0.60000002384185791,-1,-1,1,1,10
892,0.60000002384185791,0,-0.60000002384185791,0.60000002384185791,1.2000000476837158,0.60000002384185791,-1,-1,2,2,10
893,0.60000002384185791,0,-0.60000002384185791,0.60000002384185791,1.2000000476837158,0.60000002384185791,894,895,3,0,9
894,0.60000002384185791,0,-0.60000002384185791,0.60000002384185791,1.2000000476837158,0.60000002384185791,-1,-1,1,1,10
895,0.60000002384185791,0,-0.60000002384185791,0.60000002384185791,1.2000000476837158,0.60000002384185791,-1,-1,2,2,10
896,0.60000002384185791,0,-0.60000002384185791,0.60000002384185791,1.2000000476837158,0.60000002384185791,897,960,97,0,4
897,0.60000002384185791,0,-0.60000002384185791,0.60000002384185791,1.2000000476837158,0.60000002384185791,898,929,48,0,5
898,0.60000002384185791,0,-0.60000002384185791,0.60000002384185791,1.2000000476837158,0.60000002384185791,899,914,24,0,6
899,0.60000002384185791,0,-0.60000002384185791,0.60000002384185791,1.2000000476837158,0.60000002384185791,900,907,12,0,7
900,0.60000002384185791,0,-0.60000002384185791,0.60000002384185791,1.2000000476837158,0.60000002384185791,901,904,6,0,8
901,0.60000002384185791,0,-0.60000002384185791,0.60000002384185791,1.2000000476837158,0.60000002384185791,902,903,3,0,9
902,0.60000002384185791,0,-0.60000002384185791,0.60000002384185791,1.2000000476837158,0.60000002384185791,-1,-1,1,1,10
903,0.60000002384185791,0,-0.60000002384185791,0.60000002384185791,1.2000000476837158,0.60000002384185791,-1,-1,2,2,10
904,0.60000002384185791,0,-0.60000002384185791,0.60000002384185791,1.2000000476837158,0.60000002384185791,905,906,3,0,9
905,0.60000002384185791,0,-0.60000002384185791,0.60000002384185791,1.2000000476837158,0.60000002384185791,-1,-1,1,1,10
906,0.60000002384185791,0,-0.60000002384185791,0.60000002384185791,1.2000000476837158,0.60000002384185791,-1,-1,2,2,10
907,0.60000002384185791,0,-0.60000002384185791,0.60000002384185791,1.2000000476837158,0.60000002384185791,908,911,6,0,8
908,0.60000002384185791,0,-0.60000002384185791,0.60000002384185791,1.2000000476837158,0.60000002384185791,909,910,3,0,9
909,0.60000002384185791,0,-0.60000002384185791,0.60000002384185791,1.2000000476837158,0.60000002384185791,-1,-1,1,1,10
910,0.60000002384185791,0,-0.60000002384185791,0.60000002384185791,1.2000000476837158,0.60000002384185791,-1,-1,2,2,10
911,0.60000002384185791,0,-0.60000002384185791,0.60000002384185791,1.2000000476837158,0.60000002384185791,912,913,3,0,9
912,0.60000002384185791,0,-0.60000002384185791,0.60000002384185791,1.2000000476837158,0.60000002384185791,-1,-1,1,1,10
913,0.60000002384185791,0,-0.60000002384185791,0.60000002384185791,1.2000000476837158,0.60000002384185791,-1,-1,2,2,10
914,0.60000002384185791,0,-0.60000002384185791,0.60000002384185791,1.2000000476837158,0.60000002384185791,915,922,12,0,7
915,0.60000002384185791,0,-0.60000002384185791,0.60000002384185791,1.2000000476837158,0.60000002384185791,916,919,6,0,8
916,0.60000002384185791,0,-0.60000002384185791,0.60000002384185791,1.2000000476837158,0.60000002384185791,917,918,3,0,9
917,0.60000002384185791,0,-0.60000002384185791,0.60000002384185791,1.2000000476837158,0.60000002384185791,-1,-1,1,1,10
918,0.60000002384185791,0,-0.60000002384185791,0.60000002384185791,1.2000000476837158,0.60000002384185791,-1,-1,2,2,10
919,0.60000002384185791,0,-0.60000002384185791,0.60000002384185791,1.2000000476837158,0.60000002384185791,920,921,3,0,9
920,0.60000002384185791,0,-0.60000002384185791,0.60000002384185791,1.2000000476837158,0.60000002384185791,-1,-1,1,1,10
921,0.60000002384185791,0,-0.60000002384185791,0.60000002384185791,1.2000000476837158,0.60000002384185791,-1,-1,2,2,10
922,0.60000002384185791,0,-0.60000002384185791,0.60000002384185791,1.2000000476837158,0.60000002384185791,923,926,6,0,8
923,0.60000002384185791,0,-0.60000002384185791,0.60000002384185791,1.2000000476837158,0.60000002384185791,924,925,3,0,9
924,0.60000002384185791,0,-0.60000002384185791,0.60000002384185791,1.2000000476837158,0.60000002384185791,-1,-1,1,1,10
925,0.60000002384185791,0,-0.60000002384185791,0.60000002384185791,1.2000000476837158,0.60000002384185791,-1,-1,2,2,10
926,0.60000002384185791,0,-0.60000002384185791,0.60000002384185791,1.2000000476837158,0.60000002384185791,927,928,3,0,9
927,0.60000002384185791,0,-0.60000002384185791,0.60000002384185791,1.2000000476837158,0.60000002384185791,-1,-1,1,1,10
928,0.60000002384185791,0,-0.60000002384185791,0.60000002384185791,1.2000000476837158,0.60000002384185791,-1,-1,2,2,10
929,0.60000002384185791,0,-0.60000002384185791,0.60000002384185791,1.2000000476837158,0.60000002384185791,930,945,24,0,6
930,0.60000002384185791,0,-0.60000002384185791,0.60000002384185791,1.2000000476837158,0.60000002384185791,931,938,12,0,7
931,0.60000002384185791,0,-0.60000002384185791,0.60000002384185791,1.2000000476837158,0.60000002384185791,932,935,6,0,8
932,0.60000002384185791,0,-0.60000002384185791,0.60000002384185791,1.2000000476837158,0.60000002384185791,933,934,3,0,9
933,0.60000002384185791,0,-0.60000002384185791,0.60000002384185791,1.2000000476837158,0.60000002384185791,-1,-1,1,1,10
934,0.60000002384185791,0,-0.60000002384185791,0.60000002384185791,1.2000000476837158,0.60000002384185791,-1,-1,2,2,10
935,0.60000002384185791,0,-0.60000002384185791,0.60000002384185791,1.2000000476837158,0.60000002384185791,936,937,3,0,9
936,0.60000002384185791,0,-0.60000002384185791,0.60000002384185791,1.2000000476837158,0.60000002384185791,-1,-1,1,1,10
937,0.60000002384185791,0,-0.60000002384185791,0.60000002384185791,1.2000000476837158,0.60000002384185791,-1,-1,2,2,10
938,0.60000002384185791,0,-0.60000002384185791,0.60000002384185791,1.2000000476837158,0.60000002384185791,939,942,6,0,8
939,0.60000002384185791,0,-0.60000002384185791,0.60000002384185791,1.2000000476837158,0.60000002384185791,940,941,3,0,9
940,0.60000002384185791,0,-0.60000002384185791,0.60000002384185791,1.2000000476837158,0.60000002384185791,-1,-1,1,1,10
941,0.60000002384185791,0,-0.60000002384185791,0.60000002384185791,1.2000000476837158,0.60000002384185791,-1,-1,2,2,10
942,0.60000002384185791,0,-0.60000002384185791,0.60000002384185791,1.2000000476837158,0.60000002384185791,943,944,3,0,9
943,0.60000002384185791,0,-0.60000002384185791,0.60000002384185791,1.2000000476837158,0.60000002384185791,-1,-1,1,1,10
944,0.60000002384185791,0,-0.60000002384185791,0.60000002384185791,1.2000000476837158,0.60000002384185791,-1,-1,2,2,10
945,0.60000002384185791,0,-0.60000002384185791,0.60000002384185791,1.2000000476837158,0.60000002384185791,946,953,12,0,7
946,0.60000002384185791,0,-0.60000002384185791,0.60000002384185791,1.2000000476837158,0.60000002384185791,947,950,6,0,8
947,0.60000002384185791,0,-0.60000002384185791,0.60000002384185791,1.2000000476837158,0.60000002384185791,948,949,3,0,9
948,0.60000002384185791,0,-0.60000002384185791,0.60000002384185791,1.2000000476837158,0.60000002384185791,-1,-1,1,1,10
949,0.60000002384185791,0,-0.60000002384185791,0.60000002384185791,1.2000000476837158,0.60000002384185791,-1,-1,2,2,10
950,0.60000002384185791,0,-0.60000002384185791,0.60000002384185791,1.2000000476837158,0.60000002384185791,951,952,3,0,9
951,0.60000002384185791,0,-0.60000002384185791,0.60000002384185791,1.2000000476837158,0.60000002384185791,-1,-1,1,1,10
952,0.60000002384185791,0,-0.60000002384185791,0.60000002384185791,1.2000000476837158,0.60000002384185791,-1,-1,2,2,10
953,0.60000002384185791,0,-0.60000002384185791,0.60000002384185791,1.2000000476837158,0.60000002384185791,954,957,6,0,8
954,0.60000002384185791,0,-0.60000002384185791,0.60000002384185791,1.2000000476837158,0.60000002384185791,955,956,3,0,9
955,0.60000002384185791,0,-0.60000002384185791,0.60000002384185791,1.2000000476837158,0.60000002384185791,-1,-1,1,1,10
956,0.60000002384185791,0,-0.60000002384185791,0.60000002384185791,1.2000000476837158,0.60000002384185791,-1,-1,2,2,10
957,0.60000002384185791,0,-0.60000002384185791,0.60000002384185791,1.2000000476837158,0.60000002384185791,958,959,3,0,9
958,0.60000002384185791,0,-0.60000002384185791,0.60000002384185791,1.2000000476837158,0.60000002384185791,-1,-1,1,1,10
959,0.60000002384185791,0,-0.60000002384185791,0.60000002384185791,1.2000000476837158,0.60000002384185791,-1,-1,2,2,10
960,0.60000002384185791,0,-0.60000002384185791,0.60000002384185791,1.2000000476837158,0.60000002384185791,961,992,49,0,5
961,0.60000002384185791,0,-0.60000002384185791,0.60000002384185791,1.2000000476837158,0.60000002384185791,962,977,24,0,6
962,0.60000002384185791,0,-0.60000002384185791,0.60000002384185791,1.2000000476837158,0.60000002384185791,963,970,12,0,7
963,0.60000002384185791,0,-0.60000002384185791,0.60000002384185791,1.2000000476837158,0.60000002384185791,964,967,6,0,8
964,0.60000002384185791,0,-0.60000002384185791,0.60000002384185791,1.2000000476837158,0.60000002384185791,965,966,3,0,9
965,0.60000002384185791,0,-0.60000002384185791,0.60000002384185791,1.2000000476837158,0.60000002384185791,-1,-1,1,1,10
966,0.60000002384185791,0,-0.60000002384185791,0.60000002384185791,1.2000000476837158,0.60000002384185791,-1,-1,2,2,10
967,0.60000002384185791,0,-0.60000002384185791,0.60000002384185791,1.2000000476837158,0.60000002384185791,968,969,3,0,9
968,0.60000002384185791,0,-0.60000002384185791,0.60000002384185791,1.2000000476837158,0.60000002384185791,-1,-1,1,1,10
969,0.60000002384185791,0,-0.60000002384185791,0.60000002384185791,1.2000000476837158,0.60000002384185791,-1,-1,2,2,10
970,0.60000002384185791,0,-0.60000002384185791,0.60000002384185791,1.2000000476837158,0.60000002384185791,971,974,6,0,8
971,0.60000002384185791,0,-0.60000002384185791,0.60000002384185791,1.2000000476837158,0.60000002384185791,972,973,3,0,9
972,0.60000002384185791,0,-0.60000002384185791,0.60000002384185791,1.2000000476837158,0.60000002384185791,-1,-1,1,1,10
973,0.60000002384185791,0,-0.60000002384185791,0.60000002384185791,1.2000000476837158,0.60000002384185791,-1,-1,2,2,10
974,0.60000002384185791,0,-0.60000002384185791,0.60000002384185791,1.2000000476837158,0.60000002384185791,975,976,3,0,9
975,0.60000002384185791,0,-0.60000002384185791,0.60000002384185791,1.2000000476837158,0.60000002384185791,-1,-1,1,1,10
976,0.60000002384185791,0,-0.60000002384185791,0.60000002384185791,1.2000000476837158,0.60000002384185791,-1,-1,2,2,10
977,0.60000002384185791,0,-0.60000002384185791,0.60000002384185791,1.2000000476837158,0.60000002384185791,978,985,12,0,7
978,0.60000002384185791,0,-0.60000002384185791,0.60000002384185791,1.2000000476837158,0.60000002384185791,979,982,6,0,8
979,0.60000002384185791,0,-0.60000002384185791,0.60000002384185791,1.2000000476837158,0.60000002384185791,980,981,3,0,9
980,0.60000002384185791,0,-0.60000002384185791,0.60000002384185791,1.2000000476837158,0.60000002384185791,-1,-1,1,1,10
981,0.60000002384185791,0,-0.60000002384185791,0.60000002384185791,1.2000000476837158,0.60000002384185791,-1,-1,2,2,10
982,0.60000002384185791,0,-0.60000002384185791,0.60000002384185791,1.2000000476837158,0.60000002384185791,983,984,3,0,9
983,0.60000002384185791,0,-0.60000002384185791,0.60000002384185791,1.2000000476837158,0.60000002384185791,-1,-1,1,1,10
984,0.60000002384185791,0,-0.60000002384185791,0.60000002384185791,1.2000000476837158,0.60000002384185791,-1,-1,2,2,10
985,0.60000002384185791,0,-0.60000002384185791,0.60000002384185791,1.2000000476837158,0.60000002384185791,986,989,6,0,8
986,0.60000002384185791,0,-0.60000002384185791,0.60000002384185791,1.2000000476837158,0.60000002384185791,987,988,3,0,9
987,0.60000002384185791,0,-0.60000002384185791,0.60000002384185791,1.2000000476837158,0.60000002384185791,-1,-1,1,1,10
988,0.60000002384185791,0,-0.60000002384185791,0.60000002384185791,1.2000000476837158,0.60000002384185791,-1,-1,2,2,10
989,0.60000002384185791,0,-0.60000002384185791,0.60000002384185791,1.2000000476837158,0.60000002384185791,990,991,3,0,9
990,0.60000002384185791,0,-0.60000002384185791,0.60000002384185791,1.2000000476837158,0.60000002384185791,-1,-1,1,1,10
991,0.60000002384185791,0,-0.60000002384185791,0.60000002384185791,1.2000000476837158,0.60000002384185791,-1,-1,2,2,10
992,0.60000002384185791,0,-0.60000002384185791,0.60000002384185791,1.2000000476837158,0.60000002384185791,993,1008,25,0,6
993,0.60000002384185791,0,-0.60000002384185791,0.60000002384185791,1.2000000476837158,0.60000002384185791,994,1001,12,0,7
994,0.60000002384185791,0,-0.60000002384185791,0.60000002384185791,1.2000000476837158,0.60000002384185791,995,998,6,0,8
995,0.60000002384185791,0,-0.60000002384185791,0.60000002384185791,1.2000000476837158,0.60000002384185791,996,997,3,0,9
996,0.60000002384185791,0,-0.60000002384185791,0.60000002384185791,1.2000000476837158,0.60000002384185791,-1,-1,1,1,10
997,0.60000002384185791,0,-0.60000002384185791,0.60000002384185791,1.2000000476837158,0.60000002384185791,-1,-1,2,2,10
998,0.60000002384185791,0,-0.60000002384185791,0.60000002384185791,1.2000000476837158,0.60000002384185791,999,1000,3,0,9
999,0.60000002384185791,0,-0.60000002384185791,0.60000002384185791,1.2000000476837158,0.60000002384185791,-1,-1,1,1,10
1000,0.60000002384185791,0,-0.60000002384185791,0.60000002384185791,1.2000000476837158,0.60000002384185791,-1,-1,2,2,10
1001,0.60000002384185791,0,-0.60000002384185791,0.60000002384185791,1.2000000476837158,0.60000002384185791,1002,1005,6,0,8
1002,0.60000002384185791,0,-0.60000002384185791,0.60000002384185791,1.2000000476837158,0.60000002384185791,1003,1004,3,0,9
1003,0.60000002384185791,0,-0.60000002384185791,0.60000002384185791,1.2000000476837158,0.60000002384185791,-1,-1,1,1,10
1004,0.60000002384185791,0,-0.60000002384185791,0.60000002384185791,1.2000000476837158,0.60000002384185791,-1,-1,2,2,10
1005,0.60000002384185791,0,-0.60000002384185791,0.60000002384185791,1.2000000476837158,0.60000002384185791,1006,1007,3,0,9
1006,0.60000002384185791,0,-0.60000002384185791,0.60000002384185791,1.2000000476837158,0.60000002384185791,-1,-1,1,1,10
1007,0.60000002384185791,0,-0.60000002384185791,0.60000002384185791,1.2000000476837158,0.60000002384185791,-1,-1,2,2,10
1008,0.60000002384185791,0,-0.60000002384185791,0.60000002384185791,1.2000000476837158,0.60000002384185791,1009,1016,13,0,7
1009,0.60000002384185791,0,-0.60000002384185791,0.60000002384185791,1.2000000476837158,0.60000002384185791,1010,1013,6,0,8
1010,0.60000002384185791,0,-0.60000002384185791,0.60000002384185791,1.2000000476837158,0.60000002384185791,1011,1012,3,0,9
1011,0.60000002384185791,0,-0.60000002384185791,0.60000002384185791,1.2000000476837158,0.60000002384185791,-1,-1,1,1,10
1012,0.60000002384185791,0,-0.60000002384185791,0.60000002384185791,1.2000000476837158,0.60000002384185791,-1,-1,2,2,10
1013,0.60000002384185791,0,-0.60000002384185791,0.60000002384185791,1.2000000476837158,0.60000002384185791,1014,1015,3,0,9
1014,0.60000002384185791,0,-0.60000002384185791,0.60000002384185791,1.2000000476837158,0.60000002384185791,-1,-1,1,1,10
1015,0.60000002384185791,0,-0.60000002384185791,0.60000002384185791,1.2000000476837158,0.60000002384185791,-1,-1,2,2,10
1016,0.60000002384185791,0,-0.60000002384185791,0.60000002384185791,1.2000000476837158,0.60000002384185791,1017,1020,7,0,8
1017,0.60000002384185791,0,-0.60000002384185791,0.60000002384185791,1.2000000476837158,0.60000002384185791,1018,1019,3,0,9
1018,0.60000002384185791,0,-0.60000002384185791,0.60000002384185791,1.2000000476837158,0.60000002384185791,-1,-1,1,1,10
1019,0.60000002384185791,0,-0.60000002384185791,0.60000002384185791,1.2000000476837158,0.60000002384185791,-1,-1,2,2,10
1020,0.60000002384185791,0,-0.60000002384185791,0.60000002384185791,1.2000000476837158,0.60000002384185791,1021,1022,4,0,9
1021,0.60000002384185791,0,-0.60000002384185791,0.60000002384185791,1.2000000476837158,0.60000002384185791,-1,-1,2,2,10
1022,0.60000002384185791,0,-0.60000002384185791,0.60000002384185791,1.2000000476837158,0.60000002384185791,-1,-1,2,2,10
