schedule,frame,wall_units,steps,backlog_units,alpha,x_m,v_m_per_s,render_x_m,render_v_m_per_s
30Hz,0,2400,4,0,0,0.99722337947960127,-0.13324075617212505,0.99833371911436897,-0.099962965534979409
30Hz,1,4800,8,0,0,0.99001619380438699,-0.2658895368013125,0.99223193994439796,-0.23281513880316593
30Hz,2,7200,12,0,0,0.97841046378972707,-0.39735699643359679,0.98172177209334033,-0.3646329373638188
30Hz,3,9600,16,0,0,0.96245775254982158,-0.52705903810773058,0.96684991120071928,-0.49483070773437332
30Hz,4,12000,20,0,0,0.94222893640786809,-0.65441940844039492,0.94768243147820475,-0.62282999405778805
30Hz,5,14400,24,0,0,0.91781388999954638,-0.77887225786316616,0.92430449214840615,-0.74806210812488594
30Hz,6,16800,28,0,0,0.88932108696887202,-0.89986465463635967,0.89681995909084167,-0.86997065599999823
30Hz,7,19200,32,0,0,0.85687711803049182,-1.0168590414702328,0.8653509433760771,-0.98801401002436362
30Hz,8,21600,36,0,0,0.82062612853961914,-1.1293356238390238,0.83003725873827772,-1.1016677152144145
30Hz,9,24000,40,0,0,0.78072917806843312,-1.236794679376781,0.79103580039657295,-1.2104268193635619
30Hz,10,26400,44,0,0,0.73736352483427836,-1.3387587780945651,0.74851984798506643,-1.3138081164950628
30Hz,11,28800,48,0,0,0.69072183815888244,-1.4347749035548181,0.70267829568850593,-1.4113522936985345
30Hz,12,31200,52,0,0,0.64101134245755498,-1.5244164655787313,0.65371481300404444,-1.5026259718119299
30Hz,13,33600,56,0,0,0.58845289656154187,-1.6072851955443501,0.60184693985774473,-1.5872236308824252
30Hz,14,36000,60,0,0,0.53328001246401324,-1.683012915854794,0.54730512009613652,-1.6647694118515894
30Hz,15,38400,64,0,0,0.4757378178493008,-1.7512631757150203,0.49033167764692598,-1.7349187864601228
30Hz,16,40800,68,0,0,0.41608196701476413,-1.8117327459495343,0.43117973989767694,-1.797360087952945
30Hz,17,43200,72,0,0,0.35457750502395396,-1.8641529662197192,0.37011211307578495,-1.8518158957838597
30Hz,18,45600,76,0,0,0.29149769013752636,-1.908290938655232,0.30740011462631994,-1.8980442681676881
30Hz,19,48000,80,0,0,0.22712277975373232,-1.9439505625962799,0.24332236777536798,-1.9358398170037676
30Hz,20,50400,84,0,0,0.16173878525242905,-1.9709734058495165,0.17816356363450836,-1.9650346203950328
30Hz,21,52800,88,0,0,0.095636201274718197,-1.9892394085866569,0.11221319634627368,-1.9854989687084479
30Hz,22,55200,92,0,0,0.029108715083896574,-1.9986674167584582,0.045764276890217059,-1.9971419408621176
30Hz,23,57600,96,0,0,-0.037548098258099002,-1.9992155426541574,-0.020887968735981026,-1.99991180827869
30Hz,24,60000,100,0,0,-0.10403808910154994,-1.9908813510044419,-0.087447411176512918,-1.9937962647103256
30Hz,25,62400,104,0,0,-0.17006584897265095,-1.9737018698011106,-0.15361833339097503,-1.978822480914143
30Hz,26,64800,108,0,0,-0.23533802304423374,-1.9477534257853564,-0.21910674449602244,-1.9550569839352239
30Hz,27,67200,112,0,0,-0.29956461348234104,-1.9131513053355811,-0.28362168593787784,-1.9226053615335104
30Hz,28,69600,116,0,0,-0.36246026787801089,-1.870049242261383,-0.34687652419249937,-1.8816117930677996
30Hz,29,72000,120,0,0,-0.42374554703989559,-1.8186387347793969,-0.4085902242500673,-1.8322584089210658
30Hz,30,74400,124,0,0,-0.48314816651503789,-1.7591481947055991,-0.46848859822582456,-1.7747644813131267
30Hz,31,76800,128,0,0,-0.54040420632184993,-1.6918419326441294,-0.52630552354981552,-1.7093854500957899
30Hz,32,79200,132,0,0,-0.59525928352057023,-1.6170189836813351,-0.58178412532322576,-1.6364117878587761
30Hz,33,81600,136,0,0,-0.64746968241158487,-1.5350117788023665,-0.63467791758823178,-1.5561677093886408
30Hz,34,84000,140,0,0,-0.6968034373402513,-1.4461846679330843,-0.68475189844080897,-1.4690097312144446
30Hz,35,86400,144,0,0,-0.74304136329743253,-1.3509323011692635,-0.73178359412102201,-1.3753250876399643
30Hz,36,88800,148,0,0,-0.78597802973688136,-1.2496778753851272,-0.77556404744200524,-1.2755300102998608
30Hz,37,91200,152,0,0,-0.82542267328290353,-1.1428712540113579,-0.81589874616614222,-1.1700678788835626
30Hz,38,93600,156,0,0,-0.86120004527322824,-1.0309869683362307,-0.8526084872037597,-1.0594072512430226
30Hz,39,96000,160,0,0,-0.89315119037153579,-0.9145221092098843,-0.88553017279478674,-0.94403978163637714
30Hz,40,98400,164,0,0,-0.9211341527903445,-0.79399411851868384,-0.91451753513602219,-0.82447803635655126
30Hz,41,100800,168,0,0,-0.94502460698657897,-0.66993849024193752,-0.93944178623456287,-0.70125321644975624
30Hz,42,103200,172,0,0,-0.96471641002770014,-0.54290639130494189,-0.96019219010015899,-0.57491279764161385
30Hz,43,105600,176,0,0,-0.98012207317428934,-0.41346221279867496,-0.97667655473430037,-0.44601809795648495
30Hz,44,108000,180,0,0,-0.99117315058389166,-0.28218106244582464,-0.9888216417301765,-0.3151417838368305
30Hz,45,110400,184,0,0,-0.99782054340914605,-0.1496462094538788,-0.99657349166369702,-0.18286532584266871
30Hz,46,112800,188,0,0,-1.0000347179391227,-0.016446493107543304,-0.99989766382989309,-0.049776415235206407
30Hz,47,115200,192,0,0,-0.99780583681468904,0.11682629338614395,-0.99877938925957355,0.083533647077491502
30Hz,48,117600,196,0,0,-0.99114380273492675,0.2495800321766847,-0.9932236363363991,0.21647257763213806
30Hz,49,120000,200,0,0,-0.98007821446041565,0.38122491149135068,-0.98325508872284362,0.34844974186725591
30Hz,50,122400,204,0,0,-0.96465823530885952,0.51117604611073819,-0.96891803569311563,0.47887877825430097
30Hz,51,124800,208,0,0,-0.94495237472731142,0.6388560759561317,-0.9502761753602792,0.60718020344412238
30Hz,52,127200,212,0,0,-0.92104818391145626,0.76369773124340889,-0.92741233167181802,0.73278398685434831
30Hz,53,129600,216,0,0,-0.89305186682427962,0.88514635280676313,-0.90042808643100269,0.85513208325906309
30Hz,54,132000,220,0,0,-0.86108780834233201,1.0026623563946901,-0.86944332797895441,0.97368091212872498
30Hz,55,134400,224,0,0,-0.82529802162598531,1.115723629989618,-0.83459571854256542,1.0879037727048659
30Hz,56,136800,228,0,0,-0.78584151716896289,1.2238278535001248,-0.79604008261479731,1.1972931840796315
30Hz,57,139200,232,0,0,-0.74289359633039409,1.3264947305195773,-0.75394771908472391,1.3013631398834198
30Hz,58,141600,236,0,0,-0.69664507248815843,1.4232681222357135,-0.70850564017345607,1.3996512675632651
30Hz,59,144000,240,0,0,-0.64730142327386142,1.5137180740104113,-0.65991574055728153,1.4917208826585018
30Hz,60,146400,244,0,0,-0.59508187765597598,1.5974427256257555,-0.6083939003695239,1.5771629289467715
30Hz,61,148800,248,0,0,-0.54021844192715007,1.6740700967093651,-0.55416902606639473,1.6555977958404853
30Hz,62,151200,252,0,0,-0.48295486892312278,1.7432597394065126,-0.49748203341817704,1.7266770049592399
30Hz,63,153600,256,0,0,-0.42354557505290807,1.804704250956376,-0.43858477714421118,1.7900847583849022
30Hz,64,156000,260,0,0,-0.36225450995177311,1.8581306394521975,-0.37773893194720809,1.8455393417206238
30Hz,65,158400,264,0,0,-0.29935398377903272,1.90330153671741,-0.31521482991834449,1.8927943757201318
30Hz,66,160800,268,0,0,-0.23512345737085991,1.9400162529090423,-0.25129025947843525,1.9316399109264277
30Hz,67,163200,272,0,0,-0.16984830062334355,1.9681116681629045,-0.18624923119136774,1.9619033604565255
30Hz,68,165600,276,0,0,-0.10381852462217597,1.9874629573190619,-0.12038071593316815,1.9834502667879563
30Hz,69,168000,280,0,0,-0.037327493151992588,1.9979841445077144,-0.053977361022890212,1.9961848991402849
30Hz,70,170400,284,0,0,0.029329380689999341,1.9996284851315089,0.012665809980570101,2.0000506787975278
30Hz,71,172800,288,0,0,0.095855946985285698,1.9923886735471754,0.079252708039059233,1.9950304304818107
30Hz,72,175200,292,0,0,0.16195663475893482,1.9762968755237815,0.14548749412956996,1.9811464586614338
30Hz,73,177600,296,0,0,0.22733776517229762,1.9514245853333909,0.2110758936278527,1.9584604484543193
30Hz,74,180000,300,0,0,0.29170885630913279,1.9178823081090615,0.27572650374155727,1.9270731915671133
30Hz,75,182400,304,0,0,0.35478391375812079,1.8758190688814349,0.33915208818410886,1.8871241384875719
30Hz,76,184800,308,0,0,0.41628270125783606,1.8254217504752177,0.40107085333720927,1.8387907789197913
30Hz,77,187200,312,0,0,0.47593198575882711,1.7669142632072168,0.46120770023210028,1.7822878532149535
30Hz,78,189600,316,0,0,0.53346675137111577,1.7005565500748785,0.51929544678715844,1.7178663983011171
30Hz,79,192000,320,0,0,0.58863137680366762,1.6266434318551797,0.57507601487154114,1.6458126323508977
30Hz,80,194400,324,0,0,0.64118077106458515,1.5455032972449823,0.62830157692087696,1.5664466831423449
30Hz,81,196800,328,0,0,0.69088146237622061,1.4574966438624317,0.67873565701070038,1.4801211657627884
30Hz,82,199200,332,0,0,0.73751263546726498,1.363014476591581,0.72615418149566846,1.3872196159747701
30Hz,83,201600,336,0,0,0.78086711263322717,1.2624765703862428,0.77034647454667515,1.2881547862044653
30Hz,84,204000,340,0,0,0.82075227420654884,1.1563296052512562,0.81111619416278835,1.1833668117233491
30Hz,85,206400,344,0,0,0.85699091434679608,1.0450451816872648,0.84828220449940217,1.0733212551705782
30Hz,86,208800,348,0,0,0.88942202834873718,0.92911772541619053,0.88167938063693563,0.95850703810408844
30Hz,87,211200,352,0,0,0.91790152797037394,0.8090622906964976,0.91115934221456985,0.83943426877031657
30Hz,88,213600,356,0,0,0.9423028816027943,0.68541227198790355,0.93659111266956174,0.71663197574355564
30Hz,89,216000,360,0,0,0.96251767643763575,0.55871703413238438,0.95786170115319924,0.59064575750415771
30Hz,90,218400,364,0,0,0.9784561001345039,0.42953947158034583,0.97487660453800107,0.46203535839827919
30Hz,91,220800,368,0,0,0.99004733984834614,0.29845350750607763,0.98756022728579551,0.33137218174893746
30Hz,92,223200,372,0,0,0.99723989684394032,0.1660415439236762,0.99585621731124307,0.19923675116738432
30Hz,93,225600,376,0,0,1.0000018152996974,0.032891874132316937,0.99972771634859492,0.066216131343936765
30Hz,94,228000,380,0,0,0.99832082428422741,-0.10040393101287175,0.99915752370933464,-0.067098680222560589
30Hz,95,230400,384,0,0,0.99220439227487622,-0.23325365139179244,0.99414817270314115,-0.20011537896835441
30Hz,96,232800,388,0,0,0.98167969397601806,-0.36506704879498292,0.98472191938264297,-0.33224298481556147
30Hz,97,235200,392,0,0,0.96679348958452316,-0.49525848929378707,0.97092064366197139,-0.462894467838388
30Hz,98,237600,396,0,0,0.94761191703881276,-0.62324954515415976,0.95280566324843075,-0.59148935637921207
30Hz,99,240000,400,0,0,0.92422019817452006,-0.74847156473405951,0.93045746121397055,-0.71745631602692717
30Hz,100,242400,404,0,0,0.89672226009227685,-0.87036819894662898,0.90397532841683204,-0.84023568799940129
30Hz,101,244800,408,0,0,0.86524027341985155,-0.98839787306433502,0.87347692236205432,-0.95928197565226658
30Hz,102,247200,412,0,0,0.82991410952009548,-1.1020361928820868,0.83909774446077956,-1.0740662680667274
30Hz,103,249600,416,0,0,0.79090071905626869,-1.2107782745489872,0.80099053801084363,-1.1840785899486257
30Hz,104,252000,420,0,0,0.74837343467571704,-1.3141409877175037,0.7593246095733629,-1.2888301673983915
30Hz,105,254400,424,0,0,0.70252120091000936,-1.4116651020439686,0.71428507676037578,-1.3878555994852895
30Hz,106,256800,428,0,0,0.65354773471301286,-1.5029173275037193,0.66607204577554391,-1.4807149259778678
30Hz,107,259200,432,0,0,0.6016706203665525,-1.5874922394559574,0.61489972236201884,-1.5669955820438901
30Hz,108,261600,436,0,0,0.54712034277489874,-1.6650140799054554,0.56099546010744417,-1.6463142312352073
30Hz,109,264000,440,0,0,0.49013926344306291,-1.7351384269582821,0.50459875033438195,-1.7183184686138027
30Hz,110,266400,444,0,0,0.43098054368852556,-1.7975537250543199,0.44596015806397821,-1.7826883864521872
30Hz,111,268800,448,0,0,0.36990701987046298,-1.8519826691778998,0.3853402087802788,-1.8391379955518905
30Hz,112,271200,452,0,0,0.30719003563371766,-1.8981834368966464,0.32300823094118969,-1.8874164958652735
30Hz,113,273600,456,0,0,0.24310823635573695,-1.9359507627547026,0.2592411593786928,-1.9273093907754129
30Hz,114,276000,460,0,0,0.17794633115263395,-1.9651168502469116,0.19432230490469155,-1.9586394400834219
30Hz,115,278400,464,0,0,0.11199382794465509,-1.9855521173221462,0.12854009558900631,-1.9812674474691794
30Hz,116,280800,468,0,0,0.045543747201034289,-1.9971657721035849,0.062186795301897496,-1.9950928789268549
30Hz,117,283200,472,0,0,-0.02110867992106186,-1.9999062162680701,-0.0044427947854946111,-2.0000543094275867
30Hz,118,285600,476,0,0,-0.087667323259457294,-1.9937612742923705,-0.071052645973687545,-1.9961296958248267
30Hz,119,288000,480,0,0,-0.15383646932408043,-1.9787582475478296,-0.13734681726118186,-1.983336474789869
30Hz,120,290400,484,0,0,-0.21932213512284496,-1.9549637930030654,-0.20303077018115276,-1.9617314853424372
30Hz,121,292800,488,0,0,-0.28383337429909877,-1.9224836270736307,-0.26781267740681852,-1.9314107163205247
30Hz,122,295200,492,0,0,-0.34708356977760096,-1.8814620559344017,-0.33140471931148097,-1.8925088799114511
30Hz,123,297600,496,0,0,-0.40879170717592839,-1.8320813343814701,-0.39352436272274949,-1.8451988131388952
30Hz,124,300000,500,0,0,-0.46868362332367058,-1.7745608560920545,-0.45389561618957014,-1.7896907099650401
30Hz,125,302400,504,0,0,-0.52649322434236501,-1.709156178880022,-0.51225025618503151,-1.7262311874195231
30Hz,126,304800,508,0,0,-0.5819636678743636,-1.6361578892777191,-0.56832901879704922,-1.6551021899042875
30Hz,127,307200,512,0,0,-0.63484850420810501,-1.5558903114886575,-0.62188275161236617,-1.5766197365424031
30Hz,128,309600,516,0,0,-0.68491277122988437,-1.4687100664470552,-0.67267352067615893,-1.4911325171362604
30Hz,129,312000,520,0,0,-0.73193403833735871,-1.3750044873861851,-0.7204756676091405,-1.3990203429731565
30Hz,130,314400,524,0,0,-0.77570339467678295,-1.2751898989550099,-0.76507681218549117,-1.3006924593611928
30Hz,131,316800,528,0,0,-0.81602637731333583,-1.1697097675288124,-0.80627879591726237,-1.1965857273927212
30Hz,132,319200,532,0,0,-0.852723835210766,-1.0590327309318146,-0.84389856245300088,-1.0871626830135812
30Hz,133,321600,536,0,0,-0.88563272518178293,-0.94365051632552832,-0.87776897087907024,-0.9729094820214973
30Hz,134,324000,540,0,0,-0.91460683627286399,-0.82407575551345869,-0.90773953831025178,-0.85433374012380037
30Hz,135,326400,544,0,0,-0.9395174393651039,-0.7008397073685434,-0.933677108470366,-0.73196227765088895
30Hz,136,328800,548,0,0,-0.96025385910499916,-0.57448989750235879,-0.95546644329247954,-0.60633877894544141
30Hz,137,331200,552,0,0,-0.97672396562413133,-0.44558768566281126,-0.97301073491027457,-0.4780213768264871
30Hz,138,333600,556,0,0,-0.98885458386308922,-0.31470577166812286,-0.98623203576585483,-0.347580172860318
30Hz,139,336000,560,0,0,-0.99659181868104285,-0.18242565095800448,-0.99507160492305946,-0.2155947044554398
30Hz,140,338400,564,0,0,-0.99990129430654073,-0.049335031066748879,-0.9994901690476512,-0.082651370035003918
30Hz,141,340800,568,0,0,-0.99876830706567321,0.08397477950339971,-0.99946809689486826,0.05065917627357077
30Hz,142,343200,572,0,0,-0.99319789070904563,0.21691149840762161,-0.99500548652910914,0.18374464885665132
30Hz,143,345600,576,0,0,-0.98321479404732115,0.34888450091058432,-0.98612216488824267,0.3160137620809762
30Hz,144,348000,580,0,0,-0.96886337099469455,0.4793074439739094,-0.97285759969447716,0.44687885731742683
30Hz,145,350400,584,0,0,-0.95020738350882494,0.60760087132048235,-0.95527072410316227,0.57575851385037691
30Hz,146,352800,588,0,0,-0.92732971830274413,0.73319478790156056,-0.93343967486859047,0.70208013207260755
30Hz,147,355200,592,0,0,-0.900332018587363,0.85553119232857733,-0.90746144519010119,0.82528247748890726
30Hz,148,357600,596,0,0,-0.8693342324807064,0.97406655601829517,-0.87745145378085887,0.94481817422559988
30Hz,149,360000,600,0,0,-0.8344740800902517,1.0882742380367125,-0.84354303207389092,1.0601561369675829
30Hz,150,362400,604,0,0,-0.79590644163606861,1.1976468249128112,-0.80588683184367538,1.1707839305180219
30Hz,151,364800,608,0,0,-0.75380266933327245,1.3016983850265773,-0.76465015587516061,1.2762100464974053
30Hz,152,367200,612,0,0,-0.7083498260910267,1.3999666275552822,-0.72001621465398735,1.375966087066816
30Hz,153,369600,616,0,0,-0.65974985441048006,1.492014956386027,-0.67218331238036366,1.4696088459733483
30Hz,154,372000,620,0,0,-0.60821867917414518,1.577434409869227,-0.62136396592305543,1.5567222776717917
30Hz,155,374400,624,0,0,-0.55398524831293405,1.6558454777948997,-0.5677839606278916,1.6369193457739699
30Hz,156,376800,628,0,0,-0.49729051561307375,1.7268997875191092,-0.51168134717573299,1.7098437426132516
30Hz,157,379200,632,0,0,-0.43838637018219079,1.7902816517492777,-0.45330538394676811,1.7751714722843854
30Hz,158,381600,636,0,0,-0.37753451733084109,1.8457094711117004,-0.39291542959010528,1.8326122901253634
30Hz,159,384000,640,0,0,-0.31500531584161745,1.8929369852697984,-0.33077979071886576,1.8819109922458361
30Hz,160,386400,644,0,0,-0.25107657679173428,1.9317543670345156,-0.26717452985035522,1.9228485493728371
30Hz,161,388800,648,0,0,-0.18603232926580199,1.961989154605831,-0.20238223888751725,1.955243079976247
30Hz,162,391200,652,0,0,-0.12016155844260767,1.9835070178035332,-0.13669078359097045,1.9789506583505008
30Hz,163,393600,656,0,0,-0.053756921662457977,1.9962123548829664,-0.070392024619816029,1.9938659540623058
30Hz,164,396000,660,0,0,0.012886551820529699,2.0000487172841561,-0.0037805208235049356,1.9999226999233726
30Hz,165,398400,664,0,0,0.079472771624315069,1.9949990604271961,0.06284777945408844,1.9970939864089992
30Hz,166,400800,668,0,0,0.1457059017393097,1.9810858194396364,0.12919685324397939,1.9853923812144356
30Hz,167,403200,672,0,0,0.21129167489859993,1.9583708094794225,0.19497191815293807,1.9648698734178538
30Hz,168,405600,676,0,0,0.27593869997840081,1.9269549510962451,0.25988074205259876,1.9356176424979985
30Hz,169,408000,680,0,0,0.3393597566200896,1.8869778218514863,0.32363494143799387,1.8977656532327527
30Hz,170,410400,684,0,0,0.40127307132194112,1.8386170361888767,0.38595126268703384,1.8514820782784445
30Hz,171,412800,688,0,0,0.46140356933101451,1.7820874563110332,0.44655284052842259,1.7969725509953138
30Hz,172,415200,692,0,0,0.51948409677315999,1.7176402375678774,0.50517042812676105,1.7344792518387695
30Hz,173,417600,696,0,0,0.57525660759134201,1.6455617125981783,0.5615435933196905,1.6642798323755013
30Hz,174,420000,700,0,0,0.62847331001882856,1.566172119181868,0.61542187569231299,1.5866861817049451
30Hz,175,422400,704,0,0,0.67889776749358022,1.4798241774551602,0.66656589934812061,1.5020430407667642
30Hz,176,424800,708,0,0,0.72630594912258439,1.3869015228097599,0.71474843643250308,1.4107264706908433
30Hz,177,427200,712,0,0,0.77048722502902411,1.2878170014386434,0.75975541668370206,1.3131421819947668
30Hz,178,429600,716,0,0,0.8112453021600543,1.183010836101126,0.80138687852587831,1.2097237320519887
30Hz,179,432000,720,0,0,0.84839909639748268,1.0729486702565465,0.83945785747867807,1.1009305988391691
30Hz,180,434400,724,0,0,0.88178353709665236,0.95811949925628659,0.87379920793618326,0.98724613952082607
30Hz,181,436800,728,0,0,0.91125030047904132,0.83903349778563652,0.90425835466416105,0.8691754429411086
30Hz,182,439200,732,0,0,0.93666846862018693,0.71621975320796849,0.93069997067678722,0.74724308556386143
30Hz,183,441600,736,0,0,0.95792511110511624,0.59022391488174664,0.95300657848110171,0.62199080083111669
30Hz,184,444000,740,0,0,0.97492578676704555,0.46160576989422436,0.97107907201792698,0.4939750722948219
30Hz,185,446400,744,0,0,0.98759496328017293,0.33093675598260758,0.98483715698031782,0.36376466121528483
30Hz,186,448800,748,0,0,0.99587635274235498,0.19879742269252876,0.99421970755325062,0.23193807961097043
30Hz,187,451200,752,0,0,0.99973316175670623,0.065774852053654159,0.99918503798959246,0.099081019986640581
30Hz,188,453600,756,0,0,0.99914825490103398,-0.067539949767890989,0.99971108781576645,-0.03421624684069878
30Hz,189,456000,760,0,0,0.99412423085882995,-0.20055467825164919,0.9957955198442604,-0.16736149425684052
30Hz,190,458400,764,0,0,0.98468341087357514,-0.33267836207341733,0.98745573055752023,-0.2997631710548333
30Hz,191,460800,768,0,0,0.97086773957765582,-0.46332398873257385,0.97472877281709391,-0.43083302963867071
30Hz,192,463200,772,0,0,0.95273859863649801,-0.59191111259074314,0.95767119124142086,-0.55998873954936246
30Hz,193,465600,776,0,0,0.9303765340358795,-0.71786843373453835,0.93635877098366727,-0.6866564747017494
30Hz,194,468000,780,0,0,0.90388089822405582,-0.84063633620475009,0.91088620102576212,-0.81027346283722468
30Hz,195,470400,784,0,0,0.87336940869862911,-0.95966937431487809,0.88136665348458643,-0.93029048586539187
30Hz,196,472800,788,0,0,0.83897762499931183,-1.0744386960125389,0.84793128079941638,-1.0461743199858917
30Hz,197,475200,792,0,0,0.80085834643025777,-1.1844343925169927,0.81072863303456599,-1.1574101047491738
30Hz,198,477600,796,0,0,0.7591809331878181,-1.289167763793583,0.769923997886098,-1.263503630530713
30Hz,199,480000,800,0,0,0.71413055390988722,-1.3881734897998066,0.72569866632488556,-1.3639835342556437
30Hz,200,482400,804,0,0,0.66590736298990139,-1.4810116978563852,0.67824912713870456,-1.4584033936184284
30Hz,201,484800,808,0,0,0.61472561131060222,-1.5672699169582114,0.62778619395192059,-1.5463437104931474
30Hz,202,487200,812,0,0,0.56081269434848868,-1.6465649103423559,0.5745340686013416,-1.6274137747223112
30Hz,203,489600,816,0,0,0.50440814187813487,-1.7185443781712211,0.51872934502956169,-1.7012534000035691
30Hz,204,492000,820,0,0,0.44576255376501789,-1.782888522765985,0.46061995812140111,-1.7675345241619382
30Hz,205,494400,824,0,0,0.38513648657502286,-1.8393114694361574,0.40046408215365753,-1.8259626666977022
30Hz,206,496800,828,0,0,0.32279929594731033,-1.8875625365926454,0.33852898375224905,-1.876278237134237
30Hz,207,499200,832,0,0,0.25902793987376815,-1.9274273495013372,0.27508983445294594,-1.9182576883529057
30Hz,208,501600,836,0,0,0.19410574820195978,-1.9587287927289092,0.21042848814136736,-1.9517145097908637
30Hz,209,504000,840,0,0,0.1283211638285465,-1.9813277970492351,0.1448322288039568,-1.9765000560891033
30Hz,210,506400,844,0,0,0.061966461175936009,-1.9951239573142454,0.078592494153554723,-1.9925042075091268
30Hz,211,508800,848,0,0,-0.0046635523541597359,-2.0000559785441001,0.012003580800374431,-1.9996558591840878
30Hz,212,511200,852,0,0,-0.07127284618094408,-1.9961019482547433,-0.054638663278821213,-1.9979232370307041
30Hz,213,513600,856,0,0,-0.13756548177921937,-1.9832794338129072,-0.1210381531641118,-1.9873140389183777
30Hz,214,516000,860,0,0,-0.20324692750507659,-1.9616454043860336,-0.18689988246852632,-1.9678754004683179
30Hz,215,518400,864,0,0,-0.26802536717095027,-1.9312959778338821,-0.25193123402233458,-1.9396936856346265
30Hz,216,520800,868,0,0,-0.33161299655616855,-1.8923659936663528,-0.31584327994228228,-1.9028941029977622
30Hz,217,523200,872,0,0,-0.39372730209272971,-1.8450284139648405,-0.3783520653096894,-1.8576401494751635
30Hz,218,525600,876,0,0,-0.45409231604523076,-1.7894935549287589,-0.43917986975415779,-1.8041328839205641
30Hz,219,528000,880,0,0,-0.51243984260830722,-1.7260081524614033,-0.49805644133779553,-1.7426100338393298
30Hz,220,530400,884,0,0,-0.56851064947415353,-1.6548542659466581,-0.55472019725793142,-1.6733449391885891
30Hz,221,532800,888,0,0,-0.62205561957610822,-1.5763480250869641,-0.60891938603371687,-1.5966453379547547
30Hz,222,535200,892,0,0,-0.67283685789121961,-1.490838225370219,-0.66041320601313447,-1.5128519989039901
30Hz,223,537600,896,0,0,-0.72062874838437752,-1.398704778405814,-0.70897287523099572,-1.4223372075801806
30Hz,224,540000,900,0,0,-0.76521895639811299,-1.300357024014809,-0.75438264786465625,-1.3255031122769643
30Hz,225,542400,904,0,0,-0.80640937203454677,-1.1962319115734681,-0.79644077277143455,-1.2227799373325159
30Hz,226,544800,908,0,0,-0.84401699033813282,-1.0867920586902597,-0.8349603898490473,-1.114624071685228
30Hz,227,547200,912,0,0,-0.87787472436863245,-0.97252369584143472,-0.86977036023662047,-1.0015160411826554
30Hz,228,549600,916,0,0,-0.90783214755191677,-0.85393450609695853,-0.90071602666777539,-0.88395837365255103
30Hz,229,552000,920,0,0,-0.93375616201040368,-0.73155136953468691,-0.92765990059761461,-0.76247336622127404
30Hz,230,554400,924,0,0,-0.95553158990380571,-0.60591802236412662,-0.95048227305077138,-0.63760076479915229
30Hz,231,556800,928,0,0,-0.97306168515291824,-0.47759264116006606,-0.9690817464765844,-0.50989536604261887
30Hz,232,559200,932,0,0,-0.98626856327291135,-0.34714536293908588,-0.98337568524841901,-0.3799245524473665
30Hz,233,561600,936,0,0,-0.9950935474064162,-0.21515575209700696,-0.99330058280560785,-0.24826577152386056
30Hz,234,564000,940,0,0,-0.99949742901901806,-0.082210225461420899,-0.99881234380683959,-0.11550397025498221
30Hz,235,566400,944,0,0,-0.99946064209890817,0.051100553100457732,-0.99988648004141201,0.017771003765743996
30Hz,236,568800,948,0,0,-0.99498335008674577,0.18418429694311741,-0.99651821922793837,0.15096702296885281
30Hz,237,571200,952,0,0,-0.9860854451495068,0.31644972811391991,-0.98872252621712275,0.28349231057334917
30Hz,238,573600,956,0,0,-0.97280645980154756,0.4473092043427474,-0.97653403650440385,0.4147580697926006
30Hz,239,576000,960,0,0,-0.95520539126554138,0.57618132987867043,-0.96000690234786368,0.5441810998004083
30Hz,240,578400,964,0,0,-0.93336043935363433,0.70249353857394736,-0.93921455217508387,0.67118638683477794
30Hz,241,580800,968,0,0,-0.90736865903339059,0.82568463773896739,-0.91424936434788195,0.79520965892737128
30Hz,242,583200,972,0,0,-0.87734552922213993,0.94520730146603982,-0.88522225673435695,0.91569989290822795
30Hz,243,585600,976,0,0,-0.84342443972553438,1.0605305023444391,-0.85226219391173808,1.0321217625473813
30Hz,244,588000,980,0,0,-0.80575609859979269,1.1711418707628349,-0.81551561418948293,1.1439580169565189
30Hz,245,590400,984,0,0,-0.76450786257066483,1.2765499713169586,-0.77514577899830617,1.2507117786836817
30Hz,246,592800,988,0,0,-0.71986299348400096,1.3762864862086508,-0.73133204753573966,1.3519087512907928
30Hz,247,595200,992,0,0,-0.67201984409143822,1.4699082959356669,-0.68426907989090213,1.4470993266059702
30Hz,248,597600,996,0,0,-0.62119097678868174,1.5569994480279354,-0.63416597218891457,1.5358605822883049
30Hz,249,600000,1000,0,0,-0.56760221922173792,1.6371730050833733,-0.58124532759743275,1.6177981608301255
30Hz,250,602400,1004,0,0,-0.5114916609569482,1.7100727638926125,-0.52574226732272,1.6925480216485218
30Hz,251,604800,1008,0,0,-0.45310859567252043,1.7753748380147401,-0.46790338598930992,1.7597780584817631
30Hz,252,607200,1012,0,0,-0.39271241357129505,1.8327890967728222,-0.4079856560444019,1.8191895749046754
30Hz,253,609600,1016,0,0,-0.33057144893564849,1.8820604542758963,-0.34625528605461431,1.870518611407409
30Hz,254,612000,1020,0,0,-0.26696178794473241,1.9229700027404353,-0.2829865379675694,1.9135371181415164
30Hz,255,614400,1024,0,0,-0.20216604205080049,1.9553359850760457,-0.21846050859310087,1.9480539681229423
30Hz,256,616800,1028,0,0,-0.13647209236438959,1.9790146024143014,-0.15296388071784212,1.9739158063903732
30Hz,257,619200,1032,0,0,-0.070171810626929135,1.9939006529929373,-0.086787649401870282,1.9910077313462082
30Hz,258,621600,1036,0,0,-0.003559762453370652,1.9999279995569073,-0.020225829116344879,1.9992538052530291
30Hz,259,624000,1040,0,0,0.063068101393797052,1.9970698631996877,0.046425852533799654,1.998617391617481
30Hz,260,626400,1044,0,0,0.12941575988460663,1.9853389423393186,0.11287126869844565,1.9891013179626
30Hz,261,628800,1048,0,0,0.19518843691386248,1.9647873563005847,0.17881520894469094,1.9707478632654076
30Hz,262,631200,1052,0,0,0.26009391096231299,1.9355064137539932,0.2439646908476964,1.9436385701155832
30Hz,263,633600,1056,0,0,0.32384381340804924,1.8976262070403549,0.30803026168271297,1.9078938824297786
30Hz,264,636000,1060,0,0,0.38615490971986088,1.8513150341833378,0.37072728443499975,1.8636726103311712
30Hz,265,638400,1064,0,0,0.4467503578403329,1.7967786511579436,0.43177720241401668,1.8111712245717442
30Hz,266,640800,1068,0,0,0.5053609381678118,1.7342593577369958,0.49090877685333684,1.750622983632107
30Hz,267,643200,1072,0,0,0.56172624967255247,1.6640349209771381,0.54785929199774297,1.6822968973770629
30Hz,268,645600,1076,0,0,0.61559586683281919,1.5864173411271887,0.60237572232342596,1.6064965318713029
30Hz,269,648000,1080,0,0,0.66673045225078831,1.5017514654417952,0.65421585670544002,1.5235586606653098
30Hz,270,650400,1084,0,0,0.7149028200050096,1.4104134560590833,0.70314937453785054,1.4338517685436782
30Hz,271,652800,1088,0,0,0.75989894501505595,1.3128091187493631,0.74895886902547792,1.3377744143835457
30Hz,272,655200,1092,0,0,0.80151891393385444,1.2093720999601028,0.79144081310085357,1.2357534603967979
30Hz,273,657600,1096,0,0,0.83957781334297676,1.1005619601675165,0.83040646367491411,1.1282421756233469
30Hz,274,660000,1100,0,0,0.87390655130472616,0.98686213209467921,0.86568270020393712,1.0157182221014771
30Hz,275,662400,1104,0,0,0.90435260862094524,0.86877777286760116,0.89711279384704856,0.89868153266250272
30Hz,276,664800,1108,0,0,0.93078071646077576,0.74683351965192224,0.92455710379700973,0.77765208977848921
30Hz,277,667200,1112,0,0,0.95307345734673732,0.62157115874171154,0.94789369769055642,0.65316761533139678
30Hz,278,669600,1116,0,0,0.97113178682900347,0.49354721845637994,0.96701889334186697,0.52578118156777554
30Hz,279,672000,1120,0,0,0.98487547353012683,0.36333049654022631,0.98184771939229165,0.39605875385330269
30Hz,280,674400,1124,0,0,0.99424345560513905,0.23149953305014062,0.99231429282972117,0.26457667614446467
30Hz,281,676800,1128,0,0,0.99919411203330732,0.098640039959171269,0.99837211170031426,0.13191911034918175
30Hz,282,679200,1132,0,0,0.99970544753622625,-0.03465770110402349,0.99999426171209316,-0.0013245590469537192
30Hz,283,681600,1136,0,0,0.99577519030067085,-0.16780146141825344,0.99717353581248969,-0.13456234355783711
30Hz,284,684000,1140,0,0,0.98742080207203919,-0.30019969638361432,0.98992246620856927,-0.2672022808433287
30Hz,285,686400,1144,0,0,0.97467940057353863,-0.43126417369582282,0.97827326868767051,-0.39865506473956713
30Hz,286,688800,1148,0,0,0.95760759459580169,-0.56041258680434791,0.96227769948583797,-0.52833666348815334
30Hz,287,691200,1152,0,0,0.93628123248961037,-0.68707114204300312,0.94200682533996871,-0.65567091453167081
30Hz,288,693600,1156,0,0,0.91079506517915165,-0.81067710793863312,0.91755070774530689,-0.78009208434712285
30Hz,289,696000,1160,0,0,0.88126232519300363,-0.93068131537156651,0.8890180028211,-0.90104738194419653
30Hz,290,698400,1164,0,0,0.8478142235831746,-1.0465505974798699,0.85653547856217349,-1.0179994148611309
30Hz,291,700800,1168,0,0,0.81059936696733581,-1.1577701584671489,0.8202474516212287,-1.1304285767464413
30Hz,292,703200,1172,0,0,0.76978309728427108,-1.2638458607895149,0.78031514612418373,-1.2378353559187087
30Hz,293,705600,1176,0,0,0.72554675719594419,-1.3643064205599742,0.73691597736727732,-1.3397425546477317
30Hz,294,708000,1180,0,0,0.67808688439993114,-1.4587055014162722,0.69024276357840009,-1.4356974092969923
30Hz,295,710400,1184,0,0,0.62761433843180747,-1.5466236975493448,0.64050286924471866,-1.5252736019078541
30Hz,296,712800,1188,0,0,0.57435336383702051,-1.6276703970819764,0.58791728381270369,-1.6080731542882196
30Hz,297,715200,1192,0,0,0.51854059387448426,-1.7014855175188595,0.5327196398538081,-1.6837281961903992
30Hz,298,717600,1196,0,0,0.46042399917833959,-1.7677411055576189,0.47515517505798643,-1.7519025997223527
30Hz,299,720000,1200,0,0,0.40026178604887563,-1.8261427941529997,0.41547964266681731,-1.8122934727307725
30Hz,300,722400,1204,0,0,0.3383212492673951,-1.8764311103606273,0.35395817518706701,-1.8646325045210583
30Hz,301,724800,1208,0,0,0.27487758453185479,-1.9183826281497156,0.2908641064331024,-1.9086871579352789
30Hz,302,727200,1212,0,0,0.21021266578951184,-1.9518109610628949,0.22647775713170262,-1.9442617024918381
30Hz,303,729600,1216,0,0,0.14461379289876738,-1.9765675903128634,0.1610851894847079,-1.9711980839967065
30Hz,304,732000,1220,0,0,0.078372415184221722,-1.9925425246367181,0.094976936222861033,-1.9893766267626227
30Hz,305,734400,1224,0,0,0.011782836556060147,-1.9996647889762904,0.028446709797529234,-1.9987165653163728
30Hz,306,736800,1228,0,0,-0.05485909205320337,-1.9979027398133318,-0.038209902554758937,-1.9991764032318238
30Hz,307,739200,1232,0,0,-0.12125728712525019,-1.9872642057585459,-0.10469675207726231,-1.9907540974944546
30Hz,308,741600,1236,0,0,-0.18711674802583689,-1.9677964527698428,-0.17071844425275487,-1.9734870675782681
30Hz,309,744000,1240,0,0,-0.25214486766352789,-1.9395859741543482,-0.23598165121224166,-1.9474520291947564
30Hz,310,746400,1244,0,0,-0.31605273251415339,-1.9027581062871679,-0.30019641496176031,-1.91276465345256
30Hz,311,748800,1248,0,0,-0.37855640623511222,-1.8574764717542298,-0.36307743563716033,-1.8695790529421352
30Hz,312,751200,1252,0,0,-0.43937819116654753,-1.8039422523932678,-0.42434533906327032,-1.8180870970287102
30Hz,313,753600,1256,0,0,-0.4982478621146702,-1.7423932954627515,-0.48372791798581394,-1.7585175593956119
30Hz,314,756000,1260,0,0,-0.5549038669356523,-1.6731030569099667,-0.54096134146140262,-1.6911351016253469
30Hz,315,758400,1264,0,0,-0.60909448858601467,-1.5963793864332045,-0.59579132703240467,-1.6162390973342846
30Hz,316,760800,1268,0,0,-0.66057896347663325,-1.5125631597359011,-0.64797427047883405,-1.5341623020851956
30Hz,317,763200,1272,0,0,-0.70912855116162798,-1.4220267640494983,-0.69727832812788215,-1.4452693749870944
30Hz,318,765600,1276,0,0,-0.75452755060961085,-1.3251724436536882,-0.74348444691249682,-1.3499552585507715
30Hz,319,768000,1280,0,0,-0.79657425854210206,-1.222430512744737,-0.78638733760256263,-1.2486434239981559
30Hz,320,770400,1284,0,0,-0.83508186558130948,-1.1142574435919388,-0.82579638688471002,-1.141783989821429
30Hz,321,772800,1288,0,0,-0.86987928622577582,-1.0011338384763271,-0.86153650423847306,-1.0298517219509429
30Hz,322,775200,1292,0,0,-0.90081191896639345,-0.88356229442212475,-0.89344889984620912,-0.91334392441699841
30Hz,323,777600,1296,0,0,-0.92774233316566701,-0.76206517020771958,-0.92139179008060268,-0.79277822987707303
30Hz,324,780000,1300,0,0,-0.95055087964848561,-0.63718226557711233,-0.945241027435343,-0.66869029982495709
30Hz,325,782400,1304,0,0,-0.96913622229161123,-0.5094684229628752,-0.96489065210025393,-0.54163144469955038
30Hz,326,784800,1308,0,0,-0.98341578825008302,-0.37949106237592867,-0.98025336273028363,-0.4121661744669381
30Hz,327,787200,1312,0,0,-0.99332613482022669,-0.24782766041437637,-0.99126090431677361,-0.28086969055826883
30Hz,328,789600,1316,0,0,-0.99882323130933148,-0.115063184591916,-0.99786437143773221,-0.14832533030650707
30Hz,329,792000,1320,0,0,-0.99988265465967696,0.018212505615150046,-1.0000344255398033,-0.01512197523617673
60Hz,0,1200,2,0,0,0.99916674382716042,-0.066657407407407401,0.99972222222222218,-0.033333333333333333
60Hz,1,2400,4,0,0,0.99722337947960127,-0.13324075617212505,0.99833371911436897,-0.099962965534979409
60Hz,2,3600,6,0,0,0.99417206610109099,-0.19967606993312956,0.99583603335053372,-0.16648153548811176
60Hz,3,4800,8,0,0,0.99001619380438699,-0.2658895368013125,0.99223193994439796,-0.23281513880316593
60Hz,4,6000,10,0,0,0.98476037990470544,-0.33180759136699528,0.98752544316609703,-0.29889007659479205
60Hz,5,7200,12,0,0,0.97841046378972707,-0.39735699643359679,0.98172177209334033,-0.3646329373638188
60Hz,6,8400,14,0,0,0.97097350043183905,-0.46246492438664533,0.97482737480172776,-0.42997067855992105
60Hz,7,9600,16,0,0,0.96245775254982158,-0.52705903810773058,0.96684991120071928,-0.49483070773437332
60Hz,8,10800,18,0,0,0.95287268142868631,-0.59106757134349852,0.95779824452321549,-0.55914096319272466
60Hz,9,12000,20,0,0,0.94222893640786809,-0.65441940844039492,0.94768243147820475,-0.62282999405778805
60Hz,10,13200,22,0,0,0.93053834304944683,-0.71704416335657106,0.93651371107741821,-0.6858270396539905
60Hz,11,14400,24,0,0,0.91781388999954638,-0.77887225786316616,0.92430449214840615,-0.74806210812488594
60Hz,12,15600,26,0,0,0.90406971455750829,-0.83983499884808133,0.911068339547909,-0.80946605419648432
60Hz,13,16800,28,0,0,0.88932108696887202,-0.89986465463635967,0.89681995909084167,-0.86997065599999823
60Hz,14,18000,30,0,0,0.87358439345961347,-0.95889453024237647,0.88157518121163325,-0.9295086908686554
60Hz,15,19200,32,0,0,0.85687711803049182,-1.0168590414702328,0.8653509433760771,-0.98801401002436362
60Hz,16,20400,34,0,0,0.8392178230317312,-1.0736937877800234,0.84816527126323138,-1.0454216120712492
60Hz,17,21600,36,0,0,0.82062612853961914,-1.1293356238390238,0.83003725873827772,-1.1016677152144145
60Hz,18,22800,38,0,0,0.80112269055793595,-1.1837227296782973,0.81098704663858845,-1.1566898281236777
60Hz,19,24000,40,0,0,0.78072917806843312,-1.236794679376781,0.79103580039657295,-1.2104268193635619
60Hz,20,25200,42,0,0,0.75946824895585863,-1.2884925081965342,0.7702056865241631,-1.2628189853123954
60Hz,21,26400,44,0,0,0.73736352483427836,-1.3387587780945651,0.74851984798506643,-1.3138081164950628
60Hz,22,27600,46,0,0,0.71443956480266035,-1.3875376415384459,0.72600237848214744,-1.3633375622557078
60Hz,23,28800,48,0,0,0.69072183815888244,-1.4347749035548181,0.70267829568850593,-1.4113522936985345
60Hz,24,30000,50,0,0,0.66623669610247716,-1.4804180819418473,0.67857351345199257,-1.4577989648267808
60Hz,25,31200,52,0,0,0.64101134245755498,-1.5244164655787313,0.65371481300404444,-1.5026259718119299
60Hz,26,32400,54,0,0,0.61507380344843166,-1.5667211707674775,0.6281298132048273,-1.5457835103273165
60Hz,27,33600,56,0,0,0.58845289656154187,-1.6072851955443501,0.60184693985774473,-1.5872236308824252
60Hz,28,34800,58,0,0,0.56117819852823314,-1.6460634719006484,0.5748953941274052,-1.6269002920964015
60Hz,29,36000,60,0,0,0.53328001246401324,-1.683012915854794,0.54730512009613652,-1.6647694118515894
60Hz,30,37200,62,0,0,0.50478933420076033,-1.7180924753200975,0.51910677149509443,-1.700788916270261
60Hz,31,38400,64,0,0,0.4757378178493008,-1.7512631757150203,0.49033167764692598,-1.7349187864601228
60Hz,32,39600,66,0,0,0.44615774063061814,-1.7824881632652578,0.46101180865782859,-1.7671211029766636
60Hz,33,40800,68,0,0,0.41608196701476413,-1.8117327459495343,0.43117973989767694,-1.797360087952945
60Hz,34,42000,70,0,0,0.3855439122073171,-1.8389644320436158,0.40086861580768057,-1.8256021448500264
60Hz,35,43200,72,0,0,0.35457750502395396,-1.8641529662197192,0.37011211307578495,-1.8518158957838597
60Hz,36,44400,74,0,0,0.32321715019438402,-1.8872703631612087,0.33894440322072744,-1.8759722163871844
60Hz,37,45600,76,0,0,0.29149769013752636,-1.908290938655232,0.30740011462631994,-1.8980442681676881
60Hz,38,46800,78,0,0,0.25945436625039936,-1.9271913381287542,0.27551429406813899,-1.9180075283264828
60Hz,39,48000,80,0,0,0.22712277975373232,-1.9439505625962799,0.24332236777536798,-1.9358398170037676
60Hz,40,49200,82,0,0,0.19453885213780031,-1.9585499919904394,0.21086010207105396,-1.9515213219214043
60Hz,41,50400,84,0,0,0.16173878525242905,-1.9709734058495165,0.17816356363450836,-1.9650346203950328
60Hz,42,51600,86,0,0,0.12875902108551074,-1.9812070013389309,0.14526907943000184,-1.9763646986912642
60Hz,43,52800,88,0,0,0.095636201274718197,-1.9892394085866569,0.11221319634627368,-1.9854989687084479
60Hz,44,54000,90,0,0,0.062407126397401376,-1.9950617033155376,0.079032640591697526,-1.9924272819624809
60Hz,45,55200,92,0,0,0.029108715083896574,-1.9986674167584582,0.045764276890217059,-1.9971419408621176
60Hz,46,56400,94,0,0,-0.0042220370003252777,-2.0000525428453675,0.012445067523386118,-1.9996377072612548
60Hz,47,57600,96,0,0,-0.037548098258099002,-1.9992155426541574,-0.020887968735981026,-1.99991180827869
60Hz,48,58800,98,0,0,-0.070832442303926865,-1.9961573461204565,-0.054197797752923063,-1.9979639393788873
60Hz,49,60000,100,0,0,-0.10403808910154994,-1.9908813510044419,-0.087447411176512918,-1.9937962647103256
60Hz,50,61200,102,0,0,-0.13712814605002382,-1.9833934191158105,-0.12059986755739208,-1.9874134147010569
60Hz,51,62400,104,0,0,-0.17006584897265095,-1.9737018698011106,-0.15361833339097503,-1.978822480914143
60Hz,52,63600,106,0,0,-0.2028146029632289,-1.9618174707006648,-0.18646612404072335,-1.968033008168689
60Hz,53,64800,108,0,0,-0.23533802304423374,-1.9477534257853564,-0.21910674449602244,-1.9550569839352239
60Hz,54,66000,110,0,0,-0.26759997459176527,-1.9315253606865692,-0.2515039299193772,-1.9399088250172152
60Hz,55,67200,112,0,0,-0.29956461348234104,-1.9131513053355811,-0.28362168593787784,-1.9226053615335104
60Hz,56,68400,114,0,0,-0.33119642591693438,-1.8926516739316974,-0.31542432863417025,-1.903165818219503
60Hz,57,69600,116,0,0,-0.36246026787801089,-1.870049242261383,-0.34687652419249937,-1.8816117930677996
60Hz,58,70800,118,0,0,-0.39332140417572509,-1.84536912239359,-0.37794332815577852,-1.857967233332116
60Hz,59,72000,120,0,0,-0.42374554703989559,-1.8186387347793969,-0.4085902242500673,-1.8322584089210658
60Hz,60,73200,122,0,0,-0.45369889421488185,-1.7898877777869562,-0.43878316273332391,-1.8045138832114003
60Hz,61,74400,124,0,0,-0.48314816651503789,-1.7591481947055991,-0.46848859822582456,-1.7747644813131267
60Hz,62,75600,126,0,0,-0.51206064479901725,-1.7264541382557572,-0.49767352698021927,-1.7430432558217646
60Hz,63,76800,128,0,0,-0.54040420632184993,-1.6918419326441294,-0.52630552354981552,-1.7093854500957899
60Hz,64,78000,130,0,0,-0.56814736042440261,-1.6553500332062561,-0.55435277681435047,-1.6738284591000678
60Hz,65,79200,132,0,0,-0.59525928352057023,-1.6170189836813351,-0.58178412532322576,-1.6364117878587761
60Hz,66,80400,134,0,0,-0.6217098533433264,-1.5768913711667516,-0.60856909191693676,-1.5971770075639828
60Hz,67,81600,136,0,0,-0.64746968241158487,-1.5350117788023665,-0.63467791758823178,-1.5561677093886408
60Hz,68,82800,138,0,0,-0.67251015068068865,-1.4914267362371343,-0.66008159454537918,-1.5134294560553136
60Hz,69,84000,140,0,0,-0.6968034373402513,-1.4461846679330843,-0.68475189844080897,-1.4690097312144446
60Hz,70,85200,142,0,0,-0.72032255172402226,-1.3993358393640984,-0.7086614197293214,-1.4229578866884092
60Hz,71,86400,144,0,0,-0.74304136329743253,-1.3509323011692635,-0.73178359412102201,-1.3753250876399643
60Hz,72,87600,146,0,0,-0.7649346306895064,-1.3010278313228443,-0.75409273209514938,-1.3261642557260158
60Hz,73,88800,148,0,0,-0.78597802973688136,-1.2496778753851272,-0.77556404744200524,-1.2755300102998608
60Hz,74,90000,150,0,0,-0.80614818050877923,-1.1969394849005219,-0.79617368480127493,-1.223478607727231
60Hz,75,91200,152,0,0,-0.82542267328290353,-1.1428712540113579,-0.81589874616614222,-1.1700678788835626
60Hz,76,92400,154,0,0,-0.84378009344340121,-1.0875332543578027,-0.8347173163237529,-1.1153571649019278
60Hz,77,93600,156,0,0,-0.86120004527322824,-1.0309869683362307,-0.8526084872037597,-1.0594072512430226
60Hz,78,94800,158,0,0,-0.87766317461448362,-0.97329522079019326,-0.86955238110789868,-1.0022803001604565
60Hz,79,96000,160,0,0,-0.89315119037153579,-0.9145221092098843,-0.88553017279478674,-0.94403978163637714
60Hz,80,97200,162,0,0,-0.90764688483305089,-0.85473293251765292,-0.90052411039540381,-0.8847504028641664
60Hz,81,98400,164,0,0,-0.9211341527903445,-0.79399411851868384,-0.91451753513602219,-0.82447803635655126
60Hz,82,99600,166,0,0,-0.93359800943081495,-0.73237315009745008,-0.92749489984666955,-0.76328964675900568
60Hz,83,100800,168,0,0,-0.94502460698657897,-0.66993849024193752,-0.93944178623456287,-0.70125321644975624
60Hz,84,102000,170,0,0,-0.95540125011981225,-0.60675950597894091,-0.95034492090332112,-0.63843767000905161
60Hz,85,103200,172,0,0,-0.96471641002770014,-0.54290639130494189,-0.96019219010015899,-0.57491279764161385
60Hz,86,104400,174,0,0,-0.97295973725132967,-0.47845008919819593,-0.96897265317467807,-0.51074917763735184
60Hz,87,105600,176,0,0,-0.98012207317428934,-0.41346221279867496,-0.97667655473430037,-0.44601809795648495
60Hz,88,106800,178,0,0,-0.98619546019820292,-0.34801496584343727,-0.98329533548284098,-0.38079147702619864
60Hz,89,108000,180,0,0,-0.99117315058389166,-0.28218106244582464,-0.9888216417301765,-0.3151417838368305
60Hz,90,109200,182,0,0,-0.99504961394834146,-0.21603364630761343,-0.99324933356244471,-0.24914195742636158
60Hz,91,110400,184,0,0,-0.99782054340914605,-0.1496462094538788,-0.99657349166369702,-0.18286532584266871
60Hz,92,111600,186,0,0,-0.99948286036959966,-0.08309251058085973,-0.99879042278142582,-0.11638552467357392
60Hz,93,112800,188,0,0,-1.0000347179391227,-0.016446493107543304,-0.99989766382989309,-0.049776415235206407
60Hz,94,114000,190,0,0,-0.99947550298521926,0.050217796977984196,-0.99989398462670243,0.01688799749042745
60Hz,95,115200,192,0,0,-0.99780583681468904,0.11682629338614395,-0.99877938925957355,0.083533647077491502
60Hz,96,116400,194,0,0,-0.99502757448333357,0.18330499181602694,-0.99655511608180047,0.1500864879466336
60Hz,97,117600,196,0,0,-0.99114380273492675,0.2495800321766847,-0.9932236363363991,0.21647257763213806
60Hz,98,118800,198,0,0,-0.98615883657173742,0.31557778064819803,-0.98878865141047245,0.28261815893451558
60Hz,99,120000,200,0,0,-0.98007821446041565,0.38122491149135068,-0.98325508872284362,0.34844974186725591
60Hz,100,121200,202,0,0,-0.97290869217856812,0.4464484885150154,-0.97662909624952654,0.41389418530669786
60Hz,101,122400,204,0,0,-0.96465823530885952,0.51117604611073819,-0.96891803569311563,0.47887877825430097
60Hz,102,123600,206,0,0,-0.95533601038898019,0.57533566976448969,-0.96013047430368426,0.54333132062103351
60Hz,103,124800,208,0,0,-0.94495237472731142,0.6388560759561317,-0.9502761753602792,0.60718020344412238
60Hz,104,126000,210,0,0,-0.93351886489560421,0.70166669135782822,-0.93936608732358606,0.67035448844704204
60Hz,105,127200,212,0,0,-0.92104818391145626,0.76369773124340889,-0.92741233167181802,0.73278398685434831
60Hz,106,128400,214,0,0,-0.90755418712482827,0.82488027702156885,-0.91442818943334137,0.79439933737379076
60Hz,107,129600,216,0,0,-0.89305186682427962,0.88514635280676313,-0.90042808643100269,0.85513208325906309
60Hz,108,130800,218,0,0,-0.87755733558002713,0.94442900094272408,-0.88542757725454979,0.91491474836757247
60Hz,109,132000,220,0,0,-0.86108780834233201,1.0026623563946901,-0.86944332797895441,0.97368091212872498
60Hz,110,133200,222,0,0,-0.84366158331510599,1.0597817199276958,-0.85249309764783676,1.0313652833394344
60Hz,111,134400,224,0,0,-0.82529802162598531,1.115723629989618,-0.83459571854256542,1.0879037727048659
60Hz,112,135600,226,0,0,-0.80601752581546093,1.170425933219116,-0.81577107525895354,1.1432335640438176
60Hz,113,136800,228,0,0,-0.78584151716896289,1.2238278535001248,-0.79604008261479731,1.1972931840796315
60Hz,114,138000,230,0,0,-0.76479241191708569,1.2758700594861836,-0.77542466241280383,1.2500225707390902
60Hz,115,139200,232,0,0,-0.74289359633039409,1.3264947305195773,-0.75394771908472391,1.3013631398834198
60Hz,116,140400,234,0,0,-0.72016940073648328,1.3756456208720489,-0.73163311424375033,1.3512578503972572
60Hz,117,141600,236,0,0,-0.69664507248815843,1.4232681222357135,-0.70850564017345607,1.3996512675632651
60Hz,118,142800,238,0,0,-0.67234674791276905,1.4693093243947428,-0.68459099228272524,1.4464896246519854
60Hz,119,144000,240,0,0,-0.64730142327386142,1.5137180740104113,-0.65991574055728153,1.4917208826585018
60Hz,120,145200,242,0,0,-0.62153692477741362,1.5564450314541911,-0.63450730003953193,1.53529478811954
60Hz,121,146400,244,0,0,-0.59508187765597598,1.5974427256257555,-0.6083939003695239,1.5771629289467715
60Hz,122,147600,246,0,0,-0.5679656743650654,1.6366656066949832,-0.5816045544208569,1.6172787882142881
60Hz,123,148800,248,0,0,-0.54021844192715007,1.6740700967093651,-0.55416902606639473,1.6555977958404853
60Hz,124,150000,250,0,0,-0.51187100845950406,1.7096146380105899,-0.52611779710959228,1.6920773781069367
60Hz,125,151200,252,0,0,-0.48295486892312278,1.7432597394065126,-0.49748203341817704,1.7266770049592399
60Hz,126,152400,254,0,0,-0.45350215013075201,1.7749680200472104,-0.46829355029781211,1.7593582350372834
60Hz,127,153600,256,0,0,-0.42354557505290807,1.804704250956376,-0.43858477714421118,1.7900847583849022
60Hz,128,154800,258,0,0,-0.3931184264615466,1.8324353941719056,-0.40838872141297916,1.8188224367914729
60Hz,129,156000,260,0,0,-0.36225450995177311,1.8581306394521975,-0.37773893194720809,1.8455393417206238
60Hz,130,157200,262,0,0,-0.33098811638267894,1.8817614385073758,-0.34666946170357377,1.8702057897839233
60Hz,131,158400,264,0,0,-0.29935398377903272,1.90330153671741,-0.31521482991834449,1.8927943757201318
60Hz,132,159600,266,0,0,-0.26738725873615549,1.9227270023018892,-0.28340998375533788,1.9132800028433778
60Hz,133,160800,268,0,0,-0.23512345737085991,1.9400162529090423,-0.25129025947843525,1.9316399109264277
60Hz,134,162000,270,0,0,-0.20259842586183879,1.9551500795944641,-0.21889134319179265,1.947853701488071
60Hz,135,163200,272,0,0,-0.16984830062334355,1.9681116681629045,-0.18624923119136774,1.9619033604565255
60Hz,136,164400,274,0,0,-0.13690946815640112,1.9788866178494096,-0.15340018997181287,1.9737732781836825
60Hz,137,165600,276,0,0,-0.10381852462217597,1.9874629573190619,-0.12038071593316815,1.9834502667879563
60Hz,138,166800,278,0,0,-0.070612235182392583,1.9938311579675385,-0.087227494832122068,1.9909235748064678
60Hz,139,168000,280,0,0,-0.037327493151992588,1.9979841445077144,-0.053977361022890212,1.9961848991402849
60Hz,140,169200,282,0,0,-0.0040012790094092979,1.9999173028305475,-0.020667256532997193,1.9992283942794475
60Hz,141,170400,284,0,0,0.029329380689999341,1.9996284851315089,0.012665809980570101,2.0000506787975278
60Hz,142,171600,286,0,0,0.062627454451710807,1.9971180122968677,0.045984804349236914,1.9986508391085089
60Hz,143,172800,288,0,0,0.095855946985285698,1.9923886735471754,0.079252708039059233,1.9950304304818107
60Hz,144,174000,290,0,0,0.12897794030739135,1.9854457233383469,0.1124325592795718,1.9891934753143325
60Hz,145,175200,292,0,0,0.16195663475893482,1.9762968755237815,0.14548749412956996,1.9811464586614338
60Hz,146,176400,294,0,0,0.19475538989073338,1.9649522947840103,0.17838078743419997,1.9708983210318169
60Hz,147,177600,296,0,0,0.22733776517229762,1.9514245853333909,0.2110758936278527,1.9584604484543193
60Hz,148,178800,298,0,0,0.25966756047849798,1.9357287769163967,0.243536487337528,1.9438466598276476
60Hz,149,180000,300,0,0,0.29170885630913279,1.9178823081090615,0.27572650374155727,1.9270731915671133
60Hz,150,181200,302,0,0,0.3234260536967124,1.897905006944129,0.30761017863884466,1.9081586795654237
60Hz,151,182400,304,0,0,0.35478391375812079,1.8758190688814349,0.33915208818410886,1.8871241384875719
60Hz,152,183600,306,0,0,0.38574759684621102,1.8516490321479984,0.37031718824497772,1.8639929384228309
60Hz,153,184800,308,0,0,0.41628270125783606,1.8254217504752177,0.40107085333720927,1.8387907789197913
60Hz,154,186000,310,0,0,0.44635530145530899,1.7971663632634638,0.43137891509478016,1.8115456604332898
60Hz,155,187200,312,0,0,0.47593198575882711,1.7669142632072168,0.46120770023210028,1.7822878532149535
60Hz,156,188400,314,0,0,0.50497989346798244,1.7346990614167166,0.49052406795617648,1.7510498636819225
60Hz,157,189600,316,0,0,0.53346675137111577,1.7005565500748785,0.51929544678715844,1.7178663983011171
60Hz,158,190800,318,0,0,0.56136090960195029,1.6645246626709627,0.54748987074635891,1.6827743250291747
60Hz,159,192000,320,0,0,0.58863137680366762,1.6266434318551797,0.57507601487154114,1.6458126323508977
60Hz,160,193200,322,0,0,0.61524785456135744,1.5869549449610569,0.60202323002001534,1.6070223859617241
60Hz,161,194400,324,0,0,0.64118077106458515,1.5455032972449823,0.62830157692087696,1.5664466831423449
60Hz,162,195600,326,0,0,0.6664013139626771,1.5023345428948776,0.65388185943855315,1.5241306048761627
60Hz,163,196800,328,0,0,0.69088146237622061,1.4574966438624317,0.67873565701070038,1.4801211657627884
60Hz,164,198000,330,0,0,0.71459401802921207,1.4110394165757438,0.70283535622441418,1.4344672617832244
60Hz,165,199200,332,0,0,0.73751263546726498,1.363014476591581,0.72615418149566846,1.3872196159747701
60Hz,166,200400,334,0,0,0.75961185132830455,1.3134751812487422,0.74866622481789835,1.3384307220760054
60Hz,167,201600,336,0,0,0.78086711263322717,1.2624765703862428,0.77034647454667515,1.2881547862044653
60Hz,168,202800,338,0,0,0.80125480406509375,1.2100753051921855,0.79117084318849218,1.2364476666318018
60Hz,169,204000,340,0,0,0.82075227420654884,1.1563296052512562,0.81111619416278835,1.1833668117233491
60Hz,170,205200,342,0,0,0.839337860706314,1.1012991838607886,0.83016036750747413,1.1289711961110378
60Hz,171,206400,344,0,0,0.85699091434679608,1.0450451816872648,0.84828220449940217,1.0733212551705782
60Hz,172,207600,346,0,0,0.87369182198606821,0.9876300988369574,0.86546157116242695,1.0164788178757049
60Hz,173,208800,348,0,0,0.88942202834873718,0.92911772541619053,0.88167938063693563,0.95850703810408844
60Hz,174,210000,350,0,0,0.90416405664148392,0.86957307065836609,0.89691761438599749,0.89947032447123265
60Hz,175,211200,352,0,0,0.91790152797037394,0.8090622906964976,0.91115934221456985,0.83943426877031657
60Hz,176,212400,354,0,0,0.93061917953836548,0.74765261506150116,0.92438874107951963,0.7784655730974851
60Hz,177,213600,356,0,0,0.9423028816027943,0.68541227198790355,0.93659111266956174,0.71663197574355564
60Hz,178,214800,358,0,0,0.95293965317399798,0.62241041260995766,0.94775289973558163,0.65400217593447707
60Hz,179,216000,360,0,0,0.96251767643763575,0.55871703413238438,0.95786170115319924,0.59064575750415771
60Hz,180,217200,362,0,0,0.97102630988468208,0.49440290206110193,0.96690628570083959,0.52663311158446324
60Hz,181,218400,364,0,0,0.9784561001345039,0.42953947158034583,0.97487660453800107,0.46203535839827919
60Hz,182,219600,366,0,0,0.9847987924378877,0.36419880816353373,0.98176380236985827,0.39692426824252902
60Hz,183,220800,368,0,0,0.99004733984834614,0.29845350750607763,0.98756022728579551,0.33137218174893746
60Hz,184,222000,370,0,0,0.99419591105151484,0.23237661486910147,0.99225943926093896,0.26545192951113278
60Hz,185,223200,372,0,0,0.99723989684394032,0.1660415439236762,0.99585621731124307,0.19923675116738432
60Hz,186,224400,374,0,0,0.99917591525406213,0.099521995185738843,0.99834656529418098,0.13280021402887821
60Hz,187,225600,376,0,0,1.0000018152996974,0.032891874132316937,0.99972771634859492,0.066216131343936765
60Hz,188,226800,378,0,0,0.99971667937785602,-0.033774790909965394,0.99999813596877241,-0.0004415197110063112
60Hz,189,228000,380,0,0,0.99832082428422741,-0.10040393101287175,0.99915752370933464,-0.067098680222560589
60Hz,190,229200,382,0,0,0.9958158008612108,-0.16692151893964738,0.99720681351904117,-0.133681291822346
60Hz,191,230400,384,0,0,0.99220439227487622,-0.23325365139179244,0.99414817270314115,-0.20011537896835441
60Hz,192,231600,386,0,0,0.98749061092277268,-0.29932663111813573,0.98998499951542385,-0.2663271311342883
60Hz,193,232800,388,0,0,0.98167969397601806,-0.36506704879498292,0.98472191938264297,-0.33224298481556147
60Hz,194,234000,390,0,0,0.97477809756062461,-0.4304018645863672,0.97836477976551095,-0.39778970526085017
60Hz,195,235200,392,0,0,0.96679348958452316,-0.49525848929378707,0.97092064366197139,-0.462894467838388
60Hz,196,236400,394,0,0,0.95773474121825752,-0.55956486500527014,0.96239778175996815,-0.52748493894660453
60Hz,197,237600,396,0,0,0.94761191703881276,-0.62324954515415976,0.95280566324843075,-0.59148935637921207
60Hz,198,238800,398,0,0,0.93643626384752832,-0.68624177389867624,0.94215494529668398,-0.65483660905545349
60Hz,199,240000,400,0,0,0.92422019817452006,-0.74847156473405951,0.93045746121397055,-0.71745631602692717
60Hz,200,241200,402,0,0,0.91097729248349368,-0.80986977824995154,0.9177262073022433,-0.77927890467321015
60Hz,201,242400,404,0,0,0.89672226009227685,-0.87036819894662898,0.90397532841683204,-0.84023568799940129
60Hz,202,243600,406,0,0,0.88147093882582317,-0.92989961102473917,0.88922010225102932,-0.90025894094970482
60Hz,203,244800,408,0,0,0.86524027341985155,-0.98839787306433502,0.87347692236205432,-0.95928197565226658
60Hz,204,246000,410,0,0,0.84804829669466897,-1.0457979915102384,0.85676327995725432,-1.0172392155116634
60Hz,205,247200,412,0,0,0.82991410952009548,-1.1020361928820868,0.83909774446077956,-1.0740662680667274
60Hz,206,248400,414,0,0,0.8108578595937489,-1.157049994628834,0.82049994288232253,-1.1296999965327565
60Hz,207,249600,416,0,0,0.79090071905626869,-1.2107782745489872,0.80099053801084363,-1.1840785899486257
60Hz,208,250800,418,0,0,0.77006486096834947,-1.2631613386994465,0.78059120545751148,-1.2371416318508628
60Hz,209,252000,420,0,0,0.74837343467571704,-1.3141409877175037,0.7593246095733629,-1.2888301673983915
60Hz,210,253200,422,0,0,0.72585054008941985,-1.3636605814823088,0.73721437826843905,-1.339086768873361
60Hz,211,254400,424,0,0,0.70252120091000936,-1.4116651020439686,0.71428507676037578,-1.3878555994852895
60Hz,212,255600,426,0,0,0.67841133682535948,-1.4581012147503558,0.69056218028161243,-1.4350824754076354
60Hz,213,256800,428,0,0,0.65354773471301286,-1.5029173275037193,0.66607204577554391,-1.4807149259778678
60Hz,214,258000,430,0,0,0.62795801887905123,-1.5460636480812551,0.64084188261306163,-1.5247022519941531
60Hz,215,259200,432,0,0,0.6016706203665525,-1.5874922394559574,0.61489972236201884,-1.5669955820438901
60Hz,216,260400,434,0,0,0.57471474536773759,-1.6271570730562828,0.58827438764320661,-1.6075479268015092
60Hz,217,261600,436,0,0,0.54712034277489874,-1.6650140799054554,0.56099546010744417,-1.6463142312352073
60Hz,218,262800,438,0,0,0.5189180709061636,-1.7010211995835973,0.53309324756936027,-1.6832514246646186
60Hz,219,264000,440,0,0,0.49013926344306291,-1.7351384269582821,0.50459875033438195,-1.7183184686138027
60Hz,220,265200,442,0,0,0.46081589461774641,-1.7673278566315958,0.47554362675634304,-1.7514764024063842
60Hz,221,266400,444,0,0,0.43098054368852556,-1.7975537250543199,0.44596015806397821,-1.7826883864521872
60Hz,222,267600,446,0,0,0.40066635874321122,-1.8257824502604501,0.41588121249538162,-1.8119197431772707
60Hz,223,268800,448,0,0,0.36990701987046298,-1.8519826691778998,0.3853402087802788,-1.8391379955518905
60Hz,224,270000,450,0,0,0.33873670174006698,-1.8761252724739379,0.35437107901068315,-1.8643129031735819
60Hz,225,271200,452,0,0,0.30719003563371766,-1.8981834368966464,0.32300823094118969,-1.8874164958652735
60Hz,226,272400,454,0,0,0.27530207096848791,-1.9181326550764632,0.29128650976079179,-1.9084231047511035
60Hz,227,273600,456,0,0,0.24310823635573695,-1.9359507627547026,0.2592411593786928,-1.9273093907754129
60Hz,228,274800,458,0,0,0.21064430023872005,-1.951617963408798,0.22690778326712671,-1.9440543706332272
60Hz,229,276000,460,0,0,0.17794633115263395,-1.9651168502469116,0.19432230490469155,-1.9586394400834219
60Hz,230,277200,462,0,0,0.14505065765124947,-1.976432425547471,0.16152092786414507,-1.9710483946186661
60Hz,231,278400,464,0,0,0.11199382794465509,-1.9855521173221462,0.12854009558900631,-1.9812674474691794
60Hz,232,279600,466,0,0,0.078812569292954618,-1.9924657932837564,0.095416450903652583,-1.9892852449203013
60Hz,233,280800,468,0,0,0.045543747201034289,-1.9971657721035849,0.062186795301897496,-1.9950928789268549
60Hz,234,282000,470,0,0,0.012224324459735278,-1.9996468319455953,0.028888048059281905,-1.998683897010286
60Hz,235,283200,472,0,0,-0.02110867992106186,-1.9999062162680701,-0.0044427947854946111,-2.0000543094275867
60Hz,236,284400,474,0,0,-0.054418231841813984,-1.9979436368862205,-0.037768701534428815,-1.9992025936040347
60Hz,237,285600,476,0,0,-0.087667323259457294,-1.9937612742923705,-0.071052645973687545,-1.9961296958248267
60Hz,238,286800,478,0,0,-0.12081901330459961,-1.9873637752333557,-0.10425764851098832,-1.990839030183722
60Hz,239,288000,480,0,0,-0.15383646932408043,-1.9787582475478296,-0.13734681726118186,-1.983336474789869
60Hz,240,289200,482,0,0,-0.18668300780329911,-1.9679542522692139,-0.170283389034389,-1.9736303652370268
60Hz,241,290400,484,0,0,-0.21932213512284496,-1.9549637930030654,-0.20303077018115276,-1.9617314853424372
60Hz,242,291600,486,0,0,-0.25171758810414746,-1.9398013025906631,-0.23555257724922526,-1.9476530551656372
60Hz,243,292800,488,0,0,-0.28383337429909877,-1.9224836270736307,-0.26781267740681852,-1.9314107163205247
60Hz,244,294000,490,0,0,-0.31563381197888551,-1.903030006977414,-0.29977522858740707,-1.9130225145969941
60Hz,245,295200,492,0,0,-0.34708356977760096,-1.8814620559344017,-0.33140471931148097,-1.8925088799114511
60Hz,246,296400,494,0,0,-0.37814770594659203,-1.8578037366704483,-0.36266600814100497,-1.8698926036084818
60Hz,247,297600,496,0,0,-0.40879170717592839,-1.8320813343814701,-0.39352436272274949,-1.8451988131388952
60Hz,248,298800,498,0,0,-0.43898152693986148,-1.8043234275297022,-0.42394549837711398,-1.8184549441422726
60Hz,249,300000,500,0,0,-0.46868362332367058,-1.7745608560920545,-0.45389561618957014,-1.7896907099650401
60Hz,250,301200,502,0,0,-0.4978649962898688,-1.742826687295852,-0.48334144056240336,-1.7589380686479321
60Hz,251,302400,504,0,0,-0.52649322434236501,-1.709156178880022,-0.51225025618503151,-1.7262311874195231
60Hz,252,303600,506,0,0,-0.55453650054784687,-1.673586739922549,-0.54058994438182562,-1.6916064047352766
60Hz,253,304800,508,0,0,-0.5819636678743636,-1.6361578892777191,-0.56832901879704922,-1.6551021899042875
60Hz,254,306000,510,0,0,-0.60874425380784614,-1.5969112116693314,-0.59543666037726839,-1.6167591003485737
60Hz,255,307200,512,0,0,-0.63484850420810501,-1.5558903114886575,-0.62188275161236617,-1.5766197365424031
60Hz,256,308400,514,0,0,-0.66024741636669004,-1.5131407643484833,-0.64763790999711934,-1.5347286946817207
60Hz,257,309600,516,0,0,-0.68491277122988437,-1.4687100664470552,-0.67267352067615893,-1.4911325171362604
60Hz,258,310800,518,0,0,-0.70881716475103085,-1.4226475817981907,-0.69696176823604594,-1.4458796407393923
60Hz,259,312000,520,0,0,-0.73193403833735871,-1.3750044873861851,-0.7204756676091405,-1.3990203429731565
60Hz,260,313200,522,0,0,-0.75423770835748127,-1.3258337163064422,-0.74318909405492761,-1.3506066861082731
60Hz,261,314400,524,0,0,-0.77570339467678295,-1.2751898989550099,-0.76507681218549117,-1.3006924593611928
60Hz,262,315600,526,0,0,-0.79630724818898968,-1.2231293023323542,-0.78611450400288674,-1.2493331191324504
60Hz,263,316800,528,0,0,-0.81602637731333583,-1.1697097675288124,-0.80627879591726237,-1.1965857273927212
60Hz,264,318000,530,0,0,-0.83483887342788765,-1.1149906454611775,-0.82554728471571115,-1.1425088882850345
60Hz,265,319200,532,0,0,-0.852723835210766,-1.0590327309318146,-0.84389856245300088,-1.0871626830135812
60Hz,266,320400,534,0,0,-0.86966139186222446,-1.0018981950835715,-0.86131224023652808,-1.0306086030914556
60Hz,267,321600,536,0,0,-0.88563272518178293,-0.94365051632552832,-0.87776897087907024,-0.9729094820214973
60Hz,268,322800,538,0,0,-0.90062009047588676,-0.88435440980632996,-0.89325047039416738,-0.91412942548613552
60Hz,269,324000,540,0,0,-0.91460683627286399,-0.82407575551345869,-0.90773953831025178,-0.85433374012380037
60Hz,270,325200,542,0,0,-0.92757742282327527,-0.7628815250783314,-0.92122007678095585,-0.79358886097102987
60Hz,271,326400,544,0,0,-0.9395174393651039,-0.7008397073685434,-0.933677108470366,-0.73196227765088895
60Hz,272,327600,546,0,0,-0.95041362013460085,-0.63801923294992813,-0.94509679319335149,-0.66952245938970656
60Hz,273,328800,548,0,0,-0.96025385910499916,-0.57448989750235879,-0.95546644329247954,-0.60633877894544141
60Hz,274,330000,550,0,0,-0.96902722343672054,-0.51032228427437776,-0.96477453773443411,-0.54248143553219219
60Hz,275,331200,552,0,0,-0.97672396562413133,-0.44558768566281126,-0.97301073491027457,-0.4780213768264871
60Hz,276,332400,554,0,0,-0.98333553432535215,-0.38035802400449642,-0.98016588412531469,-0.41303022014200691
60Hz,277,333600,556,0,0,-0.98885458386308922,-0.31470577166812286,-0.98623203576585483,-0.347580172860318
60Hz,278,334800,558,0,0,-0.99327498238593082,-0.24870387053497081,-0.99120245013147268,-0.28174395220601989
60Hz,279,336000,560,0,0,-0.99659181868104285,-0.18242565095800448,-0.99507160492305946,-0.2155947044554398
60Hz,280,337200,562,0,0,-0.99880140763069281,-0.11594475028936034,-0.99783520137828152,-0.14920592366863639
60Hz,281,338400,564,0,0,-0.99990129430654073,-0.049335031066748879,-0.9994901690476512,-0.082651370035003918
60Hz,282,339600,566,0,0,-0.99989025669714804,0.017329501050332506,-1.0000346692059008,-0.01600498792319752
60Hz,283,340800,568,0,0,-0.99876830706567321,0.08397477950339971,-0.99946809689486826,0.05065917627357077
60Hz,284,342000,570,0,0,-0.99653669193624794,0.15052675912544305,-0.99779108159562668,0.11726705640558882
60Hz,285,343200,572,0,0,-0.99319789070904563,0.21691149840762161,-0.99500548652910914,0.18374464885665132
60Hz,286,344400,574,0,0,-0.98875561290558411,0.28305524165079005,-0.99111440658600736,0.2500180947645898
60Hz,287,345600,576,0,0,-0.98321479404732115,0.34888450091058432,-0.98612216488824267,0.3160137620809762
60Hz,288,346800,578,0,0,-0.97658159017212243,0.41432613764502274,-0.98003430798583091,0.38165832737882838
60Hz,289,348000,580,0,0,-0.96886337099469455,0.4793074439739094,-0.97285759969447716,0.44687885731742683
60Hz,290,349200,582,0,0,-0.9600687117185821,0.54375622345975749,-0.96460001358074676,0.51160288967373257
60Hz,291,350400,584,0,0,-0.95020738350882494,0.60760087132048235,-0.95527072410316227,0.57575851385037691
60Hz,292,351600,586,0,0,-0.9392903426358622,0.67077045398474544,-0.94488009641906845,0.63927445077077649
60Hz,293,352800,588,0,0,-0.92732971830274413,0.73319478790156056,-0.93343967486859047,0.70208013207260755
60Hz,294,354000,590,0,0,-0.91433879916917538,0.79480451751660142,-0.92096217014848036,0.76410577851165207
60Hz,295,355200,592,0,0,-0.900332018587363,0.85553119232857733,-0.90746144519010119,0.82528247748890726
60Hz,296,356400,594,0,0,-0.88532493856607219,0.91530734294006411,-0.89295249975723945,0.8855422596148228
60Hz,297,357600,596,0,0,-0.8693342324807064,0.97406655601829517,-0.87745145378085887,0.94481817422559988
60Hz,298,358800,598,0,0,-0.85237766654862079,1.0317435480826289,-0.86097552944930933,1.003044363767652
60Hz,299,360000,600,0,0,-0.8344740800902517,1.0882742380367125,-0.84354303207389092,1.0601561369675829
60Hz,300,361200,602,0,0,-0.81564336459799225,1.1435958183647554,-0.82517332975103186,1.1160900407063876
60Hz,301,362400,604,0,0,-0.79590644163606861,1.1976468249128112,-0.80588683184367538,1.1707839305180219
60Hz,302,363600,606,0,0,-0.77528523959597229,1.2503672051775396,-0.78570496630578512,1.2241770396340135
60Hz,303,364800,608,0,0,-0.75380266933327245,1.3016983850265773,-0.76465015587516061,1.2762100464974053
60Hz,304,366000,610,0,0,-0.73148259871287746,1.3515833337763867,-0.74274579316101397,1.3268251406710196
60Hz,305,367200,612,0,0,-0.7083498260910267,1.3999666275552822,-0.72001621465398735,1.375966087066816
60Hz,306,368400,614,0,0,-0.68443005276347491,1.4467945108812326,-0.69648667368748518,1.423578288424983
60Hz,307,369600,616,0,0,-0.65974985441048006,1.492014956386027,-0.67218331238036366,1.4696088459733483
60Hz,308,370800,618,0,0,-0.63433665157032038,1.5355777226194478,-0.64713313259214911,1.5140066181997096
60Hz,309,372000,620,0,0,-0.60821867917414518,1.577434409869227,-0.62136396592305543,1.5567222776717917
60Hz,310,373200,622,0,0,-0.58142495517600801,1.6175385139347696,-0.59490444279213106,1.5977083658416986
60Hz,311,374400,624,0,0,-0.55398524831293405,1.6558454777948997,-0.5677839606278916,1.6369193457739699
60Hz,312,375600,626,0,0,-0.5259300450308434,1.6923127411122234,-0.54003265120677857,1.6743116527386641
60Hz,313,376800,628,0,0,-0.49729051561307375,1.7268997875191092,-0.51168134717573299,1.7098437426132516
60Hz,314,378000,630,0,0,-0.46809847954913797,1.7595681896327475,-0.48276154779607755,1.7434761380395449
60Hz,315,379200,632,0,0,-0.43838637018219079,1.7902816517492777,-0.45330538394676811,1.7751714722843854
60Hz,316,380400,634,0,0,-0.40818719867448333,1.8190060501695473,-0.42334558242589621,1.8048945307553508
60Hz,317,381600,636,0,0,-0.37753451733084109,1.8457094711117004,-0.39291542959010528,1.8326122901253634
60Hz,318,382800,638,0,0,-0.34646238232091442,1.8703622461684724,-0.36204873437231838,1.8582939550227284
60Hz,319,384000,640,0,0,-0.31500531584161745,1.8929369852697984,-0.33077979071886576,1.8819109922458361
60Hz,320,385200,642,0,0,-0.28319826776179552,1.9134086071141105,-0.29914333948774646,1.903437162464519
60Hz,321,386400,644,0,0,-0.25107657679173428,1.9317543670345156,-0.26717452985035522,1.9228485493728371
60Hz,322,387600,646,0,0,-0.21867593122065263,1.947953882268892,-0.23490888023956005,1.9401235862609068
60Hz,323,388800,648,0,0,-0.18603232926580199,1.961989154605831,-0.20238223888751725,1.955243079976247
60Hz,324,390000,650,0,0,-0.15318203907722464,1.97384459038126,-0.16963074399706846,1.9681902322480245
60Hz,325,391200,652,0,0,-0.12016155844260767,1.9835070178035332,-0.13669078359097045,1.9789506583505008
60Hz,326,392400,654,0,0,-0.087007574237001908,1.9909657015877391,-0.1035989550835664,1.9875124030849536
60Hz,327,393600,656,0,0,-0.053756921662457977,1.9962123548829664,-0.070392024619816029,1.9938659540623058
60Hz,328,394800,658,0,0,-0.020446543322866374,1.9992411484792769,-0.037106886226860349,1.998004252271715
60Hz,329,396000,660,0,0,0.012886551820529699,2.0000487172841561,-0.0037805208235049356,1.9999226999233726
60Hz,330,397200,662,0,0,0.046205329567346777,1.9986341640612439,0.029550044866836409,1.9996191655568052
60Hz,331,398400,664,0,0,0.079472771624315069,1.9949990604271961,0.06284777945408844,1.9970939864089992
60Hz,332,399600,666,0,0,0.11265191673385909,1.9891474451055642,0.096075688024646055,1.992349968039719
60Hz,333,400800,668,0,0,0.1457059017393097,1.9810858194396364,0.12919685324397939,1.9853923812144356
60Hz,334,402000,670,0,0,0.17859800254112262,1.9708231401692244,0.16217447637304575,1.9762289560483259
60Hz,335,403200,672,0,0,0.21129167489859993,1.9583708094794225,0.19497191815293807,1.9648698734178538
60Hz,336,404400,674,0,0,0.24375059503178209,1.9437426623323912,0.2275527395123455,1.9513277536494693
60Hz,337,405600,676,0,0,0.27593869997840081,1.9269549510962451,0.25988074205259876,1.9356176424979985
60Hz,338,406800,678,0,0,0.30782022766105427,1.9080263274881213,0.29192000826531994,1.9177569944302986
60Hz,339,408000,680,0,0,0.3393597566200896,1.8869778218514863,0.32363494143799387,1.8977656532327527
60Hz,340,409200,682,0,0,0.37052224536804679,1.8638328197907126,0.35499030520312419,1.87566582996415
60Hz,341,410400,684,0,0,0.40127307132194112,1.8386170361888767,0.38595126268703384,1.8514820782784445
60Hz,342,411600,686,0,0,0.43157806927012832,1.8113584866376515,0.41648341521481458,1.8252412671448119
60Hz,343,412800,688,0,0,0.46140356933101451,1.7820874563110332,0.44655284052842259,1.7969725509953138
60Hz,344,414000,690,0,0,0.49071643436143797,1.750836466317484,0.47612613047545893,1.7667073373333326
60Hz,345,415200,692,0,0,0.51948409677315999,1.7176402375678774,0.50517042812676105,1.7344792518387695
60Hz,346,416400,694,0,0,0.54767459471656132,1.6825356521993866,0.53365346428156646,1.7003241010087722
60Hz,347,417600,696,0,0,0.57525660759134201,1.6455617125981783,0.5615435933196905,1.6642798323755013
60Hz,348,418800,698,0,0,0.60219949084477176,1.6067594980664375,0.5888098283608848,1.6263864923451337
60Hz,349,420000,700,0,0,0.62847331001882856,1.566172119181868,0.61542187569231299,1.5866861817049451
60Hz,350,421200,702,0,0,0.65404887400839762,1.5238446699003774,0.64135016842589443,1.5452230088479071
60Hz,351,422400,704,0,0,0.67889776749358022,1.4798241774551602,0.66656589934812061,1.5020430407667642
60Hz,352,423600,706,0,0,0.70299238251007934,1.4341595501078459,0.69104105292584728,1.4571942518720409
60Hz,353,424800,708,0,0,0.72630594912258439,1.3869015228097599,0.71474843643250308,1.4107264706908433
60Hz,354,426000,710,0,0,0.74881256516707895,1.3381026008336694,0.73766171016013171,1.3626913245056738
60Hz,355,427200,712,0,0,0.77048722502902411,1.2878170014386434,0.75975541668370206,1.3131421819947668
60Hz,356,428400,714,0,0,0.79130584742544507,1.2361005936328369,0.78100500914517146,1.2621340939376759
60Hz,357,429600,716,0,0,0.8112453021600543,1.183010836101126,0.80138687852587831,1.2097237320519887
60Hz,358,430800,718,0,0,0.83028343582168496,1.1286067133665587,0.82087837987696366,1.1559693260291242
60Hz,359,432000,720,0,0,0.84839909639748268,1.0729486702565465,0.83945785747867807,1.1009305988391691
60Hz,360,433200,722,0,0,0.86557215677350974,1.0160985447466098,0.85710466890062131,1.0446687003766304
60Hz,361,434400,724,0,0,0.88178353709665236,0.95811949925628659,0.87379920793618326,0.98724613952082607
60Hz,362,435600,726,0,0,0.89701522597298511,0.89907595047354139,0.88952292638570563,0.92872671468639822
60Hz,363,436800,728,0,0,0.91125030047904132,0.83903349778563652,0.90425835466416105,0.8691754429411086
60Hz,364,438000,730,0,0,0.92447294496375509,0.77805885039598655,0.91798912121045517,0.80865848776966842
60Hz,365,439200,732,0,0,0.93666846862018693,0.71621975320796849,0.93069997067678722,0.74724308556386143
60Hz,366,440400,734,0,0,0.94782332180750906,0.65358491155803367,0.94237678087785881,0.6849974709206289
60Hz,367,441600,736,0,0,0.95792511110511624,0.59022391488174664,0.95300657848110171,0.62199080083111669
60Hz,368,442800,738,0,0,0.96696261308213682,0.5262071593975598,0.96257755342049045,0.55829307784490945
60Hz,369,444000,740,0,0,0.97492578676704555,0.46160576989422436,0.97107907201792698,0.4939750722948219
60Hz,370,445200,742,0,0,0.98180578480352376,0.39649152070873561,0.97850168879761767,0.42910824366865619
60Hz,371,446400,744,0,0,0.98759496328017293,0.33093675598260758,0.98483715698031782,0.36376466121528483
60Hz,372,447600,746,0,0,0.99228689022315919,0.26501430928507574,0.99007843764578352,0.2980169238732685
60Hz,373,448800,748,0,0,0.99587635274235498,0.19879742269252876,0.99421970755325062,0.23193807961097043
60Hz,374,450000,750,0,0,0.99835936282303717,0.13235966541407515,0.99725636561125319,0.16560154426778359
60Hz,375,451200,752,0,0,0.99973316175670623,0.065774852053654159,0.99918503798959246,0.099081019986640581
60Hz,376,452400,754,0,0,0.99999622320610559,-0.00088303940049525855,1.0000035818677764,0.03245041332843062
60Hz,377,453600,756,0,0,0.99914825490103398,-0.067539949767890989,0.99971108781576645,-0.03421624684069878
60Hz,378,454800,758,0,0,0.99719019896306738,-0.1341218209580716,0.9983078808043846,-0.10084489159792545
60Hz,379,456000,760,0,0,0.99412423085882995,-0.20055467825164919,0.9957955198442604,-0.16736149425684052
60Hz,380,457200,762,0,0,0.98995375698297716,-0.26676471248873407,0.99217679625371658,-0.23369215261361018
60Hz,381,458400,764,0,0,0.98468341087357514,-0.33267836207341733,0.98745573055752023,-0.2997631710548333
60Hz,382,459600,766,0,0,0.97831904806408287,-0.39822239470320125,0.98163756801994284,-0.36550114243586984
60Hz,383,460800,768,0,0,0.97086773957765582,-0.46332398873257385,0.97472877281709391,-0.43083302963867071
60Hz,384,462000,770,0,0,0.96233776407099891,-0.52791081408032914,0.96673702085500168,-0.4956862467184957
60Hz,385,463200,772,0,0,0.95273859863649801,-0.59191111259074314,0.95767119124142086,-0.55998873954936246
60Hz,386,464400,774,0,0,0.94208090827284852,-0.65525377775932114,0.94754135642084281,-0.62366906587862636
60Hz,387,465600,776,0,0,0.9303765340358795,-0.71786843373453835,0.93635877098366727,-0.6866564747017494
60Hz,388,466800,778,0,0,0.91763847988273894,-0.77968551350780002,0.92413585916197061,-0.74888098486906762
60Hz,389,468000,780,0,0,0.90388089822405582,-0.84063633620475009,0.91088620102576212,-0.81027346283722468
60Hz,390,469200,782,0,0,0.88911907420013137,-0.90065318339205414,0.8966245173950651,-0.87076569947888527
60Hz,391,470400,784,0,0,0.87336940869862911,-0.95966937431487809,0.88136665348458643,-0.93029048586539187
60Hz,392,471600,786,0,0,0.85664940013263213,-1.0176193399814706,0.86512956129914442,-0.98878168793816568
60Hz,393,472800,788,0,0,0.83897762499931183,-1.0744386960125389,0.84793128079941638,-1.0461743199858917
60Hz,394,474000,790,0,0,0.8203737172408091,-1.1300643141744802,0.82979091985892972,-1.1024046168458492
60Hz,395,475200,792,0,0,0.80085834643025777,-1.1844343925169927,0.81072863303456599,-1.1574101047491738
60Hz,396,476400,794,0,0,0.78045319480718722,-1.23748852403714,0.79076559917416334,-1.2111296707313346
60Hz,397,477600,796,0,0,0.7591809331878181,-1.289167763793583,0.769923997886098,-1.263503630530713
60Hz,398,478800,798,0,0,0.7370651957770159,-1.3394146943964098,0.74822698489698602,-1.3144737948998435
60Hz,399,480000,800,0,0,0.71413055390988722,-1.3881734897998066,0.72569866632488556,-1.3639835342556437
60Hz,400,481200,802,0,0,0.69040248875219146,-1.4353899773266887,0.70236407189658057,-1.4119778415968027
60Hz,401,482400,804,0,0,0.66590736298990139,-1.4810116978563852,0.67824912713870456,-1.4584033936184284
60Hz,402,483600,806,0,0,0.64067239153936351,-1.524987964108502,0.65338062457360102,-1.5032086099560487
60Hz,403,484800,808,0,0,0.61472561131060222,-1.5672699169582114,0.62778619395192059,-1.5463437104931474
60Hz,404,486000,810,0,0,0.58809585005736087,-1.6078105797203992,0.60149427155503088,-1.5877607706685648
60Hz,405,487200,812,0,0,0.56081269434848868,-1.6465649103423559,0.5745340686013416,-1.6274137747223112
60Hz,406,488400,814,0,0,0.53290645669625814,-1.6834898514470271,0.54693553879165002,-1.6652586668206388
60Hz,407,489600,816,0,0,0.50440814187813487,-1.7185443781712211,0.51872934502956169,-1.7012534000035691
60Hz,408,490800,818,0,0,0.47534941248941726,-1.7516895437456244,0.48994682535396411,-1.7353579829004921
60Hz,409,492000,820,0,0,0.44576255376501789,-1.782888522765985,0.46061995812140111,-1.7675345241619382
60Hz,410,493200,822,0,0,0.41568043770947172,-1.8121066521073865,0.43078132647703327,-1.7977472745581522
60Hz,411,494400,824,0,0,0.38513648657502286,-1.8393114694361574,0.40046408215365753,-1.8259626666977022
60Hz,412,495600,826,0,0,0.3541646357283677,-1.8644727492766249,0.36970190863900626,-1.8521493523219914
60Hz,413,496800,828,0,0,0.32279929594731033,-1.8875625365926454,0.33852898375224905,-1.876278237134237
60Hz,414,498000,830,0,0,0.29107531518922014,-1.9085551778465983,0.30697994167127512,-1.8983225131242225
60Hz,415,499200,832,0,0,0.25902793987376815,-1.9274273495013372,0.27508983445294594,-1.9182576883529057
60Hz,416,500400,834,0,0,0.2266927757229579,-1.9441580839334318,0.24289409308906984,-1.9360616141637961
60Hz,417,501600,836,0,0,0.19410574820195978,-1.9587287927289092,0.21042848814136736,-1.9517145097908637
60Hz,418,502800,838,0,0,0.16130306260469932,-1.9711232873356133,0.17772908999916276,-1.9651989843356412
60Hz,419,504000,840,0,0,0.1283211638285465,-1.9813277970492351,0.1448322288039568,-1.9765000560891033
60Hz,420,505200,842,0,0,0.095196695882797444,-1.9893309843130336,0.11177445408540605,-1.9856051691768533
60Hz,421,506400,844,0,0,0.061966461175936009,-1.9951239573142454,0.078592494153554723,-1.9925042075091268
60Hz,422,507600,846,0,0,0.028667379626908497,-1.998700279863191,0.04532321529243509,-1.9971895060201099
60Hz,423,508800,848,0,0,-0.0046635523541597359,-2.0000559785441001,0.012003580800374431,-1.9996558591840878
60Hz,424,510000,850,0,0,-0.037989302970232015,-1.9991895471297119,-0.021329390077484415,-1.9999005267989614
60Hz,425,511200,852,0,0,-0.07127284618094408,-1.9961019482547433,-0.054638663278821213,-1.9979232370307041
60Hz,426,512400,854,0,0,-0.10447720283979199,-1.9907966123463707,-0.087887231070238908,-1.9937261867153786
60Hz,427,513600,856,0,0,-0.13756548177921937,-1.9832794338129072,-0.1210381531641118,-1.9873140389183777
60Hz,428,514800,858,0,0,-0.17050092079795701,-1.9735587644949164,-0.15405459776049937,-1.9786939177535998
60Hz,429,516000,860,0,0,-0.20324692750507659,-1.9616454043860336,-0.18689988246852632,-1.9678754004683179
60Hz,430,517200,862,0,0,-0.23576711997537939,-1.9475525896338057,-0.21953751506176433,-1.9548705068025312
60Hz,431,518400,864,0,0,-0.26802536717095027,-1.9312959778338821,-0.25193123402233458,-1.9396936856346265
60Hz,432,519600,866,0,0,-0.29998582908396759,-1.9128936306338944,-0.28404504882868514,-1.9223617989281838
60Hz,433,520800,868,0,0,-0.33161299655616855,-1.8923659936663528,-0.31584327994228228,-1.9028941029977622
60Hz,434,522000,870,0,0,-0.3628717307307297,-1.8697358738328544,-0.34729059844878923,-1.8813122271144807
60Hz,435,523200,872,0,0,-0.39372730209272971,-1.8450284139648405,-0.3783520653096894,-1.8576401494751635
60Hz,436,524400,874,0,0,-0.42414542905481978,-1.8182710648890581,-0.40899317018074427,-1.8319041705617496
60Hz,437,525600,876,0,0,-0.45409231604523076,-1.7894935549287589,-0.43917986975415779,-1.8041328839205641
60Hz,438,526800,878,0,0,-0.4835346910558011,-1.758727856874523,-0.46887862558184673,-1.7743571443939179
60Hz,439,528000,880,0,0,-0.51243984260830722,-1.7260081524614033,-0.49805644133779553,-1.7426100338393298
60Hz,440,529200,882,0,0,-0.54077565609802647,-1.6913707943918566,-0.52668089947809438,-1.7089268243744598
60Hz,441,530400,884,0,0,-0.56851064947415353,-1.6548542659466581,-0.55472019725793142,-1.6733449391885891
60Hz,442,531600,886,0,0,-0.59561400821742727,-1.6164991382286689,-0.58214318206552174,-1.6359039109641862
60Hz,443,532800,888,0,0,-0.62205561957610822,-1.5763480250869641,-0.60891938603371687,-1.5966453379547547
60Hz,444,534000,890,0,0,-0.64780610602226785,-1.5344455357713991,-0.63501905989083951,-1.5556128377677605
60Hz,445,535200,892,0,0,-0.67283685789121961,-1.490838225370219,-0.66041320601313447,-1.5128519989039901
60Hz,446,536400,894,0,0,-0.69712006516782754,-1.4455745430857747,-0.68507361064211281,-1.4684103301071785
60Hz,447,537600,896,0,0,-0.72062874838437752,-1.398704778405814,-0.70897287523099572,-1.4223372075801806
60Hz,448,538800,898,0,0,-0.74333678859568153,-1.3502810052301537,-0.73208444688543028,-1.3746838201263347
60Hz,449,540000,900,0,0,-0.76521895639811299,-1.300357024014809,-0.75438264786465625,-1.3255031122769643
60Hz,450,541200,902,0,0,-0.78625093996033024,-1.2489883019978603,-0.77584270411034806,-1.2748497254682052
60Hz,451,542400,904,0,0,-0.80640937203454677,-1.1962319115734681,-0.79644077277143455,-1.2227799373325159
60Hz,452,543600,906,0,0,-0.82567185591833703,-1.1421464668825059,-0.81615396869431611,-1.1693515991723165
60Hz,453,544800,908,0,0,-0.84401699033813282,-1.0867920586902597,-0.8349603898490473,-1.114624071685228
60Hz,454,546000,910,0,0,-0.86142439322676501,-1.0302301876235476,-0.85283914166323549,-1.0586581590123221
60Hz,455,547200,912,0,0,-0.87787472436863245,-0.97252369584143472,-0.86977036023662047,-1.0015160411826554
60Hz,456,548400,914,0,0,-0.8933497068873375,-0.91373669721546225,-0.88573523441054203,-0.94326120502914701
60Hz,457,549600,916,0,0,-0.90783214755191677,-0.85393450609695853,-0.90071602666777539,-0.88395837365255103
60Hz,458,550800,918,0,0,-0.92130595587910402,-0.7931835647505775,-0.91469609283951592,-0.82367343451189468
60Hz,459,552000,920,0,0,-0.93375616201040368,-0.73155136953468691,-0.92765990059761461,-0.76247336622127404
60Hz,460,553200,922,0,0,-0.94516893334411178,-0.66910639591062271,-0.93959304671152322,-0.70042616413434011
60Hz,461,554400,924,0,0,-0.95553158990380571,-0.60591802236412662,-0.95048227305077138,-0.63760076479915229
60Hz,462,555600,926,0,0,-0.96483261842622925,-0.54205645332349317,-0.96031548131520017,-0.57406696936733315
60Hz,463,556800,928,0,0,-0.97306168515291824,-0.47759264116006606,-0.9690817464765844,-0.50989536604261887
60Hz,464,558000,930,0,0,-0.98020964731135762,-0.41259820735774511,-0.9767713289167097,-0.44515725165496878
60Hz,465,559200,932,0,0,-0.98626856327291135,-0.34714536293908588,-0.98337568524841901,-0.3799245524473665
60Hz,466,560400,934,0,0,-0.99123170137624239,-0.28130682823640196,-0.98888747780760566,-0.31426974416332215
60Hz,467,561600,936,0,0,-0.9950935474064162,-0.21515575209700696,-0.99330058280560785,-0.24826577152386056
60Hz,468,562800,938,0,0,-0.99784981072138135,-0.14876563061236159,-0.99661009713294502,-0.18198596718345975
60Hz,469,564000,940,0,0,-0.99949742901901806,-0.082210225461420899,-0.99881234380683959,-0.11550397025498221
60Hz,470,565200,942,0,0,-1.0000345717394599,-0.015563481958904666,-0.99990487605646905,-0.0488936444941203
60Hz,471,566400,944,0,0,-0.99946064209890817,0.051100553100457732,-0.99988648004141201,0.017771003765743996
60Hz,472,567600,946,0,0,-0.99777627775267885,0.1177078137104302,-0.99875717620026572,0.084415907837088008
60Hz,473,568800,948,0,0,-0.99498335008674577,0.18418429694311741,-0.99651821922793837,0.15096702296885281
60Hz,474,570000,950,0,0,-0.99108496213856734,0.25045614516873027,-0.99317209668164008,0.2173504086126756
60Hz,475,571200,952,0,0,-0.9860854451495068,0.31644972811391991,-0.98872252621712275,0.28349231057334917
60Hz,476,572400,954,0,0,-0.97999035375267551,0.3820917246675114,-0.98317445145823812,0.34931924295223682
60Hz,477,573600,956,0,0,-0.97280645980154756,0.4473092043427474,-0.97653403650440385,0.4147580697926006
60Hz,478,574800,958,0,0,-0.96454174484620037,0.51202970830553496,-0.9688086590820798,0.47973608633613229
60Hz,479,576000,960,0,0,-0.95520539126554138,0.57618132987867043,-0.96000690234786368,0.5441810998004083
60Hz,480,577200,962,0,0,-0.9448077720653737,0.63969279443259885,-0.95013854535231201,0.60802150958752177
60Hz,481,578400,964,0,0,-0.93336043935363433,0.70249353857394736,-0.93921455217508387,0.67118638683477794
60Hz,482,579600,966,0,0,-0.92087611150561,0.76451378854385099,-0.92724705974347543,0.73360555321906851
60Hz,483,580800,968,0,0,-0.90736865903339059,0.82568463773896739,-0.91424936434788195,0.79520965892737128
60Hz,484,582000,970,0,0,-0.89285308917525885,0.88593812326905264,-0.90023590686916766,0.85593025970674708
60Hz,485,583200,972,0,0,-0.87734552922213993,0.94520730146603982,-0.88522225673435695,0.91569989290822795
60Hz,486,584400,974,0,0,-0.86086320859963295,1.0034263222607269,-0.8692250946184723,0.97445215244011119
60Hz,487,585600,976,0,0,-0.84342443972553438,1.0605305023444391,-0.85226219391173808,1.0321217625473813
60Hz,488,586800,978,0,0,-0.82504859766412053,1.1164563970343815,-0.83435240097274033,1.0886446503352902
60Hz,489,588000,980,0,0,-0.80575609859979269,1.1711418707628349,-0.81551561418948293,1.1439580169565189
60Hz,490,589200,982,0,0,-0.78556837715400352,1.2245261661118816,-0.79577276187160251,1.1980004073828281
60Hz,491,590400,984,0,0,-0.76450786257066483,1.2765499713169586,-0.77514577899830617,1.2507117786836817
60Hz,492,591600,986,0,0,-0.74259795379649629,1.3271554861642429,-0.75365758284786499,1.3020335667359808
60Hz,493,592800,988,0,0,-0.71986299348400096,1.3762864862086508,-0.73133204753573966,1.3519087512907928
60Hz,494,594000,990,0,0,-0.69632824094595192,1.4238883852411051,-0.70819397748962776,1.4002819193247842
60Hz,495,595200,992,0,0,-0.67201984409143822,1.4699082959356669,-0.68426907989090213,1.4470993266059702
60Hz,496,596400,994,0,0,-0.64696481037465048,1.51429508860915,-0.6595839361130601,1.4923089574053814
60Hz,497,597600,996,0,0,-0.62119097678868174,1.5569994480279354,-0.63416597218891457,1.5358605822883049
60Hz,498,598800,998,0,0,-0.59472697893768378,1.5979739281988694,-0.608043428339341,1.5777058139208915
60Hz,499,600000,1000,0,0,-0.56760221922173792,1.6371730050833733,-0.58124532759743275,1.6177981608301255
60Hz,500,601200,1002,0,0,-0.53984683416979107,1.6745531271761955,-0.55380144356292604,1.6560930790574313
60Hz,501,602400,1004,0,0,-0.5114916609569482,1.7100727638926125,-0.52574226732272,1.6925480216485218
60Hz,502,603600,1006,0,0,-0.4825682031433246,1.7436924517103189,-0.49709897357424393,1.7271224859245109
60Hz,503,604800,1008,0,0,-0.45310859567252043,1.7753748380147401,-0.46790338598930992,1.7597780584817631
60Hz,504,606000,1010,0,0,-0.42314556916860752,1.8050847225990552,-0.43818794185693299,1.7904784578704906
60Hz,505,607200,1012,0,0,-0.39271241357129505,1.8327890967728222,-0.4079856560444019,1.8191895749046754
60Hz,506,608400,1014,0,0,-0.36184294114967602,1.8584571800357532,-0.37733008431664061,1.8458795105585319
60Hz,507,609600,1016,0,0,-0.33057144893564849,1.8820604542758963,-0.34625528605461431,1.870518611407409
60Hz,508,610800,1018,0,0,-0.29893268061874873,1.9035726954542247,-0.31479578641420058,1.8930795025737512
60Hz,509,612000,1020,0,0,-0.26696178794473241,1.9229700027404353,-0.2829865379675694,1.9135371181415164
60Hz,510,613200,1022,0,0,-0.23469429166079206,1.9402308250675826,-0.25086288186968858,1.9318687290052596
60Hz,511,614400,1024,0,0,-0.20216604205080049,1.9553359850760457,-0.21846050859310087,1.9480539681229423
60Hz,512,615600,1026,0,0,-0.16941317910442855,1.9682687004202255,-0.18581541827459711,1.9620748531444057
60Hz,513,616800,1028,0,0,-0.13647209236438959,1.9790146024143014,-0.15296388071784212,1.9739158063903732
60Hz,514,618000,1030,0,0,-0.10337938049642202,1.9875617519963276,-0.11994239509639142,1.9835636721597811
60Hz,515,619200,1032,0,0,-0.070171810626929135,1.9939006529929373,-0.086787649401870282,1.9910077313462082
60Hz,516,620400,1034,0,0,-0.036886277493453454,1.9980242626699141,-0.053536479682369402,1.9962397133471683
60Hz,517,621600,1036,0,0,-0.003559762453370652,1.9999279995569073,-0.020225829116344879,1.9992538052530291
60Hz,518,622800,1038,0,0,0.029770707603653981,1.9996097485376028,0.013107293032507291,2.0000466583053531
60Hz,519,624000,1040,0,0,0.063068101393797052,1.9970698631996877,0.046425852533799654,1.998617391617481
60Hz,520,625200,1042,0,0,0.096295424382090641,1.9923111654420032,0.079692831336740613,1.9949675931532278
60Hz,521,626400,1044,0,0,0.12941575988460663,1.9853389423393186,0.11287126869844565,1.9891013179626
60Hz,522,627600,1046,0,0,0.16239231008414587,1.9761609402682125,0.14592430224857744,1.9810250836764984
60Hz,523,628800,1048,0,0,0.19518843691386248,1.9647873563005847,0.17881520894469094,1.9707478632654076
60Hz,524,630000,1050,0,0,0.22776770276339986,1.9512308268743632,0.21150744587278017,1.9582810750701225
60Hz,525,631200,1052,0,0,0.26009391096231299,1.9355064137539932,0.2439646908476964,1.9436385701155832
60Hz,526,632400,1054,0,0,0.29213114599579815,1.9176315872963052,0.27615088276832894,1.9268366167219162
60Hz,527,633600,1056,0,0,0.32384381340804924,1.8976262070403549,0.30803026168271297,1.9078938824297786
60Hz,528,634800,1058,0,0,0.35519667934890664,1.8755124996428014,0.33956740851854994,1.8868314132600865
60Hz,529,636000,1060,0,0,0.38615490971986088,1.8513150341833378,0.37072728443499975,1.8636726103311712
60Hz,530,637200,1062,0,0,0.41668410887591883,1.8250606948676082,0.40147526975202208,1.8384432038593423
60Hz,531,638400,1064,0,0,0.4467503578403329,1.7967786511579436,0.43177720241401668,1.8111712245717442
60Hz,532,639600,1066,0,0,0.47632025198973593,1.7665003253650982,0.46159941594502679,1.7818869725632658
60Hz,533,640800,1068,0,0,0.5053609381678118,1.7342593577369958,0.49090877685333684,1.750622983632107
60Hz,534,642000,1070,0,0,0.53384015118626749,1.7000915690832719,0.51967272144390686,1.7174139931314021
60Hz,535,643200,1072,0,0,0.56172624967255247,1.6640349209771381,0.54785929199774297,1.6822968973770629
60Hz,536,644400,1074,0,0,0.58898825122449838,1.6261294735787861,0.5754371722780085,1.6453107126547197
60Hz,537,645600,1076,0,0,0.61559586683281919,1.5864173411271887,0.60237572232342596,1.6064965318713029
60Hz,538,646800,1078,0,0,0.64151953453322907,1.5449426451497508,0.62864501249031446,1.565897478899428
60Hz,539,648000,1080,0,0,0.66673045225078831,1.5017514654417952,0.65421585670544002,1.5235586606653098
60Hz,540,649200,1082,0,0,0.69120060979998654,1.4568917888703445,0.67905984489273363,1.4795271170334356
60Hz,541,650400,1084,0,0,0.7149028200050096,1.4104134560590833,0.70314937453785054,1.4338517685436782
60Hz,542,651600,1086,0,0,0.73781074890561504,1.3623681060137329,0.7264576813555006,1.3865833620589163
60Hz,543,652800,1088,0,0,0.75989894501505595,1.3128091187493631,0.74895886902547792,1.3377744143835457
60Hz,544,654000,1090,0,0,0.78114286759754692,1.2617915559833828,0.77062793796435203,1.2874791539155279
60Hz,545,655200,1092,0,0,0.80151891393385444,1.2093720999601028,0.79144081310085357,1.2357534603967979
60Hz,546,656400,1094,0,0,0.82100444554471952,1.1556089904748377,0.8113743706240959,1.1826548028289743
60Hz,547,657600,1096,0,0,0.83957781334297676,1.1005619601675165,0.83040646367491411,1.1282421756233469
60Hz,548,658800,1098,0,0,0.85721838168642484,1.0442921681576913,0.84851594695177746,1.0725760330560838
60Hz,549,660000,1100,0,0,0.87390655130472616,0.98686213209467921,0.86568270020393712,1.0157182221014771
60Hz,550,661200,1102,0,0,0.88962378107486106,0.92833565869833146,0.88188765058570828,0.95773191371785504
60Hz,551,662400,1104,0,0,0.90435260862094524,0.86877777286760116,0.89711279384704856,0.89868153266250272
60Hz,552,663600,1106,0,0,0.91807666971552226,0.80825464543567327,0.91134121433689164,0.83863268591356965
60Hz,553,664800,1108,0,0,0.93078071646077576,0.74683351965192224,0.92455710379700973,0.77765208977848921
60Hz,554,666000,1110,0,0,0.9424506342294614,0.68458263647237882,0.93674577892552491,0.71580749576989633
60Hz,555,667200,1112,0,0,0.95307345734673732,0.62157115874171154,0.94789369769055642,0.65316761533139678
60Hz,556,668400,1114,0,0,0.96263738349546879,0.55786909435095777,0.95798847437587753,0.58980204349682031
60Hz,557,669600,1116,0,0,0.97113178682900347,0.49354721845637994,0.96701889334186697,0.52578118156777554
60Hz,558,670800,1118,0,0,0.97854722977684749,0.4286769948458643,0.97497492148646525,0.46117615889541314
60Hz,559,672000,1120,0,0,0.98487547353012683,0.36333049654022631,0.98184771939229165,0.39605875385330269
60Hz,560,673200,1122,0,0,0.99010948719518399,0.29758032571763748,0.98762965114753698,0.33050131408922206
60Hz,561,674400,1124,0,0,0.99424345560513905,0.23149953305014062,0.99231429282972117,0.26457667614446467
60Hz,562,675600,1126,0,0,0.99727278578073775,0.16516153654187302,0.99589643964288876,0.19835808452996931
60Hz,563,676800,1128,0,0,0.99919411203330732,0.098640039959171269,0.99837211170031426,0.13191911034918175
60Hz,564,678000,1130,0,0,1.0000052997041511,0.03200895094318465,0.99973855844629111,0.065333569558061022
60Hz,565,679200,1132,0,0,0.99970544753622625,-0.03465770110402349,0.99999426171209316,-0.0013245590469537192
60Hz,566,680400,1134,0,0,0.99829488867547167,-0.10128584726865472,0.99913893740271043,-0.067981216021897703
60Hz,567,681600,1136,0,0,0.99577519030067085,-0.16780146141825344,0.99717353581248969,-0.13456234355783711
60Hz,568,682800,1138,0,0,0.99214915188226371,-0.23413064244725326,0.99410024056932411,-0.20099396776160913
60Hz,569,684000,1140,0,0,0.98742080207203919,-0.30019969638361432,0.98992246620856927,-0.2672022808433287
60Hz,570,685200,1142,0,0,0.98159539422716691,-0.36593521826532821,0.98464485437937799,-0.33311372311934895
60Hz,571,686400,1144,0,0,0.97467940057353863,-0.43126417369582282,0.97827326868767051,-0.39865506473956713
60Hz,572,687600,1146,0,0,0.96668050501490588,-0.49611397998765644,0.97081478818146971,-0.46375348704827413
60Hz,573,688800,1148,0,0,0.95760759459580169,-0.56041258680434791,0.96227769948583797,-0.52833666348815334
60Hz,574,690000,1150,0,0,0.94747074962773259,-0.62408855621074644,0.9526714875961555,-0.59233283995754127
60Hz,575,691200,1152,0,0,0.93628123248961037,-0.68707114204300312,0.94200682533996871,-0.65567091453167081
60Hz,576,692400,1154,0,0,0.92405147511486629,-0.74929036850996067,0.93029556151911597,-0.71828051645932345
60Hz,577,693600,1156,0,0,0.91079506517915165,-0.81067710793863312,0.91755070774530689,-0.78009208434712285
60Hz,578,694800,1158,0,0,0.89652673100396829,-0.8711631575773976,0.90378642398377995,-0.84103694344460489
60Hz,579,696000,1160,0,0,0.88126232519300363,-0.93068131537156651,0.8890180028211,-0.90104738194419653
60Hz,580,697200,1162,0,0,0.86501880701934963,-0.98916545462715255,0.87326185247457588,-0.96005672621133331
60Hz,581,698400,1164,0,0,0.8478142235831746,-1.0465505974798699,0.85653547856217349,-1.0179994148611309
60Hz,582,699600,1166,0,0,0.82966768976078242,-1.1027729870877485,0.83885746465318034,-1.0748110715993091
60Hz,583,700800,1168,0,0,0.81059936696733581,-1.1577701584671489,0.8202474516212287,-1.1304285767464413
60Hz,584,702000,1170,0,0,0.79063044075683964,-1.2114810078934808,0.80072611582261866,-1.1847901373660601
60Hz,585,703200,1172,0,0,0.76978309728427108,-1.2638458607895149,0.78031514612418373,-1.2378353559187087
60Hz,586,704400,1174,0,0,0.74808049865600845,-1.3148065380258649,0.75903721980622396,-1.2895052973656573
60Hz,587,705600,1176,0,0,0.72554675719594419,-1.3643064205599742,0.73691597736727732,-1.3397425546477317
60Hz,588,706800,1178,0,0,0.70220690865587498,-1.4122905123417964,0.71397599625872332,-1.3884913124665057
60Hz,589,708000,1180,0,0,0.67808688439993114,-1.4587055014162722,0.69024276357840009,-1.4356974092969923
60Hz,590,709200,1182,0,0,0.65321348259395073,-1.5034998191547224,0.66574264775357339,-1.4813083975629366
60Hz,591,710400,1184,0,0,0.62761433843180747,-1.5466236975493448,0.64050286924471866,-1.5252736019078541
60Hz,592,711600,1186,0,0,0.60131789343177222,-1.5880292245071606,0.61455147030266521,-1.5675441754970718
60Hz,593,712800,1188,0,0,0.57435336383702051,-1.6276703970819764,0.58791728381270369,-1.6080731542882196
60Hz,594,714000,1190,0,0,0.54675070815539473,-1.6655031725852194,0.56062990126027157,-1.6468155092098771
60Hz,595,715200,1192,0,0,0.51854059387448426,-1.7014855175188595,0.5327196398538081,-1.6837281961903992
60Hz,596,716400,1194,0,0,0.48975436338900602,-1.7355774542760525,0.50421750884130645,-1.7187702039813422
60Hz,597,717600,1196,0,0,0.46042399917833959,-1.7677411055576189,0.47515517505798643,-1.7519025997223527
60Hz,598,718800,1198,0,0,0.43058208827290706,-1.7979407364550088,0.44556492774336548,-1.7830885721968968
60Hz,599,720000,1200,0,0,0.40026178604887563,-1.8261427941529997,0.41547964266681731,-1.8122934727307725
60Hz,600,721200,1202,0,0,0.36949677939140918,-1.8523159452080113,0.38493274560147595,-1.8394848536879622
60Hz,601,722400,1204,0,0,0.3383212492673951,-1.8764311103606273,0.35395817518706701,-1.8646325045210583
60Hz,602,723600,1206,0,0,0.3067698327492297,-1.898461496843638,0.32259034522292668,-1.8877084853362072
60Hz,603,724800,1208,0,0,0.27487758453185479,-1.9183826281497156,0.2908641064331024,-1.9086871579352789
60Hz,604,726000,1210,0,0,0.24267993798580129,-1.9361723712256447,0.258814707746015,-1.9275452143007774
60Hz,605,727200,1212,0,0,0.21021266578951184,-1.9518109610628949,0.22647775713170262,-1.9442617024918381
60Hz,606,728400,1214,0,0,0.17751184018468047,-1.965281022657217,0.19388918204015729,-1.9588180499225452
60Hz,607,729600,1216,0,0,0.14461379289876738,-1.9765675903128634,0.1610851894847079,-1.9711980839967065
60Hz,608,730800,1218,0,0,0.11155507477921622,-1.9856581242699822,0.12810222581479941,-1.9813880500761556
60Hz,609,732000,1220,0,0,0.078372415184221722,-1.9925425246367181,0.094976936222861033,-1.9893766267626227
60Hz,610,733200,1222,0,0,0.045102681175165672,-1.997213142610534,0.061746124030253452,-1.9951549384761922
60Hz,611,734400,1224,0,0,0.011782836556060147,-1.9996647889762904,0.028446709797529234,-1.9987165653163728
60Hz,612,735600,1226,0,0,-0.021550099194493737,-1.9998947398716402,-0.0048843096955634002,-2.0000575501948257
60Hz,613,736800,1228,0,0,-0.05485909205320337,-1.9979027398133318,-0.038209902554758937,-1.9991764032318238
60Hz,614,738000,1230,0,0,-0.088107134598141859,-1.9936910019810594,-0.071493042914966359,-1.9960741034115583
60Hz,615,739200,1232,0,0,-0.12125728712525019,-1.9872642057585459,-0.10469675207726231,-1.9907540974944546
60Hz,616,740400,1234,0,0,-0.15427271868960263,-1.9786294915345881,-0.13778413959348107,-1.9832222961877042
60Hz,617,741600,1236,0,0,-0.18711674802583689,-1.9677964527698428,-0.17071844425275487,-1.9734870675782681
60Hz,618,742800,1238,0,0,-0.21975288430228535,-1.9547771253381658,-0.2034630749244673,-1.9615592278356482
60Hz,619,744000,1240,0,0,-0.25214486766352789,-1.9395859741543482,-0.23598165121224166,-1.9474520291947564
60Hz,620,745200,1242,0,0,-0.28425670951632231,-1.922239877103104,-0.26823804387379646,-1.9311811452322305
60Hz,621,746400,1244,0,0,-0.31605273251415339,-1.9027581062871679,-0.30019641496176031,-1.91276465345256
60Hz,622,747600,1246,0,0,-0.34749761019597586,-1.8811623066153345,-0.33182125764084808,-1.8922230152033628
60Hz,623,748800,1248,0,0,-0.37855640623511222,-1.8574764717542298,-0.36307743563716033,-1.8695790529421352
60Hz,624,750000,1250,0,0,-0.40919461325469775,-1.8317269174705335,-0.39393022227577662,-1.8448579248797261
60Hz,625,751200,1252,0,0,-0.43937819116654753,-1.8039422523932678,-0.42434533906327032,-1.8180870970287102
60Hz,626,752400,1254,0,0,-0.46907360499085049,-1.7741533462286403,-0.45428899377227849,-1.7892963126877162
60Hz,627,753600,1256,0,0,-0.4982478621146702,-1.7423932954627515,-0.48372791798581394,-1.7585175593956119
60Hz,628,754800,1258,0,0,-0.52686854894785806,-1.7086973865902755,-0.51262940405960578,-1.7257850333922624
60Hz,629,756000,1260,0,0,-0.5549038669356523,-1.6731030569099667,-0.54096134146140262,-1.6911351016253469
60Hz,630,757200,1262,0,0,-0.58232266788795228,-1.6356498529305497,-0.56869225244686439,-1.6546062613454451
60Hz,631,758400,1264,0,0,-0.60909448858601467,-1.5963793864332045,-0.59579132703240467,-1.6162390973342846
60Hz,632,759600,1266,0,0,-0.63518958462812414,-1.5553352882394664,-0.62222845722612863,-1.5760762368136707
60Hz,633,760800,1268,0,0,-0.66057896347663325,-1.5125631597359011,-0.64797427047883405,-1.5341623020851956
60Hz,634,762000,1270,0,0,-0.68523441666965634,-1.4681105222094162,-0.67300016231791115,-1.4905438609533466
60Hz,635,763200,1272,0,0,-0.70912855116162798,-1.4220267640494983,-0.69727832812788215,-1.4452693749870944
60Hz,636,764400,1274,0,0,-0.73223481975790705,-1.374363085876035,-0.72078179404227338,-1.398389145677444
60Hz,637,765600,1276,0,0,-0.75452755060961085,-1.3251724436536882,-0.74348444691249682,-1.3499552585507715
60Hz,638,766800,1278,0,0,-0.77598197573591132,-1.2745094898560196,-0.76536106332044451,-1.3000215253000345
60Hz,639,768000,1280,0,0,-0.79657425854210206,-1.222430512744737,-0.78638733760256263,-1.2486434239981559
60Hz,640,769200,1282,0,0,-0.81628152030286483,-1.1689933738315246,-0.80653990885426874,-1.1958780374600002
60Hz,641,770400,1284,0,0,-0.83508186558130948,-1.1142574435919388,-0.82579638688471002,-1.141783989821429
60Hz,642,771600,1286,0,0,-0.85295440655554855,-1.0582835355027944,-0.84413537709302522,-1.0864213814058952
60Hz,643,772800,1288,0,0,-0.86987928622577582,-1.0011338384763271,-0.86153650423847306,-1.0298517219509429
60Hz,644,774000,1290,0,0,-0.88583770047606747,-0.9428718477662007,-0.87798043507801582,-0.97213786226880128
60Hz,645,775200,1292,0,0,-0.90081191896639345,-0.88356229442212475,-0.89344889984620912,-0.91334392441699841
60Hz,646,776400,1294,0,0,-0.91478530483162712,-0.82327107337146055,-0.90792471255353158,-0.85353523045657831
60Hz,647,777600,1296,0,0,-0.92774233316566701,-0.76206517020771958,-0.92139179008060268,-0.79277822987707303
60Hz,648,778800,1298,0,0,-0.93966860827013499,-0.70001258676729494,-0.93383517004707417,-0.73114042576886407
60Hz,649,780000,1300,0,0,-0.95055087964848561,-0.63718226557711233,-0.945241027435343,-0.66869029982495709
60Hz,650,781200,1302,0,0,-0.96037705672775764,-0.57364401325714232,-0.95559668995061475,-0.60549723625549612
60Hz,651,782400,1304,0,0,-0.96913622229161123,-0.5094684229628752,-0.96489065210025393,-0.54163144469955038
60Hz,652,783600,1306,0,0,-0.97681864460972578,-0.44472679595392894,-0.97311258797677636,-0.47716388221982148
60Hz,653,784800,1308,0,0,-0.98341578825008302,-0.37949106237592867,-0.98025336273028363,-0.4121661744669381
60Hz,654,786000,1310,0,0,-0.98892032356212134,-0.31383370134367289,-0.98630504271759079,-0.34671053610092589
60Hz,655,787200,1312,0,0,-0.99332613482022669,-0.24782766041437637,-0.99126090431677361,-0.28086969055826883
60Hz,656,788400,1314,0,0,-0.99662832701851134,-0.18154627454045746,-0.99511544139734087,-0.21471678925370216
60Hz,657,789600,1316,0,0,-0.99882323130933148,-0.115063184591916,-0.99786437143773221,-0.14832533030650707
60Hz,658,790800,1318,0,0,-0.99990840907950174,-0.048452255538826788,-0.99950464028334485,-0.081769076881604952
60Hz,659,792000,1320,0,0,-0.99988265465967696,0.018212505615150046,-1.0000344255398033,-0.01512197523617673
144Hz,0,500,0,500,0.83333333333333337,1,0,1,0
144Hz,1,1000,1,400,0.66666666666666663,0.99972222222222218,-0.033333333333333333,0.99981481481481482,-0.02222222222222222
144Hz,2,1500,2,300,0.5,0.99916674382716042,-0.066657407407407401,0.99944448302469135,-0.049995370370370371
144Hz,3,2000,3,200,0.33333333333333331,0.99833371911436897,-0.099962965534979409,0.99888906892289664,-0.077759260116598075
144Hz,4,2500,4,100,0.16666666666666666,0.99722337947960127,-0.13324075617212505,0.99814866250857437,-0.10550926397450368
144Hz,5,3000,5,0,0,0.99583603335053372,-0.16648153548811176,0.99722337947960127,-0.13324075617212505
144Hz,6,3500,5,500,0.83333333333333337,0.99583603335053372,-0.16648153548811176,0.9960672577053783,-0.16094140560211398
144Hz,7,4000,6,400,0.66666666666666663,0.99417206610109099,-0.19967606993312956,0.99472672185090527,-0.18861122511812362
144Hz,8,4500,7,300,0.5,0.99223193994439796,-0.23281513880316593,0.99320200302274442,-0.21624560436814774
144Hz,9,5000,8,200,0.33333333333333331,0.99001619380438699,-0.2658895368013125,0.99149335789772775,-0.24383993813588145
144Hz,10,5500,9,100,0.16666666666666666,0.98752544316609703,-0.29889007659479205,0.98960106869800535,-0.27138962676689243
144Hz,11,6000,10,0,0,0.98476037990470544,-0.33180759136699528,0.98752544316609703,-0.29889007659479205
144Hz,12,6500,10,500,0.83333333333333337,0.98476037990470544,-0.33180759136699528,0.98522122378160404,-0.3263213389049614
144Hz,13,7000,11,400,0.66666666666666663,0.98172177209334033,-0.3646329373638188,0.9827346413637954,-0.35369115536487761
144Hz,14,7500,12,300,0.5,0.97841046378972707,-0.39735699643359679,0.98006611794153375,-0.38099496689870782
144Hz,15,8000,13,200,0.33333333333333331,0.97482737480172776,-0.42997067855992105,0.97721610079372734,-0.40822822380903823
144Hz,16,8500,14,100,0.16666666666666666,0.97097350043183905,-0.46246492438664533,0.97418506240674629,-0.43538638619770842
144Hz,17,9000,15,0,0,0.96684991120071928,-0.49483070773437332,0.97097350043183905,-0.46246492438664533
144Hz,18,9500,15,500,0.83333333333333337,0.96684991120071928,-0.49483070773437332,0.96753717607257261,-0.48943641050975201
144Hz,19,10000,16,400,0.66666666666666663,0.96245775254982158,-0.52705903810773058,0.96392180543345418,-0.51631626131661146
144Hz,20,10500,17,300,0.5,0.95779824452321549,-0.55914096319272466,0.96012799853651853,-0.54310000065022757
144Hz,21,11000,18,200,0.33333333333333331,0.95287268142868631,-0.59106757134349852,0.9561563901583725,-0.56978316590964928
144Hz,22,11500,19,100,0.16666666666666666,0.94768243147820475,-0.62282999405778805,0.9520076397702727,-0.59636130846254676
144Hz,23,12000,20,0,0,0.94222893640786809,-0.65441940844039492,0.94768243147820475,-0.62282999405778805
144Hz,24,12500,20,500,0.83333333333333337,0.94222893640786809,-0.65441940844039492,0.94313785225292424,-0.64915450604329383
144Hz,25,13000,21,400,0.66666666666666663,0.93651371107741821,-0.6858270396539905,0.93841878618756824,-0.67535782924945864
144Hz,26,13500,22,300,0.5,0.93053834304944683,-0.71704416335657106,0.93352602706343246,-0.70143560150528073
144Hz,27,14000,23,200,0.33333333333333331,0.92430449214840615,-0.74806210812488594,0.92846039274909997,-0.72738347827934269
144Hz,28,14500,24,100,0.16666666666666666,0.91781388999954638,-0.77887225786316616,0.92322272512359627,-0.75319713308126601
144Hz,29,15000,25,0,0,0.911068339547909,-0.80946605419648432,0.91781388999954638,-0.77887225786316616
144Hz,30,15500,25,500,0.83333333333333337,0.911068339547909,-0.80946605419648432,0.91219259795651519,-0.80436708814093127
144Hz,31,16000,26,400,0.66666666666666663,0.90406971455750829,-0.83983499884808133,0.90640258955430852,-0.82971201729754895
144Hz,32,16500,27,300,0.5,0.89681995909084167,-0.86997065599999823,0.90044483682417498,-0.85490282742403978
144Hz,33,17000,28,200,0.33333333333333331,0.88932108696887202,-0.89986465463635967,0.89432033505018516,-0.87993532221211879
144Hz,34,17500,29,100,0.16666666666666666,0.88157518121163325,-0.9295086908686554,0.88803010267599891,-0.90480532734174235
144Hz,35,18000,30,0,0,0.87358439345961347,-0.95889453024237647,0.88157518121163325,-0.9295086908686554
144Hz,36,18500,30,500,0.83333333333333337,0.87358439345961347,-0.95889453024237647,0.87491619141828347,-0.95399689034675628
144Hz,37,19000,31,400,0.66666666666666663,0.8653509433760771,-0.98801401002436362,0.86809542673725593,-0.9783075167637012
144Hz,38,19500,32,300,0.5,0.85687711803049182,-1.0168590414702328,0.86111403070328452,-1.0024365257472982
144Hz,39,20000,33,200,0.33333333333333331,0.84816527126323138,-1.0454216120712492,0.85397316910807175,-1.0263798983372383
144Hz,40,20500,34,100,0.16666666666666666,0.8392178230317312,-1.0736937877800234,0.84667402989131468,-1.0501336413560449
144Hz,41,21000,35,0,0,0.83003725873827772,-1.1016677152144145,0.8392178230317312,-1.0736937877800234
144Hz,42,21500,35,500,0.83333333333333337,0.83003725873827772,-1.1016677152144145,0.83156735278718663,-1.0970053939753492
144Hz,43,22000,36,400,0.66666666666666663,0.82062612853961914,-1.1293356238390238,0.82376317193917203,-1.1201129876308207
144Hz,44,22500,37,300,0.5,0.81098704663858845,-1.1566898281236777,0.81580658758910385,-1.1430127259813507
144Hz,45,23000,38,200,0.33333333333333331,0.80112269055793595,-1.1837227296782973,0.80769892794503773,-1.165700795308551
144Hz,46,23500,39,100,0.16666666666666666,0.79103580039657295,-1.2104268193635619,0.7994415421977088,-1.1881734112925082
144Hz,47,24000,40,0,0,0.78072917806843312,-1.236794679376781,0.79103580039657295,-1.2104268193635619
144Hz,48,24500,40,500,0.83333333333333337,0.78072917806843312,-1.236794679376781,0.78244694845645646,-1.2324000360412446
144Hz,49,25000,41,400,0.66666666666666663,0.7702056865241631,-1.2628189853123954,0.77371351703891977,-1.2541442166671906
144Hz,50,25500,42,300,0.5,0.75946824895585863,-1.2884925081965342,0.76483696774001086,-1.2756557467544649
144Hz,51,26000,43,200,0.33333333333333331,0.74851984798506643,-1.3138081164950628,0.7558187819655946,-1.2969310442960438
144Hz,52,26500,44,100,0.16666666666666666,0.73736352483427836,-1.3387587780945651,0.74666046079326842,-1.3179665600949799
144Hz,53,27000,45,0,0,0.72600237848214744,-1.3633375622557078,0.73736352483427836,-1.3387587780945651
144Hz,54,27500,45,500,0.83333333333333337,0.72600237848214744,-1.3633375622557078,0.72789590287416928,-1.3592410982288508
144Hz,55,28000,46,400,0.66666666666666663,0.71443956480266035,-1.3875376415384459,0.71829383602915609,-1.3794709484442
144Hz,56,28500,47,300,0.5,0.70267829568850593,-1.4113522936985345,0.70855893024558314,-1.3994449676184901
144Hz,57,29000,48,200,0.33333333333333331,0.69072183815888244,-1.4347749035548181,0.69869280984529814,-1.4191598303172959
144Hz,58,29500,49,100,0.16666666666666666,0.67857351345199257,-1.4577989648267808,0.68869711737440076,-1.4386122471001452
144Hz,59,30000,50,0,0,0.66623669610247716,-1.4804180819418473,0.67857351345199257,-1.4577989648267808
144Hz,60,30500,50,500,0.83333333333333337,0.66623669610247716,-1.4804180819418473,0.66829283232739634,-1.4766482290893361
144Hz,61,31000,51,400,0.66666666666666663,0.65371481300404444,-1.5026259718119299,0.65788877403685531,-1.4952233418552356
144Hz,62,31500,52,300,0.5,0.64101134245755498,-1.5244164655787313,0.64736307773079971,-1.5135212186953306
144Hz,63,32000,53,200,0.33333333333333331,0.6281298132048273,-1.5457835103273165,0.63671749937331246,-1.5315388138282597
144Hz,64,32500,54,100,0.16666666666666666,0.61507380344843166,-1.5667211707674775,0.6259538115787614,-1.5492731204006767
144Hz,65,33000,55,0,0,0.60184693985774473,-1.5872236308824252,0.61507380344843166,-1.5667211707674775
144Hz,66,33500,55,500,0.83333333333333337,0.60184693985774473,-1.5872236308824252,0.60405141712285926,-1.5838065541966007
144Hz,67,34000,56,400,0.66666666666666663,0.58845289656154187,-1.6072851955443501,0.5929175776602762,-1.6005980073237085
144Hz,68,34500,57,300,0.5,0.5748953941274052,-1.6269002920964015,0.58167414534447359,-1.6170927438203759
144Hz,69,35000,58,200,0.33333333333333331,0.56117819852823314,-1.6460634719006484,0.57032299559434785,-1.6332880186978171
144Hz,70,35500,59,100,0.16666666666666666,0.54730512009613652,-1.6647694118515894,0.55886601878955033,-1.6491811285591387
144Hz,71,36000,60,0,0,0.53328001246401324,-1.683012915854794,0.54730512009613652,-1.6647694118515894
144Hz,72,36500,60,500,0.83333333333333337,0.53328001246401324,-1.683012915854794,0.53561753040270044,-1.6799723318542599
144Hz,73,37000,61,400,0.66666666666666663,0.51910677149509443,-1.700788916270261,0.5238311851514007,-1.6948635827984386
144Hz,74,37500,62,300,0.5,0.50478933420076033,-1.7180924753200975,0.51194805284792744,-1.7094406957951791
144Hz,75,38000,63,200,0.33333333333333331,0.49033167764692598,-1.7349187864601228,0.49997011534948227,-1.723701245700106
144Hz,76,38500,64,100,0.16666666666666666,0.4757378178493008,-1.7512631757150203,0.48789936768065512,-1.737642851335939
144Hz,77,39000,65,0,0,0.46101180865782859,-1.7671211029766636,0.4757378178493008,-1.7512631757150203
144Hz,78,39500,65,500,0.83333333333333337,0.46101180865782859,-1.7671211029766636,0.46346614352307397,-1.7644781150997231
144Hz,79,40000,66,400,0.66666666666666663,0.44615774063061814,-1.7824881632652578,0.45110909663968829,-1.7773658098357266
144Hz,80,40500,67,300,0.5,0.43117973989767694,-1.797360087952945,0.43866874026414754,-1.7899241256091014
144Hz,81,41000,68,200,0.33333333333333331,0.41608196701476413,-1.8117327459495343,0.42614714893670602,-1.8021509739518082
144Hz,82,41500,69,100,0.16666666666666666,0.40086861580768057,-1.8256021448500264,0.4135464084802502,-1.8140443124329497
144Hz,83,42000,70,0,0,0.3855439122073171,-1.8389644320436158,0.40086861580768057,-1.8256021448500264
144Hz,84,42500,70,500,0.83333333333333337,0.3855439122073171,-1.8389644320436158,0.38809802947404437,-1.8367373841780175
144Hz,85,43000,71,400,0.66666666666666663,0.37011211307578495,-1.8518158957838597,0.37525604611962904,-1.8475320745371118
144Hz,86,43500,72,300,0.5,0.35457750502395396,-1.8641529662197192,0.36234480904986943,-1.8579844310017894
144Hz,87,44000,73,200,0.33333333333333331,0.33894440322072744,-1.8759722163871844,0.34936647108954516,-1.868092716275541
144Hz,88,44500,74,100,0.16666666666666666,0.32321715019438402,-1.8872703631612087,0.33632319438300357,-1.8778552408495217
144Hz,89,45000,75,0,0,0.30740011462631994,-1.8980442681676881,0.32321715019438402,-1.8872703631612087
144Hz,90,45500,75,500,0.83333333333333337,0.30740011462631994,-1.8980442681676881,0.3100362872209973,-1.8962486173332749
144Hz,91,46000,76,400,0.66666666666666663,0.29149769013752636,-1.908290938655232,0.29679849830045757,-1.9048753818260507
144Hz,92,46500,77,300,0.5,0.27551429406813899,-1.9180075283264828,0.28350599210283267,-1.9131492334908575
144Hz,93,47000,78,200,0.33333333333333331,0.25945436625039936,-1.9271913381287542,0.27016098479555911,-1.9210687982605734
144Hz,94,47500,79,100,0.16666666666666666,0.24332236777536798,-1.9358398170037676,0.25676569983789416,-1.9286327512745898
144Hz,95,48000,80,0,0,0.22712277975373232,-1.9439505625962799,0.24332236777536798,-1.9358398170037676
144Hz,96,48500,80,500,0.83333333333333337,0.22712277975373232,-1.9439505625962799,0.22982271109067159,-1.9425987716641946
144Hz,97,49000,81,400,0.66666666666666663,0.21086010207105396,-1.9515213219214043,0.21628099463194675,-1.9489977354796961
144Hz,98,49500,82,300,0.5,0.19453885213780031,-1.9585499919904394,0.20269947710442715,-1.9550356569559217
144Hz,99,50000,83,200,0.33333333333333331,0.17816356363450836,-1.9650346203950328,0.18908042263670299,-1.9607115347919708
144Hz,100,50500,84,100,0.16666666666666666,0.16173878525242905,-1.9709734058495165,0.17542610057082847,-1.9660244179707802
144Hz,101,51000,85,0,0,0.14526907943000184,-1.9763646986912642,0.16173878525242905,-1.9709734058495165
144Hz,102,51500,85,500,0.83333333333333337,0.14526907943000184,-1.9763646986912642,0.14801403040040637,-1.9754661498843062
144Hz,103,52000,86,400,0.66666666666666663,0.12875902108551074,-1.9812070013389309,0.13426237386700779,-1.9795929004563755
144Hz,104,52500,87,300,0.5,0.11221319634627368,-1.9854989687084479,0.12048610871589222,-1.9833529850236893
144Hz,105,53000,88,200,0.33333333333333331,0.095636201274718197,-1.9892394085866569,0.10668753132242186,-1.9867457820011842
144Hz,106,53500,89,100,0.16666666666666666,0.079032640591697526,-1.9924272819624809,0.092868941160881416,-1.989770720815961
144Hz,107,54000,90,0,0,0.062407126397401376,-1.9950617033155376,0.079032640591697526,-1.9924272819624809
144Hz,108,54500,90,500,0.83333333333333337,0.062407126397401376,-1.9950617033155376,0.065178045429784073,-1.9946226330900281
144Hz,109,55000,91,400,0.66666666666666663,0.045764276890217059,-1.9971419408621176,0.051311893392611829,-1.9964485283465909
144Hz,110,55500,92,300,0.5,0.029108715083896574,-1.9986674167584582,0.037436495987056818,-1.9979046788102879
144Hz,111,56000,93,200,0.33333333333333331,0.012445067523386118,-1.9996377072612548,0.023554165897059758,-1.9989908469260571
144Hz,112,56500,94,100,0.16666666666666666,-0.0042220370003252777,-2.0000525428453675,0.0096672167694342188,-1.9997068465252736
144Hz,113,57000,95,0,0,-0.020887968735981026,-1.99991180827869,-0.0042220370003252777,-2.0000525428453675
144Hz,114,57500,95,500,0.83333333333333337,-0.020887968735981026,-1.99991180827869,-0.018110313446705068,-1.9999352640398029
144Hz,115,58000,96,400,0.66666666666666663,-0.037548098258099002,-1.9992155426541574,-0.031994721750726339,-1.9994476311956684
144Hz,116,58500,97,300,0.5,-0.054197797752923063,-1.9979639393788873,-0.045872948005511033,-1.9985897410165223
144Hz,117,59000,98,200,0.33333333333333331,-0.070832442303926865,-1.9961573461204565,-0.059742679269924333,-1.9973617416260772
144Hz,118,59500,99,100,0.16666666666666666,-0.087447411176512918,-1.9937962647103256,-0.073601603782691205,-1.9957638325521014
144Hz,119,60000,100,0,0,-0.10403808910154994,-1.9908813510044419,-0.087447411176512918,-1.9937962647103256
144Hz,120,60500,100,500,0.83333333333333337,-0.10403808910154994,-1.9908813510044419,-0.10127297611404376,-1.9913671699554225
144Hz,121,61000,101,400,0.66666666666666663,-0.12059986755739208,-1.9874134147010569,-0.11507927473877803,-1.988569393468852
144Hz,122,61500,102,300,0.5,-0.13712814605002382,-1.9833934191158105,-0.12886400680370796,-1.9854034169084338
144Hz,123,62000,103,200,0.33333333333333331,-0.15361833339097503,-1.978822480914143,-0.14262487516367423,-1.9818697730485881
144Hz,124,62500,104,100,0.16666666666666666,-0.17006584897265095,-1.9737018698011106,-0.15635958598792102,-1.9779690457286376
144Hz,125,63000,105,0,0,-0.18646612404072335,-1.968033008168689,-0.17006584897265095,-1.9737018698011106
144Hz,126,63500,105,500,0.83333333333333337,-0.18646612404072335,-1.968033008168689,-0.18373274486271127,-1.9689778184407594
144Hz,127,64000,106,400,0.66666666666666663,-0.2028146029632289,-1.9618174707006648,-0.19736510998906037,-1.9638893165233395
144Hz,128,64500,107,300,0.5,-0.21910674449602244,-1.9550569839352239,-0.21096067372962568,-1.9584372273179445
144Hz,129,65000,108,200,0.33333333333333331,-0.23533802304423374,-1.9477534257853564,-0.22451717067875956,-1.9526224645519348
144Hz,130,65500,109,100,0.16666666666666666,-0.2515039299193772,-1.9399088250172152,-0.23803234085675765,-1.9464459923239996
144Hz,131,66000,110,0,0,-0.26759997459176527,-1.9315253606865692,-0.2515039299193772,-1.9399088250172152
144Hz,132,66500,110,500,0.83333333333333337,-0.26759997459176527,-1.9315253606865692,-0.26491730047970058,-1.9329226047416768
144Hz,133,67000,111,400,0.66666666666666663,-0.28362168593787784,-1.9226053615335104,-0.27828111548917367,-1.9255786945845299
144Hz,134,67500,112,300,0.5,-0.29956461348234104,-1.9131513053355811,-0.29159314971010941,-1.9178783334345457
144Hz,135,68000,113,200,0.33333333333333331,-0.31542432863417025,-1.903165818219503,-0.30485118519961746,-1.9098228096302219
144Hz,136,68500,114,100,0.16666666666666666,-0.33119642591693438,-1.8926516739316974,-0.31805301151463095,-1.9014134608382021
144Hz,137,69000,115,0,0,-0.34687652419249937,-1.8816117930677996,-0.33119642591693438,-1.8926516739316974
144Hz,138,69500,115,500,0.83333333333333337,-0.34687652419249937,-1.8816117930677996,-0.34426317447990523,-1.8834517732117826
144Hz,139,70000,116,400,0.66666666666666663,-0.36246026787801089,-1.870049242261383,-0.35726568664950709,-1.8739034258635219
144Hz,140,70500,117,300,0.5,-0.37794332815577852,-1.857967233332116,-0.37020179801689468,-1.8640082377967495
144Hz,141,71000,118,200,0.33333333333333331,-0.39332140417572509,-1.84536912239359,-0.38306935349576071,-1.853767863019274
144Hz,142,71500,119,100,0.16666666666666666,-0.4085902242500673,-1.8322584089210658,-0.3958662075214488,-1.8431840034815026
144Hz,143,72000,120,0,0,-0.42374554703989559,-1.8186387347793969,-0.4085902242500673,-1.8322584089210658
144Hz,144,72500,120,500,0.83333333333333337,-0.42374554703989559,-1.8186387347793969,-0.42121965990825749,-1.820908680469675
144Hz,145,73000,121,400,0.66666666666666663,-0.43878316273332391,-1.8045138832114003,-0.43377062416884782,-1.8092221670673991
144Hz,146,73500,122,300,0.5,-0.45369889421488185,-1.7898877777869562,-0.44624102847410285,-1.7972008304991782
144Hz,147,74000,123,200,0.33333333333333331,-0.46848859822582456,-1.7747644813131267,-0.45862879555186281,-1.7848466789623465
144Hz,148,74500,124,100,0.16666666666666666,-0.48314816651503789,-1.7591481947055991,-0.47093185960736011,-1.7721617668785388
144Hz,149,75000,125,0,0,-0.49767352698021927,-1.7430432558217646,-0.48314816651503789,-1.7591481947055991
144Hz,150,75500,125,500,0.83333333333333337,-0.49767352698021927,-1.7430432558217646,-0.49525263356935573,-1.7457274123024036
144Hz,151,76000,126,400,0.66666666666666663,-0.51206064479901725,-1.7264541382557572,-0.50726493885941792,-1.7319838441110931
144Hz,152,76500,127,300,0.5,-0.52630552354981552,-1.7093854500957899,-0.51918308417441639,-1.7179197941757736
144Hz,153,77000,128,200,0.33333333333333331,-0.54040420632184993,-1.6918419326441294,-0.53100508447382699,-1.7035376109452365
144Hz,154,77500,129,100,0.16666666666666666,-0.55435277681435047,-1.6738284591000678,-0.5427289680706,-1.6888396870534526
144Hz,155,78000,130,0,0,-0.56814736042440261,-1.6553500332062561,-0.55435277681435047,-1.6738284591000678
144Hz,156,78500,130,500,0.83333333333333337,-0.56814736042440261,-1.6553500332062561,-0.56584826315606052,-1.6584297708552247
144Hz,157,79000,131,400,0.66666666666666663,-0.58178412532322576,-1.6364117878587761,-0.57723853702361805,-1.6427245363079361
144Hz,158,79500,132,300,0.5,-0.59525928352057023,-1.6170189836813351,-0.588521704421898,-1.6267153857700556
144Hz,159,80000,133,200,0.33333333333333331,-0.60856909191693676,-1.5971770075639828,-0.59969588631935911,-1.6104049916422178
144Hz,160,80500,134,100,0.16666666666666666,-0.6217098533433264,-1.5768913711667516,-0.6107592188213351,-1.5937960681644443
144Hz,161,81000,135,0,0,-0.63467791758823178,-1.5561677093886408,-0.6217098533433264,-1.5768913711667516
144Hz,162,81500,135,500,0.83333333333333337,-0.63467791758823178,-1.5561677093886408,-0.6325165735474142,-1.5596216530183258
144Hz,163,82000,136,400,0.66666666666666663,-0.64746968241158487,-1.5350117788023665,-0.64320576080380054,-1.5420637556644579
144Hz,164,82500,137,300,0.5,-0.66008159454537918,-1.5134294560553136,-0.65377563847848208,-1.5242206174288402
144Hz,165,83000,138,200,0.33333333333333331,-0.67251015068068865,-1.4914267362371343,-0.66422444659048241,-1.5060952161159207
144Hz,166,83500,139,100,0.16666666666666666,-0.68475189844080897,-1.4690097312144446,-0.67455044197404201,-1.4876905687333528
144Hz,167,84000,140,0,0,-0.6968034373402513,-1.4461846679330843,-0.68475189844080897,-1.4690097312144446
144Hz,168,84500,140,500,0.83333333333333337,-0.6968034373402513,-1.4461846679330843,-0.69479484752367759,-1.4499888451466443
144Hz,169,85000,141,400,0.66666666666666663,-0.7086614197293214,-1.4229578866884092,-0.7047087589329647,-1.430700147103301
144Hz,170,85500,142,300,0.5,-0.72032255172402226,-1.3993358393640984,-0.71449198572667183,-1.4111468630262538
144Hz,171,86000,143,200,0.33333333333333331,-0.73178359412102201,-1.3753250876399643,-0.72414289918968888,-1.3913322554560539
144Hz,172,86500,144,100,0.16666666666666666,-0.74304136329743253,-1.3509323011692635,-0.73365988898375711,-1.3712596232281808
144Hz,173,87000,145,0,0,-0.75409273209514938,-1.3261642557260158,-0.74304136329743253,-1.3509323011692635
144Hz,174,87500,145,500,0.83333333333333337,-0.75409273209514938,-1.3261642557260158,-0.75225083729552999,-1.3302922632998904
144Hz,175,88000,146,400,0.66666666666666663,-0.7649346306895064,-1.3010278313228443,-0.76132066449138747,-1.3094066394572348
144Hz,176,88500,147,300,0.5,-0.77556404744200524,-1.2755300102998608,-0.77024933906575588,-1.2882789208113525
144Hz,177,89000,148,200,0.33333333333333331,-0.78597802973688136,-1.2496778753851272,-0.77903537487363061,-1.2669126319949497
144Hz,178,89500,149,100,0.16666666666666666,-0.79617368480127493,-1.223478607727231,-0.78767730558094695,-1.245311330775478
144Hz,179,90000,150,0,0,-0.80614818050877923,-1.1969394849005219,-0.79617368480127493,-1.223478607727231
144Hz,180,90500,150,500,0.83333333333333337,-0.80614818050877923,-1.1969394849005219,-0.80448576455752852,-1.2013626720383068
144Hz,181,91000,151,400,0.66666666666666663,-0.81589874616614222,-1.1700678788835626,-0.81264855761368793,-1.1790250808892158
144Hz,182,91500,152,300,0.5,-0.82542267328290353,-1.1428712540113579,-0.82066070972452287,-1.1564695664474602
144Hz,183,92000,153,200,0.33333333333333331,-0.8347173163237529,-1.1153571649019278,-0.82852088762985343,-1.1336998909748812
144Hz,184,92500,154,100,0.16666666666666666,-0.84378009344340121,-1.0875332543578027,-0.83622777917702762,-1.1107198464779069
144Hz,185,93000,155,0,0,-0.8526084872037597,-1.0594072512430226,-0.84378009344340121,-1.0875332543578027
144Hz,186,93500,155,500,0.83333333333333337,-0.8526084872037597,-1.0594072512430226,-0.85113708824369994,-1.0640949184288193
144Hz,187,94000,156,400,0.66666666666666663,-0.86120004527322824,-1.0309869683362307,-0.85833619258340543,-1.0404603959718279
144Hz,188,94500,157,300,0.5,-0.86955238110789868,-1.0022803001604565,-0.86537621319056346,-1.0166336342483437
144Hz,189,95000,158,200,0.33333333333333331,-0.87766317461448362,-0.97329522079019326,-0.8722559789434271,-0.99261860703703553
144Hz,190,95500,159,100,0.16666666666666666,-0.88553017279478674,-0.94403978163637714,-0.87897434097786753,-0.9684193142645573
144Hz,191,96000,160,0,0,-0.89315119037153579,-0.9145221092098843,-0.88553017279478674,-0.94403978163637714
144Hz,192,96500,160,500,0.83333333333333337,-0.89315119037153579,-0.9145221092098843,-0.89188102077541087,-0.91944172128096646
144Hz,193,97000,161,400,0.66666666666666663,-0.90052411039540381,-0.8847504028641664,-0.8980664703874478,-0.8946743049794057
144Hz,194,97500,162,300,0.5,-0.90764688483305089,-0.85473293251765292,-0.90408549761422741,-0.86974166769090966
144Hz,195,98000,163,200,0.33333333333333331,-0.91451753513602219,-0.82447803635655126,-0.90993710160070806,-0.84464796713061907
144Hz,196,98500,164,100,0.16666666666666666,-0.9211341527903445,-0.79399411851868384,-0.91562030474507594,-0.81939738338357337
144Hz,197,99000,165,0,0,-0.92749489984666955,-0.76328964675900568,-0.9211341527903445,-0.79399411851868384
144Hz,198,99500,165,500,0.83333333333333337,-0.92749489984666955,-0.76328964675900568,-0.92643477533728202,-0.7684070587189521
144Hz,199,100000,166,400,0.66666666666666663,-0.93359800943081495,-0.73237315009745008,-0.93156363956943322,-0.74267864898463531
144Hz,200,100500,167,300,0.5,-0.93944178623456287,-0.70125321644975624,-0.93651989783268896,-0.71681318327360311
144Hz,201,101000,168,200,0.33333333333333331,-0.94502460698657897,-0.66993849024193752,-0.94130272648523494,-0.69081497438048334
144Hz,202,101500,169,100,0.16666666666666666,-0.95034492090332112,-0.63843767000905161,-0.94591132597270267,-0.6646883535364565
144Hz,203,102000,170,0,0,-0.95540125011981225,-0.60675950597894091,-0.95034492090332112,-0.63843767000905161
144Hz,204,102500,170,500,0.83333333333333337,-0.95540125011981225,-0.60675950597894091,-0.95455852858373036,-0.61203919998395939
144Hz,205,103000,171,400,0.66666666666666663,-0.96019219010015899,-0.57491279764161385,-0.95859521010671012,-0.58552836708738953
144Hz,206,103500,172,300,0.5,-0.96471641002770014,-0.54290639130494189,-0.96245430006392962,-0.55890959447327782
144Hz,207,104000,173,200,0.33333333333333331,-0.96897265317467807,-0.51074917763735184,-0.96613515774335945,-0.53218732008241187
144Hz,208,104500,174,100,0.16666666666666666,-0.97295973725132967,-0.47845008919819593,-0.96963716718745341,-0.5053659962308259
144Hz,209,105000,175,0,0,-0.97667655473430037,-0.44601809795648495,-0.97295973725132967,-0.47845008919819593
144Hz,210,105500,175,500,0.83333333333333337,-0.97667655473430037,-0.44601809795648495,-0.97605708515380529,-0.45142342983010342
144Hz,211,106000,176,400,0.66666666666666663,-0.98012207317428934,-0.41346221279867496,-0.97897356702762639,-0.42431417451794495
144Hz,212,106500,177,300,0.5,-0.98329533548284098,-0.38079147702619864,-0.98170870432856516,-0.39712684491243677
144Hz,213,107000,178,200,0.33333333333333331,-0.98619546019820292,-0.34801496584343727,-0.984262043721295,-0.36986597329861154
144Hz,214,107500,179,100,0.16666666666666666,-0.9888216417301765,-0.3151417838368305,-0.9866331571201985,-0.34253610217566949
144Hz,215,108000,180,0,0,-0.99117315058389166,-0.28218106244582464,-0.9888216417301765,-0.3151417838368305
144Hz,216,108500,180,500,0.83333333333333337,-0.99117315058389166,-0.28218106244582464,-0.99078123244160576,-0.28767451601099225
144Hz,217,109000,181,400,0.66666666666666663,-0.99324933356244471,-0.24914195742636158,-0.9925572725695937,-0.26015499243284929
144Hz,218,109500,182,300,0.5,-0.99504961394834146,-0.21603364630761343,-0.99414947375539309,-0.23258780186698752
144Hz,219,110000,183,200,0.33333333333333331,-0.99657349166369702,-0.18286532584266871,-0.99555757318679339,-0.2049775394859652
144Hz,220,110500,184,100,0.16666666666666666,-0.99782054340914605,-0.1496462094538788,-0.99678133362127186,-0.17732880644453705
144Hz,221,111000,185,0,0,-0.99879042278142582,-0.11638552467357392,-0.99782054340914605,-0.1496462094538788
144Hz,222,111500,185,500,0.83333333333333337,-0.99879042278142582,-0.11638552467357392,-0.99862877621937918,-0.12192897213695807
144Hz,223,112000,186,400,0.66666666666666663,-0.99948286036959966,-0.08309251058085973,-0.99925204784020838,-0.094190181945097803
144Hz,224,112500,187,300,0.5,-0.99989766382989309,-0.049776415235206407,-0.99969026209974632,-0.066434462908033065
144Hz,225,113000,188,200,0.33333333333333331,-1.0000347179391227,-0.016446493107543304,-0.99994334853296973,-0.038666441192652043
144Hz,226,113500,189,100,0.16666666666666666,-0.99989398462670243,0.01688799749042745,-1.0000112623870527,-0.010890744674548179
144Hz,227,114000,190,0,0,-0.99947550298521926,0.050217796977984196,-0.99989398462670243,0.01688799749042745
144Hz,228,114500,190,500,0.83333333333333337,-0.99947550298521926,0.050217796977984196,-0.99954524992546645,0.044662830396724737
144Hz,229,115000,191,400,0.66666666666666663,-0.99877938925957355,0.083533647077491502,-0.99901142716812219,0.072428363710989069
144Hz,230,115500,192,300,0.5,-0.99780583681468904,0.11682629338614395,-0.99829261303713124,0.10017997023181772
144Hz,231,116000,193,200,0.33333333333333331,-0.99655511608180047,0.1500864879466336,-0.99738892990372618,0.12791302490630718
144Hz,232,116500,194,100,0.16666666666666666,-0.99502757448333357,0.18330499181602694,-0.9963005258153893,0.15562290525819916
144Hz,233,117000,195,0,0,-0.9932236363363991,0.21647257763213806,-0.99502757448333357,0.18330499181602694
144Hz,234,117500,195,500,0.83333333333333337,-0.9932236363363991,0.21647257763213806,-0.9935242926942216,0.2109446466627862
144Hz,235,118000,196,400,0.66666666666666663,-0.99114380273492675,0.2495800321766847,-0.9918370806020842,0.23854421399516915
144Hz,236,118500,197,300,0.5,-0.98878865141047245,0.28261815893451558,-0.98996622707269966,0.26609909555560013
144Hz,237,119000,198,200,0.33333333333333331,-0.98615883657173742,0.31557778064819803,-0.98791204646422748,0.29360469950574308
144Hz,238,119500,199,100,0.16666666666666666,-0.98325508872284362,0.34844974186725591,-0.98567487859692182,0.32105644085137436
144Hz,239,120000,200,0,0,-0.98007821446041565,0.38122491149135068,-0.98325508872284362,0.34844974186725591
144Hz,240,120500,200,500,0.83333333333333337,-0.98007821446041565,0.38122491149135068,-0.98060769350415367,0.37576238322066818
144Hz,241,121000,201,400,0.66666666666666663,-0.97662909624952654,0.41389418530669786,-0.97777880231982284,0.40300442736824882
144Hz,242,121500,202,300,0.5,-0.97290869217856812,0.4464484885150154,-0.97476889421404733,0.43017133691085663
144Hz,243,122000,203,200,0.33333333333333331,-0.96891803569311563,0.47887877825430097,-0.97157847335008396,0.45725858509477729
144Hz,244,122500,204,100,0.16666666666666666,-0.96465823530885952,0.51117604611073819,-0.9682080689624063,0.48426165623037387
144Hz,245,123000,205,0,0,-0.96013047430368426,0.54333132062103351,-0.96465823530885952,0.51117604611073819
144Hz,246,123500,205,500,0.83333333333333337,-0.96013047430368426,0.54333132062103351,-0.96088510113788017,0.53797210820265096
144Hz,247,124000,206,400,0.66666666666666663,-0.95533601038898019,0.57533566976448969,-0.95693416502721484,0.56466755338333763
144Hz,248,124500,207,300,0.5,-0.9502761753602792,0.60718020344412238,-0.9528060928746297,0.59125793660430603
144Hz,249,125000,208,200,0.33333333333333331,-0.94495237472731142,0.6388560759561317,-0.94850157514929001,0.61773882761479215
144Hz,250,125500,209,100,0.16666666666666666,-0.93936608732358606,0.67035448844704204,-0.9440213268266906,0.64410581137128342
144Hz,251,126000,210,0,0,-0.93351886489560421,0.70166669135782822,-0.93936608732358606,0.67035448844704204
144Hz,252,126500,210,500,0.83333333333333337,-0.93351886489560421,0.70166669135782822,-0.93449340196693453,0.69644799087269715
144Hz,253,127000,211,400,0.66666666666666663,-0.92741233167181802,0.73278398685434831,-0.92944784274641346,0.72241155502217491
144Hz,254,127500,212,300,0.5,-0.92104818391145626,0.76369773124340889,-0.92423025779163714,0.7482408590488786
144Hz,255,128000,213,200,0.33333333333333331,-0.91442818943334137,0.79439933737379076,-0.918841519085418,0.77393159995353622
144Hz,256,128500,214,100,0.16666666666666666,-0.90755418712482827,0.82488027702156885,-0.91328252238192253,0.79947949398175377
144Hz,257,129000,215,0,0,-0.90042808643100269,0.85513208325906309,-0.90755418712482827,0.82488027702156885
144Hz,258,129500,215,500,0.83333333333333337,-0.90042808643100269,0.85513208325906309,-0.90161576987997361,0.850090115552814
144Hz,259,130000,216,400,0.66666666666666663,-0.89305186682427962,0.88514635280676313,-0.89551060669318727,0.87514159629086308
144Hz,260,130500,217,300,0.5,-0.88542757725454979,0.91491474836757247,-0.8892397220394147,0.90003055058716774
144Hz,261,131000,218,200,0.33333333333333331,-0.87755733558002713,0.94442900094272408,-0.88280416336304224,0.92475283255928975
144Hz,262,131500,219,100,0.16666666666666666,-0.86944332797895441,0.97368091212872498,-0.87620500097984833,0.94930431947372429
144Hz,263,132000,220,0,0,-0.86108780834233201,1.0026623563946901,-0.86944332797895441,0.97368091212872498
144Hz,264,132500,220,500,0.83333333333333337,-0.86108780834233201,1.0026623563946901,-0.86248039494843576,0.99783211568369601
144Hz,265,133000,221,400,0.66666666666666663,-0.85249309764783676,1.0313652833394344,-0.85535800121266847,1.0217976410245198
144Hz,266,133500,222,300,0.5,-0.84366158331510599,1.0597817199276958,-0.84807734048147143,1.045573501633565
144Hz,267,134000,223,200,0.33333333333333331,-0.83459571854256542,1.0879037727048659,-0.84063962839092587,1.069155737520086
144Hz,268,134500,224,100,0.16666666666666666,-0.82529802162598531,1.115723629989618,-0.83304610238980215,1.092540415585658
144Hz,269,135000,225,0,0,-0.81577107525895354,1.1432335640438176,-0.82529802162598531,1.115723629989618
144Hz,270,135500,225,500,0.83333333333333337,-0.81577107525895354,1.1432335640438176,-0.81735889965345887,1.1386485750347843
144Hz,271,136000,226,400,0.66666666666666663,-0.80601752581546093,1.170425933219116,-0.80926870896329184,1.1613618101606833
144Hz,272,136500,227,300,0.5,-0.79604008261479731,1.1972931840796315,-0.80102880421512912,1.1838595586493739
144Hz,273,137000,228,200,0.33333333333333331,-0.78584151716896289,1.2238278535001248,-0.79264056079951917,1.2061380738864627
144Hz,274,137500,229,100,0.16666666666666666,-0.77542466241280383,1.2500225707390902,-0.78410537470960306,1.2281936397066191
144Hz,275,138000,230,0,0,-0.76479241191708569,1.2758700594861836,-0.77542466241280383,1.2500225707390902
144Hz,276,138500,230,500,0.83333333333333337,-0.76479241191708569,1.2758700594861836,-0.76656445366637205,1.2715621446950012
144Hz,277,139000,231,400,0.66666666666666663,-0.75394771908472391,1.3013631398834198,-0.75756261669551117,1.2928654464176743
144Hz,278,139500,232,300,0.5,-0.74289359633039409,1.3264947305195773,-0.74842065770755895,1.3139289352014987
144Hz,279,140000,233,200,0.33333333333333331,-0.73163311424375033,1.3512578503972572,-0.73914010230151284,1.3347491038121373
144Hz,280,140500,234,100,0.16666666666666666,-0.72016940073648328,1.3756456208720489,-0.72972249532587252,1.3553224788097225
144Hz,281,141000,235,0,0,-0.70850564017345607,1.3996512675632651,-0.72016940073648328,1.3756456208720489
144Hz,282,141500,235,500,0.83333333333333337,-0.70850564017345607,1.3996512675632651,-0.71044960026729387,1.3956503264480624
144Hz,283,142000,236,400,0.66666666666666663,-0.69664507248815843,1.4232681222357135,-0.70059859504992428,1.4153958373448974
144Hz,284,142500,237,300,0.5,-0.68459099228272524,1.4464896246519854,-0.69061803238544184,1.4348788734438496
144Hz,285,143000,238,200,0.33333333333333331,-0.67234674791276905,1.4693093243947428,-0.68050957749273988,1.4540961912329047
144Hz,286,143500,239,100,0.16666666666666666,-0.65991574055728153,1.4917208826585018,-0.67027491335352118,1.4730445841053694
144Hz,287,144000,240,0,0,-0.64730142327386142,1.5137180740104113,-0.65991574055728153,1.4917208826585018
144Hz,288,144500,240,500,0.83333333333333337,-0.64730142327386142,1.5137180740104113,-0.64940380948776477,1.5100518754517596
144Hz,289,145000,241,400,0.66666666666666663,-0.63450730003953193,1.53529478811954,-0.63877200778430843,1.5281025500831638
144Hz,290,145500,242,300,0.5,-0.62153692477741362,1.5564450314541911,-0.62802211240847283,1.5458699097868656
144Hz,291,146000,243,200,0.33333333333333331,-0.6083939003695239,1.5771629289467715,-0.61715591664145042,1.5633509972850512
144Hz,292,146500,244,100,0.16666666666666666,-0.59508187765597598,1.5974427256257555,-0.60617522991726591,1.5805428950599354
144Hz,293,147000,245,0,0,-0.5816045544208569,1.6172787882142881,-0.59508187765597598,1.5974427256257555
144Hz,294,147500,245,500,0.83333333333333337,-0.5816045544208569,1.6172787882142881,-0.58385077496004345,1.6139727777828659
144Hz,295,148000,246,400,0.66666666666666663,-0.5679656743650654,1.6366656066949832,-0.57251196771699586,1.6302033338680848
144Hz,296,148500,247,300,0.5,-0.55416902606639473,1.6555977958404853,-0.56106735021573007,1.6461317012677341
144Hz,297,149000,248,200,0.33333333333333331,-0.54021844192715007,1.6740700967093651,-0.54951883135331325,1.6617552294634454
144Hz,298,149500,249,100,0.16666666666666666,-0.52611779710959228,1.6920773781069367,-0.53786833445755711,1.6770713102756272
144Hz,299,150000,250,0,0,-0.51187100845950406,1.7096146380105899,-0.52611779710959228,1.6920773781069367
144Hz,300,150500,250,500,0.83333333333333337,-0.51187100845950406,1.7096146380105899,-0.51424547323451875,1.706691761359981
144Hz,301,151000,251,400,0.66666666666666663,-0.49748203341817704,1.7266770049592399,-0.50227835843195279,1.7209895493096898
144Hz,302,151500,252,300,0.5,-0.48295486892312278,1.7432597394065126,-0.49021845117064988,1.7349683721828764
144Hz,303,152000,253,200,0.33333333333333331,-0.46829355029781211,1.7593582350372834,-0.47806776271468593,1.7486259046167696
144Hz,304,152500,254,100,0.16666666666666666,-0.45350215013075201,1.7749680200472104,-0.46582831693663546,1.7619598658722713
144Hz,305,153000,255,0,0,-0.43858477714421118,1.7900847583849022,-0.45350215013075201,1.7749680200472104
144Hz,306,153500,255,500,0.83333333333333337,-0.43858477714421118,1.7900847583849022,-0.4410710059753013,1.7875653019952871
144Hz,307,154000,256,400,0.66666666666666663,-0.42354557505290807,1.804704250956376,-0.42855864241667579,1.7998310867658849
144Hz,308,154500,257,300,0.5,-0.40838872141297916,1.8188224367914729,-0.41596714823294362,1.8117633438739245
144Hz,309,155000,258,200,0.33333333333333331,-0.3931184264615466,1.8324353941719056,-0.40329862309583503,1.8233600892516173
144Hz,310,155500,259,100,0.16666666666666666,-0.37773893194720809,1.8455393417206238,-0.39055517737582351,1.8346193854300255
144Hz,311,156000,260,0,0,-0.36225450995177311,1.8581306394521975,-0.37773893194720809,1.8455393417206238
144Hz,312,156500,260,500,0.83333333333333337,-0.36225450995177311,1.8581306394521975,-0.36483524695101227,1.8560320898302687
144Hz,313,157000,261,400,0.66666666666666663,-0.34666946170357377,1.8702057897839233,-0.35186447778630686,1.8661807396733481
144Hz,314,157500,262,300,0.5,-0.33098811638267894,1.8817614385073758,-0.33882878904312635,1.8759836141456496
144Hz,315,158000,263,200,0.33333333333333331,-0.31521482991834449,1.8927943757201318,-0.32573035422790081,1.8854390842449611
144Hz,316,158500,264,100,0.16666666666666666,-0.29935398377903272,1.90330153671741,-0.31257135556179255,1.8945455692196782
144Hz,317,159000,265,0,0,-0.28340998375533788,1.9132800028433778,-0.29935398377903272,1.90330153671741
144Hz,318,159500,265,500,0.83333333333333337,-0.28340998375533788,1.9132800028433778,-0.28606731709262034,1.9116169251557165
144Hz,319,160000,266,400,0.66666666666666663,-0.26738725873615549,1.9227270023018892,-0.27272816707588293,1.9195780024823854
144Hz,320,160500,267,300,0.5,-0.25129025947843525,1.9316399109264277,-0.25933875910729537,1.9271834566141584
144Hz,321,161000,268,200,0.33333333333333331,-0.23512345737085991,1.9400162529090423,-0.24590132544257681,1.9344320249206326
144Hz,322,161500,269,100,0.16666666666666666,-0.21889134319179265,1.947853701488071,-0.23241810500768204,1.9413224943388805
144Hz,323,162000,270,0,0,-0.20259842586183879,1.9551500795944641,-0.21889134319179265,1.947853701488071
144Hz,324,162500,270,500,0.83333333333333337,-0.20259842586183879,1.9551500795944641,-0.20531391208349778,1.953934016576732
144Hz,325,163000,271,400,0.66666666666666663,-0.18624923119136774,1.9619033604565255,-0.19169896274819143,1.9596522668358385
144Hz,326,163500,272,300,0.5,-0.16984830062334355,1.9681116681629045,-0.17804876590735563,1.965007514309715
144Hz,327,164000,273,200,0.33333333333333331,-0.15340018997181287,1.9737732781836825,-0.16436559707283332,1.969998871503164
144Hz,328,164500,274,100,0.16666666666666666,-0.13690946815640112,1.9788866178494096,-0.15065173633591092,1.9746255014613037
144Hz,329,165000,275,0,0,-0.12038071593316815,1.9834502667879563,-0.13690946815640112,1.9788866178494096
144Hz,330,165500,275,500,0.83333333333333337,-0.12038071593316815,1.9834502667879563,-0.12313550797037365,1.9826896586315319
144Hz,331,166000,276,400,0.66666666666666663,-0.10381852462217597,1.9874629573190619,-0.10933925505917337,1.9861253938086934
144Hz,332,166500,277,300,0.5,-0.087227494832122068,1.9909235748064678,-0.095523009727149027,1.9891932660627649
144Hz,333,167000,278,200,0.33333333333333331,-0.070612235182392583,1.9938311579675385,-0.081689074948878906,1.9918927691934913
144Hz,334,167500,279,100,0.16666666666666666,-0.053977361022890212,1.9961848991402849,-0.067839756155808853,1.9942234481629963
144Hz,335,168000,280,0,0,-0.037327493151992588,1.9979841445077144,-0.053977361022890212,1.9961848991402849
144Hz,336,168500,280,500,0.83333333333333337,-0.037327493151992588,1.9979841445077144,-0.040102471130475527,1.9976842702798094
144Hz,337,169000,281,400,0.66666666666666663,-0.020667256532997193,1.9992283942794475,-0.026220668739328993,1.9988136443555364
144Hz,338,169500,282,300,0.5,-0.0040012790094092979,1.9999173028305475,-0.012334267771203247,1.9995728485549975
144Hz,339,170000,283,200,0.33333333333333331,0.012665809980570101,2.0000506787975278,0.0015544173205838346,1.9999617614862077
144Hz,340,170500,284,100,0.16666666666666666,0.029329380689999341,1.9996284851315089,0.015443071765474974,1.9999803131865248
144Hz,341,171000,285,0,0,0.045984804349236914,1.9986508391085089,0.029329380689999341,1.9996284851315089
144Hz,342,171500,285,500,0.83333333333333337,0.045984804349236914,1.9986508391085089,0.043208900406030655,1.9988137801123425
144Hz,343,172000,286,400,0.66666666666666663,0.062627454451710807,1.9971180122968677,0.057079904417552847,1.9976289545674148
144Hz,344,172500,287,300,0.5,0.079252708039059233,1.9950304304818107,0.07094008124538502,1.9960742213893392
144Hz,345,173000,288,200,0.33333333333333331,0.095855946985285698,1.9923886735471754,0.084787121021134726,1.9941498448369324
144Hz,346,173500,289,100,0.16666666666666666,0.1124325592795718,1.9891934753143325,0.098618715701000045,1.9918561405083683
144Hz,347,174000,290,0,0,0.12897794030739135,1.9854457233383469,0.1124325592795718,1.9891934753143325
144Hz,348,174500,290,500,0.83333333333333337,0.12897794030739135,1.9854457233383469,0.12622037680275475,1.9860703486676778
144Hz,349,175000,291,400,0.66666666666666663,0.14548749412956996,1.9811464586614338,0.13998430952217708,1.9825795468870715
144Hz,350,175500,292,300,0.5,0.16195663475893482,1.9762968755237815,0.1537220644442524,1.9787216670926076
144Hz,351,176000,293,200,0.33333333333333331,0.17838078743419997,1.9708983210318169,0.16743135231735654,1.9744973573597935
144Hz,352,176500,294,100,0.16666666666666666,0.19475538989073338,1.9649522947840103,0.1811098878436222,1.9699073166571825
144Hz,353,177000,295,0,0,0.2110758936278527,1.9584604484543193,0.19475538989073338,1.9649522947840103
144Hz,354,177500,295,500,0.83333333333333337,0.2110758936278527,1.9584604484543193,0.20835580967166614,1.9595424228426011
144Hz,355,178000,296,400,0.66666666666666663,0.22733776517229762,1.9514245853333909,0.2219171413241493,1.953769873040367
144Hz,356,178500,297,300,0.5,0.243536487337528,1.9438466598276476,0.23543712625491281,1.9476356225805191
144Hz,357,179000,298,200,0.33333333333333331,0.25966756047849798,1.9357287769163967,0.24891351171785134,1.9411406988572306
144Hz,358,179500,299,100,0.16666666666666666,0.27572650374155727,1.9270731915671133,0.26234405102234121,1.9342861793581829
144Hz,359,180000,300,0,0,0.29170885630913279,1.9178823081090615,0.27572650374155727,1.9270731915671133
144Hz,360,180500,300,500,0.83333333333333337,0.29170885630913279,1.9178823081090615,0.28904513088120354,1.9194141220187368
144Hz,361,181000,301,400,0.66666666666666663,0.30761017863884466,1.9081586795654237,0.30230973786227405,1.9113998890799697
144Hz,362,181500,302,300,0.5,0.3234260536967124,1.897905006944129,0.31551811616777853,1.9030318432547764
144Hz,363,182000,303,200,0.33333333333333331,0.33915208818410886,1.8871241384875719,0.32866806519251124,1.8943113841252768
144Hz,364,182500,304,100,0.16666666666666666,0.35478391375812079,1.8758190688814349,0.34175739244644421,1.8852399602198824
144Hz,365,183000,305,0,0,0.37031718824497772,1.8639929384228309,0.35478391375812079,1.8758190688814349
144Hz,366,183500,305,500,0.83333333333333337,0.37031718824497772,1.8639929384228309,0.36772830916383492,1.8659639601659317
144Hz,367,184000,306,400,0.66666666666666663,0.38574759684621102,1.8516490321479984,0.38060412731246662,1.8557636675729425
144Hz,368,184500,307,300,0.5,0.40107085333720927,1.8387907789197913,0.39340922509171017,1.8452199055338947
144Hz,369,185000,308,200,0.33333333333333331,0.41628270125783606,1.8254217504752177,0.40614146931075157,1.8343344361049336
144Hz,370,185500,309,100,0.16666666666666666,0.43137891509478016,1.8115456604332898,0.41879873689732677,1.8231090688015632
144Hz,371,186000,310,0,0,0.44635530145530899,1.7971663632634638,0.43137891509478016,1.8115456604332898
144Hz,372,186500,310,500,0.83333333333333337,0.44635530145530899,1.7971663632634638,0.44385923706188751,1.7995629127917683
144Hz,373,187000,311,400,0.66666666666666663,0.46120770023210028,1.7822878532149535,0.45625690063983654,1.7872473565644569
144Hz,374,187500,312,300,0.5,0.47593198575882711,1.7669142632072168,0.46856984299546367,1.7746010582110852
144Hz,375,188000,313,200,0.33333333333333331,0.49052406795617648,1.7510498636819225,0.48079601315794362,1.7616261300321188
144Hz,376,188500,314,100,0.16666666666666666,0.50497989346798244,1.7346990614167166,0.49293337220814415,1.7483247299710549
144Hz,377,189000,315,0,0,0.51929544678715844,1.7178663983011171,0.50497989346798244,1.7346990614167166
144Hz,378,189500,315,500,0.83333333333333337,0.51929544678715844,1.7178663983011171,0.51690952123396239,1.7206718421537168
144Hz,379,190000,316,400,0.66666666666666663,0.53346675137111577,1.7005565500748785,0.5287429831764634,1.7063264994836247
144Hz,380,190500,317,300,0.5,0.54748987074635891,1.6827743250291747,0.54047831105873734,1.6916654375520266
144Hz,381,191000,318,200,0.33333333333333331,0.56136090960195029,1.6645246626709627,0.5521135503648894,1.6766911042431041
144Hz,382,191500,319,100,0.16666666666666666,0.57507601487154114,1.6458126323508977,0.56364676048021545,1.661405990950952
144Hz,383,192000,320,0,0,0.58863137680366762,1.6266434318551797,0.57507601487154114,1.6458126323508977
144Hz,384,192500,320,500,0.83333333333333337,0.58863137680366762,1.6266434318551797,0.58637214981497987,1.6298382986044659
144Hz,385,193000,321,400,0.66666666666666663,0.60202323002001534,1.6070223859617241,0.5975592789478994,1.6135627345928758
144Hz,386,193500,322,300,0.5,0.61524785456135744,1.5869549449610569,0.60863554229068639,1.5969886654613905
144Hz,387,194000,323,200,0.33333333333333331,0.62830157692087696,1.5664466831423449,0.61959909534786395,1.5801188576881531
144Hz,388,194500,324,100,0.16666666666666666,0.64118077106458515,1.5455032972449823,0.63044810927816164,1.5629561188261178
144Hz,389,195000,325,0,0,0.65388185943855315,1.5241306048761627,0.64118077106458515,1.5455032972449823
144Hz,390,195500,325,500,0.83333333333333337,0.65388185943855315,1.5241306048761627,0.65176501137622511,1.527692720270966
144Hz,391,196000,326,400,0.66666666666666663,0.6664013139626771,1.5023345428948776,0.66222816245463578,1.5095998968886393
144Hz,392,196500,327,300,0.5,0.67873565701070038,1.4801211657627884,0.67256848548668868,1.4912278543288329
144Hz,393,197000,328,200,0.33333333333333331,0.69088146237622061,1.4574966438624317,0.68278425879920712,1.4725796584626696
144Hz,394,197500,329,100,0.16666666666666666,0.70283535622441418,1.4344672617832244,0.69287377801758621,1.4536584135158972
144Hz,395,198000,330,0,0,0.71459401802921207,1.4110394165757438,0.70283535622441418,1.4344672617832244
144Hz,396,198500,330,500,0.83333333333333337,0.71459401802921207,1.4110394165757438,0.71263424106174578,1.4149440574436571
144Hz,397,199000,331,400,0.66666666666666663,0.72615418149566846,1.3872196159747701,0.72230079367351629,1.3951595495084279
144Hz,398,199500,332,300,0.5,0.73751263546726498,1.363014476591581,0.73183340848146672,1.3751170462831754
144Hz,399,200000,333,200,0.33333333333333331,0.74866622481789835,1.3384307220760054,0.74123049858414281,1.3548198917530558
144Hz,400,200500,334,100,0.16666666666666666,0.75961185132830455,1.3134751812487422,0.75049049590296601,1.3342714652714616
144Hz,401,201000,335,0,0,0.77034647454667515,1.2881547862044653,0.75961185132830455,1.3134751812487422
144Hz,402,201500,335,500,0.83333333333333337,0.77034647454667515,1.2881547862044653,0.76855737067694674,1.2923748520451781
144Hz,403,202000,336,400,0.66666666666666663,0.78086711263322717,1.2624765703862428,0.77736023327104309,1.2710359756589837
144Hz,404,202500,337,300,0.5,0.79117084318849218,1.2364476666318018,0.78601897791085973,1.2494621185090224
144Hz,405,203000,338,200,0.33333333333333331,0.80125480406509375,1.2100753051921855,0.79453216348069278,1.2276568794852631
144Hz,406,203500,339,100,0.16666666666666666,0.81111619416278835,1.1833668117233491,0.80289836908137624,1.2056238896140461
144Hz,407,204000,340,0,0,0.82075227420654884,1.1563296052512562,0.81111619416278835,1.1833668117233491
144Hz,408,204500,340,500,0.83333333333333337,0.82075227420654884,1.1563296052512562,0.81914626086592202,1.1608358063299384
144Hz,409,205000,341,400,0.66666666666666663,0.83016036750747413,1.1289711961110378,0.82702433640716566,1.1380906658244438
144Hz,410,205500,342,300,0.5,0.839337860706314,1.1012991838607886,0.83474911410689412,1.1151351899859132
144Hz,411,206000,343,200,0.33333333333333331,0.84828220449940217,1.0733212551705782,0.84231930863734339,1.0919732076307185
144Hz,412,206500,344,100,0.16666666666666666,0.85699091434679608,1.0450451816872648,0.84973365614063456,1.0686085762566926
144Hz,413,207000,345,0,0,0.86546157116242695,1.0164788178757049,0.85699091434679608,1.0450451816872648
144Hz,414,207500,345,500,0.83333333333333337,0.86546157116242695,1.0164788178757049,0.86404979502648849,1.0212398785109649
144Hz,415,208000,346,400,0.66666666666666663,0.87369182198606821,0.9876300988369574,0.87094840504485449,0.99724633851653988
144Hz,416,208500,347,300,0.5,0.88167938063693563,0.95850703810408844,0.87768560131150197,0.97306856847052292
144Hz,417,209000,348,200,0.33333333333333331,0.88942202834873718,0.92911772541619053,0.88426026320753615,0.94871060054145584
144Hz,418,209500,349,100,0.16666666666666666,0.89691761438599749,0.89947032447123265,0.8906712926882806,0.92417649192536422
144Hz,419,210000,350,0,0,0.90416405664148392,0.86957307065836609,0.89691761438599749,0.89947032447123265
144Hz,420,210500,350,500,0.83333333333333337,0.90416405664148392,0.86957307065836609,0.9029563162655696,0.87455594629384381
144Hz,421,211000,351,400,0.66666666666666663,0.91115934221456985,0.83943426877031657,0.90882758035687461,0.84948053606633311
144Hz,422,211500,352,300,0.5,0.91790152797037394,0.8090622906964976,0.91453043509247189,0.82424827973340709
144Hz,423,212000,353,200,0.33333333333333331,0.92438874107951963,0.7784655730974851,0.92006393234008921,0.79886338483016017
144Hz,424,212500,354,100,0.16666666666666666,0.93061917953836548,0.74765261506150116,0.92542714748932731,0.77333008009148785
144Hz,425,213000,355,0,0,0.93659111266956174,0.71663197574355564,0.93061917953836548,0.74765261506150116
144Hz,426,213500,355,500,0.83333333333333337,0.93659111266956174,0.71663197574355564,0.93559579048102903,0.72180208229654663
144Hz,427,214000,356,400,0.66666666666666663,0.9423028816027943,0.68541227198790355,0.94039895862505007,0.69581883990645421
144Hz,428,214500,357,300,0.5,0.94775289973558163,0.65400217593447707,0.94502789066918802,0.66970722396119031
144Hz,429,215000,358,200,0.33333333333333331,0.95293965317399798,0.62241041260995766,0.94948181754838712,0.64347158815963734
144Hz,430,215500,359,100,0.16666666666666666,0.95786170115319924,0.59064575750415771,0.95375999450386484,0.61711630342565771
144Hz,431,216000,360,0,0,0.96251767643763575,0.55871703413238438,0.95786170115319924,0.59064575750415771
144Hz,432,216500,360,500,0.83333333333333337,0.96251767643763575,0.55871703413238438,0.96174168055689635,0.56403848802767986
144Hz,433,217000,361,400,0.66666666666666663,0.96690628570083959,0.52663311158446324,0.96544341594643834,0.53732775243377029
144Hz,434,217500,362,300,0.5,0.97102630988468208,0.49440290206110193,0.96896629779276089,0.51051800682278259
144Hz,435,218000,363,200,0.33333333333333331,0.97487660453800107,0.46203535839827919,0.97230974143578841,0.48361372084016108
144Hz,436,218500,364,100,0.16666666666666666,0.9784561001345039,0.42953947158034583,0.97547318713741826,0.456619377261957
144Hz,437,219000,365,0,0,0.98176380236985827,0.39692426824252902,0.9784561001345039,0.42953947158034583
144Hz,438,219500,365,500,0.83333333333333337,0.98176380236985827,0.39692426824252902,0.98121251866396597,0.40236013546549854
144Hz,439,220000,366,400,0.66666666666666663,0.9847987924378877,0.36419880816353373,0.98378712908187793,0.37510729485653216
144Hz,440,220500,367,300,0.5,0.98756022728579551,0.33137218174893746,0.98617950986184155,0.34778549495623556
144Hz,441,221000,368,200,0.33333333333333331,0.99004733984834614,0.29845350750607763,0.9883892648066458,0.32039929033465087
144Hz,442,221500,369,100,0.16666666666666666,0.99225943926093896,0.26545192951113278,0.9904160230837783,0.29295324450692017
144Hz,443,222000,370,0,0,0.99419591105151484,0.23237661486910147,0.99225943926093896,0.26545192951113278
144Hz,444,222500,370,500,0.83333333333333337,0.99419591105151484,0.23237661486910147,0.99387316575308549,0.23788916730944001
144Hz,445,223000,371,400,0.66666666666666663,0.99585621731124307,0.19923675116738432,0.9953027818913337,0.21028337240129003
144Hz,446,223500,372,300,0.5,0.99723989684394032,0.1660415439236762,0.99654805707759175,0.18263914754553026
144Hz,447,224000,373,200,0.33333333333333331,0.99834656529418098,0.13280021402887821,0.99760878632735395,0.15496110062541021
144Hz,448,224500,374,100,0.16666666666666666,0.99917591525406213,0.099521995185738843,0.99848479028749448,0.12725384422168831
144Hz,449,225000,375,0,0,0.99972771634859492,0.066216131343936765,0.99917591525406213,0.099521995185738843
144Hz,450,225500,375,500,0.83333333333333337,0.99972771634859492,0.066216131343936765,0.99963574949950618,0.071767108650903771
144Hz,451,226000,376,400,0.66666666666666663,1.0000018152996974,0.032891874132316937,0.99991044898266324,0.043999959869523549
144Hz,452,226500,377,300,0.5,0.99999813596877241,-0.0004415197110063112,0.99999997563423493,0.016225177210655313
144Hz,453,227000,378,200,0.33333333333333331,0.99971667937785602,-0.033774790909965394,0.99990431710513372,-0.011552610110659339
144Hz,454,227500,379,100,0.16666666666666666,0.99915752370933464,-0.067098680222560589,0.99962348676643586,-0.039328772462064593
144Hz,455,228000,380,0,0,0.99832082428422741,-0.10040393101287175,0.99915752370933464,-0.067098680222560589
144Hz,456,228500,380,500,0.83333333333333337,0.99832082428422741,-0.10040393101287175,0.99846027418841199,-0.094853055881153225
144Hz,457,229000,381,400,0.66666666666666663,0.99720681351904117,-0.133681291822346,0.99757815044076992,-0.12258883821918792
144Hz,458,229500,382,300,0.5,0.9958158008612108,-0.16692151893964738,0.99651130719012593,-0.15030140538099668
144Hz,459,230000,383,200,0.33333333333333331,0.99414817270314115,-0.20011537896835441,0.99525992480852099,-0.17798613894921639
144Hz,460,230500,384,100,0.16666666666666666,0.99220439227487622,-0.23325365139179244,0.99382420929843029,-0.20563842437226076
144Hz,461,231000,385,0,0,0.98998499951542385,-0.2663271311342883,0.99220439227487622,-0.23325365139179244
144Hz,462,231500,385,500,0.83333333333333337,0.98998499951542385,-0.2663271311342883,0.99035489830866585,-0.26081488451053902
144Hz,463,232000,386,400,0.66666666666666663,0.98749061092277268,-0.29932663111813573,0.98832207378698977,-0.28832679779018661
144Hz,464,232500,387,300,0.5,0.98472191938264297,-0.33224298481556147,0.98610626515270783,-0.3157848079668486
144Hz,465,233000,388,200,0.33333333333333331,0.98167969397601806,-0.36506704879498292,0.98370784424710134,-0.34318433947536864
144Hz,466,233500,389,100,0.16666666666666666,0.97836477976551095,-0.39778970526085017,0.98112720827426692,-0.3705208248726275
144Hz,467,234000,390,0,0,0.97477809756062461,-0.4304018645863672,0.97836477976551095,-0.39778970526085017
144Hz,468,234500,390,500,0.83333333333333337,0.97477809756062461,-0.4304018645863672,0.97537587792810565,-0.424966504698781
144Hz,469,235000,391,400,0.66666666666666663,0.97092064366197139,-0.462894467838388,0.97220646162818913,-0.4520636000877144
144Hz,470,235500,392,300,0.5,0.96679348958452316,-0.49525848929378707,0.96885706662324722,-0.47907647856608754
144Hz,471,236000,393,200,0.33333333333333331,0.96239778175996815,-0.52748493894660453,0.9653282536430049,-0.5060006391780596
144Hz,472,236500,394,100,0.16666666666666666,0.95773474121825752,-0.55956486500527014,0.96162060833634977,-0.53283159328971552
144Hz,473,237000,395,0,0,0.95280566324843075,-0.59148935637921207,0.95773474121825752,-0.55956486500527014
144Hz,474,237500,395,500,0.83333333333333337,0.95280566324843075,-0.59148935637921207,0.95362717624340188,-0.5861686078168884
144Hz,475,238000,396,400,0.66666666666666663,0.94761191703881276,-0.62324954515415976,0.94934316577535205,-0.61266281556251057
144Hz,476,238500,397,300,0.5,0.94215494529668398,-0.65483660905545349,0.94488343116774831,-0.63904307710480657
144Hz,477,239000,398,200,0.33333333333333331,0.93643626384752832,-0.68624177389867624,0.94024871814696553,-0.66530499733652781
144Hz,478,239500,399,100,0.16666666666666666,0.93045746121397055,-0.71745631602692717,0.93543979674193534,-0.69144419758671805
144Hz,479,240000,400,0,0,0.92422019817452006,-0.74847156473405951,0.93045746121397055,-0.71745631602692717
144Hz,480,240500,400,500,0.83333333333333337,0.92422019817452006,-0.74847156473405951,0.92525974201442851,-0.74330235661620403
144Hz,481,241000,401,400,0.66666666666666663,0.9177262073022433,-0.77927890467321015,0.91989087092633548,-0.7690097913601599
144Hz,482,241500,402,300,0.5,0.91097729248349368,-0.80986977824995154,0.91435174989286849,-0.7945743414615809
144Hz,483,242000,403,200,0.33333333333333331,0.90397532841683204,-0.84023568799940129,0.90864330446127317,-0.81999174816643483
144Hz,484,242500,404,100,0.16666666666666666,0.89672226009227685,-0.87036819894662898,0.90276648369607282,-0.84525777315727257
144Hz,485,243000,405,0,0,0.88922010225102932,-0.90025894094970482,0.89672226009227685,-0.87036819894662898
144Hz,486,243500,405,500,0.83333333333333337,0.88922010225102932,-0.90025894094970482,0.89047046189123724,-0.89527715061585889
144Hz,487,244000,406,400,0.66666666666666663,0.88147093882582317,-0.92989961102473917,0.88405399330089185,-0.92001938766639446
144Hz,488,244500,407,300,0.5,0.87347692236205432,-0.95928197565226658,0.87747393059393874,-0.94459079333850293
144Hz,489,245000,408,200,0.33333333333333331,0.86524027341985155,-0.98839787306433502,0.8707313727146534,-0.96898727478962277
144Hz,490,245500,409,100,0.16666666666666666,0.85676327995725432,-1.0172392155116634,0.86382744117608534,-0.99320476347222308
144Hz,491,246000,410,0,0,0.84804829669466897,-1.0457979915102384,0.85676327995725432,-1.0172392155116634
144Hz,492,246500,410,500,0.83333333333333337,0.84804829669466897,-1.0457979915102384,0.84950079390509992,-1.0410381955104759
144Hz,493,247000,411,400,0.66666666666666663,0.83909774446077956,-1.0740662680667274,0.84208126187207599,-1.0646435092145645
144Hz,494,247500,412,300,0.5,0.82991410952009548,-1.1020361928820868,0.83450592699043757,-1.0880512304744072
144Hz,495,248000,413,200,0.33333333333333331,0.82049994288232253,-1.1296999965327565,0.8267760539741712,-1.1112574607656434
144Hz,496,248500,414,100,0.16666666666666666,0.8108578595937489,-1.157049994628834,0.81889292900089361,-1.1342583295487696
144Hz,497,249000,415,0,0,0.80099053801084363,-1.1840785899486257,0.8108578595937489,-1.157049994628834
144Hz,498,249500,415,500,0.83333333333333337,0.80099053801084363,-1.1840785899486257,0.80263509160799451,-1.1795738240619937
144Hz,499,250000,416,400,0.66666666666666663,0.79090071905626869,-1.2107782745489872,0.79426399204112708,-1.2018783796822001
144Hz,500,250500,417,300,0.5,0.78059120545751148,-1.2371416318508628,0.78574596225689008,-1.223959953199925
144Hz,501,251000,418,200,0.33333333333333331,0.77006486096834947,-1.2631613386994465,0.77708242396112415,-1.2458148674670575
144Hz,502,251500,419,100,0.16666666666666666,0.7593246095733629,-1.2888301673983915,0.76827481906918504,-1.2674394768159374
144Hz,503,252000,420,0,0,0.74837343467571704,-1.3141409877175037,0.7593246095733629,-1.2888301673983915
144Hz,504,252500,420,500,0.83333333333333337,0.74837343467571704,-1.3141409877175037,0.75019863049199131,-1.3099225176643181
144Hz,505,253000,421,400,0.66666666666666663,0.73721437826843905,-1.339086768873361,0.74093406373753168,-1.3307715084880751
144Hz,506,253500,422,300,0.5,0.72585054008941985,-1.3636605814823088,0.7315324591789294,-1.3513736751778349
144Hz,507,254000,423,200,0.33333333333333331,0.71428507676037578,-1.3878555994852895,0.7219953856464052,-1.3717255874833025
144Hz,508,254500,424,100,0.16666666666666666,0.70252120091000936,-1.4116651020439686,0.71232443078531471,-1.3918238499117359
144Hz,509,255000,425,0,0,0.69056218028161243,-1.4350824754076354,0.70252120091000936,-1.4116651020439686
144Hz,510,255500,425,500,0.83333333333333337,0.69056218028161243,-1.4350824754076354,0.6925553503863453,-1.4311795798470244
144Hz,511,256000,426,400,0.66666666666666663,0.67841133682535948,-1.4581012147503558,0.68246161797744376,-1.4504283016361157
144Hz,512,256500,427,300,0.5,0.66607204577554391,-1.4807149259778678,0.67224169130045164,-1.4694080703641119
144Hz,513,257000,428,200,0.33333333333333331,0.65354773471301286,-1.5029173275037193,0.66189727542136689,-1.488115726486485
144Hz,514,257500,429,100,0.16666666666666666,0.64084188261306163,-1.5247022519941531,0.65143009269635432,-1.506548148252125
144Hz,515,258000,430,0,0,0.62795801887905123,-1.5460636480812551,0.64084188261306163,-1.5247022519941531
144Hz,516,258500,430,500,0.83333333333333337,0.62795801887905123,-1.5460636480812551,0.63010532950138631,-1.5425034154000714
144Hz,517,259000,431,400,0.66666666666666663,0.61489972236201884,-1.5669955820438901,0.61925248786769627,-1.5600182707230117
144Hz,518,259500,432,300,0.5,0.6016706203665525,-1.5874922394559574,0.60828517136428562,-1.5772439107499236
144Hz,519,260000,433,200,0.33333333333333331,0.58827438764320661,-1.6075479268015092,0.59720520945877054,-1.5941774685711414
144Hz,520,260500,434,100,0.16666666666666666,0.57471474536773759,-1.6271570730562828,0.58601444726396179,-1.6108161178439715
144Hz,521,261000,435,0,0,0.56099546010744417,-1.6463142312352073,0.57471474536773759,-1.6271570730562828
144Hz,522,261500,435,500,0.83333333333333337,0.56099546010744417,-1.6463142312352073,0.56328200765082637,-1.6431213715387198
144Hz,523,262000,436,400,0.66666666666666663,0.54712034277489874,-1.6650140799054554,0.55174538188574718,-1.6587807970153727
144Hz,524,262500,437,300,0.5,0.53309324756936027,-1.6832514246646186,0.54010679517212945,-1.6741327522850371
144Hz,525,263000,438,200,0.33333333333333331,0.5189180709061636,-1.7010211995835973,0.52836818868162805,-1.6891746829709449
144Hz,526,263500,439,100,0.16666666666666666,0.50459875033438195,-1.7183184686138027,0.51653151747753334,-1.7039040777552983
144Hz,527,264000,440,0,0,0.49013926344306291,-1.7351384269582821,0.50459875033438195,-1.7183184686138027
144Hz,528,264500,440,500,0.83333333333333337,0.49013926344306291,-1.7351384269582821,0.4925491779249494,-1.7323351005675356
144Hz,529,265000,441,400,0.66666666666666663,0.47554362675634304,-1.7514764024063842,0.48040883898524966,-1.7460304105903501
144Hz,530,265500,442,300,0.5,0.46081589461774641,-1.7673278566315958,0.4681797606870447,-1.7594021295189899
144Hz,531,266000,443,200,0.33333333333333331,0.44596015806397821,-1.7826883864521872,0.45586398243315701,-1.7724480332384596
144Hz,532,266500,444,100,0.16666666666666666,0.43098054368852556,-1.7975537250543199,0.44346355566806944,-1.7851659428858759
144Hz,533,267000,445,0,0,0.41588121249538162,-1.8119197431772707,0.43098054368852556,-1.7975537250543199
144Hz,534,267500,445,500,0.83333333333333337,0.41588121249538162,-1.8119197431772707,0.41839776769423898,-1.8095254068234456
144Hz,535,268000,446,400,0.66666666666666663,0.40066635874321122,-1.8257824502604501,0.40573797666060135,-1.8211615478993901
144Hz,536,268500,447,300,0.5,0.3853402087802788,-1.8391379955518905,0.39300328376174498,-1.8324602229061702
144Hz,537,269000,448,200,0.33333333333333331,0.36990701987046298,-1.8519826691778998,0.3801958124770069,-1.8434195534272271
144Hz,538,269500,449,100,0.16666666666666666,0.35437107901068315,-1.8643129031735819,0.36731769639383299,-1.8540377081771802
144Hz,539,270000,450,0,0,0.33873670174006698,-1.8761252724739379,0.35437107901068315,-1.8643129031735819
144Hz,540,270500,450,500,0.83333333333333337,0.33873670174006698,-1.8761252724739379,0.34134243128516972,-1.8741565442572119
144Hz,541,271000,451,400,0.66666666666666663,0.32300823094118969,-1.8874164958652735,0.32825105454081549,-1.8836527547348283
144Hz,542,271500,452,300,0.5,0.30719003563371766,-1.8981834368966464,0.31509913328745365,-1.8927999663809598
144Hz,543,272000,453,200,0.33333333333333331,0.29128650976079179,-1.9084231047511035,0.30188886034274237,-1.9015966595147988
144Hz,544,272500,454,100,0.16666666666666666,0.27530207096848791,-1.9181326550764632,0.28862243662874115,-1.9100413631386635
144Hz,545,273000,455,0,0,0.2592411593786928,-1.9273093907754129,0.27530207096848791,-1.9181326550764632
144Hz,546,273500,455,500,0.83333333333333337,0.2592411593786928,-1.9273093907754129,0.26191797797699196,-1.925779934825588
144Hz,547,274000,456,400,0.66666666666666663,0.24310823635573695,-1.9359507627547026,0.2484858773633889,-1.9330703054282725
144Hz,548,274500,457,300,0.5,0.22690778326712671,-1.9440543706332272,0.23500800981143183,-1.9400025666939649
144Hz,549,275000,458,200,0.33333333333333331,0.21064430023872005,-1.951617963408798,0.22148662225765783,-1.9465755682250843
144Hz,550,275500,459,100,0.16666666666666666,0.19432230490469155,-1.9586394400834219,0.20792396768304863,-1.9527882095212354
144Hz,551,276000,460,0,0,0.17794633115263395,-1.9651168502469116,0.19432230490469155,-1.9586394400834219
144Hz,552,276500,460,500,0.83333333333333337,0.17794633115263395,-1.9651168502469116,0.1806756601113102,-1.9640372818863301
144Hz,553,277000,461,400,0.66666666666666663,0.16152092786414507,-1.9710483946186661,0.16699606229364136,-1.9690712131614145
144Hz,554,277500,462,300,0.5,0.14505065765124947,-1.976432425547471,0.15328579275769727,-1.9737404100830687
144Hz,555,278000,463,200,0.33333333333333331,0.12854009558900631,-1.9812674474691794,0.13954713696383508,-1.9780440995213739
144Hz,556,278500,464,100,0.16666666666666666,0.11199382794465509,-1.9855521173221462,0.12578238431494779,-1.9819815591113406
144Hz,557,279000,465,0,0,0.095416450903652583,-1.9892852449203013,0.11199382794465509,-1.9855521173221462
144Hz,558,279500,465,500,0.83333333333333337,0.095416450903652583,-1.9892852449203013,0.098179347077153006,-1.9886630569872756
144Hz,559,280000,466,400,0.66666666666666663,0.078812569292954618,-1.9924657932837564,0.084347196496520602,-1.9914056104959379
144Hz,560,280500,467,300,0.5,0.062186795301897496,-1.9950928789268549,0.070499682297426064,-1.9937793361053058
144Hz,561,281000,468,200,0.33333333333333331,0.045543747201034289,-1.9971657721035849,0.05663911260160976,-1.9957838433190984
144Hz,562,281500,469,100,0.16666666666666666,0.028888048059281905,-1.998683897010286,0.042767797344075563,-1.9974187929213685
144Hz,563,282000,470,0,0,0.012224324459735278,-1.9996468319455953,0.028888048059281905,-1.998683897010286
144Hz,564,282500,470,500,0.83333333333333337,0.012224324459735278,-1.9996468319455953,0.015001611726326381,-1.9994863427897105
144Hz,565,283000,471,400,0.66666666666666663,-0.0044427947854946111,-2.0000543094275867,0.001112911629582019,-1.9999184836002564
144Hz,566,283500,472,300,0.5,-0.02110867992106186,-1.9999062162680701,-0.012775737353278235,-1.9999802628478283
144Hz,567,284000,473,200,0.33333333333333331,-0.037768701534428815,-1.9992025936040347,-0.026662020458850844,-1.9996716753800583
144Hz,568,284500,474,100,0.16666666666666666,-0.054418231841813984,-1.9979436368862205,-0.040543623252326341,-1.998992767484399
144Hz,569,285000,475,0,0,-0.071052645973687545,-1.9961296958248267,-0.054418231841813984,-1.9979436368862205
144Hz,570,285500,475,500,0.83333333333333337,-0.071052645973687545,-1.9961296958248267,-0.068280243618375286,-1.9964320193350589
144Hz,571,286000,476,400,0.66666666666666663,-0.087667323259457294,-1.9937612742923705,-0.082129097497534054,-1.9945507481365226
144Hz,572,286500,477,300,0.5,-0.10425764851098832,-1.990839030183722,-0.095962485885222798,-1.9923001522380464
144Hz,573,287000,478,200,0.33333333333333331,-0.12081901330459961,-1.9873637752333557,-0.10977810344219209,-1.9896806118669332
144Hz,574,287500,479,100,0.16666666666666666,-0.13734681726118186,-1.983336474789869,-0.12357364729736332,-1.9866925584927746
144Hz,575,288000,480,0,0,-0.15383646932408043,-1.9787582475478296,-0.13734681726118186,-1.983336474789869
144Hz,576,288500,480,500,0.83333333333333337,-0.15383646932408043,-1.9787582475478296,-0.15108819398026402,-1.979521285421503
144Hz,577,289000,481,400,0.66666666666666663,-0.170283389034389,-1.9736303652370268,-0.16480108246428615,-1.9753396593406276
144Hz,578,289500,482,300,0.5,-0.18668300780329911,-1.9679542522692139,-0.17848319841884405,-1.9707923087531203
144Hz,579,290000,483,200,0.33333333333333331,-0.20303077018115276,-1.9617314853424372,-0.19213226192925034,-1.9658799966269551
144Hz,580,290500,484,100,0.16666666666666666,-0.21932213512284496,-1.9549637930030654,-0.20574599767143481,-1.9606035366192087
144Hz,581,291000,485,0,0,-0.23555257724922526,-1.9476530551656372,-0.21932213512284496,-1.9549637930030654
144Hz,582,291500,485,500,0.83333333333333337,-0.23555257724922526,-1.9476530551656372,-0.23284750356149522,-1.9488715114718753
144Hz,583,292000,486,400,0.66666666666666663,-0.25171758810414746,-1.9398013025906631,-0.24632925115250673,-1.9424185534489877
144Hz,584,292500,487,300,0.5,-0.26781267740681852,-1.9314107163205247,-0.25976513275548296,-1.935606009455594
144Hz,585,293000,488,200,0.33333333333333331,-0.28383337429909877,-1.9224836270736307,-0.27315290970424527,-1.9284350199048936
144Hz,586,293500,489,100,0.16666666666666666,-0.29977522858740707,-1.9130225145969941,-0.28649035001381684,-1.9209067749941913
144Hz,587,294000,490,0,0,-0.31563381197888551,-1.903030006977414,-0.29977522858740707,-1.9130225145969941
144Hz,588,294500,490,500,0.83333333333333337,-0.31563381197888551,-1.903030006977414,-0.31299071474697249,-1.9046954249140107
144Hz,589,295000,491,400,0.66666666666666663,-0.33140471931148097,-1.8925088799114511,-0.32614775020061582,-1.8960159222667721
144Hz,590,295500,492,300,0.5,-0.34708356977760096,-1.8814620559344017,-0.33924414454454099,-1.8869854679229263
144Hz,591,296000,493,200,0.33333333333333331,-0.36266600814100497,-1.8698926036084818,-0.35227771589873563,-1.8776055718257618
144Hz,592,296500,494,100,0.16666666666666666,-0.37814770594659203,-1.8578037366704483,-0.36524629110860279,-1.8678777924521428
144Hz,593,297000,495,0,0,-0.39352436272274949,-1.8451988131388952,-0.37814770594659203,-1.8578037366704483
144Hz,594,297500,495,500,0.83333333333333337,-0.39352436272274949,-1.8451988131388952,-0.39096158659338992,-1.8472996337274874
144Hz,595,298000,496,400,0.66666666666666663,-0.40879170717592839,-1.8320813343814701,-0.40370259235820205,-1.8364538273006117
144Hz,596,298500,497,300,0.5,-0.42394549837711398,-1.8184549441422726,-0.41636860277652121,-1.8252681392618713
144Hz,597,299000,498,200,0.33333333333333331,-0.43898152693986148,-1.8043234275297022,-0.42895750789802983,-1.8137444386047492
144Hz,598,299500,499,100,0.16666666666666666,-0.45389561618957014,-1.7896907099650401,-0.44146720848147958,-1.8018846412689253
144Hz,599,300000,500,0,0,-0.46868362332367058,-1.7745608560920545,-0.45389561618957014,-1.7896907099650401
144Hz,600,300500,500,500,0.83333333333333337,-0.46868362332367058,-1.7745608560920545,-0.46621895546798714,-1.7770824984042186
144Hz,601,301000,501,400,0.66666666666666663,-0.48334144056240336,-1.7589380686479321,-0.47845550148282578,-1.7641456644626397
144Hz,602,301500,502,300,0.5,-0.4978649962898688,-1.742826687295852,-0.49060321842613608,-1.7508823779718921
144Hz,603,302000,503,200,0.33333333333333331,-0.51225025618503151,-1.7262311874195231,-0.5026600829215897,-1.7372948540037425
144Hz,604,302500,504,100,0.16666666666666666,-0.52649322434236501,-1.709156178880022,-0.51462408421125383,-1.7233853526629397
144Hz,605,303000,505,0,0,-0.54058994438182562,-1.6916064047352766,-0.52649322434236501,-1.709156178880022
144Hz,606,303500,505,500,0.83333333333333337,-0.54058994438182562,-1.6916064047352766,-0.53824049104191551,-1.6945313670927342
144Hz,607,304000,506,400,0.66666666666666663,-0.55453650054784687,-1.673586739922549,-0.54988764849250649,-1.6795932948601249
144Hz,608,304500,507,300,0.5,-0.56832901879704922,-1.6551021899042875,-0.56143275967244799,-1.6643444649134183
144Hz,609,305000,508,200,0.33333333333333331,-0.5819636678743636,-1.6361578892777191,-0.57287390182282072,-1.6487874230287649
144Hz,610,305500,509,100,0.16666666666666666,-0.59543666037726839,-1.6167591003485737,-0.58420916662484779,-1.6329247577895283
144Hz,611,306000,510,0,0,-0.60874425380784614,-1.5969112116693314,-0.59543666037726839,-1.6167591003485737
144Hz,612,306500,510,500,0.83333333333333337,-0.60874425380784614,-1.5969112116693314,-0.60652632156941655,-1.6002191931158718
144Hz,613,307000,511,400,0.66666666666666663,-0.62188275161236617,-1.5766197365424031,-0.61750325234419279,-1.5833835615847125
144Hz,614,307500,512,300,0.5,-0.63484850420810501,-1.5558903114886575,-0.62836562791023565,-1.5662550240155304
144Hz,615,308000,513,200,0.33333333333333331,-0.64763790999711934,-1.5347286946817207,-0.63911163947110983,-1.5488364392196787
144Hz,616,308500,514,100,0.16666666666666666,-0.66024741636669004,-1.5131407643484833,-0.64973949439204781,-1.5311307062928479
144Hz,617,309000,515,0,0,-0.67267352067615893,-1.4911325171362604,-0.66024741636669004,-1.5131407643484833
144Hz,618,309500,515,500,0.83333333333333337,-0.67267352067615893,-1.4911325171362604,-0.67060250329124738,-1.4948005583382975
144Hz,619,310000,516,400,0.66666666666666663,-0.68491277122988437,-1.4687100664470552,-0.68083302104530918,-1.4761842166767902
144Hz,620,310500,517,300,0.5,-0.69696176823604594,-1.4458796407393923,-0.69093726973296521,-1.4572948535932237
144Hz,621,311000,518,200,0.33333333333333331,-0.70881716475103085,-1.4226475817981907,-0.70091356707437424,-1.4381356210923253
144Hz,622,311500,519,100,0.16666666666666666,-0.7204756676091405,-1.3990203429731565,-0.71076024856071585,-1.418709708660685
144Hz,623,312000,520,0,0,-0.73193403833735871,-1.3750044873861851,-0.7204756676091405,-1.3990203429731565
144Hz,624,312500,520,500,0.83333333333333337,-0.73193403833735871,-1.3750044873861851,-0.73002430988265565,-1.3790071299840136
144Hz,625,313000,521,400,0.66666666666666663,-0.74318909405492761,-1.3506066861082731,-0.73943740881573794,-1.3587392865342438
144Hz,626,313500,522,300,0.5,-0.75423770835748127,-1.3258337163064422,-0.74871340120620444,-1.3382202012073576
144Hz,627,314000,523,200,0.33333333333333331,-0.76507681218549117,-1.3006924593611928,-0.75785074296681798,-1.3174532973246924
144Hz,628,314500,524,100,0.16666666666666666,-0.77570339467678295,-1.2751898989550099,-0.76684790926737312,-1.2964420326268291
144Hz,629,315000,525,0,0,-0.78611450400288674,-1.2493331191324504,-0.77570339467678295,-1.2751898989550099
144Hz,630,315500,525,500,0.83333333333333337,-0.78611450400288674,-1.2493331191324504,-0.78437931911520276,-1.2536425824362103
144Hz,631,316000,526,400,0.66666666666666663,-0.79630724818898968,-1.2231293023323542,-0.79290966679362196,-1.2318639079323863
144Hz,632,316500,527,300,0.5,-0.80627879591726237,-1.1965857273927212,-0.80129302205312603,-1.2098575148625377
144Hz,633,317000,528,200,0.33333333333333331,-0.81602637731333583,-1.1697097675288124,-0.80952798971595352,-1.1876270741047517
144Hz,634,317500,529,100,0.16666666666666666,-0.82554728471571115,-1.1425088882850345,-0.81761319521373177,-1.1651762876548495
144Hz,635,318000,530,0,0,-0.83483887342788765,-1.1149906454611775,-0.82554728471571115,-1.1425088882850345
144Hz,636,318500,530,500,0.83333333333333337,-0.83483887342788765,-1.1149906454611775,-0.83329027530919164,-1.1195770192651537
144Hz,637,319000,531,400,0.66666666666666663,-0.84389856245300088,-1.0871626830135812,-0.84087866611129647,-1.0964386704961133
144Hz,638,319500,532,300,0.5,-0.852723835210766,-1.0590327309318146,-0.84831119883188344,-1.0730977069726979
144Hz,639,320000,533,200,0.33333333333333331,-0.86131224023652808,-1.0306086030914556,-0.8555866368860201,-1.0495580216516951
144Hz,640,320500,534,100,0.16666666666666666,-0.86966139186222446,-1.0018981950835715,-0.86270376550747752,-1.0258235350901417
144Hz,641,321000,535,0,0,-0.87776897087907024,-0.9729094820214973,-0.86966139186222446,-1.0018981950835715
144Hz,642,321500,535,500,0.83333333333333337,-0.87776897087907024,-0.9729094820214973,-0.87641770770959593,-0.9777409341985096
144Hz,643,322000,536,400,0.66666666666666663,-0.88563272518178293,-0.94365051632552832,-0.88301147374754529,-0.95340350489085135
144Hz,644,322500,537,300,0.5,-0.89325047039416738,-0.91412942548613552,-0.88944159778797516,-0.92888997090583192
144Hz,645,323000,538,200,0.33333333333333331,-0.90062009047588676,-0.88435440980632996,-0.89570701042140721,-0.90420442025953374
144Hz,646,323500,539,100,0.16666666666666666,-0.90773953831025178,-0.85433374012380037,-0.90180666511494767,-0.87935096485924169
144Hz,647,324000,540,0,0,-0.91460683627286399,-0.82407575551345869,-0.90773953831025178,-0.85433374012380037
144Hz,648,324500,540,500,0.83333333333333337,-0.91460683627286399,-0.82407575551345869,-0.91346228661242868,-0.82911875294851556
144Hz,649,325000,541,400,0.66666666666666663,-0.92122007678095585,-0.79358886097102987,-0.91901566327825857,-0.80375115915183948
144Hz,650,325500,542,300,0.5,-0.92757742282327527,-0.7628815250783314,-0.92439874980211556,-0.77823519302468069
144Hz,651,326000,543,200,0.33333333333333331,-0.933677108470366,-0.73196227765088895,-0.92961065137230559,-0.75257510926918403
144Hz,652,326500,544,100,0.16666666666666666,-0.9395174393651039,-0.7008397073685434,-0.93465049695282232,-0.72677518260383134
144Hz,653,327000,545,0,0,-0.94509679319335149,-0.66952245938970656,-0.9395174393651039,-0.7008397073685434
144Hz,654,327500,545,500,0.83333333333333337,-0.94509679319335149,-0.66952245938970656,-0.94416690088864352,-0.67474200071951274
144Hz,655,328000,546,400,0.66666666666666663,-0.95041362013460085,-0.63801923294992813,-0.94864134448751769,-0.64852030842985431
144Hz,656,328500,547,300,0.5,-0.95546644329247954,-0.60633877894544141,-0.95294003171354014,-0.62217900594768483
144Hz,657,329000,548,200,0.33333333333333331,-0.96025385910499916,-0.57448989750235879,-0.95706224856331945,-0.59572248513108061
144Hz,658,329500,549,100,0.16666666666666666,-0.96477453773443411,-0.54248143553219219,-0.96100730554323832,-0.5691551538406644
144Hz,659,330000,550,0,0,-0.96902722343672054,-0.51032228427437776,-0.96477453773443411,-0.54248143553219219
144Hz,660,330500,550,500,0.83333333333333337,-0.96902722343672054,-0.51032228427437776,-0.96831844248633947,-0.51568214281734681
144Hz,661,331000,551,400,0.66666666666666663,-0.97301073491027457,-0.4780213768264871,-0.97168289775242322,-0.48878834597578402
144Hz,662,331500,552,300,0.5,-0.97672396562413133,-0.44558768566281126,-0.97486735026720295,-0.46180453124464915
144Hz,663,332000,553,200,0.33333333333333331,-0.98016588412531469,-0.41303022014200691,-0.97787127179119249,-0.4347351971558765
144Hz,664,332500,554,100,0.16666666666666666,-0.98333553432535215,-0.38035802400449642,-0.98069415915865432,-0.40758485411908851
144Hz,665,333000,555,0,0,-0.98623203576585483,-0.347580172860318,-0.98333553432535215,-0.38035802400449642
144Hz,666,333500,555,500,0.83333333333333337,-0.98623203576585483,-0.347580172860318,-0.98574928552577101,-0.35304314805101439
144Hz,667,334000,556,400,0.66666666666666663,-0.98885458386308922,-0.31470577166812286,-0.98798040116401109,-0.32566390539885459
144Hz,668,334500,557,300,0.5,-0.99120245013147268,-0.28174395220601989,-0.99002851699728089,-0.29822486193707137
144Hz,669,335000,558,200,0.33333333333333331,-0.99327498238593082,-0.24870387053497081,-0.99189329421629213,-0.27073059164900354
144Hz,670,335500,559,100,0.16666666666666666,-0.99507160492305946,-0.2155947044554398,-0.99357441947545233,-0.24318567618838233
144Hz,671,336000,560,0,0,-0.99659181868104285,-0.18242565095800448,-0.99507160492305946,-0.2155947044554398
144Hz,672,336500,560,500,0.83333333333333337,-0.99659181868104285,-0.18242565095800448,-0.99633844972137897,-0.18795382654091036
144Hz,673,337000,561,400,0.66666666666666663,-0.99783520137828152,-0.14920592366863639,-0.99742074047920193,-0.16027916609842574
144Hz,674,337500,562,300,0.5,-0.99880140763069281,-0.11594475028936034,-0.99831830450448722,-0.13257533697899837
144Hz,675,338000,563,200,0.33333333333333331,-0.9994901690476512,-0.082651370035003918,-0.99903099476967894,-0.10484695687124154
144Hz,676,338500,564,100,0.16666666666666666,-0.99990129430654073,-0.049335031066748879,-0.99955868992413277,-0.077098646873628079
144Hz,677,339000,565,0,0,-1.0000346692059008,-0.01600498792319752,-0.99990129430654073,-0.049335031066748879
144Hz,678,339500,565,500,0.83333333333333337,-1.0000346692059008,-0.01600498792319752,-1.0000124400560075,-0.021559995113789414
144Hz,679,340000,566,400,0.66666666666666663,-0.99989025669714804,0.017329501050332506,-0.99993839420006558,0.0062180047258224959
144Hz,680,340500,567,300,0.5,-0.99946809689486826,0.05065917627357077,-0.99967917679600815,0.033994338661951638
144Hz,681,341000,568,200,0.33333333333333331,-0.99876830706567321,0.08397477950339971,-0.99923483361846999,0.061764377350180422
144Hz,682,341500,569,100,0.16666666666666666,-0.99779108159562668,0.11726705640558882,-0.99860543615399877,0.089523492320431233
144Hz,683,342000,570,0,0,-0.99653669193624794,0.15052675912544305,-0.99779108159562668,0.11726705640558882
144Hz,684,342500,570,500,0.83333333333333337,-0.99653669193624794,0.15052675912544305,-0.99674575687947775,0.14498347533880068
144Hz,685,343000,571,400,0.66666666666666663,-0.99500548652910914,0.18374464885665132,-0.99551588833148874,0.17267201894624856
144Hz,686,343500,572,300,0.5,-0.99319789070904563,0.21691149840762161,-0.99410168861907744,0.20032807363213645
144Hz,687,344000,573,200,0.33333333333333331,-0.99111440658600736,0.2500180947645898,-0.99250339600136628,0.22794703052661103
144Hz,688,344500,574,100,0.16666666666666666,-0.98875561290558411,0.28305524165079005,-0.99072127430593682,0.25552428591228987
144Hz,689,345000,575,0,0,-0.98612216488824267,0.3160137620809762,-0.98875561290558411,0.28305524165079005
144Hz,690,345500,575,500,0.83333333333333337,-0.98612216488824267,0.3160137620809762,-0.98656107289113282,0.31052067534261185
144Hz,691,346000,576,400,0.66666666666666663,-0.98321479404732115,0.34888450091058432,-0.98418391766096169,0.33792758796738165
144Hz,692,346500,577,300,0.5,-0.98003430798583091,0.38165832737882838,-0.98162455101657597,0.36527141414470632
144Hz,693,347000,578,200,0.33333333333333331,-0.97658159017212243,0.41432613764502274,-0.97888340204792812,0.39254759746755985
144Hz,694,347500,579,100,0.16666666666666666,-0.97285759969447716,0.44687885731742683,-0.97596092509251486,0.41975159092375675
144Hz,695,348000,580,0,0,-0.96886337099469455,0.4793074439739094,-0.97285759969447716,0.44687885731742683
144Hz,696,348500,580,500,0.83333333333333337,-0.96886337099469455,0.4793074439739094,-0.96952907577799163,0.47390267953116227
144Hz,697,349000,581,400,0.66666666666666663,-0.96460001358074676,0.51160288967373257,-0.96602113271872936,0.50083774110712487
144Hz,698,349500,582,300,0.5,-0.9600687117185821,0.54375622345975749,-0.96233436264966443,0.52767955656674503
144Hz,699,350000,583,200,0.33333333333333331,-0.95527072410316227,0.57575851385037691,-0.95846938251344227,0.55442365358996404
144Hz,700,350500,584,100,0.16666666666666666,-0.95020738350882494,0.60760087132048235,-0.95442683400410611,0.58106557342872778
144Hz,701,351000,585,0,0,-0.94488009641906845,0.63927445077077649,-0.95020738350882494,0.60760087132048235
144Hz,702,351500,585,500,0.83333333333333337,-0.94488009641906845,0.63927445077077649,-0.94576797760069453,0.63399552086239408
144Hz,703,352000,586,400,0.66666666666666663,-0.9392903426358622,0.67077045398474544,-0.94115359389693087,0.66027178624675575
144Hz,704,352500,587,300,0.5,-0.93343967486859047,0.70208013207260755,-0.93636500875222639,0.6864252930286765
144Hz,705,353000,588,200,0.33333333333333331,-0.92732971830274413,0.73319478790156056,-0.9314030226799751,0.71245168401559189
144Hz,706,353500,589,100,0.16666666666666666,-0.92096217014848036,0.76410577851165207,-0.92626846027703358,0.73834661966990911
144Hz,707,354000,590,0,0,-0.91433879916917538,0.79480451751660142,-0.92096217014848036,0.76410577851165207
144Hz,708,354500,590,500,0.83333333333333337,-0.91433879916917538,0.79480451751660142,-0.91544269433239289,0.78968806101577649
144Hz,709,355000,591,400,0.66666666666666663,-0.90746144519010119,0.82528247748890726,-0.90975389651645922,0.81512315749813868
144Hz,710,355500,592,300,0.5,-0.900332018587363,0.85553119232857733,-0.9038967318887321,0.84040683490874235
144Hz,711,356000,593,200,0.33333333333333331,-0.89295249975723945,0.8855422596148228,-0.89787217897732186,0.86553488142399249
144Hz,712,356500,594,100,0.16666666666666666,-0.88532493856607219,0.91530734294006411,-0.89168123955871159,0.89050310683569633
144Hz,713,357000,595,0,0,-0.87745145378085887,0.94481817422559988,-0.88532493856607219,0.91530734294006411
144Hz,714,357500,595,500,0.83333333333333337,-0.87745145378085887,0.94481817422559988,-0.87876370124506109,0.93989970234467723
144Hz,715,358000,596,400,0.66666666666666663,-0.8693342324807064,0.97406655601829517,-0.87203997291409052,0.96431709542073007
144Hz,716,358500,597,300,0.5,-0.86097552944930933,1.003044363767652,-0.86515488096500781,0.98855545989297355
144Hz,717,359000,598,200,0.33333333333333331,-0.85237766654862079,1.0317435480826289,-0.85810957514907993,1.0126107585393112
144Hz,718,359500,599,100,0.16666666666666666,-0.84354303207389092,1.0601561369675829,-0.85090522746949915,1.0364789795634546
144Hz,719,360000,600,0,0,-0.8344740800902517,1.0882742380367125,-0.84354303207389092,1.0601561369675829
144Hz,720,360500,600,500,0.83333333333333337,-0.8344740800902517,1.0882742380367125,-0.83598557208752489,1.0835878878585243
144Hz,721,361000,601,400,0.66666666666666663,-0.82517332975103186,1.1160900407063876,-0.8282735798641051,1.1068181064831626
144Hz,722,361500,602,300,0.5,-0.81564336459799225,1.1435958183647554,-0.82040834717451205,1.1298429295355716
144Hz,723,362000,603,200,0.33333333333333331,-0.80588683184367538,1.1707839305180219,-0.81239118701322,1.1526585224158443
144Hz,724,362500,604,100,0.16666666666666666,-0.79590644163606861,1.1976468249128112,-0.80422343347574088,1.1752610795838201
144Hz,725,363000,605,0,0,-0.78570496630578512,1.2241770396340135,-0.79590644163606861,1.1976468249128112
144Hz,726,363500,605,500,0.83333333333333337,-0.78570496630578512,1.2241770396340135,-0.7874052121941657,1.2197553371804799
144Hz,727,364000,606,400,0.66666666666666663,-0.77528523959597229,1.2503672051775396,-0.77875848183257657,1.2416371499963643
144Hz,728,364500,607,300,0.5,-0.76465015587516061,1.2762100464974053,-0.7699676977355665,1.2632886258374725
144Hz,729,365000,608,200,0.33333333333333331,-0.75380266933327245,1.3016983850265773,-0.76103432702786455,1.2847061593404627
144Hz,730,365500,609,100,0.16666666666666666,-0.74274579316101397,1.3268251406710196,-0.75195985663789611,1.3058861776339845
144Hz,731,366000,610,0,0,-0.73148259871287746,1.3515833337763867,-0.74274579316101397,1.3268251406710196
144Hz,732,366500,610,500,0.83333333333333337,-0.73148259871287746,1.3515833337763867,-0.73335979778756688,1.3474569682588255
144Hz,733,367000,611,400,0.66666666666666663,-0.72001621465398735,1.375966087066816,-0.72383834267361735,1.3678385026366731
144Hz,734,367500,612,300,0.5,-0.7083498260910267,1.3999666275552822,-0.71418302037250703,1.3879663573110492
144Hz,735,368000,613,200,0.33333333333333331,-0.69648667368748518,1.423578288424983,-0.70439544195651294,1.407837181178516
144Hz,736,368500,614,100,0.16666666666666666,-0.68443005276347491,1.4467945108812326,-0.69447723686681684,1.4274476588343581
144Hz,737,369000,615,0,0,-0.67218331238036366,1.4696088459733483,-0.68443005276347491,1.4467945108812326
144Hz,738,369500,615,500,0.83333333333333337,-0.67218331238036366,1.4696088459733483,-0.67422443577754887,1.4658064567913289
144Hz,739,370000,616,400,0.66666666666666663,-0.65974985441048006,1.492014956386027,-0.66389434040044126,1.4845462529151341
144Hz,740,370500,617,300,0.5,-0.64713313259214911,1.5140066181997096,-0.65344149350131464,1.5030107872928684
144Hz,741,371000,618,200,0.33333333333333331,-0.63433665157032038,1.5355777226194478,-0.6428676389182062,1.5211969863396224
144Hz,742,371500,619,100,0.16666666666666666,-0.62136396592305543,1.5567222776717917,-0.63217453729577622,1.5391018151281719
144Hz,743,372000,620,0,0,-0.60821867917414518,1.577434409869227,-0.62136396592305543,1.5567222776717917
144Hz,744,372500,620,500,0.83333333333333337,-0.60821867917414518,1.577434409869227,-0.61040956029896354,1.5739823878363211
144Hz,745,373000,621,400,0.66666666666666663,-0.59490444279213106,1.5977083658416986,-0.59934252158613577,1.5909503805175416
144Hz,746,373500,622,300,0.5,-0.58142495517600801,1.6175385139347696,-0.58816469898406953,1.6076234398882341
144Hz,747,374000,623,200,0.33333333333333331,-0.5677839606278916,1.6369193457739699,-0.57687795699330258,1.6239987912145031
144Hz,748,374500,624,100,0.16666666666666666,-0.55398524831293405,1.6558454777948997,-0.5654841752420654,1.6400737011107915
144Hz,749,375000,625,0,0,-0.54003265120677857,1.6743116527386641,-0.55398524831293405,1.6558454777948997
144Hz,750,375500,625,500,0.83333333333333337,-0.54003265120677857,1.6743116527386641,-0.5423580840578045,1.6712339569147034
144Hz,751,376000,626,400,0.66666666666666663,-0.5259300450308434,1.6923127411122234,-0.53063091375615512,1.686312378321037
144Hz,752,376500,627,300,0.5,-0.51168134717573299,1.7098437426132516,-0.51880569610328819,1.7010782418627375
144Hz,753,377000,628,200,0.33333333333333331,-0.49729051561307375,1.7268997875191092,-0.5068844033215133,1.7155290909152041
144Hz,754,377500,629,100,0.16666666666666666,-0.48276154779607755,1.7434761380395449,-0.49486902097690771,1.7296625126058485
144Hz,755,378000,630,0,0,-0.46809847954913797,1.7595681896327475,-0.48276154779607755,1.7434761380395449
144Hz,756,378500,630,500,0.83333333333333337,-0.46809847954913797,1.7595681896327475,-0.47054232425696124,1.7568861810338805
144Hz,757,379000,631,400,0.66666666666666663,-0.45330538394676811,1.7751714722843854,-0.45823641581422475,1.7699703780671727
144Hz,758,379500,632,300,0.5,-0.43838637018219079,1.7902816517492777,-0.44584587706447942,1.7827265620168316
144Hz,759,380000,633,200,0.33333333333333331,-0.42334558242589621,1.8048945307553508,-0.43337277426342596,1.7951526114179688
144Hz,760,380500,634,100,0.16666666666666666,-0.40818719867448333,1.8190060501695473,-0.42081918513399408,1.8072464506577168
144Hz,761,381000,635,0,0,-0.39291542959010528,1.8326122901253634,-0.40818719867448333,1.8190060501695473
144Hz,762,381500,635,500,0.83333333333333337,-0.39291542959010528,1.8326122901253634,-0.39546072443750163,1.8303445834660608
144Hz,763,382000,636,400,0.66666666666666663,-0.37753451733084109,1.8457094711117004,-0.38266148808392914,1.8413437441162546
144Hz,764,382500,637,300,0.5,-0.36204873437231838,1.8582939550227284,-0.36979162585157976,1.8520017130672144
144Hz,765,383000,638,200,0.33333333333333331,-0.34646238232091442,1.8703622461684724,-0.3568532836885171,1.8623167187379766
144Hz,766,383500,639,100,0.16666666666666666,-0.33077979071886576,1.8819109922458361,-0.34384861705390629,1.8722870371813665
144Hz,767,384000,640,0,0,-0.31500531584161745,1.8929369852697984,-0.33077979071886576,1.8819109922458361
144Hz,768,384500,640,500,0.83333333333333337,-0.31500531584161745,1.8929369852697984,-0.31763439498782547,1.8910993197658048
144Hz,769,385000,641,400,0.66666666666666663,-0.29914333948774646,1.903437162464519,-0.30443066493903681,1.8999371033996122
144Hz,770,385500,642,300,0.5,-0.28319826776179552,1.9134086071141105,-0.29117080362477099,1.9084228847893148
144Hz,771,386000,643,200,0.33333333333333331,-0.26717452985035522,1.9228485493728371,-0.27785702179131544,1.9165552545336861
144Hz,772,386500,644,100,0.16666666666666666,-0.25107657679173428,1.9317543670345156,-0.26449153767391842,1.9243328523164502
144Hz,773,387000,645,0,0,-0.23490888023956005,1.9401235862609068,-0.25107657679173428,1.9317543670345156
144Hz,774,387500,645,500,0.83333333333333337,-0.23490888023956005,1.9401235862609068,-0.23760349633158909,1.9387287163898417
144Hz,775,388000,646,400,0.66666666666666663,-0.21867593122065263,1.947953882268892,-0.22408691422695509,1.9453437835995637
144Hz,776,388500,647,300,0.5,-0.20238223888751725,1.955243079976247,-0.21052908505408494,1.9515984811225695
144Hz,777,389000,648,200,0.33333333333333331,-0.18603232926580199,1.961989154605831,-0.19693226901361216,1.9574917715194418
144Hz,778,389500,649,100,0.16666666666666666,-0.16963074399706846,1.9681902322480245,-0.18329873172101308,1.9630226675461966
144Hz,779,390000,650,0,0,-0.15318203907722464,1.97384459038126,-0.16963074399706846,1.9681902322480245
144Hz,780,390500,650,500,0.83333333333333337,-0.15318203907722464,1.97384459038126,-0.15592348989719862,1.9729021973590541
144Hz,781,391000,651,400,0.66666666666666663,-0.13669078359097045,1.9789506583505008,-0.14218786875305517,1.9772486356940873
144Hz,782,391500,652,300,0.5,-0.12016155844260767,1.9835070178035332,-0.12842617101678905,1.9812288380770169
144Hz,783,392000,653,200,0.33333333333333331,-0.1035989550835664,1.9875124030849536,-0.11464069065626059,1.9848421462306733
144Hz,784,392500,654,100,0.16666666666666666,-0.087007574237001908,1.9909657015877391,-0.10083372494247232,1.9880879528354178
144Hz,785,393000,655,0,0,-0.070392024619816029,1.9938659540623058,-0.087007574237001908,1.9909657015877391
144Hz,786,393500,655,500,0.83333333333333337,-0.070392024619816029,1.9938659540623058,-0.073161282889347007,1.993382578649878
144Hz,787,394000,656,400,0.66666666666666663,-0.053756921662457977,1.9962123548829664,-0.05930195598157733,1.9954302212760795
144Hz,788,394500,657,300,0.5,-0.037106886226860349,1.998004252271715,-0.045431903944659166,1.9971083035773407
144Hz,789,395000,658,200,0.33333333333333331,-0.020446543322866374,1.9992411484792769,-0.031553438592195691,1.9984165510075691
144Hz,790,395500,659,100,0.16666666666666666,-0.0037805208235049356,1.9999226999233726,-0.017668872906306133,1.9993547403866263
144Hz,791,396000,660,0,0,0.012886551820529699,2.0000487172841561,-0.0037805208235049356,1.9999226999233726
144Hz,792,396500,660,500,0.83333333333333337,0.012886551820529699,2.0000487172841561,0.010108706379857262,2.0000277143906922
144Hz,793,397000,661,400,0.66666666666666663,0.029550044866836409,1.9996191655568052,0.023995547184734171,1.9997623494659222
144Hz,794,397500,662,300,0.5,0.046205329567346777,1.9986341640612439,0.037877687217091595,1.9991266648090247
144Hz,795,398000,663,200,0.33333333333333331,0.06284777945408844,1.9970939864089992,0.051752812862927336,1.9981207715104958
144Hz,796,398500,664,100,0.16666666666666666,0.079472771624315069,1.9949990604271961,0.065618611482459552,1.9967448320786987
144Hz,797,399000,665,0,0,0.096075688024646055,1.992349968039719,0.079472771624315069,1.9949990604271961
144Hz,798,399500,665,500,0.83333333333333337,0.096075688024646055,1.992349968039719,0.093308535291257558,1.9927914834376317
144Hz,799,400000,666,400,0.66666666666666663,0.11265191673385909,1.9891474451055642,0.10712650716412142,1.9902149527502824
144Hz,800,400500,667,300,0.5,0.12919685324397939,1.9853923812144356,0.12092438498891925,1.98726991316
144Hz,801,401000,668,200,0.33333333333333331,0.1457059017393097,1.9810858194396364,0.13469986940908951,1.9839568606228359
144Hz,802,401500,669,100,0.16666666666666666,0.16217447637304575,1.9762289560483259,0.14845066417826572,1.9802763422077514
144Hz,803,402000,670,0,0,0.17859800254112262,1.9708231401692244,0.16217447637304575,1.9762289560483259
144Hz,804,402500,670,500,0.83333333333333337,0.17859800254112262,1.9708231401692244,0.17586074817977648,1.9717241094824081
144Hz,805,403000,671,400,0.66666666666666663,0.19497191815293807,1.9648698734178538,0.18951394628233292,1.9668542956683108
144Hz,806,403500,672,300,0.5,0.21129167489859993,1.9583708094794225,0.20313179652576902,1.9616203414486382
144Hz,807,404000,673,200,0.33333333333333331,0.2275527395123455,1.9513277536494693,0.21671202976984846,1.9560231242027715
144Hz,808,404500,674,100,0.16666666666666666,0.24375059503178209,1.9437426623323912,0.23025238209891827,1.9500635717632897
144Hz,809,405000,675,0,0,0.25988074205259876,1.9356176424979985,0.24375059503178209,1.9437426623323912
144Hz,810,405500,675,500,0.83333333333333337,0.25988074205259876,1.9356176424979985,0.25719238421579599,1.9369718124703972
144Hz,811,406000,676,400,0.66666666666666663,0.27593869997840081,1.9269549510962451,0.2705860473364668,1.9298425148968295
144Hz,812,406500,677,300,0.5,0.29192000826531994,1.9177569944302986,0.28392935412186038,1.9223559727632717
144Hz,813,407000,678,200,0.33333333333333331,0.30782022766105427,1.9080263274881213,0.29722008139723138,1.9145134387829064
144Hz,814,407500,679,100,0.16666666666666666,0.32363494143799387,1.8977656532327527,0.31045601329054423,1.9063162151122266
144Hz,815,408000,680,0,0,0.3393597566200896,1.8869778218514863,0.32363494143799387,1.8977656532327527
144Hz,816,408500,680,500,0.83333333333333337,0.3393597566200896,1.8869778218514863,0.33673895408974031,1.888775793748364
144Hz,817,409000,681,400,0.66666666666666663,0.35499030520312419,1.87566582996415,0.34978012234211264,1.8794364939265953
144Hz,818,409500,682,300,0.5,0.37052224536804679,1.8638328197907126,0.36275627528558552,1.8697493248774313
144Hz,819,410000,683,200,0.33333333333333331,0.38595126268703384,1.8514820782784445,0.37566525114104249,1.8597159059532899
144Hz,820,410500,684,100,0.16666666666666666,0.40127307132194112,1.8386170361888767,0.38850489745951838,1.8493379045968499
144Hz,821,411000,685,0,0,0.41648341521481458,1.8252412671448119,0.40127307132194112,1.8386170361888767
144Hz,822,411500,685,500,0.83333333333333337,0.41648341521481458,1.8252412671448119,0.41394835789933565,1.8274705619854894
144Hz,823,412000,686,400,0.66666666666666663,0.43157806927012832,1.8113584866376515,0.42654651791835707,1.8159860801400383
144Hz,824,412500,687,300,0.5,0.44655284052842259,1.7969725509953138,0.43906545489927545,1.8041655188164827
144Hz,825,413000,688,200,0.33333333333333331,0.46140356933101451,1.7820874563110332,0.45150308346261991,1.7920108527672203
144Hz,826,413500,689,100,0.16666666666666666,0.47612613047545893,1.7667073373333326,0.46385732952175524,1.7795241031480831
144Hz,827,414000,690,0,0,0.49071643436143797,1.750836466317484,0.47612613047545893,1.7667073373333326
144Hz,828,414500,690,500,0.83333333333333337,0.49071643436143797,1.750836466317484,0.48828471704710813,1.7534816114867922
144Hz,829,415000,691,400,0.66666666666666663,0.50517042812676105,1.7344792518387695,0.50035243020498665,1.7399316566650076
144Hz,830,415500,692,300,0.5,0.51948409677315999,1.7176402375678774,0.51232726244996052,1.7260597447033235
144Hz,831,416000,693,200,0.33333333333333331,0.53365346428156646,1.7003241010087722,0.52420721927596214,1.7118681920481758
144Hz,832,416500,694,100,0.16666666666666666,0.54767459471656132,1.6825356521993866,0.5359903193540656,1.6973593595405414
144Hz,833,417000,695,0,0,0.5615435933196905,1.6642798323755013,0.54767459471656132,1.6825356521993866
144Hz,834,417500,695,500,0.83333333333333337,0.5615435933196905,1.6642798323755013,0.55923209355250225,1.6673224690128154
144Hz,835,418000,696,400,0.66666666666666663,0.57525660759134201,1.6455617125981783,0.57068560283412484,1.651801085857286
144Hz,836,418500,697,300,0.5,0.5888098283608848,1.6263864923451337,0.5820332179761134,1.6359741024716561
144Hz,837,419000,698,200,0.33333333333333331,0.60219949084477176,1.6067594980664375,0.59327304918884716,1.6198441609189016
144Hz,838,419500,699,100,0.16666666666666666,0.61542187569231299,1.5866861817049451,0.60440322165269533,1.6034139453395222
144Hz,839,420000,700,0,0,0.62847331001882856,1.566172119181868,0.61542187569231299,1.5866861817049451
144Hz,840,420500,700,500,0.83333333333333337,0.62847331001882856,1.566172119181868,0.62629807096440937,1.5695911296023808
144Hz,841,421000,701,400,0.66666666666666663,0.64135016842589443,1.5452230088479071,0.63705788229020577,1.5522060456258941
144Hz,842,421500,702,300,0.5,0.65404887400839762,1.5238446699003774,0.64769952121714602,1.5345338393741423
144Hz,843,422000,703,200,0.33333333333333331,0.66656589934812061,1.5020430407667642,0.65822121578830528,1.5165774601891731
144Hz,844,422500,704,100,0.16666666666666666,0.67889776749358022,1.4798241774551602,0.66862121070569724,1.4983398968814969
144Hz,845,423000,705,0,0,0.69104105292584728,1.4571942518720409,0.67889776749358022,1.4798241774551602
144Hz,846,423500,705,500,0.83333333333333337,0.69104105292584728,1.4571942518720409,0.68901717202046942,1.4609659061358942
144Hz,847,424000,706,400,0.66666666666666663,0.70299238251007934,1.4341595501078459,0.69900860598200198,1.4418377840292442
144Hz,848,424500,707,300,0.5,0.71474843643250308,1.4107264706908433,0.70887040947129121,1.4224430103993446
144Hz,849,425000,708,200,0.33333333333333331,0.72630594912258439,1.3869015228097599,0.71860094066253022,1.402784821397149
144Hz,850,425500,709,100,0.16666666666666666,0.73766171016013171,1.3626913245056738,0.72819857596217563,1.382866489759079
144Hz,851,426000,710,0,0,0.74881256516707895,1.3381026008336694,0.73766171016013171,1.3626913245056738
144Hz,852,426500,710,500,0.83333333333333337,0.74881256516707895,1.3381026008336694,0.74695408933258767,1.3422007214456699
144Hz,853,427000,711,400,0.66666666666666663,0.75975541668370206,1.3131421819947668,0.75610779951149432,1.3214623216077344
144Hz,854,427500,712,300,0.5,0.77048722502902411,1.2878170014386434,0.76512132085636309,1.3004795917167051
144Hz,855,428000,713,200,0.33333333333333331,0.78100500914517146,1.2621340939376759,0.77399315306773997,1.2792560322716544
144Hz,856,428500,714,100,0.16666666666666666,0.79130584742544507,1.2361005936328369,0.78272181552521702,1.2577951772202027
144Hz,857,429000,715,0,0,0.80138687852587831,1.2097237320519887,0.79130584742544507,1.2361005936328369
144Hz,858,429500,715,500,0.83333333333333337,0.80138687852587831,1.2097237320519887,0.79970670667580601,1.2141198756487968
144Hz,859,430000,716,400,0.66666666666666663,0.8112453021600543,1.183010836101126,0.80795916094866227,1.1919151347514136
144Hz,860,430500,717,300,0.5,0.82087837987696366,1.1559693260291242,0.81606184101850898,1.169490081065125
144Hz,861,431000,718,200,0.33333333333333331,0.83028343582168496,1.1286067133665587,0.82401339852520417,1.1468484551416025
144Hz,862,431500,719,100,0.16666666666666666,0.83945785747867807,1.1009305988391691,0.83181250609785051,1.1239940276119937
144Hz,863,432000,720,0,0,0.84839909639748268,1.0729486702565465,0.83945785747867807,1.1009305988391691
144Hz,864,432500,720,500,0.83333333333333337,0.84839909639748268,1.0729486702565465,0.84690888991101532,1.0776123250203169
144Hz,865,433000,721,400,0.66666666666666663,0.85710466890062131,1.0446687003766304,0.8542028113995751,1.0540953570032692
144Hz,866,433500,722,300,0.5,0.86557215677350974,1.0160985447466098,0.86133841283706558,1.0303836225616201
144Hz,867,434000,723,200,0.33333333333333331,0.87379920793618326,0.98724613952082607,0.86831450716106762,1.0064810763380152
144Hz,868,434500,724,100,0.16666666666666666,0.88178353709665236,0.95811949925628659,0.87512992946292811,0.98239169947673621
144Hz,869,435000,725,0,0,0.88952292638570563,0.92872671468639822,0.88178353709665236,0.95811949925628659
144Hz,870,435500,725,500,0.83333333333333337,0.88952292638570563,0.92872671468639822,0.88823302817086347,0.93362551211471301
144Hz,871,436000,726,400,0.66666666666666663,0.89701522597298511,0.89907595047354139,0.89451779277722532,0.90895953854449363
144Hz,872,436500,727,300,0.5,0.90425835466416105,0.8691754429411086,0.90063679031857302,0.88412569670732499
144Hz,873,437000,728,200,0.33333333333333331,0.91125030047904132,0.83903349778563652,0.90658900326912117,0.85912812788928461
144Hz,874,437500,729,100,0.16666666666666666,0.91798912121045517,0.80865848776966842,0.91237343726761033,0.83397099611630854
144Hz,875,438000,730,0,0,0.92447294496375509,0.77805885039598655,0.91798912121045517,0.80865848776966842
144Hz,876,438500,730,500,0.83333333333333337,0.92447294496375509,0.77805885039598655,0.92339230767153846,0.78315878995826682
144Hz,877,439000,731,400,0.66666666666666663,0.93069997067678722,0.74724308556386143,0.92862429543910985,0.75751500717456977
144Hz,878,439500,732,300,0.5,0.93666846862018693,0.71621975320796849,0.93368421964848713,0.73173141938591502
144Hz,879,440000,733,200,0.33333333333333331,0.94237678087785881,0.6849974709206289,0.93857123937274434,0.70581232577885533
144Hz,880,440500,734,100,0.16666666666666666,0.94782332180750906,0.65358491155803367,0.94328453769946718,0.67976204436019638
144Hz,881,441000,735,0,0,0.95300657848110171,0.62199080083111669,0.94782332180750906,0.65358491155803367
144Hz,882,441500,735,500,0.83333333333333337,0.95300657848110171,0.62199080083111669,0.95214270236883625,0.62725648595226946
144Hz,883,442000,736,400,0.66666666666666663,0.95792511110511624,0.59022391488174664,0.95628560023044473,0.60081287686486995
144Hz,884,442500,737,300,0.5,0.96257755342049045,0.55829307784490945,0.96025133226280335,0.57425849636332804
144Hz,885,443000,738,200,0.33333333333333331,0.96696261308213682,0.5262071593975598,0.96403923997437269,0.54759777169579293
144Hz,886,443500,739,100,0.16666666666666666,0.97107907201792698,0.4939750722948219,0.96764868957143524,0.52083514488043681
144Hz,887,444000,740,0,0,0.97492578676704555,0.46160576989422436,0.97107907201792698,0.4939750722948219
144Hz,888,444500,740,500,0.83333333333333337,0.97492578676704555,0.46160576989422436,0.97428466764219246,0.4670006536276573
144Hz,889,445000,741,400,0.66666666666666663,0.97850168879761767,0.42910824366865619,0.97730972145409356,0.43994075241051223
144Hz,890,445500,742,300,0.5,0.98180578480352376,0.39649152070873561,0.98015373680057072,0.4127998821886959
144Hz,891,446000,743,200,0.33333333333333331,0.98483715698031782,0.36376466121528483,0.98281624219578845,0.38558256754425202
144Hz,892,446500,744,100,0.16666666666666666,0.98759496328017293,0.33093675598260758,0.98529679136362702,0.35829334367650528
144Hz,893,447000,745,0,0,0.99007843764578352,0.2980169238732685,0.98759496328017293,0.33093675598260758
144Hz,894,447500,745,500,0.83333333333333337,0.99007843764578352,0.2980169238732685,0.98966452525151505,0.30350356255815836
144Hz,895,448000,746,400,0.66666666666666663,0.99228689022315919,0.26501430928507574,0.99155073936403404,0.27601518081447335
144Hz,896,448500,747,300,0.5,0.99421970755325062,0.23193807961097043,0.99325329888820491,0.2484761944480231
144Hz,897,449000,748,200,0.33333333333333331,0.99587635274235498,0.19879742269252876,0.99477192261628544,0.22089119397148987
144Hz,898,449500,749,100,0.16666666666666666,0.99725636561125319,0.16560154426778359,0.99610635488717136,0.19326477628840458
144Hz,899,450000,750,0,0,0.99835936282303717,0.13235966541407515,0.99725636561125319,0.16560154426778359
144Hz,900,450500,750,500,0.83333333333333337,0.99835936282303717,0.13235966541407515,0.9981755299544065,0.13789997855635988
144Hz,901,451000,751,400,0.66666666666666663,0.99918503798959246,0.099081019986640581,0.99890981293407399,0.11017390179578544
144Hz,902,451500,752,300,0.5,0.99973316175670623,0.065774852053654159,0.9994590998731494,0.082427936020147363
144Hz,903,452000,753,200,0.33333333333333331,1.0000035818677764,0.03245041332843062,0.99982330179372969,0.054666705811912984
144Hz,904,452500,754,100,0.16666666666666666,0.99999622320610559,-0.00088303940049525855,1.0000023554241646,0.026894837873609641
144Hz,905,453000,755,0,0,0.99971108781576645,-0.03421624684069878,0.99999622320610559,-0.00088303940049525855
144Hz,906,453500,755,500,0.83333333333333337,0.99971108781576645,-0.03421624684069878,0.99975861038082303,-0.02866071226733153
144Hz,907,454000,756,400,0.66666666666666663,0.99914825490103398,-0.067539949767890989,0.99933586587261147,-0.056432048792160253
144Hz,908,454500,757,300,0.5,0.9983078808043846,-0.10084489159792545,0.99872806785270929,-0.08419242068290822
144Hz,909,455000,758,200,0.33333333333333331,0.99719019896306738,-0.1341218209580716,0.99793532019061226,-0.11193720138464085
144Hz,910,455500,759,100,0.16666666666666666,0.9957955198442604,-0.16736149425684052,0.99695775244326623,-0.13966176650786641
144Hz,911,456000,760,0,0,0.99412423085882995,-0.20055467825164919,0.9957955198442604,-0.16736149425684052
144Hz,912,456500,760,500,0.83333333333333337,0.99412423085882995,-0.20055467825164919,0.99440277902306839,-0.19502248091918109
144Hz,913,457000,761,400,0.66666666666666663,0.99217679625371658,-0.23369215261361018,0.99282594112208777,-0.22264632782628985
144Hz,914,457500,762,300,0.5,0.98995375698297716,-0.26676471248873407,0.99106527661834687,-0.25022843255117211
144Hz,915,458000,763,200,0.33333333333333331,0.98745573055752023,-0.2997631710548333,0.98912108150782485,-0.27776419867743385
144Hz,916,458500,764,100,0.16666666666666666,0.98468341087357514,-0.33267836207341733,0.98699367727686271,-0.30524903622459731
144Hz,917,459000,765,0,0,0.98163756801994284,-0.36550114243586984,0.98468341087357514,-0.33267836207341733
144Hz,918,459500,765,500,0.83333333333333337,0.98163756801994284,-0.36550114243586984,0.98214520849554821,-0.36003067904212777
144Hz,919,460000,766,400,0.66666666666666663,0.97831904806408287,-0.39822239470320125,0.97942522138270294,-0.3873153106140908
144Hz,920,460500,767,300,0.5,0.97472877281709391,-0.43083302963867071,0.97652391044058839,-0.41452771217093598
144Hz,921,461000,768,200,0.33333333333333331,0.97086773957765582,-0.46332398873257385,0.97344176173728125,-0.44166334933663842
144Hz,922,461500,769,100,0.16666666666666666,0.96673702085500168,-0.4956862467184957,0.97017928645721352,-0.4687176983968942
144Hz,923,462000,770,0,0,0.96233776407099891,-0.52791081408032914,0.96673702085500168,-0.4956862467184957
144Hz,924,462500,770,500,0.83333333333333337,0.96233776407099891,-0.52791081408032914,0.96307097353499937,-0.52254005285335692
144Hz,925,463000,771,400,0.66666666666666663,0.95767119124142086,-0.55998873954936246,0.9592267155179468,-0.54929609772635135
144Hz,926,463500,772,300,0.5,0.95273859863649801,-0.59191111259074314,0.95520489493895944,-0.5759499260700528
144Hz,927,464000,773,200,0.33333333333333331,0.94754135642084281,-0.62366906587862636,0.95100618456461306,-0.60249709702003762
144Hz,928,464500,774,100,0.16666666666666666,0.94208090827284852,-0.65525377775932114,0.9466312817295105,-0.62893318452540881
144Hz,929,465000,775,0,0,0.93635877098366727,-0.6866564747017494,0.94208090827284852,-0.65525377775932114
144Hz,930,465500,775,500,0.83333333333333337,0.93635877098366727,-0.6866564747017494,0.93731246053186412,-0.6814226918780113
144Hz,931,466000,776,400,0.66666666666666663,0.9303765340358795,-0.71786843373453835,0.93237061301847546,-0.70746444739027536
144Hz,932,466500,777,300,0.5,0.92413585916197061,-0.74888098486906762,0.927256196598925,-0.73337470930180304
144Hz,933,467000,778,200,0.33333333333333331,0.91763847988273894,-0.77968551350780002,0.92197006606889342,-0.75914916108197839
144Hz,934,467500,779,100,0.16666666666666666,0.91088620102576212,-0.81027346283722468,0.91651310007324283,-0.78478350506270411
144Hz,935,468000,780,0,0,0.90388089822405582,-0.84063633620475009,0.91088620102576212,-0.81027346283722468
144Hz,936,468500,780,500,0.83333333333333337,0.90388089822405582,-0.84063633620475009,0.90504844869100687,-0.8355758573101626
144Hz,937,469000,781,400,0.66666666666666663,0.8966245173950651,-0.87076569947888527,0.89904331100472867,-0.86072257838750688
144Hz,938,469500,782,300,0.5,0.88911907420013137,-0.90065318339205414,0.89287179579759823,-0.8857094414354697
144Hz,939,470000,783,200,0.33333333333333331,0.88136665348458643,-0.93029048586539187,0.88653493396161642,-0.91053228421650012
144Hz,940,470500,784,100,0.16666666666666666,0.87336940869862911,-0.95966937431487809,0.8800337793535935,-0.93518696727363959
144Hz,941,471000,785,0,0,0.86512956129914442,-0.98878168793816568,0.87336940869862911,-0.95966937431487809
144Hz,942,471500,785,500,0.83333333333333337,0.86512956129914442,-0.98878168793816568,0.8665028691990585,-0.98392963566761771
144Hz,943,472000,786,400,0.66666666666666663,0.85664940013263213,-1.0176193399814706,0.8594761205214696,-1.0080067893003688
144Hz,944,472500,787,300,0.5,0.84793128079941638,-1.0461743199858917,0.85229034046602425,-1.031896829983681
144Hz,945,473000,788,200,0.33333333333333331,0.83897762499931183,-1.0744386960125389,0.84494672886604827,-1.0555957786614409
144Hz,946,473500,789,100,0.16666666666666666,0.82979091985892972,-1.1024046168458492,0.83744650747591487,-1.0790996828180908
144Hz,947,474000,790,0,0,0.8203737172408091,-1.1300643141744802,0.82979091985892972,-1.1024046168458492
144Hz,948,474500,790,500,0.83333333333333337,0.8203737172408091,-1.1300643141744802,0.82194325101049581,-1.1254543646197084
144Hz,949,475000,791,400,0.66666666666666663,0.81072863303456599,-1.1574101047491738,0.81394366110331373,-1.1482948412242759
144Hz,950,475500,792,300,0.5,0.80085834643025777,-1.1844343925169927,0.80579348973241194,-1.1709222486330833
144Hz,951,476000,793,200,0.33333333333333331,0.79076559917416334,-1.2111296707313346,0.79749409734489296,-1.19333281858844
144Hz,952,476500,794,100,0.16666666666666666,0.78045319480718722,-1.23748852403714,0.78904686511300071,-1.2155228129489688
144Hz,953,477000,795,0,0,0.769923997886098,-1.263503630530713,0.78045319480718722,-1.23748852403714
144Hz,954,477500,795,500,0.83333333333333337,0.769923997886098,-1.263503630530713,0.77167886403961283,-1.259167779448451
144Hz,955,478000,796,400,0.66666666666666663,0.7591809331878181,-1.289167763793583,0.7627619547539114,-1.2806130527059598
144Hz,956,478500,797,300,0.5,0.74822698489698602,-1.3144737948998435,0.75370395904240206,-1.3018207793467131
144Hz,957,479000,798,200,0.33333333333333331,0.7370651957770159,-1.3394146943964098,0.74450638852366269,-1.3227874280653658
144Hz,958,479500,799,100,0.16666666666666666,0.72569866632488556,-1.3639835342556437,0.73517077420166088,-1.3435095010396154
144Hz,959,480000,800,0,0,0.71413055390988722,-1.3881734897998066,0.72569866632488556,-1.3639835342556437
144Hz,960,480500,800,500,0.83333333333333337,0.71413055390988722,-1.3881734897998066,0.71605857264572037,-1.384141830542446
144Hz,961,481000,801,400,0.66666666666666663,0.70236407189658057,-1.4119778415968027,0.70628623256768286,-1.4040430576644707
144Hz,962,481500,802,300,0.5,0.69040248875219146,-1.4353899773266887,0.69638328032438601,-1.4236839094617457
144Hz,963,482000,803,200,0.33333333333333331,0.67824912713870456,-1.4584033936184284,0.68635136821436249,-1.4430611160906019
144Hz,964,482500,804,100,0.16666666666666666,0.66590736298990139,-1.4810116978563852,0.67619216644723734,-1.4621714443247547
144Hz,965,483000,805,0,0,0.65338062457360102,-1.5032086099560487,0.66590736298990139,-1.4810116978563852
144Hz,966,483500,805,500,0.83333333333333337,0.65338062457360102,-1.5032086099560487,0.65546841430965108,-1.4995091246061047
144Hz,967,484000,806,400,0.66666666666666663,0.64067239153936351,-1.524987964108502,0.64490846921744271,-1.5177281793910176
144Hz,968,484500,807,300,0.5,0.62778619395192059,-1.5463437104931474,0.6342292927456421,-1.5356658373008247
144Hz,969,485000,808,200,0.33333333333333331,0.61472561131060222,-1.5672699169582114,0.62343266640481454,-1.5533191126481689
144Hz,970,485500,809,100,0.16666666666666666,0.60149427155503088,-1.5877607706685648,0.61252038801800701,-1.5706850592432704
144Hz,971,486000,810,0,0,0.58809585005736087,-1.6078105797203992,0.60149427155503088,-1.5877607706685648
144Hz,972,486500,810,500,0.83333333333333337,0.58809585005736087,-1.6078105797203992,0.59032892030697259,-1.6044689448784268
144Hz,973,487000,811,400,0.66666666666666663,0.5745340686013416,-1.6274137747223112,0.57905466242001469,-1.6208793763883405
144Hz,974,487500,812,300,0.5,0.56081269434848868,-1.6465649103423559,0.56767338147491508,-1.6369893425323334
144Hz,975,488000,813,200,0.33333333333333331,0.54693553879165002,-1.6652586668206388,0.55618697582954246,-1.6527961625017835
144Hz,976,488500,814,100,0.16666666666666666,0.53290645669625814,-1.6834898514470271,0.54459735844241808,-1.6682971975917036
144Hz,977,489000,815,0,0,0.51872934502956169,-1.7012534000035691,0.53290645669625814,-1.6834898514470271
144Hz,978,489500,815,500,0.83333333333333337,0.51872934502956169,-1.7012534000035691,0.5210921969740111,-1.6982928085774787
144Hz,979,490000,816,400,0.66666666666666663,0.50440814187813487,-1.7185443781712211,0.50918187626194378,-1.7127807187820039
144Hz,980,490500,817,300,0.5,0.48994682535396411,-1.7353579829004921,0.49717748361604952,-1.7269511805358566
144Hz,981,491000,818,200,0.33333333333333331,0.47534941248941726,-1.7516895437456244,0.48508102106578188,-1.7408018365155362
144Hz,982,491500,819,100,0.16666666666666666,0.46061995812140111,-1.7675345241619382,0.47289450342808126,-1.75433037381501
144Hz,983,492000,820,0,0,0.44576255376501789,-1.782888522765985,0.46061995812140111,-1.7675345241619382
144Hz,984,492500,820,500,0.83333333333333337,0.44576255376501789,-1.782888522765985,0.44823878782441512,-1.7803295229986438
144Hz,985,493000,821,400,0.66666666666666663,0.43078132647703327,-1.7977472745581522,0.43577506890636147,-1.7927943572940963
144Hz,986,493500,822,300,0.5,0.41568043770947172,-1.8121066521073865,0.42323088209325249,-1.8049269633327694
144Hz,987,494000,823,200,0.33333333333333331,0.40046408215365753,-1.8259626666977022,0.41060831919086704,-1.8167253236374918
144Hz,988,494500,824,100,0.16666666666666666,0.38513648657502286,-1.8393114694361574,0.39790948289055178,-1.8281874671541114
144Hz,989,495000,825,0,0,0.36970190863900626,-1.8521493523219914,0.38513648657502286,-1.8393114694361574
144Hz,990,495500,825,500,0.83333333333333337,0.36970190863900626,-1.8521493523219914,0.37227433829500906,-1.8500097051743525
144Hz,991,496000,826,400,0.66666666666666663,0.3541646357283677,-1.8644727492766249,0.35934372669858056,-1.860364950291747
144Hz,992,496500,827,300,0.5,0.33852898375224905,-1.876278237134237,0.3463468097403084,-1.8703754932054308
144Hz,993,497000,828,200,0.33333333333333331,0.32279929594731033,-1.8875625365926454,0.33328575448393616,-1.8800396702870399
144Hz,994,497500,829,100,0.16666666666666666,0.30697994167127512,-1.8983225131242225,0.32016273690130448,-1.8893558660145748
144Hz,995,498000,830,0,0,0.29107531518922014,-1.9085551778465983,0.30697994167127512,-1.8983225131242225
144Hz,996,498500,830,500,0.83333333333333337,0.29107531518922014,-1.9085551778465983,0.29372608626956265,-1.9068497337262023
144Hz,997,499000,831,400,0.66666666666666663,0.27508983445294594,-1.9182576883529057,0.28041832803170402,-1.9150235181841366
144Hz,998,499500,832,300,0.5,0.25902793987376815,-1.9274273495013372,0.26705888716335702,-1.9228425189271214
144Hz,999,500000,833,200,0.33333333333333331,0.24289409308906984,-1.9360616141637961,0.25364999094553542,-1.9303054377221569
144Hz,1000,500500,834,100,0.16666666666666666,0.2266927757229579,-1.9441580839334318,0.24019387352805119,-1.9374110257920687
144Hz,1001,501000,835,0,0,0.21042848814136736,-1.9517145097908637,0.2266927757229579,-1.9441580839334318
144Hz,1002,501500,835,500,0.83333333333333337,0.21042848814136736,-1.9517145097908637,0.21313920273829912,-1.9504551054812918
144Hz,1003,502000,836,400,0.66666666666666663,0.19410574820195978,-1.9587287927289092,0.19954666151509565,-1.9563906984162274
144Hz,1004,502500,837,300,0.5,0.17772908999916276,-1.9651989843356412,0.18591741910056125,-1.9619638885322752
144Hz,1005,503000,838,200,0.33333333333333331,0.16130306260469932,-1.9711232873356133,0.17225374753434161,-1.9671737520022987
144Hz,1006,503500,839,100,0.16666666666666666,0.1448322288039568,-1.9765000560891033,0.15855792363790891,-1.972019415461195
144Hz,1007,504000,840,0,0,0.1283211638285465,-1.9813277970492351,0.1448322288039568,-1.9765000560891033
144Hz,1008,504500,840,500,0.83333333333333337,0.1283211638285465,-1.9813277970492351,0.13107300799111488,-1.9805231735558797
144Hz,1009,505000,841,400,0.66666666666666663,0.11177445408540605,-1.9856051691768533,0.11729002399978621,-1.9841793784676471
144Hz,1010,505500,842,300,0.5,0.095196695882797444,-1.9893309843130336,0.10348557498410174,-1.9874680767449435
144Hz,1011,506000,843,200,0.33333333333333331,0.078592494153554723,-1.9925042075091268,0.089661961973049875,-1.9903887253783981
144Hz,1012,506500,844,100,0.16666666666666666,0.061966461175936009,-1.9951239573142454,0.075821488657284941,-1.9929408324766467
144Hz,1013,507000,845,0,0,0.04532321529243509,-1.9971895060201099,0.061966461175936009,-1.9951239573142454
144Hz,1014,507500,845,500,0.83333333333333337,0.04532321529243509,-1.9971895060201099,0.048097089606351916,-1.9968452479024659
144Hz,1015,508000,846,400,0.66666666666666663,0.028667379626908497,-1.998700279863191,0.034219324848750697,-1.998196688582164
144Hz,1016,508500,847,300,0.5,0.012003580800374431,-1.9996558591840878,0.020335480213641465,-1.9991780695236394
144Hz,1017,509000,848,200,0.33333333333333331,-0.0046635523541597359,-2.0000559785441001,0.0064478697488630429,-1.999789232304092
144Hz,1018,509500,849,100,0.16666666666666666,-0.021329390077484415,-1.9999005267989614,-0.0074411919747138493,-2.0000300699199105
144Hz,1019,510000,850,0,0,-0.037989302970232015,-1.9991895471297119,-0.021329390077484415,-1.9999005267989614
144Hz,1020,510500,850,500,0.83333333333333337,-0.037989302970232015,-1.9991895471297119,-0.035212650821440747,-1.9993080437412534
144Hz,1021,511000,851,400,0.66666666666666663,-0.054638663278821213,-1.9979232370307041,-0.049088876509291481,-1.9983453403970401
144Hz,1022,511500,852,300,0.5,-0.07127284618094408,-1.9961019482547433,-0.062955754729882643,-1.9970125926427236
144Hz,1023,512000,853,200,0.33333333333333331,-0.087887231070238908,-1.9937261867153786,-0.076810974477375699,-1.9953100277416218
144Hz,1024,512500,854,100,0.16666666666666666,-0.10447720283979199,-1.9907966123463707,-0.090652226365164429,-1.993237924320544
144Hz,1025,513000,855,0,0,-0.1210381531641118,-1.9873140389183777,-0.10447720283979199,-1.9907966123463707
144Hz,1026,513500,855,500,0.83333333333333337,-0.1210381531641118,-1.9873140389183777,-0.11827799477672517,-1.9878944678230432
144Hz,1027,514000,856,400,0.66666666666666663,-0.13756548177921937,-1.9832794338129072,-0.13205637224085018,-1.9846243021813974
144Hz,1028,514500,857,300,0.5,-0.15405459776049937,-1.9786939177535998,-0.14581003976985937,-1.9809866757832535
144Hz,1029,515000,858,200,0.33333333333333331,-0.17050092079795701,-1.9735587644949164,-0.15953670543965193,-1.9769822000007053
144Hz,1030,515500,859,100,0.16666666666666666,-0.18689988246852632,-1.9678754004683179,-0.17323408107638522,-1.97261153715715
144Hz,1031,516000,860,0,0,-0.20324692750507659,-1.9616454043860336,-0.18689988246852632,-1.9678754004683179
144Hz,1032,516500,860,500,0.83333333333333337,-0.20324692750507659,-1.9616454043860336,-0.20052241999898487,-1.9626837370664143
144Hz,1033,517000,861,400,0.66666666666666663,-0.21953751506176433,-1.9548705068025312,-0.21410731920953507,-1.957128805997032
144Hz,1034,517500,862,300,0.5,-0.23576711997537939,-1.9475525896338057,-0.22765231751857185,-1.9512115482181684
144Hz,1035,518000,863,200,0.33333333333333331,-0.25193123402233458,-1.9396936856346265,-0.24115515799103113,-1.9449329549674128
144Hz,1036,518500,864,100,0.16666666666666666,-0.26802536717095027,-1.9312959778338821,-0.25461358954710389,-1.9382940676678357
144Hz,1037,519000,865,0,0,-0.28404504882868514,-1.9223617989281838,-0.26802536717095027,-1.9312959778338821
144Hz,1038,519500,865,500,0.83333333333333337,-0.28404504882868514,-1.9223617989281838,-0.28137510188572934,-1.9238508287458003
144Hz,1039,520000,866,400,0.66666666666666663,-0.29998582908396759,-1.9128936306338944,-0.29467223566554013,-1.9160496867319909
144Hz,1040,520500,867,300,0.5,-0.31584327994228228,-1.9028941029977622,-0.30791455451312494,-1.9078938668158283
144Hz,1041,521000,868,200,0.33333333333333331,-0.33161299655616855,-1.8923659936663528,-0.32109985214691106,-1.8993847332206257
144Hz,1042,521500,869,100,0.16666666666666666,-0.34729059844878923,-1.8813122271144807,-0.33422593020493868,-1.8905236992410408
144Hz,1043,522000,870,0,0,-0.3628717307307297,-1.8697358738328544,-0.34729059844878923,-1.8813122271144807
144Hz,1044,522500,870,500,0.83333333333333337,-0.3628717307307297,-1.8697358738328544,-0.36027487535040631,-1.871665266046459
144Hz,1045,523000,871,400,0.66666666666666663,-0.3783520653096894,-1.8576401494751635,-0.3731919537833695,-1.8616720575943939
144Hz,1046,523500,872,300,0.5,-0.39372730209272971,-1.8450284139648405,-0.38603968370120956,-1.851334281720002
144Hz,1047,524000,873,200,0.33333333333333331,-0.40899317018074427,-1.8319041705617496,-0.39881592478873462,-1.8406536661638102
144Hz,1048,524500,874,100,0.16666666666666666,-0.42414542905481978,-1.8182710648890581,-0.41151854665975685,-1.8296319862829677
144Hz,1049,525000,875,0,0,-0.43917986975415779,-1.8041328839205641,-0.42414542905481978,-1.8182710648890581
144Hz,1050,525500,875,500,0.83333333333333337,-0.43917986975415779,-1.8041328839205641,-0.43667412963760144,-1.8064892474153131
144Hz,1051,526000,876,400,0.66666666666666663,-0.45409231604523076,-1.7894935549287589,-0.4491215006148731,-1.7943733312593606
144Hz,1052,526500,877,300,0.5,-0.46887862558184673,-1.7743571443939179,-0.46148547081353875,-1.7819253496613383
144Hz,1053,527000,878,200,0.33333333333333331,-0.4835346910558011,-1.758727856874523,-0.47376398073983156,-1.769147381887453
144Hz,1054,527500,879,100,0.16666666666666666,-0.49805644133779553,-1.7426100338393298,-0.48595498276946686,-1.7560415530353242
144Hz,1055,528000,880,0,0,-0.51243984260830722,-1.7260081524614033,-0.49805644133779553,-1.7426100338393298
144Hz,1056,528500,880,500,0.83333333333333337,-0.51243984260830722,-1.7260081524614033,-0.51004260906322196,-1.7287751326910579
144Hz,1057,529000,881,400,0.66666666666666663,-0.52668089947809438,-1.7089268243744598,-0.52193388052149869,-1.714620600403441
144Hz,1058,529500,882,300,0.5,-0.54077565609802647,-1.6913707943918566,-0.53372827778806042,-1.7001488093831583
144Hz,1059,530000,883,200,0.33333333333333331,-0.55472019725793142,-1.6733449391885891,-0.54542383648466153,-1.6853621759907675
144Hz,1060,530500,884,100,0.16666666666666666,-0.56851064947415353,-1.6548542659466581,-0.55701860596063513,-1.6702631603149338
144Hz,1061,531000,885,0,0,-0.58214318206552174,-1.6359039109641862,-0.56851064947415353,-1.6548542659466581
144Hz,1062,531500,885,500,0.83333333333333337,-0.58214318206552174,-1.6359039109641862,-0.57987109330029374,-1.6390623034612648
144Hz,1063,532000,886,400,0.66666666666666663,-0.59561400821742727,-1.6164991382286689,-0.59112373283345876,-1.6229673958071746
144Hz,1064,532500,887,300,0.5,-0.60891938603371687,-1.5966453379547547,-0.60226669712557213,-1.6065722380917118
144Hz,1065,533000,888,200,0.33333333333333331,-0.62205561957610822,-1.5763480250869641,-0.61329813054784732,-1.5898795669988246
144Hz,1066,533500,889,100,0.16666666666666666,-0.63501905989083951,-1.5556128377677605,-0.62421619296189679,-1.5728921605337636
144Hz,1067,534000,890,0,0,-0.64780610602226785,-1.5344455357713991,-0.63501905989083951,-1.5556128377677605
144Hz,1068,534500,890,500,0.83333333333333337,-0.64780610602226785,-1.5344455357713991,-0.64567493166702983,-1.5379734194374592
144Hz,1069,535000,891,400,0.66666666666666663,-0.66041320601313447,-1.5128519989039901,-0.6562108393495123,-1.5200498445264596
144Hz,1070,535500,892,300,0.5,-0.67283685789121961,-1.490838225370219,-0.66662503195217704,-1.5018451121371046
144Hz,1071,536000,893,200,0.33333333333333331,-0.68507361064211281,-1.4684103301071785,-0.67691577547485071,-1.4833622602825389
144Hz,1072,536500,894,100,0.16666666666666666,-0.69712006516782754,-1.4455745430857747,-0.68708135306306528,-1.4646043656036112
144Hz,1073,537000,895,0,0,-0.70897287523099572,-1.4223372075801806,-0.69712006516782754,-1.4455745430857747
144Hz,1074,537500,895,500,0.83333333333333337,-0.70897287523099572,-1.4223372075801806,-0.70699740688713431,-1.4262100968311129
144Hz,1075,538000,896,400,0.66666666666666663,-0.72062874838437752,-1.398704778405814,-0.71674345733325029,-1.4065822547972695
144Hz,1076,538500,897,300,0.5,-0.73208444688543028,-1.3746838201263347,-0.7263565976349039,-1.3866942992660745
144Hz,1077,539000,898,200,0.33333333333333331,-0.74333678859568153,-1.3502810052301537,-0.73583522745551411,-1.3665495484942745
144Hz,1078,539500,899,100,0.16666666666666666,-0.75438264786465625,-1.3255031122769643,-0.74517776514051071,-1.3461513564046221
144Hz,1079,540000,900,0,0,-0.76521895639811299,-1.300357024014809,-0.75438264786465625,-1.3255031122769643
144Hz,1080,540500,900,500,0.83333333333333337,-0.76521895639811299,-1.300357024014809,-0.76341290497587022,-1.3045480387251682
144Hz,1081,541000,901,400,0.66666666666666663,-0.77584270411034806,-1.2748497254682052,-0.77230145487293644,-1.2833521583170733
144Hz,1082,541500,902,300,0.5,-0.78625093996033024,-1.2489883019978603,-0.78104682203533915,-1.2619190137330327
144Hz,1083,542000,903,200,0.33333333333333331,-0.79644077277143455,-1.2227799373325159,-0.78964755089736505,-1.2402521804427455
144Hz,1084,542500,904,100,0.16666666666666666,-0.80640937203454677,-1.1962319115734681,-0.79810220598195325,-1.2183552663726747
144Hz,1085,543000,905,0,0,-0.81615396869431611,-1.1693515991723165,-0.80640937203454677,-1.1962319115734681
144Hz,1086,543500,905,500,0.83333333333333337,-0.81615396869431611,-1.1693515991723165,-0.81452986925102122,-1.1738316512391751
144Hz,1087,544000,906,400,0.66666666666666663,-0.82567185591833703,-1.1421464668825059,-0.82249922684366339,-1.1512148443124428
144Hz,1088,544500,907,300,0.5,-0.8349603898490473,-1.114624071685228,-0.83031612288369216,-1.128385269283867
144Hz,1089,545000,908,200,0.33333333333333331,-0.84401699033813282,-1.0867920586902597,-0.83797925667874251,-1.1053467340202388
144Hz,1090,545500,909,100,0.16666666666666666,-0.85283914166323549,-1.0586581590123221,-0.84548734889231658,-1.0821030754106036
144Hz,1091,546000,910,0,0,-0.86142439322676501,-1.0302301876235476,-0.85283914166323549,-1.0586581590123221
144Hz,1092,546500,910,500,0.83333333333333337,-0.86142439322676501,-1.0302301876235476,-0.85999351796617673,-1.0349681828550099
144Hz,1093,547000,911,400,0.66666666666666663,-0.86977036023662047,-1.0015160411826554,-0.86698837123333539,-1.0110874233296194
144Hz,1094,547500,912,300,0.5,-0.87787472436863245,-0.97252369584143472,-0.87382254230262646,-0.98701986851204504
144Hz,1095,548000,913,200,0.33333333333333331,-0.88573523441054203,-0.94326120502914701,-0.88049489438260231,-0.96276953223733885
144Hz,1096,548500,914,100,0.16666666666666666,-0.8933497068873375,-0.91373669721546225,-0.88700431315667461,-0.93834045372686625
144Hz,1097,549000,915,0,0,-0.90071602666777539,-0.88395837365255103,-0.8933497068873375,-0.91373669721546225
144Hz,1098,549500,915,500,0.83333333333333337,-0.90071602666777539,-0.88395837365255103,-0.89948830670436908,-0.88892142757970294
144Hz,1099,550000,916,400,0.66666666666666663,-0.90783214755191677,-0.85393450609695853,-0.90546010725720305,-0.86394246194882274
144Hz,1100,550500,917,300,0.5,-0.91469609283951592,-0.82367343451189468,-0.91126412019571634,-0.83880397030442655
144Hz,1101,551000,918,200,0.33333333333333331,-0.92130595587910402,-0.7931835647505775,-0.91689938051937869,-0.81351014459145565
144Hz,1102,551500,919,100,0.16666666666666666,-0.92765990059761461,-0.76247336622127404,-0.92236494666552249,-0.78806519832902699
144Hz,1103,552000,920,0,0,-0.93375616201040368,-0.73155136953468691,-0.92765990059761461,-0.76247336622127404
144Hz,1104,552500,920,500,0.83333333333333337,-0.93375616201040368,-0.73155136953468691,-0.93274011844160554,-0.73670503564911816
144Hz,1105,553000,921,400,0.66666666666666663,-0.93959304671152322,-0.70042616413434011,-0.93764741847781663,-0.71080123260112238
144Hz,1106,553500,922,300,0.5,-0.94516893334411178,-0.66910639591062271,-0.9423809900278175,-0.68476628002248141
144Hz,1107,554000,923,200,0.33333333333333331,-0.95048227305077138,-0.63760076479915229,-0.94694004657966502,-0.65860451887346594
144Hz,1108,554500,924,100,0.16666666666666666,-0.95553158990380571,-0.60591802236412662,-0.95132382585961051,-0.63232030772664805
144Hz,1109,555000,925,0,0,-0.96031548131520017,-0.57406696936733315,-0.95553158990380571,-0.60591802236412662
144Hz,1110,555500,925,500,0.83333333333333337,-0.96031548131520017,-0.57406696936733315,-0.95951816607996776,-0.57937547820013202
144Hz,1111,556000,926,400,0.66666666666666663,-0.96483261842622925,-0.54205645332349317,-0.96332690605588622,-0.55272662533810657
144Hz,1112,556500,927,300,0.5,-0.9690817464765844,-0.50989536604261887,-0.96695718245140683,-0.52597590968305608
144Hz,1113,557000,928,200,0.33333333333333331,-0.97306168515291824,-0.47759264116006606,-0.97040839270202905,-0.49912779108176797
144Hz,1114,557500,929,100,0.16666666666666666,-0.9767713289167097,-0.44515725165496878,-0.97367995911355021,-0.47218674290921653
144Hz,1115,558000,930,0,0,-0.98020964731135762,-0.41259820735774511,-0.9767713289167097,-0.44515725165496878
144Hz,1116,558500,930,500,0.83333333333333337,-0.98020964731135762,-0.41259820735774511,-0.97963659424558291,-0.41802471474061575
144Hz,1117,559000,931,400,0.66666666666666663,-0.98337568524841901,-0.3799245524473665,-0.98232033926939855,-0.39081577075082607
144Hz,1118,559500,932,300,0.5,-0.98626856327291135,-0.34714536293908588,-0.98482212426066518,-0.36353495769322619
144Hz,1119,560000,933,200,0.33333333333333331,-0.98888747780760566,-0.31426974416332215,-0.98714153478447619,-0.33618682334716465
144Hz,1120,560500,934,100,0.16666666666666666,-0.99123170137624239,-0.28130682823640196,-0.9892781817357118,-0.30877592484216881
144Hz,1121,561000,935,0,0,-0.99330058280560785,-0.24826577152386056,-0.99123170137624239,-0.28130682823640196
144Hz,1122,561500,935,500,0.83333333333333337,-0.99330058280560785,-0.24826577152386056,-0.99295576923404694,-0.25377261430928411
144Hz,1123,562000,936,400,0.66666666666666663,-0.9950935474064162,-0.21515575209700696,-0.99449589253948012,-0.22619242523929151
144Hz,1124,562500,937,300,0.5,-0.99661009713294502,-0.18198596718345975,-0.99585182226968061,-0.19857085964023335
144Hz,1125,563000,938,200,0.33333333333333331,-0.99784981072138135,-0.14876563061236159,-0.99702333499575713,-0.17091252165976037
144Hz,1126,563500,939,100,0.16666666666666666,-0.99881234380683959,-0.11550397025498221,-0.99801023290229107,-0.14322202055279837
144Hz,1127,564000,940,0,0,-0.99949742901901806,-0.082210225461420899,-0.99881234380683959,-0.11550397025498221
144Hz,1128,564500,940,500,0.83333333333333337,-0.99949742901901806,-0.082210225461420899,-0.99938324815032165,-0.087759182927014456
144Hz,1129,565000,941,400,0.66666666666666663,-0.99990487605646905,-0.0488936444941203,-0.99976906037731872,-0.059999171483220502
144Hz,1130,565500,942,300,0.5,-1.0000345717394599,-0.015563481958904666,-0.99996972389796446,-0.032228563226512484
144Hz,1131,566000,943,200,0.33333333333333331,-0.99988648004141201,0.017771003765743996,-0.99998520784011069,-0.0044519867173551135
144Hz,1132,566500,944,100,0.16666666666666666,-0.99946064209890817,0.051100553100457732,-0.99981550705099476,0.023325928654862951
144Hz,1133,567000,945,0,0,-0.99875717620026572,0.084415907837088008,-0.99946064209890817,0.051100553100457732
144Hz,1134,567500,945,500,0.83333333333333337,-0.99875717620026572,0.084415907837088008,-0.99887442051670616,0.0788633487143163
144Hz,1135,568000,946,400,0.66666666666666663,-0.99777627775267885,0.1177078137104302,-0.99810324390187455,0.10661051175264946
144Hz,1136,568500,947,300,0.5,-0.99651821922793837,0.15096702296885281,-0.99714724849030856,0.1343374183396415
144Hz,1137,569000,948,200,0.33333333333333331,-0.99498335008674577,0.18418429694311741,-0.99600659618087417,0.16203944762694103
144Hz,1138,569500,949,100,0.16666666666666666,-0.99317209668164008,0.2173504086126756,-0.99468147451922817,0.18971198222137711
144Hz,1139,570000,950,0,0,-0.99108496213856734,0.25045614516873027,-0.99317209668164008,0.2173504086126756
144Hz,1140,570500,950,500,0.83333333333333337,-0.99108496213856734,0.25045614516873027,-0.99143281789574611,0.24493852240938782
144Hz,1141,571000,951,400,0.66666666666666663,-0.98872252621712275,0.28349231057334917,-0.98951000485760421,0.2724802554384762
144Hz,1142,571500,952,300,0.5,-0.9860854451495068,0.31644972811391991,-0.98740398568331478,0.29997101934363457
144Hz,1143,572000,953,200,0.33333333333333331,-0.98317445145823812,0.34931924295223682,-0.98511511391908402,0.32740623306002559
144Hz,1144,572500,954,100,0.16666666666666666,-0.97999035375267551,0.3820917246675114,-0.98264376850731106,0.3547813232381159
144Hz,1145,573000,955,0,0,-0.97653403650440385,0.4147580697926006,-0.97999035375267551,0.3820917246675114
144Hz,1146,573500,955,500,0.83333333333333337,-0.97653403650440385,0.4147580697926006,-0.9771100893791157,0.40931367893841908
144Hz,1147,574000,956,400,0.66666666666666663,-0.97280645980154756,0.4473092043427474,-0.97404898536916629,0.4364588261593651
144Hz,1148,574500,957,300,0.5,-0.9688086590820798,0.47973608633613229,-0.97080755944181374,0.46352264533943988
144Hz,1149,575000,958,200,0.33333333333333331,-0.96454174484620037,0.51202970830553496,-0.96738635433678666,0.49050062699259989
144Hz,1150,575500,959,100,0.16666666666666666,-0.96000690234786368,0.5441810998004083,-0.96378593776314425,0.51738827355468053
144Hz,1151,576000,960,0,0,-0.95520539126554138,0.57618132987867043,-0.96000690234786368,0.5441810998004083
144Hz,1152,576500,960,500,0.83333333333333337,-0.95520539126554138,0.57618132987867043,-0.95600564311259506,0.57084795819896006
144Hz,1153,577000,961,400,0.66666666666666663,-0.95013854535231201,0.60802150958752177,-0.95182749399005506,0.59740811635123803
144Hz,1154,577500,962,300,0.5,-0.9448077720653737,0.63969279443259885,-0.94747315870884286,0.62385715201006031
144Hz,1155,578000,963,200,0.33333333333333331,-0.93921455217508387,0.67118638683477794,-0.94294336543527713,0.65019065856665859
144Hz,1156,578500,964,100,0.16666666666666666,-0.93336043935363433,0.70249353857394736,-0.93823886670484236,0.67640424545797284
144Hz,1157,579000,965,0,0,-0.92724705974347543,0.73360555321906851,-0.93336043935363433,0.70249353857394736
144Hz,1158,579500,965,500,0.83333333333333337,-0.92724705974347543,0.73360555321906851,-0.92826595634516862,0.72842021744488161
144Hz,1159,580000,966,400,0.66666666666666663,-0.92087611150561,0.76451378854385099,-0.92299976091823177,0.7542110434355902
144Hz,1160,580500,967,300,0.5,-0.91424936434788195,0.79520965892737128,-0.91756273792674592,0.77986172373561113
144Hz,1161,581000,968,200,0.33333333333333331,-0.90736865903339059,0.82568463773896739,-0.9119557959097182,0.80536798519790342
144Hz,1162,581500,969,100,0.16666666666666666,-0.90023590686916766,0.85593025970674708,-0.90617986700602016,0.83072557473359732
144Hz,1163,582000,970,0,0,-0.89285308917525885,0.88593812326905264,-0.90023590686916766,0.85593025970674708
144Hz,1164,582500,970,500,0.83333333333333337,-0.89285308917525885,0.88593812326905264,-0.89408355879091028,0.88093681267533497
144Hz,1165,583000,971,400,0.66666666666666663,-0.88522225673435695,0.91569989290822795,-0.88776586754799092,0.90577930302850285
144Hz,1166,583500,972,300,0.5,-0.87734552922213993,0.94520730146603982,-0.8812838929782485,0.93045359718713394
144Hz,1167,584000,973,200,0.33333333333333331,-0.8692250946184723,0.97445215244011119,-0.87463871768758406,0.95495558512406364
144Hz,1168,584500,974,100,0.16666666666666666,-0.86086320859963295,1.0034263222607269,-0.86783144694866576,0.9792811807435472
144Hz,1169,585000,975,0,0,-0.85226219391173808,1.0321217625473813,-0.86086320859963295,1.0034263222607269
144Hz,1170,585500,975,500,0.83333333333333337,-0.85226219391173808,1.0321217625473813,-0.85369569635972054,1.0273391891662722
144Hz,1171,586000,976,400,0.66666666666666663,-0.84342443972553438,1.0605305023444391,-0.84637035778760228,1.0510609224120866
144Hz,1172,586500,977,300,0.5,-0.83435240097274033,1.0886446503352902,-0.83888842034913735,1.0745875763398647
144Hz,1173,587000,978,200,0.33333333333333331,-0.82504859766412053,1.1164563970343815,-0.83125113320320043,1.0979152325683208
144Hz,1174,587500,979,100,0.16666666666666666,-0.81551561418948293,1.1439580169565189,-0.82345976708501423,1.1210400003547378
144Hz,1175,588000,980,0,0,-0.80575609859979269,1.1711418707628349,-0.81551561418948293,1.1439580169565189
144Hz,1176,588500,980,500,0.83333333333333337,-0.80575609859979269,1.1711418707628349,-0.80738268453140771,1.1666112284617822
144Hz,1177,589000,981,400,0.66666666666666663,-0.79577276187160251,1.1980004073828281,-0.79910054078099924,1.1890475618428304
144Hz,1178,589500,982,300,0.5,-0.78556837715400352,1.2245261661118816,-0.79067056951280301,1.211263286747355
144Hz,1179,590000,983,200,0.33333333333333331,-0.77514577899830617,1.2507117786836817,-0.7820941777687711,1.233254703635815
144Hz,1180,590500,984,100,0.16666666666666666,-0.76450786257066483,1.2765499713169586,-0.77337279292703265,1.2550181441225612
144Hz,1181,591000,985,0,0,-0.75365758284786499,1.3020335667359808,-0.76450786257066483,1.2765499713169586
144Hz,1182,591500,985,500,0.83333333333333337,-0.75365758284786499,1.3020335667359808,-0.755465962801665,1.2977863008328103
144Hz,1183,592000,986,400,0.66666666666666663,-0.74259795379649629,1.3271554861642429,-0.74628449681361919,1.318781513021489
144Hz,1184,592500,987,300,0.5,-0.73133204753573966,1.3519087512907928,-0.73696500066611792,1.3395321187275178
144Hz,1185,593000,988,200,0.33333333333333331,-0.71986299348400096,1.3762864862086508,-0.7275090295184935,1.3600346629300788
144Hz,1186,593500,989,100,0.16666666666666666,-0.70819397748962776,1.4002819193247842,-0.71791815748493881,1.3802857250613398
144Hz,1187,594000,990,0,0,-0.69632824094595192,1.4238883852411051,-0.70819397748962776,1.4002819193247842
144Hz,1188,594500,990,500,0.83333333333333337,-0.69632824094595192,1.4238883852411051,-0.69830586370323122,1.4199539742550515
144Hz,1189,595000,991,400,0.66666666666666663,-0.68426907989090213,1.4470993266059702,-0.68828880024258543,1.4393623461510152
144Hz,1190,595500,992,300,0.5,-0.67201984409143822,1.4699082959356669,-0.67814446199117018,1.4585038112708184
144Hz,1191,596000,993,200,0.33333333333333331,-0.6595839361130601,1.4923089574053814,-0.66787454143197889,1.4773751830922384
144Hz,1192,596500,994,100,0.16666666666666666,-0.64696481037465048,1.51429508860915,-0.65748074848999183,1.4959733126060095
144Hz,1193,597000,995,0,0,-0.63416597218891457,1.5358605822883049,-0.64696481037465048,1.51429508860915
144Hz,1194,597500,995,500,0.83333333333333337,-0.63416597218891457,1.5358605822883049,-0.63629911188653721,1.532266333341779
144Hz,1195,598000,996,400,0.66666666666666663,-0.62119097678868174,1.5569994480279354,-0.62551597525542602,1.5499531594480587
144Hz,1196,598500,997,300,0.5,-0.608043428339341,1.5777058139208915,-0.61461720256401131,1.5673526309744135
144Hz,1197,599000,998,200,0.33333333333333331,-0.59472697893768378,1.5979739281988694,-0.603604611872122,1.5844618520135509
144Hz,1198,599500,999,100,0.16666666666666666,-0.58124532759743275,1.6177981608301255,-0.59248003704764196,1.6012779669707455
144Hz,1199,600000,1000,0,0,-0.56760221922173792,1.6371730050833733,-0.58124532759743275,1.6177981608301255
144Hz,1200,600500,1000,500,0.83333333333333337,-0.56760221922173792,1.6371730050833733,-0.56987607061768708,1.6339438643744986
144Hz,1201,601000,1001,400,0.66666666666666663,-0.55380144356292604,1.6560930790574313,-0.55840170211586337,1.6497863877327452
144Hz,1202,601500,1002,300,0.5,-0.53984683416979107,1.6745531271761955,-0.54682413886635861,1.6653231031168134
144Hz,1203,602000,1003,200,0.33333333333333331,-0.52574226732272,1.6925480216485218,-0.53514531188743408,1.6805514253336378
144Hz,1204,602500,1004,100,0.16666666666666666,-0.5114916609569482,1.7100727638926125,-0.52336716626175805,1.695468812022537
144Hz,1205,603000,1005,0,0,-0.49709897357424393,1.7271224859245109,-0.5114916609569482,1.7100727638926125
144Hz,1206,603500,1005,500,0.83333333333333337,-0.49709897357424393,1.7271224859245109,-0.49949775480469466,1.7242808655858612
144Hz,1207,604000,1006,400,0.66666666666666663,-0.4825682031433246,1.7436924517103189,-0.48741179328696438,1.7381691297817163
144Hz,1208,604500,1007,300,0.5,-0.46790338598930992,1.7597780584817631,-0.47523579456631726,1.751735255096041
144Hz,1209,605000,1008,200,0.33333333333333331,-0.45310859567252043,1.7753748380147401,-0.46297178921704679,1.7649769849927555
144Hz,1210,605500,1009,100,0.16666666666666666,-0.43818794185693299,1.7904784578704906,-0.45062182003658918,1.7778921079906984
144Hz,1211,606000,1010,0,0,-0.42314556916860752,1.8050847225990552,-0.43818794185693299,1.7904784578704906
144Hz,1212,606500,1010,500,0.83333333333333337,-0.42314556916860752,1.8050847225990552,-0.42565263128332842,1.8026503451442943
144Hz,1213,607000,1011,400,0.66666666666666663,-0.4079856560444019,1.8191895749046754,-0.41303896041913712,1.8144879574694686
144Hz,1214,607500,1012,300,0.5,-0.39271241357129505,1.8327890967728222,-0.40034903480784845,1.8259893358387487
144Hz,1215,608000,1013,200,0.33333333333333331,-0.37733008431664061,1.8458795105585319,-0.38758497048641027,1.8371525680347256
144Hz,1216,608500,1014,100,0.16666666666666666,-0.36184294114967602,1.8584571800357532,-0.37474889378881321,1.8479757888047355
144Hz,1217,609000,1015,0,0,-0.34625528605461431,1.870518611407409,-0.36184294114967602,1.8584571800357532
144Hz,1218,609500,1015,500,0.83333333333333337,-0.34625528605461431,1.870518611407409,-0.34885322857045792,1.8685083728454666
144Hz,1219,610000,1016,400,0.66666666666666663,-0.33057144893564849,1.8820604542758963,-0.33579939464197045,1.8782131733197338
144Hz,1220,610500,1017,300,0.5,-0.31479578641420058,1.8930795025737512,-0.32268361767492454,1.8875699784248239
144Hz,1221,611000,1018,200,0.33333333333333331,-0.29893268061874873,1.9035726954542247,-0.30950808448238332,1.8965772335339091
144Hz,1222,611500,1019,100,0.16666666666666666,-0.2829865379675694,1.9135371181415164,-0.29627499017688552,1.9052334325687734
144Hz,1223,612000,1020,0,0,-0.26696178794473241,1.9229700027404353,-0.2829865379675694,1.9135371181415164
144Hz,1224,612500,1020,500,0.83333333333333337,-0.26696178794473241,1.9229700027404353,-0.2696325796152052,1.9213978553072821
144Hz,1225,613000,1021,400,0.66666666666666663,-0.25086288186968858,1.9318687290052596,-0.25622918389470317,1.9289024869169848
144Hz,1226,613500,1022,300,0.5,-0.23469429166079206,1.9402308250675826,-0.24277858676524033,1.9360497770364211
144Hz,1227,614000,1023,200,0.33333333333333331,-0.21846050859310087,1.9480539681229423,-0.22928303063822836,1.9428385394193692
144Hz,1228,614500,1024,100,0.16666666666666666,-0.20216604205080049,1.9553359850760457,-0.21574476416938415,1.9492676376151261
144Hz,1229,615000,1025,0,0,-0.18581541827459711,1.9620748531444057,-0.20216604205080049,1.9553359850760457
144Hz,1230,615500,1025,500,0.83333333333333337,-0.18581541827459711,1.9620748531444057,-0.18854052223729767,1.9609517084663457
144Hz,1231,616000,1026,400,0.66666666666666663,-0.16941317910442855,1.9682687004202255,-0.1748805921611514,1.9662040846616189
144Hz,1232,616500,1027,300,0.5,-0.15296388071784212,1.9739158063903732,-0.16118852991113533,1.9710922534052995
144Hz,1233,617000,1028,200,0.33333333333333331,-0.13647209236438959,1.9790146024143014,-0.14746661793335794,1.9756154050650161
144Hz,1234,617500,1029,100,0.16666666666666666,-0.11994239509639142,1.9835636721597811,-0.13371714281972324,1.9797727807052148
144Hz,1235,618000,1030,0,0,-0.10337938049642202,1.9875617519963276,-0.11994239509639142,1.9835636721597811
144Hz,1236,618500,1030,500,0.83333333333333337,-0.10337938049642202,1.9875617519963276,-0.10613988292975025,1.9868954053569032
144Hz,1237,619000,1031,400,0.66666666666666663,-0.086787649401870282,1.9910077313462082,-0.092318226433387524,1.9898590715629147
144Hz,1238,619500,1032,300,0.5,-0.070171810626929135,1.9939006529929373,-0.078479730014399701,1.9924541921695726
144Hz,1239,620000,1033,200,0.33333333333333331,-0.053536479682369402,1.9962397133471683,-0.064626700312075902,1.9946803397776811
144Hz,1240,620500,1034,100,0.16666666666666666,-0.036886277493453454,1.9980242626699141,-0.050761445984216745,1.9965371382342927
144Hz,1241,621000,1035,0,0,-0.020225829116344879,1.9992538052530291,-0.036886277493453454,1.9980242626699141
144Hz,1242,621500,1035,500,0.83333333333333337,-0.020225829116344879,1.9992538052530291,-0.02300257051252964,1.9990488814891767
144Hz,1243,622000,1036,400,0.66666666666666663,-0.003559762453370652,1.9999279995569073,-0.0091151180076953948,1.9997032681222813
144Hz,1244,622500,1037,300,0.5,0.013107293032507291,2.0000466583053531,0.00477376528956832,1.9999873289311303
144Hz,1245,623000,1038,200,0.33333333333333331,0.029770707603653981,1.9996097485376028,0.018661764556222857,1.9999010217161031
144Hz,1246,623500,1039,100,0.16666666666666666,0.046425852533799654,1.998617391617481,0.032546565092011592,1.9994443557175825
144Hz,1247,624000,1040,0,0,0.063068101393797052,1.9970698631996877,0.046425852533799654,1.998617391617481
144Hz,1248,624500,1040,500,0.83333333333333337,0.063068101393797052,1.9970698631996877,0.060294393250464151,1.9973277846026531
144Hz,1249,625000,1041,400,0.66666666666666663,0.079692831336740613,1.9949675931532278,0.074151254689092755,1.9956683498353811
144Hz,1250,625500,1042,300,0.5,0.096295424382090641,1.9923111654420032,0.087994127859415627,1.9936393792976155
144Hz,1251,626000,1043,200,0.33333333333333331,0.11287126869844565,1.9891013179626,0.10182070582087564,1.9912412162822022
144Hz,1252,626500,1044,100,0.16666666666666666,0.12941575988460663,1.9853389423393186,0.11562868389613914,1.9884742553587198
144Hz,1253,627000,1045,0,0,0.14592430224857744,1.9810250836764984,0.12941575988460663,1.9853389423393186
144Hz,1254,627500,1045,500,0.83333333333333337,0.14592430224857744,1.9810250836764984,0.14317287852124896,1.9817440601203018
144Hz,1255,628000,1046,400,0.66666666666666663,0.16239231008414587,1.9761609402682125,0.1569029741389564,1.977782321404308
144Hz,1256,628500,1047,300,0.5,0.17881520894469094,1.9707478632654076,0.17060375951441842,1.9734544017668101
144Hz,1257,629000,1048,200,0.33333333333333331,0.19518843691386248,1.9647873563005847,0.18427295160108145,1.9687610276104668
144Hz,1258,629500,1049,100,0.16666666666666666,0.21150744587278017,1.9582810750701225,0.19790827174034878,1.9637029760955076
144Hz,1259,630000,1050,0,0,0.22776770276339986,1.9512308268743632,0.21150744587278017,1.9582810750701225
144Hz,1260,630500,1050,500,0.83333333333333337,0.22776770276339986,1.9512308268743632,0.2250576599482966,1.9524058682403229
144Hz,1261,631000,1051,400,0.66666666666666663,0.2439646908476964,1.9436385701155832,0.23856569481959755,1.9461693223685099
144Hz,1262,631500,1052,300,0.5,0.26009391096231299,1.9355064137539932,0.25202930090500469,1.9395724919347881
144Hz,1263,632000,1053,200,0.33333333333333331,0.27615088276832894,1.9268366167219162,0.26544623489765168,1.9326164814099678
144Hz,1264,632500,1054,100,0.16666666666666666,0.29213114599579815,1.9176315872963052,0.27881425997290715,1.925302445150981
144Hz,1265,633000,1055,0,0,0.30803026168271297,1.9078938824297786,0.29213114599579815,1.9176315872963052
144Hz,1266,633500,1055,500,0.83333333333333337,0.30803026168271297,1.9078938824297786,0.30538040906822717,1.9095168332408663
144Hz,1267,634000,1056,400,0.66666666666666663,0.32384381340804924,1.8976262070403549,0.31857262949960385,1.901048765503496
144Hz,1268,634500,1057,300,0.5,0.33956740851854994,1.8868314132600865,0.33170561096329959,1.8922288101502207
144Hz,1269,635000,1058,200,0.33333333333333331,0.35519667934890664,1.8755124996428014,0.34477716546200221,1.883058442054325
144Hz,1270,635500,1059,100,0.16666666666666666,0.37072728443499975,1.8636726103311712,0.35778511352992215,1.8735391847575298
144Hz,1271,636000,1060,0,0,0.38615490971986088,1.8513150341833378,0.37072728443499975,1.8636726103311712
144Hz,1272,636500,1060,500,0.83333333333333337,0.38615490971986088,1.8513150341833378,0.38358363883905072,1.8533746302079765
144Hz,1273,637000,1061,400,0.66666666666666663,0.40147526975202208,1.8384432038593423,0.39636848307463501,1.8427338139673408
144Hz,1274,637500,1062,300,0.5,0.41668410887591883,1.8250606948676082,0.40907968931397043,1.8317519493634753
144Hz,1275,638000,1063,200,0.33333333333333331,0.43177720241401668,1.8111712245717442,0.42171514005528482,1.8204308714356536
144Hz,1276,638500,1064,100,0.16666666666666666,0.4467503578403329,1.7967786511579436,0.43427272831840275,1.8087724623361108
144Hz,1277,639000,1065,0,0,0.46159941594502679,1.7818869725632658,0.4467503578403329,1.7967786511579436
144Hz,1278,639500,1065,500,0.83333333333333337,0.46159941594502679,1.7818869725632658,0.4591245729275778,1.7843689189957121
144Hz,1279,640000,1066,400,0.66666666666666663,0.47632025198973593,1.7665003253650982,0.47141330664149955,1.7716292077644875
144Hz,1280,640500,1067,300,0.5,0.49090877685333684,1.750622983632107,0.48361451442153636,1.7585616544986027
144Hz,1281,641000,1068,200,0.33333333333333331,0.5053609381678118,1.7342593577369958,0.49572616395816188,1.7451684416670701
144Hz,1282,641500,1069,100,0.16666666666666666,0.51967272144390686,1.7174139931314021,0.50774623538049435,1.731451796969397
144Hz,1283,642000,1070,0,0,0.53384015118626749,1.7000915690832719,0.51967272144390686,1.7174139931314021
144Hz,1284,642500,1070,500,0.83333333333333337,0.53384015118626749,1.7000915690832719,0.53147891289587401,1.7029786397579603
144Hz,1285,643000,1071,400,0.66666666666666663,0.54785929199774297,1.6822968973770629,0.54318624506058444,1.6882284546124657
144Hz,1286,643500,1072,300,0.5,0.56172624967255247,1.6640349209771381,0.55479277083514766,1.6731659091771005
144Hz,1287,644000,1073,200,0.33333333333333331,0.5754371722780085,1.6453107126547197,0.56629655720770455,1.6577935182029988
144Hz,1288,644500,1074,100,0.16666666666666666,0.58898825122449838,1.6261294735787861,0.57769568543575678,1.6421138394753976
144Hz,1289,645000,1075,0,0,0.60237572232342596,1.6064965318713029,0.58898825122449838,1.6261294735787861
144Hz,1290,645500,1075,500,0.83333333333333337,0.60237572232342596,1.6064965318713029,0.6001444771402713,1.6097686888225502
144Hz,1291,646000,1076,400,0.66666666666666663,0.61559586683281919,1.5864173411271887,0.61118915199635482,1.5931104047085602
144Hz,1292,646500,1077,300,0.5,0.62864501249031446,1.565897478899428,0.62212043966156683,1.5761574100133084
144Hz,1293,647000,1078,200,0.33333333333333331,0.64151953453322907,1.5449426451497508,0.63293651983795274,1.5589125343162022
144Hz,1294,647500,1079,100,0.16666666666666666,0.65421585670544002,1.5235586606653098,0.64363558822859757,1.5413786477356772
144Hz,1295,648000,1080,0,0,0.66673045225078831,1.5017514654417952,0.65421585670544002,1.5235586606653098
144Hz,1296,648500,1080,500,0.83333333333333337,0.66673045225078831,1.5017514654417952,0.66464468632656359,1.5053859979790476
144Hz,1297,649000,1081,400,0.66666666666666663,0.67905984489273363,1.4795271170334356,0.67495004734541852,1.4869352331695556
144Hz,1298,649500,1082,300,0.5,0.69120060979998654,1.4568917888703445,0.68513022734636009,1.4682094529518901
144Hz,1299,650000,1083,200,0.33333333333333331,0.70314937453785054,1.4338517685436782,0.69518353137927458,1.4492117820947892
144Hz,1300,650500,1084,100,0.16666666666666666,0.7149028200050096,1.4104134560590833,0.70510828211571042,1.4299453831295792
144Hz,1301,651000,1085,0,0,0.7264576813555006,1.3865833620589163,0.7149028200050096,1.4104134560590833
144Hz,1302,651500,1085,500,0.83333333333333337,0.7264576813555006,1.3865833620589163,0.72453187113041873,1.3905550443922776
144Hz,1303,652000,1086,400,0.66666666666666663,0.73781074890561504,1.3623681060137329,0.73402639305557693,1.370439858028794
144Hz,1304,652500,1087,300,0.5,0.74895886902547792,1.3377744143835457,0.74338480896554648,1.3500712601986393
144Hz,1305,653000,1088,200,0.33333333333333331,0.75989894501505595,1.3128091187493631,0.75260556102200393,1.3294526491721517
144Hz,1306,653500,1089,100,0.16666666666666666,0.77062793796435203,1.2874791539155279,0.76168711050660531,1.308587457943724
144Hz,1307,654000,1090,0,0,0.78114286759754692,1.2617915559833828,0.77062793796435203,1.2874791539155279
144Hz,1308,654500,1090,500,0.83333333333333337,0.78114286759754692,1.2617915559833828,0.77939037932534772,1.266072822305407
144Hz,1309,655000,1091,400,0.66666666666666663,0.79144081310085357,1.2357534603967979,0.78800816459975132,1.2444328255923263
144Hz,1310,655500,1092,300,0.5,0.80151891393385444,1.2093720999601028,0.796479863517354,1.2225627801784502
144Hz,1311,656000,1093,200,0.33333333333333331,0.8113743706240959,1.1826548028289743,0.80480406616393496,1.2004663342497266
144Hz,1312,656500,1094,100,0.16666666666666666,0.82100444554471952,1.1556089904748377,0.81297938311086648,1.1781471674366182
144Hz,1313,657000,1095,0,0,0.83040646367491411,1.1282421756233469,0.82100444554471952,1.1556089904748377
144Hz,1314,657500,1095,500,0.83333333333333337,0.83040646367491411,1.1282421756233469,0.82883946065321501,1.1328033114319287
144Hz,1315,658000,1096,400,0.66666666666666663,0.83957781334297676,1.1005619601675165,0.83652069678695584,1.1097886986527934
144Hz,1316,658500,1097,300,0.5,0.84851594695177746,1.0725760330560838,0.84404688014737705,1.0865689966118002
144Hz,1317,659000,1098,200,0.33333333333333331,0.85721838168642484,1.0442921681576913,0.85141675852999332,1.0631480780899532
144Hz,1318,659500,1099,100,0.16666666666666666,0.86568270020393712,1.0157182221014771,0.85862910143934357,1.0395298438149889
144Hz,1319,660000,1100,0,0,0.87390655130472616,0.98686213209467921,0.86568270020393712,1.0157182221014771
144Hz,1320,660500,1100,500,0.83333333333333337,0.87390655130472616,0.98686213209467921,0.87253590945459469,0.99167148042914555
144Hz,1321,661000,1101,400,0.66666666666666663,0.88188765058570828,0.95773191371785504,0.87922728415871432,0.9674419865101298
144Hz,1322,661500,1102,300,0.5,0.88962378107486106,0.92833565869833146,0.88575571583028467,0.94303378620809331
144Hz,1323,662000,1103,200,0.33333333333333331,0.89711279384704856,0.89868153266250272,0.89212011866559027,0.91845095001972199
144Hz,1324,662500,1104,100,0.16666666666666666,0.90435260862094524,0.86877777286760116,0.89831942964269806,0.89369757269668582
144Hz,1325,663000,1105,0,0,0.91134121433689164,0.83863268591356965,0.90435260862094524,0.86877777286760116
144Hz,1326,663500,1105,500,0.83333333333333337,0.91134121433689164,0.83863268591356965,0.91017644671756726,0.84365686707257492
144Hz,1327,664000,1106,400,0.66666666666666663,0.91807666971552226,0.80825464543567327,0.91583151792264539,0.81838065892830536
144Hz,1328,664500,1107,300,0.5,0.92455710379700973,0.77765208977848921,0.921316886756266,0.79295336760708124
144Hz,1329,665000,1108,200,0.33333333333333331,0.93078071646077576,0.74683351965192224,0.92663164135159848,0.76737923306963363
144Hz,1330,665500,1109,100,0.16666666666666666,0.93674577892552491,0.71580749576989633,0.93177489353823395,0.74166251567158459
144Hz,1331,666000,1110,0,0,0.9424506342294614,0.68458263647237882,0.93674577892552491,0.71580749576989633
144Hz,1332,666500,1110,500,0.83333333333333337,0.9424506342294614,0.68458263647237882,0.94149982501213858,0.68978677968863167
144Hz,1333,667000,1111,400,0.66666666666666663,0.94789369769055642,0.65316761533139678,0.94607934320352471,0.66363928904505742
144Hz,1334,667500,1112,300,0.5,0.95307345734673732,0.62157115874171154,0.95048357751864687,0.63736938703655421
144Hz,1335,668000,1113,200,0.33333333333333331,0.95798847437587753,0.58980204349682031,0.95471179635645076,0.61098145366008116
144Hz,1336,668500,1114,100,0.16666666666666666,0.96263738349546879,0.55786909435095777,0.95876329256247605,0.58447988530584327
144Hz,1337,669000,1115,0,0,0.96701889334186697,0.52578118156777554,0.96263738349546879,0.55786909435095777
144Hz,1338,669500,1115,500,0.83333333333333337,0.96701889334186697,0.52578118156777554,0.96628864170080053,0.53112916703163926
144Hz,1339,670000,1116,400,0.66666666666666663,0.97113178682900347,0.49354721845637994,0.96976082233329131,0.50429187282684518
144Hz,1340,670500,1117,300,0.5,0.97497492148646525,0.46117615889541314,0.97305335415773442,0.47736168867589657
144Hz,1341,671000,1118,200,0.33333333333333331,0.97854722977684749,0.4286769948458643,0.97616569091659267,0.45034310421223023
144Hz,1342,671500,1119,100,0.16666666666666666,0.98184771939229165,0.39605875385330269,0.97909731137942158,0.42324062134710405
144Hz,1343,672000,1120,0,0,0.98487547353012683,0.36333049654022631,0.98184771939229165,0.39605875385330269
144Hz,1344,672500,1120,500,0.83333333333333337,0.98487547353012683,0.36333049654022631,0.98437084784048767,0.36878520609240573
144Hz,1345,673000,1121,400,0.66666666666666663,0.98762965114753698,0.33050131408922206,0.98671159194173363,0.34144437490622348
144Hz,1346,673500,1122,300,0.5,0.99010948719518399,0.29758032571763748,0.98886956917136049,0.3140408199034298
144Hz,1347,674000,1123,200,0.33333333333333331,0.99231429282972117,0.26457667614446467,0.99084442240669646,0.28657910919324658
144Hz,1348,674500,1124,100,0.16666666666666666,0.99424345560513905,0.23149953305014062,0.99263581995895755,0.25906381896207736
144Hz,1349,675000,1125,0,0,0.99589643964288876,0.19835808452996931,0.99424345560513905,0.23149953305014062
144Hz,1350,675500,1125,500,0.83333333333333337,0.99589643964288876,0.19835808452996931,0.99562094230326381,0.20388165928333118
144Hz,1351,676000,1126,400,0.66666666666666663,0.99727278578073775,0.16516153654187302,0.99681400373478801,0.17622705253790513
144Hz,1352,676500,1127,300,0.5,0.99837211170031426,0.13191911034918175,0.99782244874052606,0.14854032344552737
144Hz,1353,677000,1128,200,0.33333333333333331,0.99919411203330732,0.098640039959171269,0.99864611181131202,0.12082608688584492
144Hz,1354,677500,1129,100,0.16666666666666666,0.99973855844629111,0.065333569558061022,0.99928485310213799,0.09308896155898623
144Hz,1355,678000,1130,0,0,1.0000052997041511,0.03200895094318465,0.99973855844629111,0.065333569558061022
144Hz,1356,678500,1130,500,0.83333333333333337,1.0000052997041511,0.03200895094318465,0.99996084282784115,0.03756305404566404
144Hz,1357,679000,1131,400,0.66666666666666663,0.99999426171209316,-0.0013245590469537192,0.99999794104277917,0.0097866109497590711
144Hz,1358,679500,1132,300,0.5,0.99970544753622625,-0.03465770110402349,0.99984985462415965,-0.017991130075488606
144Hz,1359,680000,1133,200,0.33333333333333331,0.99913893740271043,-0.067981216021897703,0.99951661082505439,-0.045765539409981564
144Hz,1360,680500,1134,100,0.16666666666666666,0.99829488867547167,-0.10128584726865472,0.99899826261483737,-0.073531987896357204
144Hz,1361,681000,1135,0,0,0.99717353581248969,-0.13456234355783711,0.99829488867547167,-0.10128584726865472
144Hz,1362,681500,1135,500,0.83333333333333337,0.99717353581248969,-0.13456234355783711,0.99736042795632007,-0.12901626084297338
144Hz,1363,682000,1136,400,0.66666666666666663,0.99577519030067085,-0.16780146141825344,0.99624130547127709,-0.15672175546478134
144Hz,1364,682500,1137,300,0.5,0.99410024056932411,-0.20099396776160913,0.99493771543499743,-0.18439771458993129
144Hz,1365,683000,1138,200,0.33333333333333331,0.99214915188226371,-0.23413064244725326,0.99344987767363735,-0.21203952599015718
144Hz,1366,683500,1139,100,0.16666666666666666,0.98992246620856927,-0.2672022808433287,0.99177803760331462,-0.23964258217993251
144Hz,1367,684000,1140,0,0,0.98742080207203919,-0.30019969638361432,0.98992246620856927,-0.2672022808433287
144Hz,1368,684500,1140,500,0.83333333333333337,0.98742080207203919,-0.30019969638361432,0.98783774609479424,-0.29470012712690008
144Hz,1369,685000,1141,400,0.66666666666666663,0.98464485437937799,-0.33311372311934895,0.98557017027693172,-0.32214238087410407
144Hz,1370,685500,1142,300,0.5,0.98159539422716691,-0.36593521826532821,0.98312012430327245,-0.34952447069233861
144Hz,1371,686000,1143,200,0.33333333333333331,0.97827326868767051,-0.39865506473956713,0.98048801904733485,-0.37684183375674118
144Hz,1372,686500,1144,100,0.16666666666666666,0.97467940057353863,-0.43126417369582282,0.97767429066864853,-0.40408991623227641
144Hz,1373,687000,1145,0,0,0.97081478818146971,-0.46375348704827413,0.97467940057353863,-0.43126417369582282
144Hz,1374,687500,1145,500,0.83333333333333337,0.97081478818146971,-0.46375348704827413,0.97145889024681453,-0.45833860148953226
144Hz,1375,688000,1146,400,0.66666666666666663,0.96668050501490588,-0.49611397998765644,0.96805859940376049,-0.48532714900786234
144Hz,1376,688500,1147,300,0.5,0.96227769948583797,-0.52833666348815334,0.96447910225037192,-0.51222532173790492
144Hz,1377,689000,1148,200,0.33333333333333331,0.95760759459580169,-0.56041258680434791,0.96072099785582599,-0.53902863792688493
144Hz,1378,689500,1149,100,0.16666666666666666,0.9526714875961555,-0.59233283995754127,0.95678491009586064,-0.56573262899654686
144Hz,1379,690000,1150,0,0,0.94747074962773259,-0.62408855621074644,0.9526714875961555,-0.59233283995754127
144Hz,1380,690500,1150,500,0.83333333333333337,0.94747074962773259,-0.62408855621074644,0.94833753928913633,-0.61879593683521228
144Hz,1381,691000,1151,400,0.66666666666666663,0.94200682533996871,-0.65567091453167081,0.94382813343589,-0.64514346175802939
144Hz,1382,691500,1152,300,0.5,0.93628123248961037,-0.68707114204300312,0.93914402891478954,-0.67137102828733697
144Hz,1383,692000,1153,200,0.33333333333333331,0.93029556151911597,-0.71828051645932345,0.93428600883277901,-0.69747426684844327
144Hz,1384,692500,1154,100,0.16666666666666666,0.92405147511486629,-0.74929036850996067,0.92925488045174109,-0.72344882513442965
144Hz,1385,693000,1155,0,0,0.91755070774530689,-0.78009208434712285,0.92405147511486629,-0.74929036850996067
144Hz,1386,693500,1155,500,0.83333333333333337,0.91755070774530689,-0.78009208434712285,0.91863416897356676,-0.77495846504092913
144Hz,1387,694000,1156,400,0.66666666666666663,0.91079506517915165,-0.81067710793863312,0.91304694603453673,-0.80048210007479637
144Hz,1388,694500,1157,300,0.5,0.90378642398377995,-0.84103694344460489,0.90729074458146575,-0.82585702569161901
144Hz,1389,695000,1158,200,0.33333333333333331,0.89652673100396829,-0.8711631575773976,0.90136652632384273,-0.8510790148222025
144Hz,1390,695500,1159,100,0.16666666666666666,0.8890180028211,-0.90104738194419653,0.89527527630682358,-0.87614386163853075
144Hz,1391,696000,1160,0,0,0.88126232519300363,-0.93068131537156651,0.8890180028211,-0.90104738194419653
144Hz,1392,696500,1160,500,0.83333333333333337,0.88126232519300363,-0.93068131537156651,0.88255493813101971,-0.92574232646700483
144Hz,1393,697000,1161,400,0.66666666666666663,0.87326185247457588,-0.96005672621133331,0.87592867671405183,-0.95026492259807771
144Hz,1394,697500,1162,300,0.5,0.86501880701934963,-0.98916545462715255,0.86914032974696276,-0.97461109041924288
144Hz,1395,698000,1163,200,0.33333333333333331,0.85653547856217349,-1.0179994148611309,0.86219103086695759,-0.99877677470514536
144Hz,1396,698500,1164,100,0.16666666666666666,0.8478142235831746,-1.0465505974798699,0.85508193606567373,-1.0227579452975875
144Hz,1397,699000,1165,0,0,0.83885746465318034,-1.0748110715993091,0.8478142235831746,-1.0465505974798699
144Hz,1398,699500,1165,500,0.83333333333333337,0.83885746465318034,-1.0748110715993091,0.8403502578081794,-1.0701009925794025
144Hz,1399,700000,1166,400,0.66666666666666663,0.82966768976078242,-1.1027729870877485,0.83273094805824843,-1.0934523485916021
144Hz,1400,700500,1167,300,0.5,0.8202474516212287,-1.1304285767464413,0.8249575706910055,-1.1166007819170949
144Hz,1401,701000,1168,200,0.33333333333333331,0.81059936696733581,-1.1577701584671489,0.8170314234032644,-1.1395424373200105
144Hz,1402,701500,1169,100,0.16666666666666666,0.80072611582261866,-1.1847901373660601,0.80895382510988301,-1.1622734882836341
144Hz,1403,702000,1170,0,0,0.79063044075683964,-1.2114810078934808,0.80072611582261866,-1.1847901373660601
144Hz,1404,702500,1170,500,0.83333333333333337,0.79063044075683964,-1.2114810078934808,0.79231305326780277,-1.2070325294722439
144Hz,1405,703000,1171,400,0.66666666666666663,0.78031514612418373,-1.2378353559187087,0.78375357766840237,-1.2290505732436328
144Hz,1406,703500,1172,300,0.5,0.76978309728427108,-1.2638458607895149,0.77504912170422746,-1.2508406083541117
144Hz,1407,704000,1173,200,0.33333333333333331,0.75903721980622396,-1.2895052973656573,0.76620113812492208,-1.2723990063148958
144Hz,1408,704500,1174,100,0.16666666666666666,0.74808049865600845,-1.3148065380258649,0.75721109961452138,-1.2937221708090252
144Hz,1409,705000,1175,0,0,0.73691597736727732,-1.3397425546477317,0.74808049865600845,-1.3148065380258649
144Hz,1410,705500,1175,500,0.83333333333333337,0.73691597736727732,-1.3397425546477317,0.73877673091539919,-1.3355865518774206
144Hz,1411,706000,1176,400,0.66666666666666663,0.72554675719594419,-1.3643064205599742,0.72933649725305527,-1.3561184652558933
144Hz,1412,706500,1177,300,0.5,0.71397599625872332,-1.3884913124665057,0.71976137672733376,-1.3763988665132398
144Hz,1413,707000,1178,200,0.33333333333333331,0.70220690865587498,-1.4122905123417964,0.71005296705777388,-1.3964243790916027
144Hz,1414,707500,1179,100,0.16666666666666666,0.69024276357840009,-1.4356974092969923,0.70021288447629582,-1.4161916618343291
144Hz,1415,708000,1180,0,0,0.67808688439993114,-1.4587055014162722,0.69024276357840009,-1.4356974092969923
144Hz,1416,708500,1180,500,0.83333333333333337,0.67808688439993114,-1.4587055014162722,0.68011286426300921,-1.4548708193963922
144Hz,1417,709000,1181,400,0.66666666666666663,0.66574264775357339,-1.4813083975629366,0.66985739330235927,-1.4737740988473818
144Hz,1418,709500,1182,300,0.5,0.65321348259395073,-1.5034998191547224,0.65947806517376206,-1.4924041083588295
144Hz,1419,710000,1183,200,0.33333333333333331,0.64050286924471866,-1.5252736019078541,0.64897661147754004,-1.5107577467390998
144Hz,1420,710500,1184,100,0.16666666666666666,0.62761433843180747,-1.5466236975493448,0.63835478077590013,-1.5288319511814359
144Hz,1421,711000,1185,0,0,0.61455147030266521,-1.5675441754970718,0.62761433843180747,-1.5466236975493448
144Hz,1422,711500,1185,500,0.83333333333333337,0.61455147030266521,-1.5675441754970718,0.61672861499085563,-1.5640574291724507
144Hz,1423,712000,1186,400,0.66666666666666663,0.60131789343177222,-1.5880292245071606,0.60572908572206985,-1.5812008748371311
144Hz,1424,712500,1187,300,0.5,0.58791728381270369,-1.6080731542882196,0.59461758862223801,-1.5980511893976901
144Hz,1425,713000,1188,200,0.33333333333333331,0.57435336383702051,-1.6276703970819764,0.58339597715414271,-1.6146055685528053
144Hz,1426,713500,1189,100,0.16666666666666666,0.56062990126027157,-1.6468155092098771,0.57206612007422908,-1.6308612491032932
144Hz,1427,714000,1190,0,0,0.54675070815539473,-1.6655031725852194,0.56062990126027157,-1.6468155092098771
144Hz,1428,714500,1190,500,0.83333333333333337,0.54675070815539473,-1.6655031725852194,0.54906390700620755,-1.6623885620226622
144Hz,1429,715000,1191,400,0.66666666666666663,0.5327196398538081,-1.6837281961903992,0.53739666262100361,-1.6776531883220058
144Hz,1430,715500,1192,300,0.5,0.51854059387448426,-1.7014855175188595,0.52563011686414618,-1.6926068568546293
144Hz,1431,716000,1193,200,0.33333333333333331,0.50421750884130645,-1.7187702039813422,0.51376623219675832,-1.7072470796730206
144Hz,1432,716500,1194,100,0.16666666666666666,0.48975436338900602,-1.7355774542760525,0.50180698459925643,-1.721571412363794
144Hz,1433,717000,1195,0,0,0.47515517505798643,-1.7519025997223527,0.48975436338900602,-1.7355774542760525
144Hz,1434,717500,1195,500,0.83333333333333337,0.47515517505798643,-1.7519025997223527,0.47758837311315633,-1.7491817421479692
144Hz,1435,718000,1196,400,0.66666666666666663,0.46042399917833959,-1.7677411055576189,0.46533439113822184,-1.7624616036125302
144Hz,1436,718500,1197,300,0.5,0.44556492774336548,-1.7830885721968968,0.45299446346085254,-1.7754148388772579
144Hz,1437,719000,1198,200,0.33333333333333331,0.43058208827290706,-1.7979407364550088,0.44057064791987938,-1.7880392936162675
144Hz,1438,719500,1199,100,0.16666666666666666,0.41547964266681731,-1.8122934727307725,0.42806501400522545,-1.8003328591676362
144Hz,1439,720000,1200,0,0,0.40026178604887563,-1.8261427941529997,0.41547964266681731,-1.8122934727307725
144Hz,1440,720500,1200,500,0.83333333333333337,0.40026178604887563,-1.8261427941529997,0.40279809548519929,-1.8238345739159618
144Hz,1441,721000,1201,400,0.66666666666666663,0.38493274560147595,-1.8394848536879622,0.39004242575060921,-1.8350375005096413
144Hz,1442,721500,1202,300,0.5,0.36949677939140918,-1.8523159452080113,0.37721476249644259,-1.8459003994479868
144Hz,1443,722000,1203,200,0.33333333333333331,0.35395817518706701,-1.8646325045210583,0.36431724465662846,-1.8564214649790272
144Hz,1444,722500,1204,100,0.16666666666666666,0.3383212492673951,-1.8764311103606273,0.35135202086712169,-1.8665989388276532
144Hz,1445,723000,1205,0,0,0.32259034522292668,-1.8877084853362072,0.3383212492673951,-1.8764311103606273
144Hz,1446,723500,1205,500,0.83333333333333337,0.32259034522292668,-1.8877084853362072,0.32521216256367141,-1.8858289228402774
144Hz,1447,724000,1206,400,0.66666666666666663,0.3067698327492297,-1.898461496843638,0.31204333690712871,-1.8948771596744944
144Hz,1448,724500,1207,300,0.5,0.2908641064331024,-1.9086871579352789,0.29881696959116605,-1.9035743273894585
144Hz,1449,725000,1208,200,0.33333333333333331,0.27487758453185479,-1.9183826281497156,0.28553526579935323,-1.9119189813400912
144Hz,1450,725500,1209,100,0.16666666666666666,0.258814707746015,-1.9275452143007774,0.27220043840088148,-1.9199097258415594
144Hz,1451,726000,1210,0,0,0.24267993798580129,-1.9361723712256447,0.258814707746015,-1.9275452143007774
144Hz,1452,726500,1210,500,0.83333333333333337,0.24267993798580129,-1.9361723712256447,0.24536906627917024,-1.9347345117381667
144Hz,1453,727000,1211,400,0.66666666666666663,0.22647775713170262,-1.9442617024918381,0.23187848408306885,-1.9415652587364403
144Hz,1454,727500,1212,300,0.5,0.21021266578951184,-1.9518109610628949,0.21834521146060723,-1.9480363317773666
144Hz,1455,728000,1213,200,0.33333333333333331,0.19388918204015729,-1.9588180499225452,0.20477150453972701,-1.954146657349445
144Hz,1456,728500,1214,100,0.16666666666666666,0.17751184018468047,-1.965281022657217,0.1911596250642445,-1.9598952120449904
144Hz,1457,729000,1215,0,0,0.1610851894847079,-1.9711980839967065,0.17751184018468047,-1.965281022657217
144Hz,1458,729500,1215,500,0.83333333333333337,0.1610851894847079,-1.9711980839967065,0.16382296460137,-1.9702119071067914
144Hz,1459,730000,1216,400,0.66666666666666663,0.14461379289876738,-1.9765675903128634,0.15010425842741423,-1.9747777548741445
144Hz,1460,730500,1217,300,0.5,0.12810222581479941,-1.9813880500761556,0.13635800935678338,-1.9789778201945096
144Hz,1461,731000,1218,200,0.33333333333333331,0.11155507477921622,-1.9856581242699822,0.12258650880293835,-1.9828114081407646
144Hz,1462,731500,1219,100,0.16666666666666666,0.094976936222861033,-1.9893766267626227,0.10879205168649037,-1.9862778746854224
144Hz,1463,732000,1220,0,0,0.078372415184221722,-1.9925425246367181,0.094976936222861033,-1.9893766267626227
144Hz,1464,732500,1220,500,0.83333333333333337,0.078372415184221722,-1.9925425246367181,0.081139835357328272,-1.9920148749910354
144Hz,1465,733000,1221,400,0.66666666666666663,0.061746124030253452,-1.9951549384761922,0.067288221081576213,-1.9942841338630342
144Hz,1466,733500,1222,300,0.5,0.045102681175165672,-1.997213142610534,0.053424402602709559,-1.9961840405433631
144Hz,1467,734000,1223,200,0.33333333333333331,0.028446709797529234,-1.9987165653163728,0.039550690715953532,-1.9977142835124804
144Hz,1468,734500,1224,100,0.16666666666666666,0.011782836556060147,-1.9996647889762904,0.025669397590617721,-1.9988746025930257
144Hz,1469,735000,1225,0,0,-0.0048843096955634002,-2.0000575501948257,0.011782836556060147,-1.9996647889762904
144Hz,1470,735500,1225,500,0.83333333333333337,-0.0048843096955634002,-2.0000575501948257,-0.002106451986959476,-1.9999920899917365
144Hz,1471,736000,1226,400,0.66666666666666663,-0.021550099194493737,-1.9998947398716402,-0.015994836028183624,-1.9999490099793686
144Hz,1472,736500,1227,300,0.5,-0.038209902554758937,-1.9991764032318238,-0.029880000874626337,-1.999535571551732
144Hz,1473,737000,1228,200,0.33333333333333331,-0.05485909205320337,-1.9979027398133318,-0.043759632387573751,-1.9987518487589933
144Hz,1474,737500,1229,100,0.16666666666666666,-0.071493042914966359,-1.9960741034115583,-0.057631417196830535,-1.9975979670797028
144Hz,1475,738000,1230,0,0,-0.088107134598141859,-1.9936910019810594,-0.071493042914966359,-1.9960741034115583
144Hz,1476,738500,1230,500,0.83333333333333337,-0.088107134598141859,-1.9936910019810594,-0.085338119317612607,-1.9940881855528092
144Hz,1477,739000,1231,400,0.66666666666666663,-0.10469675207726231,-1.9907540974944546,-0.099166879584222156,-1.9917330656566563
144Hz,1478,739500,1232,300,0.5,-0.12125728712525019,-1.9872642057585459,-0.11297701960125625,-1.9890091516265003
144Hz,1479,740000,1233,200,0.33333333333333331,-0.13778413959348107,-1.9832222961877042,-0.12676623794799383,-1.9859169025682655
144Hz,1480,740500,1234,100,0.16666666666666666,-0.15427271868960263,-1.9786294915345881,-0.14053223610950133,-1.9824568287455182
144Hz,1481,741000,1235,0,0,-0.17071844425275487,-1.9734870675782681,-0.15427271868960263,-1.9786294915345881
144Hz,1482,741500,1235,500,0.83333333333333337,-0.17071844425275487,-1.9734870675782681,-0.1679774899922295,-1.9743441382376548
144Hz,1483,742000,1236,400,0.66666666666666663,-0.18711674802583689,-1.9677964527698428,-0.18165064676814288,-1.9696933243726513
144Hz,1484,742500,1237,300,0.5,-0.2034630749244673,-1.9615592278356482,-0.19528991147515209,-1.9646778403027456
144Hz,1485,743000,1238,200,0.33333333333333331,-0.21975288430228535,-1.9547771253381658,-0.20889301138374,-1.9592985270031542
144Hz,1486,743500,1239,100,0.16666666666666666,-0.23598165121224166,-1.9474520291947564,-0.22245767878727807,-1.9535562759809311
144Hz,1487,744000,1240,0,0,-0.25214486766352789,-1.9395859741543482,-0.23598165121224166,-1.9474520291947564
144Hz,1488,744500,1240,500,0.83333333333333337,-0.25214486766352789,-1.9395859741543482,-0.24945099825498018,-1.9408969833277496
144Hz,1489,745000,1241,400,0.66666666666666663,-0.26823804387379646,-1.9311811452322305,-0.26287365180370692,-1.9339827548729365
144Hz,1490,745500,1242,300,0.5,-0.28425670951632231,-1.922239877103104,-0.27624737669505939,-1.9267105111676672
144Hz,1491,746000,1243,200,0.33333333333333331,-0.30019641496176031,-1.91276465345256,-0.28956994466480168,-1.9190814692195894
144Hz,1492,746500,1244,100,0.16666666666666666,-0.31605273251415339,-1.9027581062871679,-0.30283913455382583,-1.9110968955916614
144Hz,1493,747000,1245,0,0,-0.33182125764084808,-1.8922230152033628,-0.31605273251415339,-1.9027581062871679
144Hz,1494,747500,1245,500,0.83333333333333337,-0.33182125764084808,-1.8922230152033628,-0.32919317011973231,-1.8939788637173303
144Hz,1495,748000,1246,400,0.66666666666666663,-0.34749761019597586,-1.8811623066153345,-0.34227215934426664,-1.8848492094780107
144Hz,1496,748500,1247,300,0.5,-0.36307743563716033,-1.8695790529421352,-0.35528752291656807,-1.8753706797787348
144Hz,1497,749000,1248,200,0.33333333333333331,-0.37855640623511222,-1.8574764717542298,-0.36823709250314429,-1.8655448592128334
144Hz,1498,749500,1249,100,0.16666666666666666,-0.39393022227577662,-1.8448579248797261,-0.38111870890855631,-1.8553733806084793
144Hz,1499,750000,1250,0,0,-0.40919461325469775,-1.8317269174705335,-0.39393022227577662,-1.8448579248797261
144Hz,1500,750500,1250,500,0.83333333333333337,-0.40919461325469775,-1.8317269174705335,-0.40665054809154422,-1.833915418705399
144Hz,1501,751000,1251,400,0.66666666666666663,-0.42434533906327032,-1.8180870970287102,-0.41929509712707946,-1.8226337038426514
144Hz,1502,751500,1252,300,0.5,-0.43937819116654753,-1.8039422523932678,-0.43186176511490892,-1.811014674710989
144Hz,1503,752000,1253,200,0.33333333333333331,-0.45428899377227849,-1.7892963126877162,-0.44434845870179118,-1.7990602724914173
144Hz,1504,752500,1254,100,0.16666666666666666,-0.46907360499085049,-1.7741533462286403,-0.45675309564204047,-1.786772484944537
144Hz,1505,753000,1255,0,0,-0.48372791798581394,-1.7585175593956119,-0.46907360499085049,-1.7741533462286403
144Hz,1506,753500,1255,500,0.83333333333333337,-0.48372791798581394,-1.7585175593956119,-0.48128553248665334,-1.7611235238677834
144Hz,1507,754000,1256,400,0.66666666666666663,-0.4982478621146702,-1.7423932954627515,-0.49340788073838476,-1.7477680501070383
144Hz,1508,754500,1257,300,0.5,-0.51262940405960578,-1.7257850333922624,-0.50543863308713799,-1.7340891644275069
144Hz,1509,755000,1258,200,0.33333333333333331,-0.52686854894785806,-1.7086973865902755,-0.5173757856890232,-1.7200891511249334
144Hz,1510,755500,1259,100,0.16666666666666666,-0.54096134146140262,-1.6911351016253469,-0.52921734770011553,-1.7057703390961207
144Hz,1511,756000,1260,0,0,-0.5549038669356523,-1.6731030569099667,-0.54096134146140262,-1.6911351016253469
144Hz,1512,756500,1260,500,0.83333333333333337,-0.5549038669356523,-1.6731030569099667,-0.552580112689944,-1.6761083976958633
144Hz,1513,757000,1261,400,0.66666666666666663,-0.56869225244686439,-1.6546062613454451,-0.56409612394312703,-1.6607718598669523
144Hz,1514,757500,1262,300,0.5,-0.58232266788795228,-1.6356498529305497,-0.57550746016740839,-1.6451280571379974
144Hz,1515,758000,1263,200,0.33333333333333331,-0.59579132703240467,-1.6162390973342846,-0.58681222093610308,-1.629179601065128
144Hz,1516,758500,1264,100,0.16666666666666666,-0.60909448858601467,-1.5963793864332045,-0.59800852062467302,-1.6129291455174379
144Hz,1517,759000,1265,0,0,-0.62222845722612863,-1.5760762368136707,-0.60909448858601467,-1.5963793864332045
144Hz,1518,759500,1265,500,0.83333333333333337,-0.62222845722612863,-1.5760762368136707,-0.6200394624527763,-1.5794600950835929
144Hz,1519,760000,1266,400,0.66666666666666663,-0.63518958462812414,-1.5553352882394664,-0.630869208827459,-1.5622489377642013
144Hz,1520,760500,1267,300,0.5,-0.64797427047883405,-1.5341623020851956,-0.64158192755347909,-1.5447487951623309
144Hz,1521,761000,1268,200,0.33333333333333331,-0.66057896347663325,-1.5125631597359011,-0.65217583481143382,-1.5269625879687641
144Hz,1522,761500,1269,100,0.16666666666666666,-0.67300016231791115,-1.4905438609533466,-0.66264916328351287,-1.5088932766054755
144Hz,1523,762000,1270,0,0,-0.68523441666965634,-1.4681105222094162,-0.67300016231791115,-1.4905438609533466
144Hz,1524,762500,1270,500,0.83333333333333337,-0.68523441666965634,-1.4681105222094162,-0.68319537427769883,-1.4718494120000711
144Hz,1525,763000,1271,400,0.66666666666666663,-0.69727832812788215,-1.4452693749870944,-0.69326369097514018,-1.4528830907278685
144Hz,1526,763500,1272,300,0.5,-0.70912855116162798,-1.4220267640494983,-0.70320343964475507,-1.4336480695182963
144Hz,1527,764000,1273,200,0.33333333333333331,-0.72078179404227338,-1.398389145677444,-0.71301296545517645,-1.4141475579254803
144Hz,1528,764500,1274,100,0.16666666666666666,-0.73223481975790705,-1.374363085876035,-0.72269063166154568,-1.3943848023772092
144Hz,1529,765000,1275,0,0,-0.74348444691249682,-1.3499552585507715,-0.73223481975790705,-1.374363085876035
144Hz,1530,765500,1275,500,0.83333333333333337,-0.74348444691249682,-1.3499552585507715,-0.74160950905339851,-1.3540232297716488
144Hz,1531,766000,1276,400,0.66666666666666663,-0.75452755060961085,-1.3251724436536882,-0.75084651604390618,-1.333433381952716
144Hz,1532,766500,1277,300,0.5,-0.76536106332044451,-1.3000215253000345,-0.75994430696502768,-1.3125969844768615
144Hz,1533,767000,1278,200,0.33333333333333331,-0.77598197573591132,-1.2745094898560196,-0.76890136745893345,-1.2915175134853629
144Hz,1534,767500,1279,100,0.16666666666666666,-0.78638733760256263,-1.2486434239981559,-0.77771620271368658,-1.2701984788797092
144Hz,1535,768000,1280,0,0,-0.79657425854210206,-1.222430512744737,-0.78638733760256263,-1.2486434239981559
144Hz,1536,768500,1280,500,0.83333333333333337,-0.79657425854210206,-1.222430512744737,-0.79487643838551225,-1.2267993312869736
144Hz,1537,769000,1281,400,0.66666666666666663,-0.80653990885426874,-1.1958780374600002,-0.80321802541687992,-1.2047288625549126
144Hz,1538,769500,1282,300,0.5,-0.81628152030286483,-1.1689933738315246,-0.81141071457856673,-1.1824357056457624
144Hz,1539,770000,1283,200,0.33333333333333331,-0.82579638688471002,-1.141783989821429,-0.81945314249681334,-1.1599235791614928
144Hz,1540,770500,1284,100,0.16666666666666666,-0.83508186558130948,-1.1142574435919388,-0.82734396666747667,-1.1371962321165141
144Hz,1541,771000,1285,0,0,-0.84413537709302522,-1.0864213814058952,-0.83508186558130948,-1.1142574435919388
144Hz,1542,771500,1285,500,0.83333333333333337,-0.84413537709302522,-1.0864213814058952,-0.84262645850773921,-1.0910607251035691
144Hz,1543,772000,1286,400,0.66666666666666663,-0.85295440655554855,-1.0582835355027944,-0.85001473006804074,-1.0676628174704947
144Hz,1544,772500,1287,300,0.5,-0.86153650423847306,-1.0298517219509429,-0.8572454553970108,-1.0440676287268686
144Hz,1545,773000,1288,200,0.33333333333333331,-0.86987928622577582,-1.0011338384763271,-0.86431743156757401,-1.0202790941260711
144Hz,1546,773500,1289,100,0.16666666666666666,-0.87798043507801582,-0.97213786226880128,-0.87122947770114911,-0.99630117577507282
144Hz,1547,774000,1290,0,0,-0.88583770047606747,-0.9428718477662007,-0.87798043507801582,-0.97213786226880128
144Hz,1548,774500,1290,500,0.83333333333333337,-0.88583770047606747,-0.9428718477662007,-0.88452815624305881,-0.94774951684996744
144Hz,1549,775000,1291,400,0.66666666666666663,-0.89344889984620912,-0.91334392441699841,-0.89091183338949531,-0.92318656553339917
144Hz,1550,775500,1292,300,0.5,-0.90081191896639345,-0.88356229442212475,-0.89713040940630129,-0.89845310941956158
144Hz,1551,776000,1293,200,0.33333333333333331,-0.90792471255353158,-0.85353523045657831,-0.9031828501621062,-0.87355327310027597
144Hz,1552,776500,1294,100,0.16666666666666666,-0.91478530483162712,-0.82327107337146055,-0.90906814459988083,-0.84849120427572533
144Hz,1553,777000,1295,0,0,-0.92139179008060268,-0.79277822987707303,-0.91478530483162712,-0.82327107337146055
144Hz,1554,777500,1295,500,0.83333333333333337,-0.92139179008060268,-0.79277822987707303,-0.92029070920577338,-0.79786037045947089
144Hz,1555,778000,1296,400,0.66666666666666663,-0.92774233316566701,-0.76206517020771958,-0.9256254854706456,-0.77230285676417076
144Hz,1556,778500,1297,300,0.5,-0.93383517004707417,-0.73114042576886407,-0.93078875160637065,-0.74660279798829188
144Hz,1557,779000,1298,200,0.33333333333333331,-0.93966860827013499,-0.70001258676729494,-0.93577964945476111,-0.72076447943500777
144Hz,1558,779500,1299,100,0.16666666666666666,-0.945241027435343,-0.66869029982495709,-0.94059734479766965,-0.69479220561023869
144Hz,1559,780000,1300,0,0,-0.95055087964848561,-0.63718226557711233,-0.945241027435343,-0.66869029982495709
144Hz,1560,780500,1300,500,0.83333333333333337,-0.95055087964848561,-0.63718226557711233,-0.94966590427962849,-0.64243360461841981
144Hz,1561,781000,1301,400,0.66666666666666663,-0.95559668995061475,-0.60549723625549612,-0.95391475318323837,-0.61605891269603485
144Hz,1562,781500,1302,300,0.5,-0.96037705672775764,-0.57364401325714232,-0.9579868733391862,-0.58957062475631927
144Hz,1563,782000,1303,200,0.33333333333333331,-0.96489065210025393,-0.54163144469955038,-0.96188158851858974,-0.56297315707127837
144Hz,1564,782500,1304,100,0.16666666666666666,-0.96913622229161123,-0.5094684229628752,-0.96559824713214681,-0.5362709410767712
144Hz,1565,783000,1305,0,0,-0.97311258797677636,-0.47716388221982148,-0.96913622229161123,-0.5094684229628752
144Hz,1566,783500,1305,500,0.83333333333333337,-0.97311258797677636,-0.47716388221982148,-0.97244986036258219,-0.48254797234366376
144Hz,1567,784000,1306,400,0.66666666666666663,-0.97681864460972578,-0.44472679595392894,-0.97558329239874264,-0.45553915804255979
144Hz,1568,784500,1307,300,0.5,-0.98025336273028363,-0.4121661744669381,-0.97853600367000471,-0.42844648521043349
144Hz,1569,785000,1308,200,0.33333333333333331,-0.98341578825008302,-0.37949106237592867,-0.98130750457021676,-0.40127447043660164
144Hz,1570,785500,1309,100,0.16666666666666666,-0.98630504271759079,-0.34671053610092589,-0.98389733066133434,-0.37402764133009486
144Hz,1571,786000,1310,0,0,-0.98892032356212134,-0.31383370134367289,-0.98630504271759079,-0.34671053610092589
144Hz,1572,786500,1310,500,0.83333333333333337,-0.98892032356212134,-0.31383370134367289,-0.98848444342136632,-0.31931317380321506
144Hz,1573,787000,1311,400,0.66666666666666663,-0.99126090431677361,-0.28086969055826883,-0.99048071073188959,-0.29185769415340351
144Hz,1574,787500,1312,300,0.5,-0.99332613482022669,-0.24782766041437637,-0.99229351956850009,-0.26434867548632257
144Hz,1575,788000,1313,200,0.33333333333333331,-0.99511544139734087,-0.21471678925370216,-0.99392257034593146,-0.23679070336081831
144Hz,1576,788500,1314,100,0.16666666666666666,-0.99662832701851134,-0.18154627454045746,-0.9953675890008693,-0.20918837013482805
144Hz,1577,789000,1315,0,0,-0.99786437143773221,-0.14832533030650707,-0.99662832701851134,-0.18154627454045746
144Hz,1578,789500,1315,500,0.83333333333333337,-0.99786437143773221,-0.14832533030650707,-0.99765836403452868,-0.1538621543454988
144Hz,1579,790000,1316,400,0.66666666666666663,-0.99882323130933148,-0.115063184591916,-0.99850361135213173,-0.12615056649677969
144Hz,1580,790500,1317,300,0.5,-0.99950464028334485,-0.081769076881604952,-0.99916393579633822,-0.098416130736760477
144Hz,1581,791000,1318,200,0.33333333333333331,-0.99990840907950174,-0.048452255538826788,-0.99963922988206388,-0.070663469767345569
144Hz,1582,791500,1319,100,0.16666666666666666,-1.0000344255398033,-0.01512197523617673,-0.99992941182288531,-0.042897208821718449
144Hz,1583,792000,1320,0,0,-0.99988265465967696,0.018212505615150046,-1.0000344255398033,-0.01512197523617673
irregular,0,120,0,120,0.20000000000000001,1,0,1,0
irregular,1,1920,3,120,0.20000000000000001,0.99833371911436897,-0.099962965534979409,0.99900013888460215,-0.073318519032921803
irregular,2,2170,3,370,0.6166666666666667,0.99833371911436897,-0.099962965534979409,0.99865304525427234,-0.087195834919410145
irregular,3,9370,15,370,0.6166666666666667,0.96684991120071928,-0.49483070773437332,0.96843062040598182,-0.48242382411774426
irregular,4,9403,15,403,0.67166666666666663,0.96684991120071928,-0.49483070773437332,0.96820382299827024,-0.4842039422018693
irregular,5,15403,25,403,0.67166666666666663,0.911068339547909,-0.80946605419648432,0.91328312861286332,-0.79942109106704484
irregular,6,16803,28,3,0.0050000000000000001,0.88932108696887202,-0.89986465463635967,0.89678246473023182,-0.87012012599318
irregular,7,16923,28,123,0.20499999999999999,0.88932108696887202,-0.89986465463635967,0.89528269030583785,-0.87609892572045234
irregular,8,18723,31,123,0.20499999999999999,0.8653509433760771,-0.98801401002436362,0.87189653619248852,-0.96486402359768386
irregular,9,18973,31,373,0.6216666666666667,0.8653509433760771,-0.98801401002436362,0.86846593199101507,-0.9769971401735118
irregular,10,26173,43,373,0.6216666666666667,0.74851984798506643,-1.3138081164950628,0.75266199301901615,-1.3042303780221194
irregular,11,26206,43,406,0.67666666666666664,0.74851984798506643,-1.3138081164950628,0.75205983096562257,-1.3056227364785384
irregular,12,32206,53,406,0.67666666666666664,0.6281298132048273,-1.5457835103273165,0.63229484099654254,-1.5388748325252739
irregular,13,33606,56,6,0.01,0.58845289656154187,-1.6072851955443501,0.60171299942478274,-1.5874242465290445
irregular,14,33726,56,126,0.20999999999999999,0.58845289656154187,-1.6072851955443501,0.5990341907655421,-1.5914365594614295
irregular,15,35526,59,126,0.20999999999999999,0.54730512009613652,-1.6647694118515894,0.55826485205749288,-1.6499917192903462
irregular,16,35776,59,376,0.62666666666666671,0.54730512009613652,-1.6647694118515894,0.55248440271078592,-1.6577858609365714
irregular,17,42976,71,376,0.62666666666666671,0.37011211307578495,-1.8518158957838597,0.37587331808489027,-1.847018015987502
irregular,18,43009,71,409,0.68166666666666664,0.37011211307578495,-1.8518158957838597,0.37502456913265603,-1.8477248464932154
irregular,19,49009,81,409,0.68166666666666664,0.21086010207105396,-1.9515213219214043,0.21603705446670657,-1.949111296869573
irregular,20,50409,84,9,0.014999999999999999,0.16173878525242905,-1.9709734058495165,0.17791719195877717,-1.9651237021768502
irregular,21,50529,84,129,0.215,0.16173878525242905,-1.9709734058495165,0.1746322362823613,-1.9663114592677469
irregular,22,52329,87,129,0.215,0.11221319634627368,-1.9854989687084479,0.12520166876657476,-1.982129774323377
irregular,23,52579,87,379,0.63166666666666671,0.11221319634627368,-1.9854989687084479,0.11830757512522599,-1.983918094060676
irregular,24,59779,99,379,0.63166666666666671,-0.087447411176512918,-1.9937962647103256,-0.08132756430844372,-1.9946659296963904
irregular,25,59812,99,412,0.68666666666666665,-0.087447411176512918,-1.9937962647103256,-0.082241387596435955,-1.9945360702188333
irregular,26,65812,109,412,0.68666666666666665,-0.2515039299193772,-1.9399088250172152,-0.24643861243183224,-1.942366799924566
irregular,27,67212,112,12,0.02,-0.29956461348234104,-1.9131513053355811,-0.2839405444887671,-1.9224162804095517
irregular,28,67332,112,132,0.22,-0.29956461348234104,-1.9131513053355811,-0.28712912999765977,-1.920525469169966
irregular,29,69132,115,132,0.22,-0.34687652419249937,-1.8816117930677996,-0.33464604753755867,-1.89022290014164
irregular,30,69382,115,382,0.63666666666666671,-0.34687652419249937,-1.8816117930677996,-0.34117942181904409,-1.8856229497816823
irregular,31,76582,127,382,0.63666666666666671,-0.52630552354981552,-1.7093854500957899,-0.52112988427035878,-1.715587073460578
irregular,32,76615,127,415,0.69166666666666665,-0.52630552354981552,-1.7093854500957899,-0.52191335260165272,-1.7146482956117799
irregular,33,82615,137,415,0.69166666666666665,-0.66008159454537918,-1.5134294560553136,-0.65619292163745924,-1.5200840055689884
irregular,34,84015,140,15,0.025000000000000001,-0.6968034373402513,-1.4461846679330843,-0.68505318691329498,-1.4684391046324106
irregular,35,84135,140,135,0.22500000000000001,-0.6968034373402513,-1.4461846679330843,-0.68746349469318346,-1.4638740919761386
irregular,36,85935,143,135,0.22500000000000001,-0.73178359412102201,-1.3753250876399643,-0.72290128626334726,-1.3939334202261682
irregular,37,86185,143,385,0.64166666666666672,-0.73178359412102201,-1.3753250876399643,-0.72767672059543043,-1.3839289403411124
irregular,38,93385,155,385,0.64166666666666672,-0.8526084872037597,-1.0594072512430226,-0.84944497943963126,-1.0694857356924854
irregular,39,93418,155,418,0.69666666666666666,-0.8526084872037597,-1.0594072512430226,-0.84993054109645094,-1.0679388055211727
irregular,40,99418,165,418,0.69666666666666666,-0.92749489984666955,-0.76328964675900568,-0.92556547323958427,-0.77260333652610802
irregular,41,100818,168,18,0.029999999999999999,-0.94502460698657897,-0.66993849024193752,-0.93960927085712331,-0.70031377466352163
irregular,42,100938,168,138,0.23000000000000001,-0.94502460698657897,-0.66993849024193752,-0.9407258350075266,-0.69405082942195795
irregular,43,102738,171,138,0.23000000000000001,-0.96019219010015899,-0.57491279764161385,-0.95650316631529209,-0.59943476306135568
irregular,44,102988,171,388,0.64666666666666661,-0.96019219010015899,-0.57491279764161385,-0.95849939130710315,-0.58616530125413613
irregular,45,110188,183,388,0.64666666666666661,-0.99657349166369702,-0.18286532584266871,-0.99603505487093802,-0.19458479907361584
irregular,46,110221,183,421,0.70166666666666666,-0.99657349166369702,-0.18286532584266871,-0.99611886814528261,-0.19276054144804389
irregular,47,116221,193,421,0.70166666666666666,-0.99655511608180047,0.1500864879466336,-0.99692824776711231,0.14016386323608751
irregular,48,117621,196,21,0.035000000000000003,-0.99114380273492675,0.2495800321766847,-0.99315084216034755,0.21763133854119718
irregular,49,117741,196,141,0.23499999999999999,-0.99114380273492675,0.2495800321766847,-0.99273487544005312,0.22425282945010652
irregular,50,119541,199,141,0.23499999999999999,-0.98325508872284362,0.34844974186725591,-0.98547645582724741,0.32330269153467661
irregular,51,119791,199,391,0.65166666666666662,-0.98325508872284362,0.34844974186725591,-0.98426656089020836,0.33699934204261739
irregular,52,126991,211,391,0.65166666666666662,-0.92741233167181802,0.73278398685434831,-0.92953944074477024,0.72194479558972713
irregular,53,127024,211,424,0.70666666666666667,-0.92741233167181802,0.73278398685434831,-0.92920358141746207,0.72365624684203578
irregular,54,133024,221,424,0.70666666666666667,-0.85249309764783676,1.0313652833394344,-0.85501421278488876,1.0229457581023094
irregular,55,134424,224,24,0.040000000000000001,-0.82529802162598531,1.115723629989618,-0.83422381066590223,1.0890165669962559
irregular,56,134544,224,144,0.23999999999999999,-0.82529802162598531,1.115723629989618,-0.83236427128258617,1.0945805384532064
irregular,57,136344,227,144,0.23999999999999999,-0.79604008261479731,1.1972931840796315,-0.80362293944730168,1.1768740734256398
irregular,58,136594,227,394,0.65666666666666662,-0.79604008261479731,1.1972931840796315,-0.79946567144702518,1.1880687612841878
irregular,59,143794,239,394,0.65666666666666662,-0.65991574055728153,1.4917208826585018,-0.66418371974933232,1.4840262476546113
irregular,60,143827,239,427,0.71166666666666667,-0.65991574055728153,1.4917208826585018,-0.66350001434478045,1.4852588833591178
irregular,61,149827,249,427,0.71166666666666667,-0.52611779710959228,1.6920773781069367,-0.53018348303198815,1.6868852786373036
irregular,62,151227,252,27,0.044999999999999998,-0.48295486892312278,1.7432597394065126,-0.49682831101589958,1.7274232280093671
irregular,63,151347,252,147,0.245,-0.48295486892312278,1.7432597394065126,-0.49392287811688873,1.7307397748988218
irregular,64,153147,255,147,0.245,-0.43858477714421118,1.7900847583849022,-0.44984739374904953,1.7786716209399449
irregular,65,153397,255,397,0.66166666666666663,-0.43858477714421118,1.7900847583849022,-0.44363182167132414,1.7849702619139831
irregular,66,160597,267,397,0.66166666666666663,-0.25129025947843525,1.9316399109264277,-0.25673641089396393,1.9286243768417921
irregular,67,160630,267,430,0.71666666666666667,-0.25129025947843525,1.9316399109264277,-0.25585107593478928,1.9291145868161419
irregular,68,166630,277,430,0.71666666666666667,-0.087227494832122068,1.9909235748064678,-0.091928286605970674,1.9899430665183695
irregular,69,168030,280,30,0.050000000000000003,-0.037327493151992588,1.9979841445077144,-0.053144867629345331,1.9962748614086563
irregular,70,168150,280,150,0.25,-0.037327493151992588,1.9979841445077144,-0.049814894055165808,1.9966347104821422
irregular,71,169950,283,150,0.25,0.012665809980570101,2.0000506787975278,0.00016549323808555177,1.9999506468222925
irregular,72,170200,283,400,0.66666666666666663,0.012665809980570101,2.0000506787975278,0.0071101136505769677,2.0000062201418678
irregular,73,177400,295,400,0.66666666666666663,0.2110758936278527,1.9584604484543193,0.20563572571547961,1.960624397230883
irregular,74,177433,295,433,0.72166666666666668,0.2110758936278527,1.9584604484543193,0.20653335342102117,1.96026734568275
irregular,75,183433,305,433,0.72166666666666668,0.37031718824497772,1.8639929384228309,0.36599376017946916,1.8672845447338089
irregular,76,184833,308,33,0.055,0.41628270125783606,1.8254217504752177,0.40190750497284372,1.8380554823553397
irregular,77,184953,308,153,0.255,0.41628270125783606,1.8254217504752177,0.40494987455696912,1.835381676666425
irregular,78,186753,311,153,0.255,0.46120770023210028,1.7822878532149535,0.45014266314339074,1.7933723432010937
irregular,79,187003,311,403,0.67166666666666663,0.46120770023210028,1.7822878532149535,0.45633116263372048,1.7871729640142144
irregular,80,194203,323,403,0.67166666666666663,0.62830157692087696,1.5664466831423449,0.62401560474616802,1.5731802291061554
irregular,81,194236,323,436,0.72666666666666668,0.62830157692087696,1.5664466831423449,0.62473355947594167,1.5720522747061261
irregular,82,200236,333,436,0.72666666666666668,0.74866622481789835,1.3384307220760054,0.74561757706205856,1.3451502816435961
irregular,83,201636,336,36,0.059999999999999998,0.78086711263322717,1.2624765703862428,0.77097771283186822,1.286614093255372
irregular,84,201756,336,156,0.26000000000000001,0.78086711263322717,1.2624765703862428,0.77308184044917871,1.2814784500917276
irregular,85,203556,339,156,0.26000000000000001,0.81111619416278835,1.1833668117233491,0.80381876549049436,1.2031310968902882
irregular,86,203806,339,406,0.67666666666666664,0.81111619416278835,1.1833668117233491,0.80792767803120047,1.1920025579449396
irregular,87,211006,351,406,0.67666666666666664,0.91115934221456985,0.83943426877031657,0.90889753321260536,0.84917914804745254
irregular,88,211039,351,439,0.73166666666666669,0.91115934221456985,0.83943426877031657,0.90928227391912508,0.84752151394360986
irregular,89,217039,361,439,0.73166666666666669,0.96690628570083959,0.52663311158446324,0.96572867554854658,0.53524229746815544
irregular,90,218439,364,39,0.065000000000000002,0.9784561001345039,0.42953947158034583,0.97510927175177375,0.45992312575511357
irregular,91,218559,364,159,0.26500000000000001,0.9784561001345039,0.42953947158034583,0.97582517087107434,0.45342394839152683
irregular,92,220359,367,159,0.26500000000000001,0.98756022728579551,0.33137218174893746,0.98553057267258326,0.35549975216366569
irregular,93,220609,367,409,0.68166666666666664,0.98756022728579551,0.33137218174893746,0.98668117052587812,0.34182199115758394
irregular,94,227809,379,409,0.68166666666666664,0.99915752370933464,-0.067098680222560589,0.99933552159714734,-0.056490575458051119
irregular,95,227842,379,442,0.73666666666666669,0.99915752370933464,-0.067098680222560589,0.9993047680353786,-0.058323389370243853
irregular,96,233842,389,442,0.73666666666666669,0.97836477976551095,-0.39778970526085017,0.97923770717427783,-0.38917273905817179
irregular,97,235242,392,42,0.070000000000000007,0.96679348958452316,-0.49525848929378707,0.97063174287654996,-0.46515994934026589
irregular,98,235362,392,162,0.27000000000000002,0.96679348958452316,-0.49525848929378707,0.96980631206106038,-0.47163275363134577
irregular,99,237162,395,162,0.27000000000000002,0.95280566324843075,-0.59148935637921207,0.95640389016640426,-0.56818447767623448
irregular,100,237412,395,412,0.68666666666666665,0.95280566324843075,-0.59148935637921207,0.95435010767897643,-0.58148634908204366
irregular,101,244612,407,412,0.68666666666666665,0.87347692236205432,-0.95928197565226658,0.87598171418736859,-0.95007550140230801
irregular,102,244645,407,445,0.7416666666666667,0.87347692236205432,-0.95928197565226658,0.87554204328186125,-0.95169153145682195
irregular,103,250645,417,445,0.7416666666666667,0.78059120545751148,-1.2371416318508628,0.7832544964705237,-1.2303310978812116
irregular,104,252045,420,45,0.074999999999999997,0.74837343467571704,-1.3141409877175037,0.75850327145603946,-1.290728478922325
irregular,105,252165,420,165,0.27500000000000002,0.74837343467571704,-1.3141409877175037,0.75631303647651027,-1.2957906429861474
irregular,106,253965,423,165,0.27500000000000002,0.71428507676037578,-1.3878555994852895,0.72267003767393267,-1.3703142114331286
irregular,107,254215,423,415,0.69166666666666665,0.71428507676037578,-1.3878555994852895,0.71785109462016439,-1.3803954689343705
irregular,108,261415,435,415,0.69166666666666665,0.56099546010744417,-1.6463142312352073,0.56522557306270127,-1.6404074407967055
irregular,109,261448,435,448,0.7466666666666667,0.56099546010744417,-1.6463142312352073,0.56447101237338515,-1.6414610844965465
irregular,110,267448,445,448,0.7466666666666667,0.41588121249538162,-1.8119197431772707,0.41970637639764474,-1.8082803519194564
irregular,111,268848,448,48,0.080000000000000002,0.36990701987046298,-1.8519826691778998,0.38410555366749355,-1.8401655694419714
irregular,112,268968,448,168,0.28000000000000003,0.36990701987046298,-1.8519826691778998,0.38101891588553038,-1.8427345041671732
irregular,113,270768,451,168,0.28000000000000003,0.32300823094118969,-1.8874164958652735,0.33433272991638135,-1.8792868150235118
irregular,114,271018,451,418,0.69666666666666666,0.32300823094118969,-1.8874164958652735,0.32777920041684916,-1.8839914914365683
irregular,115,278218,463,418,0.69666666666666666,0.12854009558900631,-1.9812674474691794,0.1335482994145534,-1.9798008241529279
irregular,116,278251,463,451,0.75166666666666671,0.12854009558900631,-1.9812674474691794,0.13264021850113003,-1.9800667503586218
irregular,117,284251,473,451,0.75166666666666671,-0.037768701534428815,-1.9992025936040347,-0.033631462833776021,-1.9993773265656034
irregular,118,285651,476,51,0.085000000000000006,-0.087667323259457294,-1.9937612742923705,-0.072464893542977971,-1.995928379994568
irregular,119,285771,476,171,0.28499999999999998,-0.087667323259457294,-1.9937612742923705,-0.075787829000131923,-1.9954546956880768
irregular,120,287571,479,171,0.28499999999999998,-0.13734681726118186,-1.983336474789869,-0.12552943743222555,-1.9862159946069622
irregular,121,287821,479,421,0.70166666666666666,-0.13734681726118186,-1.983336474789869,-0.13241602241413483,-1.9845379527555091
irregular,122,295021,491,421,0.70166666666666666,-0.33140471931148097,-1.8925088799114511,-0.32669973195725666,-1.8956476828194633
irregular,123,295054,491,454,0.75666666666666671,-0.33140471931148097,-1.8925088799114511,-0.32756713186054937,-1.8950690208308354
irregular,124,301054,501,454,0.75666666666666671,-0.48334144056240336,-1.7589380686479321,-0.47977470503431169,-1.7627396135926685
irregular,125,302454,504,54,0.089999999999999997,-0.52649322434236501,-1.709156178880022,-0.51353212331919151,-1.724694436650968
irregular,126,302574,504,174,0.28999999999999998,-0.52649322434236501,-1.709156178880022,-0.51638071695065824,-1.7212794349430678
irregular,127,304374,507,174,0.28999999999999998,-0.56832901879704922,-1.6551021899042875,-0.55853633084011556,-1.6682262204172531
irregular,128,304624,507,424,0.70666666666666667,-0.56832901879704922,-1.6551021899042875,-0.56428321344394994,-1.6605243245763111
irregular,129,311824,519,424,0.70666666666666667,-0.7204756676091405,-1.3990203429731565,-0.71705584010409495,-1.4059509996951665
irregular,130,311857,519,457,0.76166666666666671,-0.7204756676091405,-1.3990203429731565,-0.71769705776129111,-1.4046515015597896
irregular,131,317857,529,457,0.76166666666666671,-0.82554728471571115,-1.1425088882850345,-0.82327813511814507,-1.1489917645048016
irregular,132,319257,532,57,0.095000000000000001,-0.852723835210766,-1.0590327309318146,-0.8447369633649886,-1.0844903375658135
irregular,133,319377,532,177,0.29499999999999998,-0.852723835210766,-1.0590327309318146,-0.84650201791654167,-1.0788643471494601
irregular,134,321177,535,177,0.29499999999999998,-0.87776897087907024,-0.9729094820214973,-0.87205312767219401,-0.99334652473025964
irregular,135,321427,535,427,0.71166666666666667,-0.87776897087907024,-0.9729094820214973,-0.87543128559587968,-0.98126789428772876
irregular,136,328627,547,427,0.71166666666666667,-0.95546644329247954,-0.60633877894544141,-0.95400954594862453,-0.61547330985006843
irregular,137,328660,547,460,0.76666666666666672,-0.95546644329247954,-0.60633877894544141,-0.95428745122230785,-0.61373088487982164
irregular,138,334660,557,460,0.76666666666666672,-0.99120245013147268,-0.28174395220601989,-0.99065461466884985,-0.28943504341384391
irregular,139,336060,560,60,0.10000000000000001,-0.99659181868104285,-0.18242565095800448,-0.99522362629885786,-0.21227779910569627
irregular,140,336180,560,180,0.29999999999999999,-0.99659181868104285,-0.18242565095800448,-0.99552766905045442,-0.20564398840620918
irregular,141,337980,563,180,0.29999999999999999,-0.9994901690476512,-0.082651370035003918,-0.99900803605578026,-0.1059567362130534
irregular,142,338230,563,430,0.71666666666666667,-0.9994901690476512,-0.082651370035003918,-0.99929501997951298,-0.092084494440404896
irregular,143,345430,575,430,0.71666666666666667,-0.98612216488824267,0.3160137620809762,-0.9868683084931561,0.30667551462575682
irregular,144,345463,575,463,0.77166666666666661,-0.98612216488824267,0.3160137620809762,-0.9867234688522023,0.30848823324941704
irregular,145,351463,585,463,0.77166666666666661,-0.94488009641906845,0.63927445077077649,-0.94609649363789616,0.63204231679629264
irregular,146,352863,588,63,0.105,-0.92732971830274413,0.73319478790156056,-0.93279812942917661,0.7053471709346476
irregular,147,352983,588,183,0.30499999999999999,-0.92732971830274413,0.73319478790156056,-0.93157613811600737,0.71157010210043825
irregular,148,354783,591,183,0.30499999999999999,-0.90746144519010119,0.82528247748890726,-0.91224120620555782,0.80410029530815474
irregular,149,355033,591,433,0.72166666666666668,-0.90746144519010119,0.82528247748890726,-0.90937564204761023,0.81679944529661552
irregular,150,362233,603,433,0.72166666666666668,-0.80588683184367538,1.1707839305180219,-0.80860240012696027,1.1632165726353627
irregular,151,362266,603,466,0.77666666666666662,-0.80588683184367538,1.1707839305180219,-0.80806579082547281,1.1647119188037924
irregular,152,368266,613,466,0.77666666666666662,-0.69648667368748518,1.423578288424983,-0.69913611105760953,1.4183050174974166
irregular,153,369666,616,66,0.11,-0.65974985441048006,1.492014956386027,-0.67081563200367644,1.472073518118743
irregular,154,369786,616,186,0.31,-0.65974985441048006,1.492014956386027,-0.6683289404096997,1.4765547402012786
irregular,155,371586,619,186,0.31,-0.62136396592305543,1.5567222776717917,-0.63031511901966819,1.5421325346856742
irregular,156,371836,619,436,0.72666666666666668,-0.62136396592305543,1.5567222776717917,-0.62490983333330785,1.5509427659574844
irregular,157,379036,631,436,0.72666666666666668,-0.45330538394676811,1.7751714722843854,-0.45734883007808252,1.7709065750262709
irregular,158,379069,631,469,0.78166666666666662,-0.45330538394676811,1.7751714722843854,-0.45653520981995221,1.7717647555721112
irregular,159,385069,641,469,0.78166666666666662,-0.29914333948774646,1.903437162464519,-0.30260653765834161,1.9011446237770051
irregular,160,386469,644,69,0.115,-0.25107657679173428,1.9317543670345156,-0.26532326524861383,1.9238727184039301
irregular,161,386589,644,189,0.315,-0.25107657679173428,1.9317543670345156,-0.26210367463688966,1.9256538819362659
irregular,162,388389,647,189,0.315,-0.20238223888751725,1.955243079976247,-0.21354341813571498,1.950249979546709
irregular,163,388639,647,439,0.73166666666666669,-0.20238223888751725,1.955243079976247,-0.20675437966357524,1.9532871452581069
irregular,164,395839,659,439,0.73166666666666669,-0.0037805208235049356,1.9999226999233726,-0.0082525701941669211,1.9997398169525402
irregular,165,395872,659,472,0.78666666666666663,-0.0037805208235049356,1.9999226999233726,-0.0073359389567020433,1.9997773022819654
irregular,166,401872,669,472,0.78666666666666663,0.16217447637304575,1.9762289560483259,0.15866118045118205,1.9772650869051389
irregular,167,403272,672,72,0.12,0.21129167489859993,1.9583708094794225,0.19693028896241749,1.9640899857452421
irregular,168,403392,672,192,0.32000000000000001,0.21129167489859993,1.9583708094794225,0.20019424031154986,1.9627901729575556
irregular,169,405192,675,192,0.32000000000000001,0.25988074205259876,1.9356176424979985,0.2489122420784434,1.9411426559853855
irregular,170,405442,675,442,0.73666666666666669,0.25988074205259876,1.9356176424979985,0.25563313667045034,1.9377572310543885
irregular,171,412642,687,442,0.73666666666666669,0.44655284052842259,1.7969725509953138,0.44260948409707179,1.8007608473811294
irregular,172,412675,687,475,0.79166666666666663,0.44655284052842259,1.7969725509953138,0.44343309651627794,1.7999696209208009
irregular,173,418675,697,475,0.79166666666666663,0.5888098283608848,1.6263864923451337,0.58598624070056338,1.6303813298978511
irregular,174,420075,700,75,0.125,0.62847331001882856,1.566172119181868,0.61705330498312749,1.5841219238895605
irregular,175,420195,700,195,0.32500000000000001,0.62847331001882856,1.566172119181868,0.61966359184843056,1.5800191113849451
irregular,176,421995,703,195,0.32500000000000001,0.66656589934812061,1.5020430407667642,0.65811690724380767,1.5167591404319531
irregular,177,422245,703,445,0.7416666666666667,0.66656589934812061,1.5020430407667642,0.66333233446869222,1.5076751282929477
irregular,178,429445,715,445,0.7416666666666667,0.80138687852587831,1.2097237320519887,0.7987826121582664,1.2165377546270411
irregular,179,429478,715,478,0.79666666666666663,0.80138687852587831,1.2097237320519887,0.79933706886879019,1.2150870272400944
irregular,180,435478,725,478,0.79666666666666663,0.88952292638570563,0.92872671468639822,0.88794925056359808,0.93470324754894218
irregular,181,436878,728,78,0.13,0.91125030047904132,0.83903349778563652,0.90516730762009545,0.86525699007089718
irregular,182,436998,728,198,0.33000000000000002,0.91125030047904132,0.83903349778563652,0.90656569678307142,0.85922860103980281
irregular,183,438798,731,198,0.33000000000000002,0.93069997067678722,0.74724308556386143,0.92652786344905569,0.76788964800138515
irregular,184,439048,731,448,0.7466666666666667,0.93069997067678722,0.74724308556386143,0.92912245749615241,0.75504974598799979
irregular,185,446248,743,448,0.7466666666666667,0.98483715698031782,0.36376466121528483,0.98406920936219666,0.37205546562029235
irregular,186,446281,743,481,0.80166666666666664,0.98483715698031782,0.36376466121528483,0.98423593483192029,0.37025548834815253
irregular,187,452281,753,481,0.80166666666666664,1.0000035818677764,0.03245041332843062,0.99994994854574737,0.039059760342266624
irregular,188,453681,756,81,0.13500000000000001,0.99914825490103398,-0.067539949767890989,0.99963510537227762,-0.038714946735869726
irregular,189,453801,756,201,0.33500000000000002,0.99914825490103398,-0.067539949767890989,0.99952253878933117,-0.045379687321308169
irregular,190,455601,759,201,0.33500000000000002,0.9957955198442604,-0.16736149425684052,0.9967229814582671,-0.1452571115131592
irregular,191,455851,759,451,0.75166666666666671,0.9957955198442604,-0.16736149425684052,0.99614186515876413,-0.15910697538764626
irregular,192,463051,771,451,0.75166666666666671,0.95767119124142086,-0.55998873954936246,0.95883005682743272,-0.55202272139121922
irregular,193,463084,771,484,0.80666666666666664,0.95767119124142086,-0.55998873954936246,0.95857339532180597,-0.55378700729201602
irregular,194,469084,781,484,0.80666666666666664,0.8966245173950651,-0.87076569947888527,0.89802741768867,-0.86494068924588585
irregular,195,470484,784,84,0.14000000000000001,0.87336940869862911,-0.95966937431487809,0.88024703921455238,-0.9344035302483199
irregular,196,470604,784,204,0.34000000000000002,0.87336940869862911,-0.95966937431487809,0.87864759025736094,-0.94027930793821712
irregular,197,472404,787,204,0.34000000000000002,0.84793128079941638,-1.0461743199858917,0.85368523955933873,-1.0273280331829737
irregular,198,472654,787,454,0.75666666666666671,0.84793128079941638,-1.0461743199858917,0.85005268983716553,-1.0392259415181493
irregular,199,479854,799,454,0.75666666666666671,0.72569866632488556,-1.3639835342556437,0.72846452182490395,-1.3580051165565634
irregular,200,479887,799,487,0.81166666666666665,0.72569866632488556,-1.3639835342556437,0.7278393627050368,-1.3593564027488212
irregular,201,485887,809,487,0.81166666666666665,0.60149427155503088,-1.5877607706685648,0.60398617387566345,-1.5839016598864482
irregular,202,487287,812,87,0.14499999999999999,0.56081269434848868,-1.6465649103423559,0.57254446933467795,-1.6301906893872176
irregular,203,487407,812,207,0.34499999999999997,0.56081269434848868,-1.6465649103423559,0.56980019448410735,-1.6340209165112267
irregular,204,489207,815,207,0.34499999999999997,0.51872934502956169,-1.7012534000035691,0.52801535317124781,-1.6896182756990341
irregular,205,489457,815,457,0.76166666666666671,0.51872934502956169,-1.7012534000035691,0.52210822331012441,-1.69701975426426
irregular,206,496657,827,457,0.76166666666666671,0.33852898375224905,-1.876278237134237,0.34225548080655732,-1.8734645958615062
irregular,207,496690,827,490,0.81666666666666665,0.33852898375224905,-1.876278237134237,0.34139551994787082,-1.8741138976936749
irregular,208,502690,837,490,0.81666666666666665,0.17772908999916276,-1.9651989843356412,0.18073147733634221,-1.9640127825410738
irregular,209,504090,840,90,0.14999999999999999,0.1283211638285465,-1.9813277970492351,0.14235556905764524,-1.9772242172331229
irregular,210,504210,840,210,0.34999999999999998,0.1283211638285465,-1.9813277970492351,0.13905335606256319,-1.9781897654251495
irregular,211,506010,843,210,0.34999999999999998,0.078592494153554723,-1.9925042075091268,0.089385225277562499,-1.9904416124316662
irregular,212,506260,843,460,0.76666666666666672,0.078592494153554723,-1.9925042075091268,0.082466807890378024,-1.9917637887633717
irregular,213,513460,855,460,0.76666666666666672,-0.1210381531641118,-1.9873140389183777,-0.11717393142177052,-1.9881266393849093
irregular,214,513493,855,493,0.82166666666666666,-0.1210381531641118,-1.9873140389183777,-0.11808478368960811,-1.9879350978463699
irregular,215,519493,865,493,0.82166666666666666,-0.28404504882868514,-1.9223617989281838,-0.28118820559972241,-1.9239550608330334
irregular,216,520893,868,93,0.155,-0.33161299655616855,-1.8923659936663528,-0.31828758601743462,-1.9012622460513937
irregular,217,521013,868,213,0.35499999999999998,-0.33161299655616855,-1.8923659936663528,-0.32144152934021192,-1.8991566241851119
irregular,218,522813,871,213,0.35499999999999998,-0.3783520653096894,-1.8576401494751635,-0.36836724950626037,-1.8654418916858742
irregular,219,523063,871,463,0.77166666666666661,-0.3783520653096894,-1.8576401494751635,-0.37481738891416028,-1.8604020065368363
irregular,220,530263,883,463,0.77166666666666661,-0.55472019725793142,-1.6733449391885891,-0.55153619369308649,-1.6774608427933353
irregular,221,530296,883,496,0.82666666666666666,-0.55472019725793142,-1.6733449391885891,-0.55230314345688125,-1.6764694207571555
irregular,222,536296,893,496,0.82666666666666666,-0.68507361064211281,-1.4684103301071785,-0.6829525734986247,-1.4722978319527722
irregular,223,537696,896,96,0.16,-0.72062874838437752,-1.398704778405814,-0.71083781493553677,-1.4185560189122819
irregular,224,537816,896,216,0.35999999999999999,-0.72062874838437752,-1.398704778405814,-0.71316898956621322,-1.4138295330774087
irregular,225,539616,899,216,0.35999999999999999,-0.75438264786465625,-1.3255031122769643,-0.74731329793251244,-1.3413609637670054
irregular,226,539866,899,466,0.77666666666666662,-0.75438264786465625,-1.3255031122769643,-0.75191573929458522,-1.3310368417031766
irregular,227,547066,911,466,0.77666666666666662,-0.86977036023662047,-1.0015160411826554,-0.86790642760441949,-1.0079288672211213
irregular,228,547099,911,499,0.83166666666666667,-0.86977036023662047,-1.0015160411826554,-0.86836545578996149,-1.0063495891668721
irregular,229,553099,921,499,0.83166666666666667,-0.93959304671152322,-0.70042616413434011,-0.93861050445350147,-0.70566557371006511
irregular,230,554499,924,99,0.16500000000000001,-0.95553158990380571,-0.60591802236412662,-0.951315410331522,-0.63237311229737303
irregular,231,554619,924,219,0.36499999999999999,-0.95553158990380571,-0.60591802236412662,-0.95232527370212894,-0.62603656381036787
irregular,232,556419,927,219,0.36499999999999999,-0.9690817464765844,-0.50989536604261887,-0.96638355016460886,-0.53031765646597406
irregular,233,556669,927,469,0.78166666666666662,-0.9690817464765844,-0.50989536604261887,-0.96815402018559016,-0.51691720343227643
irregular,234,563869,939,469,0.78166666666666662,-0.99881234380683959,-0.11550397025498221,-0.99860219074984791,-0.12276609943301005
irregular,235,563902,939,502,0.83666666666666667,-0.99881234380683959,-0.11550397025498221,-0.99865513006954809,-0.12093670811335418
irregular,236,569902,949,502,0.83666666666666667,-0.99317209668164008,0.2173504086126756,-0.99346793473780737,0.21193327703998111
irregular,237,571302,952,102,0.17000000000000001,-0.9860854451495068,0.31644972811391991,-0.98827422243562801,0.28909507155524622
irregular,238,571422,952,222,0.37,-0.9860854451495068,0.31644972811391991,-0.98774680622210487,0.29568655506336033
irregular,239,573222,955,222,0.37,-0.97653403650440385,0.4147580697926006,-0.97871151637081499,0.39417827236379438
irregular,240,573472,955,472,0.78666666666666663,-0.97653403650440385,0.4147580697926006,-0.97727138418403503,0.40778924949924827
irregular,241,580672,967,472,0.78666666666666663,-0.91424936434788195,0.79520965892737128,-0.91566307040819728,0.78866120657888705
irregular,242,580705,967,505,0.84166666666666667,-0.91424936434788195,0.79520965892737128,-0.91529859931452218,0.79034947944998057
irregular,243,586705,977,505,0.84166666666666667,-0.83435240097274033,1.0886446503352902,-0.83578880710859937,1.0841932435700721
irregular,244,588105,980,105,0.17499999999999999,-0.80575609859979269,1.1711418707628349,-0.81380769896128713,1.1487151913726241
irregular,245,588225,980,225,0.375,-0.80575609859979269,1.1711418707628349,-0.8118557958433491,1.1541519621338874
irregular,246,590025,983,225,0.375,-0.77514577899830617,1.2507117786836817,-0.78165990284561704,1.2343457708263066
irregular,247,590275,983,475,0.79166666666666663,-0.77514577899830617,1.2507117786836817,-0.77731715361407649,1.2452564427312234
irregular,248,597475,995,475,0.79166666666666663,-0.63416597218891457,1.5358605822883049,-0.63683239681094295,1.5313677711051477
irregular,249,597508,995,508,0.84666666666666668,-0.63416597218891457,1.5358605822883049,-0.63612846071072737,1.532553873257501
irregular,250,603508,1005,508,0.84666666666666668,-0.49709897357424393,1.7271224859245109,-0.49930585230625862,1.7245081952129533
irregular,251,604908,1008,108,0.17999999999999999,-0.45310859567252043,1.7753748380147401,-0.46524032373228785,1.7625854787976991
irregular,252,605028,1008,228,0.38,-0.45310859567252043,1.7753748380147401,-0.46228136566892991,1.7657048347042943
irregular,253,606828,1011,228,0.38,-0.4079856560444019,1.8191895749046754,-0.41738480218140939,1.8104445664751909
irregular,254,607078,1011,478,0.79666666666666663,-0.4079856560444019,1.8191895749046754,-0.41106817171299037,1.8163215882691994
irregular,255,614278,1023,478,0.79666666666666663,-0.21846050859310087,1.9480539681229423,-0.22176137781686475,1.9464632623683524
irregular,256,614311,1023,511,0.85166666666666668,-0.21846050859310087,1.9480539681229423,-0.22086851974814173,1.9468935352363974
irregular,257,620311,1033,511,0.85166666666666668,-0.053536479682369402,1.9962397133471683,-0.056004053772479093,1.9958927527279573
irregular,258,621711,1036,111,0.185,-0.003559762453370652,1.9999279995569073,-0.017142606783694645,1.9993785311992465
irregular,259,621831,1036,231,0.38500000000000001,-0.003559762453370652,1.9999279995569073,-0.013809393451099801,1.9995133700600223
irregular,260,623631,1039,231,0.38500000000000001,0.046425852533799654,1.998617391617481,0.036182938401760067,1.999227691123356
irregular,261,623881,1039,481,0.80166666666666664,0.046425852533799654,1.998617391617481,0.043122582122654095,1.9988142090733052
irregular,262,631081,1051,481,0.80166666666666664,0.2439646908476964,1.9436385701155832,0.24075228821097761,1.9451443677060745
irregular,263,631114,1051,514,0.85666666666666669,0.2439646908476964,1.9436385701155832,0.24164312255561388,1.9447267935843415
irregular,264,637114,1061,514,0.85666666666666669,0.40147526975202208,1.8384432038593423,0.39927935148074561,1.8402881662057817
irregular,265,638514,1064,114,0.19,0.4467503578403329,1.7967786511579436,0.43462210194501677,1.8084366356231223
irregular,266,638634,1064,234,0.39000000000000001,0.4467503578403329,1.7967786511579436,0.43761673303027998,1.8055581209403619
irregular,267,640434,1067,234,0.39000000000000001,0.49090877685333684,1.750622983632107,0.48200977668654027,1.7603081620892316
irregular,268,640684,1067,484,0.80666666666666664,0.49090877685333684,1.750622983632107,0.48808832871304064,1.7536926030338187
irregular,269,647884,1079,484,0.80666666666666664,0.65421585670544002,1.5235586606653098,0.65176123441881262,1.5276928976656352
irregular,270,647917,1079,517,0.86166666666666669,0.65421585670544002,1.5235586606653098,0.65245953213828423,1.5265167785189908
irregular,271,653917,1089,517,0.86166666666666669,0.77062793796435203,1.2874791539155279,0.76914376060636602,1.2909831323842085
irregular,272,655317,1092,117,0.19500000000000001,0.80151891393385444,1.2093720999601028,0.79340604276328874,1.2306090951116422
irregular,273,655437,1092,237,0.39500000000000002,0.80151891393385444,1.2093720999601028,0.79542166292988892,1.2253328230243032
irregular,274,657237,1095,237,0.39500000000000002,0.83040646367491411,1.1282421756233469,0.82471824270614635,1.1447990986084988
irregular,275,657487,1095,487,0.81166666666666665,0.83040646367491411,1.1282421756233469,0.82863575026039404,1.1333962590870443
irregular,276,664687,1107,487,0.81166666666666665,0.92455710379700973,0.77765208977848921,0.92333662204499634,0.78341557109392546
irregular,277,664720,1107,520,0.8666666666666667,0.92455710379700973,0.77765208977848921,0.92369304591947798,0.78173243053278041
irregular,278,670720,1117,520,0.8666666666666667,0.97497492148646525,0.46117615889541314,0.97446250353213704,0.46549230017020871
irregular,279,672120,1120,120,0.20000000000000001,0.98487547353012683,0.36333049654022631,0.98245327021985873,0.38951310239068743
irregular,280,672240,1120,240,0.40000000000000002,0.98487547353012683,0.36333049654022631,0.9830588210474257,0.38296745092807216
irregular,281,674040,1123,240,0.40000000000000002,0.99231429282972117,0.26457667614446467,0.99099140944899888,0.28437886588836836
irregular,282,674290,1123,490,0.81666666666666665,0.99231429282972117,0.26457667614446467,0.9919100784633893,0.27062734523287968
irregular,283,681490,1135,490,0.81666666666666665,0.99717353581248969,-0.13456234355783711,0.99737911717070304,-0.12846165257148701
irregular,284,681523,1135,523,0.8716666666666667,0.99717353581248969,-0.13456234355783711,0.99731744276323897,-0.13029185986739203
irregular,285,687523,1145,523,0.8716666666666667,0.97081478818146971,-0.46375348704827413,0.97131074677178519,-0.45958402516804292
irregular,286,688923,1148,123,0.20499999999999999,0.95760759459580169,-0.56041258680434791,0.96132032798338052,-0.5349122277679732
irregular,287,689043,1148,243,0.40500000000000003,0.95760759459580169,-0.56041258680434791,0.96038630700537331,-0.54132741243121218
irregular,288,690843,1151,243,0.40500000000000003,0.94200682533996871,-0.65567091453167081,0.94525786029118819,-0.63687941133072079
irregular,289,691093,1151,493,0.82166666666666666,0.94200682533996871,-0.65567091453167081,0.94298122517128657,-0.65003872729777268
irregular,290,698293,1163,493,0.82166666666666666,0.85653547856217349,-1.0179994148611309,0.85804833880370324,-1.0128573586194047
irregular,291,698326,1163,526,0.87666666666666671,0.85653547856217349,-1.0179994148611309,0.85758175573855855,-1.0144432264322736
irregular,292,704326,1173,526,0.87666666666666671,0.75903721980622396,-1.2895052973656573,0.76036254469518316,-1.2863406335212664
irregular,293,705726,1176,126,0.20999999999999999,0.72554675719594419,-1.3643064205599742,0.73452844113129734,-1.3449009664893028
irregular,294,705846,1176,246,0.40999999999999998,0.72554675719594419,-1.3643064205599742,0.73225459709703078,-1.3498137396717511
irregular,295,707646,1179,246,0.40999999999999998,0.69024276357840009,-1.4356974092969923,0.69730160917411033,-1.4218873400934269
irregular,296,707896,1179,496,0.82666666666666666,0.69024276357840009,-1.4356974092969923,0.69231654872516235,-1.4316402138247584
irregular,297,715096,1191,496,0.82666666666666666,0.5327196398538081,-1.6837281961903992,0.53515169169274979,-1.6805691920988346
irregular,298,715129,1191,529,0.88166666666666671,0.5327196398538081,-1.6837281961903992,0.53437998293616251,-1.6815715683971195
irregular,299,721129,1201,529,0.88166666666666671,0.38493274560147595,-1.8394848536879622,0.38674668205441826,-1.8379060433096583
irregular,300,722529,1204,129,0.215,0.3383212492673951,-1.8764311103606273,0.35059623611433754,-1.8671692047765658
irregular,301,722649,1204,249,0.41499999999999998,0.3383212492673951,-1.8764311103606273,0.34746885093040314,-1.8695289259444794
irregular,302,724449,1207,249,0.41499999999999998,0.2908641064331024,-1.9086871579352789,0.30016895632803686,-1.9027051461966689
irregular,303,724699,1207,499,0.83166666666666667,0.2908641064331024,-1.9086871579352789,0.29354157036298384,-1.906965838318186
irregular,304,731899,1219,499,0.83166666666666667,0.094976936222861033,-1.9893766267626227,0.097767589546514155,-1.9887506788430283
irregular,305,731932,1219,532,0.88666666666666671,0.094976936222861033,-1.9893766267626227,0.096855791925914619,-1.9889551964801235
irregular,306,737932,1229,532,0.88666666666666671,-0.071493042914966359,-1.9960741034115583,-0.069607861817299888,-1.9962813488704259
irregular,307,739332,1232,132,0.22,-0.12125728712525019,-1.9872642057585459,-0.10834006978781965,-1.9899863213125548
irregular,308,739452,1232,252,0.41999999999999998,-0.12125728712525019,-1.9872642057585459,-0.11165217679741724,-1.9892883429653732
irregular,309,741252,1235,252,0.41999999999999998,-0.17071844425275487,-1.9734870675782681,-0.16117992342612658,-1.9764696734729339
irregular,310,741502,1235,502,0.83666666666666667,-0.17071844425275487,-1.9734870675782681,-0.16803230907744002,-1.974326996824467
irregular,311,748702,1247,502,0.83666666666666667,-0.36307743563716033,-1.8695790529421352,-0.36053273081510018,-1.8714709843754245
irregular,312,748735,1247,535,0.89166666666666672,-0.36307743563716033,-1.8695790529421352,-0.3613896212143653,-1.8708339054233984
irregular,313,754735,1257,535,0.89166666666666672,-0.51262940405960578,-1.7257850333922624,-0.5110714036822378,-1.727584261783232
irregular,314,756135,1260,135,0.22500000000000001,-0.5549038669356523,-1.6731030569099667,-0.54409840969310885,-1.6870778915643865
irregular,315,756255,1260,255,0.42499999999999999,-0.5549038669356523,-1.6731030569099667,-0.5468869147879587,-1.6834714826213102
irregular,316,758055,1263,255,0.42499999999999999,-0.59579132703240467,-1.6162390973342846,-0.58804684802434459,-1.6274002818021369
irregular,317,758305,1263,505,0.84166666666666667,-0.59579132703240467,-1.6162390973342846,-0.59365878933453309,-1.6193124669703598
irregular,318,765505,1275,505,0.84166666666666667,-0.74348444691249682,-1.3499552585507715,-0.74170325594635345,-1.3538198312106049
irregular,319,765538,1275,538,0.89666666666666661,-0.74348444691249682,-1.3499552585507715,-0.74232198543985584,-1.3524774007077154
irregular,320,771538,1285,538,0.89666666666666661,-0.84413537709302522,-1.0864213814058952,-0.84319984757014799,-1.0892977744984529
irregular,321,772938,1288,138,0.23000000000000001,-0.86987928622577582,-1.0011338384763271,-0.86345534409555269,-1.0232466087517813
irregular,322,773058,1288,258,0.42999999999999999,-0.86987928622577582,-1.0011338384763271,-0.86512390049301324,-1.0175030320568581
irregular,323,774858,1291,258,0.42999999999999999,-0.89344889984620912,-0.91334392441699841,-0.88911051620522841,-0.93017484072604373
irregular,324,775108,1291,508,0.84666666666666668,-0.89344889984620912,-0.91334392441699841,-0.89228184927612075,-0.91787153933054277
irregular,325,782308,1303,508,0.84666666666666668,-0.96489065210025393,-0.54163144469955038,-0.96419856747647115,-0.54654003854504785
irregular,326,782341,1303,541,0.90166666666666662,-0.96489065210025393,-0.54163144469955038,-0.96444681522195852,-0.54477934727438027
irregular,327,788341,1313,541,0.90166666666666662,-0.99511544139734087,-0.21471678925370216,-0.99493949291725803,-0.2179726915845018
irregular,328,789741,1316,141,0.23499999999999999,-0.99882323130933148,-0.115063184591916,-0.9980897035075581,-0.14050872606357817
irregular,329,789861,1316,261,0.435,-0.99882323130933148,-0.115063184591916,-0.99828147548187784,-0.13385629692065995
irregular,330,791661,1319,261,0.435,-1.0000344255398033,-0.01512197523617673,-0.99996322623973288,-0.033953583607174008
irregular,331,791911,1319,511,0.85166666666666668,-1.0000344255398033,-0.01512197523617673,-1.0000157330981918,-0.020065966814403157
irregular,332,792000,1320,0,0,-0.99988265465967696,0.018212505615150046,-1.0000344255398033,-0.01512197523617673
