initial,eta_fraction_of_bound,x,y,initial_linear,final_linear
0,0.25,0,0,0,0.056694709243406791
0,0.25,1,0,0,0.059535084590226391
0,0.25,2,0,0,0.062406872548541256
0,0.25,3,0,0,0.065286533533353494
0,0.25,4,0,0,0.06814690234270461
0,0.25,5,0,0,0.070957354826342509
0,0.25,6,0,0,0.073684164382453538
0,0.25,7,0,0,0.076291070659320975
0,0.25,8,0,0,0.07874007080615919
0,0.25,9,0,0,0.080992427027694269
0,0.25,10,0,0,0.083009863932362565
0,0.25,11,0,0,0.084755907010118356
0,0.25,12,0,0,0.08619729216486588
0,0.25,13,0,0,0.087305358755918702
0,0.25,14,0,0,0.088057328330878995
0,0.25,15,0,0,0.088437370821142239
0,0.25,16,0,0,0.088437370821142239
0,0.25,17,0,0,0.088057328330878995
0,0.25,18,0,0,0.087305358755918702
0,0.25,19,0,0,0.08619729216486588
0,0.25,20,0,0,0.084755907010118356
0,0.25,21,0,0,0.083009863932362565
0,0.25,22,0,0,0.080992427027694269
0,0.25,23,0,0,0.07874007080615919
0,0.25,24,0,0,0.076291070659320975
0,0.25,25,0,0,0.073684164382453538
0,0.25,26,0,0,0.070957354826342509
0,0.25,27,0,0,0.06814690234270461
0,0.25,28,0,0,0.065286533533353494
0,0.25,29,0,0,0.062406872548541256
0,0.25,30,0,0,0.059535084590226391
0,0.25,31,0,0,0.056694709243406791
0,0.25,0,1,0,0.059535084590226391
0,0.25,1,1,0,0.062620811685617644
0,0.25,2,1,0,0.065749223295404141
0,0.25,3,1,0,0.068894750666981641
0,0.25,4,1,0,0.072027575371806429
0,0.25,5,1,0,0.075113769225486252
0,0.25,6,1,0,0.078115656180258522
0,0.25,7,1,0,0.080992427027694269
0,0.25,8,1,0,0.083701023954724063
0,0.25,9,1,0,0.08619729216486588
0,0.25,10,1,0,0.088437370821142239
0,0.25,11,1,0,0.090379267608396929
0,0.25,12,1,0,0.091984533556069087
0,0.25,13,1,0,0.093219931568403747
0,0.25,14,1,0,0.09405897774044289
0,0.25,15,1,0,0.094483232670673184
0,0.25,16,1,0,0.094483232670673184
0,0.25,17,1,0,0.09405897774044289
0,0.25,18,1,0,0.093219931568403747
0,0.25,19,1,0,0.091984533556069087
0,0.25,20,1,0,0.090379267608396929
0,0.25,21,1,0,0.088437370821142239
0,0.25,22,1,0,0.08619729216486588
0,0.25,23,1,0,0.083701023954724063
0,0.25,24,1,0,0.080992427027694269
0,0.25,25,1,0,0.078115656180258522
0,0.25,26,1,0,0.075113769225486252
0,0.25,27,1,0,0.072027575371806429
0,0.25,28,1,0,0.068894750666981641
0,0.25,29,1,0,0.065749223295404141
0,0.25,30,1,0,0.062620811685617644
0,0.25,31,1,0,0.059535084590226391
0,0.25,0,2,0,0.062406872548541256
0,0.25,1,2,0,0.065749223295404141
0,0.25,2,2,0,0.069147078002159565
0,0.25,3,2,0,0.072572816668561205
0,0.25,4,2,0,0.075993875816180265
0,0.25,5,2,0,0.079372848715437885
0,0.25,6,2,0,0.082667842787692805
0,0.25,7,2,0,0.085833135544412326
0,0.25,8,2,0,0.088820154877832264
0,0.25,9,2,0,0.091578786102408619
0,0.25,10,2,0,0.09405897774044289
0,0.25,11,2,0,0.09621258311502931
0,0.25,12,2,0,0.097995339454184746
0,0.25,13,2,0,0.099368855772690015
0,0.25,14,2,0,0.10030246105938369
0,0.25,15,2,0,0.10077476027026711
0,0.25,16,2,0,0.10077476027026711
0,0.25,17,2,0,0.10030246105938369
0,0.25,18,2,0,0.099368855772690015
0,0.25,19,2,0,0.097995339454184746
0,0.25,20,2,0,0.09621258311502931
0,0.25,21,2,0,0.09405897774044289
0,0.25,22,2,0,0.091578786102408619
0,0.25,23,2,0,0.088820154877832264
0,0.25,24,2,0,0.085833135544412326
0,0.25,25,2,0,0.082667842787692805
0,0.25,26,2,0,0.079372848715437885
0,0.25,27,2,0,0.075993875816180265
0,0.25,28,2,0,0.072572816668561205
0,0.25,29,2,0,0.069147078002159565
0,0.25,30,2,0,0.065749223295404141
0,0.25,31,2,0,0.062406872548541256
0,0.25,0,3,0,0.065286533533353494
0,0.25,1,3,0,0.068894750666981641
0,0.25,2,3,0,0.072572816668561205
0,0.25,3,3,0,0.076291070659320975
0,0.25,4,3,0,0.080014147575189237
0,0.25,5,3,0,0.083701023954724063
0,0.25,6,3,0,0.087305358755918702
0,0.25,7,3,0,0.090776183361698085
0,0.25,8,3,0,0.09405897774044289
0,0.25,9,3,0,0.097097142449325338
0,0.25,10,3,0,0.099833839549538908
0,0.25,11,3,0,0.10221413234446083
0,0.25,12,3,0,0.10418730915300801
0,0.25,13,3,0,0.10570923688535683
0,0.25,14,3,0,0.10674456354990305
0,0.25,15,3,0,0.10726858173320375
0,0.25,16,3,0,0.10726858173320375
0,0.25,17,3,0,0.10674456354990305
0,0.25,18,3,0,0.10570923688535683
0,0.25,19,3,0,0.10418730915300801
0,0.25,20,3,0,0.10221413234446083
0,0.25,21,3,0,0.099833839549538908
0,0.25,22,3,0,0.097097142449325338
0,0.25,23,3,0,0.09405897774044289
0,0.25,24,3,0,0.090776183361698085
0,0.25,25,3,0,0.087305358755918702
0,0.25,26,3,0,0.083701023954724063
0,0.25,27,3,0,0.080014147575189237
0,0.25,28,3,0,0.076291070659320975
0,0.25,29,3,0,0.072572816668561205
0,0.25,30,3,0,0.068894750666981641
0,0.25,31,3,0,0.065286533533353494
0,0.25,0,4,0,0.06814690234270461
0,0.25,1,4,0,0.072027575371806429
0,0.25,2,4,0,0.075993875816180265
0,0.25,3,4,0,0.080014147575189237
0,0.25,4,4,0,0.084050209033470519
0,0.25,5,4,0,0.088057328330878995
0,0.25,6,4,0,0.091984533556069087
0,0.25,7,4,0,0.095775327223014906
0,0.25,8,4,0,0.099368855772690015
0,0.25,9,4,0,0.10270155351627201
0,0.25,10,4,0,0.10570923688535683
0,0.25,11,4,0,0.10832957217316853
0,0.25,12,4,0,0.11050478414188115
0,0.25,13,4,0,0.1121844224415418
0,0.25,14,4,0,0.11332796747557664
0,0.25,15,4,0,0.11390704609642639
0,0.25,16,4,0,0.11390704609642639
0,0.25,17,4,0,0.11332796747557664
0,0.25,18,4,0,0.1121844224415418
0,0.25,19,4,0,0.11050478414188115
0,0.25,20,4,0,0.10832957217316853
0,0.25,21,4,0,0.10570923688535683
0,0.25,22,4,0,0.10270155351627201
0,0.25,23,4,0,0.099368855772690015
0,0.25,24,4,0,0.095775327223014906
0,0.25,25,4,0,0.091984533556069087
0,0.25,26,4,0,0.088057328330878995
0,0.25,27,4,0,0.084050209033470519
0,0.25,28,4,0,0.080014147575189237
0,0.25,29,4,0,0.075993875816180265
0,0.25,30,4,0,0.072027575371806429
0,0.25,31,4,0,0.06814690234270461
0,0.25,0,5,0,0.070957354826342509
0,0.25,1,5,0,0.075113769225486252
0,0.25,2,5,0,0.079372848715437885
0,0.25,3,5,0,0.083701023954724063
0,0.25,4,5,0,0.088057328330878995
0,0.25,5,5,0,0.092393286047934356
0,0.25,6,5,0,0.096653176267643706
0,0.25,7,5,0,0.10077476027026711
0,0.25,8,5,0,0.10469053890545289
0,0.25,9,5,0,0.10832957217316853
0,0.25,10,5,0,0.11161984166888361
0,0.25,11,5,0,0.11449107315892566
0,0.25,12,5,0,0.11687786780692773
0,0.25,13,5,0,0.11872292703939075
0,0.25,14,5,0,0.11998011008747936
0,0.25,15,5,0,0.1206170465320186
0,0.25,16,5,0,0.1206170465320186
0,0.25,17,5,0,0.11998011008747936
0,0.25,18,5,0,0.11872292703939075
0,0.25,19,5,0,0.11687786780692773
0,0.25,20,5,0,0.11449107315892566
0,0.25,21,5,0,0.11161984166888361
0,0.25,22,5,0,0.10832957217316853
0,0.25,23,5,0,0.10469053890545289
0,0.25,24,5,0,0.10077476027026711
0,0.25,25,5,0,0.096653176267643706
0,0.25,26,5,0,0.092393286047934356
0,0.25,27,5,0,0.088057328330878995
0,0.25,28,5,0,0.083701023954724063
0,0.25,29,5,0,0.079372848715437885
0,0.25,30,5,0,0.075113769225486252
0,0.25,31,5,0,0.070957354826342509
0,0.25,0,6,0,0.073684164382453538
0,0.25,1,6,0,0.078115656180258522
0,0.25,2,6,0,0.082667842787692805
0,0.25,3,6,0,0.087305358755918702
0,0.25,4,6,0,0.091984533556069087
0,0.25,5,6,0,0.096653176267643706
0,0.25,6,6,0,0.10125077771660794
0,0.25,7,6,0,0.10570923688535683
0,0.25,8,6,0,0.10995419810494293
0,0.25,9,6,0,0.11390704609642639
0,0.25,10,6,0,0.11748754679953365
0,0.25,11,6,0,0.1206170465320186
0,0.25,12,6,0,0.12322205857402735
0,0.25,13,6,0,0.12523798749098272
0,0.25,14,6,0,0.12661268284746927
0,0.25,15,6,0,0.1273094903599977
0,0.25,16,6,0,0.1273094903599977
0,0.25,17,6,0,0.12661268284746927
0,0.25,18,6,0,0.12523798749098272
0,0.25,19,6,0,0.12322205857402735
0,0.25,20,6,0,0.1206170465320186
0,0.25,21,6,0,0.11748754679953365
0,0.25,22,6,0,0.11390704609642639
0,0.25,23,6,0,0.10995419810494293
0,0.25,24,6,0,0.10570923688535683
0,0.25,25,6,0,0.10125077771660794
0,0.25,26,6,0,0.096653176267643706
0,0.25,27,6,0,0.091984533556069087
0,0.25,28,6,0,0.087305358755918702
0,0.25,29,6,0,0.082667842787692805
0,0.25,30,6,0,0.078115656180258522
0,0.25,31,6,0,0.073684164382453538
0,0.25,0,7,0,0.076291070659320975
0,0.25,1,7,0,0.080992427027694269
0,0.25,2,7,0,0.085833135544412326
0,0.25,3,7,0,0.090776183361698085
0,0.25,4,7,0,0.095775327223014906
0,0.25,5,7,0,0.10077476027026711
0,0.25,6,7,0,0.10570923688535683
0,0.25,7,7,0,0.11050478414188115
0,0.25,8,7,0,0.11508010806687405
0,0.25,9,7,0,0.11934875970576159
0,0.25,10,7,0,0.12322205857402735
0,0.25,11,7,0,0.12661268284746927
0,0.25,12,7,0,0.12943873592704838
0,0.25,13,7,0,0.13162800297993485
0,0.25,14,7,0,0.1331220376630653
0,0.25,15,7,0,0.13387968725035182
0,0.25,16,7,0,0.13387968725035182
0,0.25,17,7,0,0.1331220376630653
0,0.25,18,7,0,0.13162800297993485
0,0.25,19,7,0,0.12943873592704838
0,0.25,20,7,0,0.12661268284746927
0,0.25,21,7,0,0.12322205857402735
0,0.25,22,7,0,0.11934875970576159
0,0.25,23,7,0,0.11508010806687405
0,0.25,24,7,0,0.11050478414188115
0,0.25,25,7,0,0.10570923688535683
0,0.25,26,7,0,0.10077476027026711
0,0.25,27,7,0,0.095775327223014906
0,0.25,28,7,0,0.090776183361698085
0,0.25,29,7,0,0.085833135544412326
0,0.25,30,7,0,0.080992427027694269
0,0.25,31,7,0,0.076291070659320975
0,0.25,0,8,0,0.07874007080615919
0,0.25,1,8,0,0.083701023954724063
0,0.25,2,8,0,0.088820154877832264
0,0.25,3,8,0,0.09405897774044289
0,0.25,4,8,0,0.099368855772690015
0,0.25,5,8,0,0.10469053890545289
0,0.25,6,8,0,0.10995419810494293
0,0.25,7,8,0,0.11508010806687405
0,0.25,8,8,0,0.11998011008747936
0,0.25,9,8,0,0.1245599403562223
0,0.25,10,8,0,0.12872243322130394
0,0.25,11,8,0,0.13237150734093947
0,0.25,12,8,0,0.13541672546596284
0,0.25,13,8,0,0.13777810365315943
0,0.25,14,8,0,0.13939075580064128
0,0.25,15,8,0,0.14020891763137219
0,0.25,16,8,0,0.14020891763137219
0,0.25,17,8,0,0.13939075580064128
0,0.25,18,8,0,0.13777810365315943
0,0.25,19,8,0,0.13541672546596284
0,0.25,20,8,0,0.13237150734093947
0,0.25,21,8,0,0.12872243322130394
0,0.25,22,8,0,0.1245599403562223
0,0.25,23,8,0,0.11998011008747936
0,0.25,24,8,0,0.11508010806687405
0,0.25,25,8,0,0.10995419810494293
0,0.25,26,8,0,0.10469053890545289
0,0.25,27,8,0,0.099368855772690015
0,0.25,28,8,0,0.09405897774044289
0,0.25,29,8,0,0.088820154877832264
0,0.25,30,8,0,0.083701023954724063
0,0.25,31,8,0,0.07874007080615919
0,0.25,0,9,0,0.080992427027694269
0,0.25,1,9,0,0.08619729216486588
0,0.25,2,9,0,0.091578786102408619
0,0.25,3,9,0,0.097097142449325338
0,0.25,4,9,0,0.10270155351627201
0,0.25,5,9,0,0.10832957217316853
0,0.25,6,9,0,0.11390704609642639
0,0.25,7,9,0,0.11934875970576159
0,0.25,8,9,0,0.1245599403562223
0,0.25,9,9,0,0.12943873592704838
0,0.25,10,9,0,0.13387968725035182
0,0.25,11,9,0,0.13777810365315943
0,0.25,12,9,0,0.14103511464323099
0,0.25,13,9,0,0.14356303583762345
0,0.25,14,9,0,0.14529057952013819
0,0.25,15,9,0,0.14616738753369718
0,0.25,16,9,0,0.14616738753369718
0,0.25,17,9,0,0.14529057952013819
0,0.25,18,9,0,0.14356303583762345
0,0.25,19,9,0,0.14103511464323099
0,0.25,20,9,0,0.13777810365315943
0,0.25,21,9,0,0.13387968725035182
0,0.25,22,9,0,0.12943873592704838
0,0.25,23,9,0,0.1245599403562223
0,0.25,24,9,0,0.11934875970576159
0,0.25,25,9,0,0.11390704609642639
0,0.25,26,9,0,0.10832957217316853
0,0.25,27,9,0,0.10270155351627201
0,0.25,28,9,0,0.097097142449325338
0,0.25,29,9,0,0.091578786102408619
0,0.25,30,9,0,0.08619729216486588
0,0.25,31,9,0,0.080992427027694269
0,0.25,0,10,0,0.083009863932362565
0,0.25,1,10,0,0.088437370821142239
0,0.25,2,10,0,0.09405897774044289
0,0.25,3,10,0,0.099833839549538908
0,0.25,4,10,0,0.10570923688535683
0,0.25,5,10,0,0.11161984166888361
0,0.25,6,10,0,0.11748754679953365
0,0.25,7,10,0,0.12322205857402735
0,0.25,8,10,0,0.12872243322130394
0,0.25,9,10,0,0.13387968725035182
0,0.25,10,10,0,0.13858052017041902
0,0.25,11,10,0,0.14271205984561153
0,0.25,12,10,0,0.14616738753369718
0,0.25,13,10,0,0.14885144449168236
0,0.25,14,10,0,0.15068679596413051
0,0.25,15,10,0,0.15161866410653027
0,0.25,16,10,0,0.15161866410653027
0,0.25,17,10,0,0.15068679596413051
0,0.25,18,10,0,0.14885144449168236
0,0.25,19,10,0,0.14616738753369718
0,0.25,20,10,0,0.14271205984561153
0,0.25,21,10,0,0.13858052017041902
0,0.25,22,10,0,0.13387968725035182
0,0.25,23,10,0,0.12872243322130394
0,0.25,24,10,0,0.12322205857402735
0,0.25,25,10,0,0.11748754679953365
0,0.25,26,10,0,0.11161984166888361
0,0.25,27,10,0,0.10570923688535683
0,0.25,28,10,0,0.099833839549538908
0,0.25,29,10,0,0.09405897774044289
0,0.25,30,10,0,0.088437370821142239
0,0.25,31,10,0,0.083009863932362565
0,0.25,0,11,0,0.084755907010118356
0,0.25,1,11,0,0.090379267608396929
0,0.25,2,11,0,0.09621258311502931
0,0.25,3,11,0,0.10221413234446083
0,0.25,4,11,0,0.10832957217316853
0,0.25,5,11,0,0.11449107315892566
0,0.25,6,11,0,0.1206170465320186
0,0.25,7,11,0,0.12661268284746927
0,0.25,8,11,0,0.13237150734093947
0,0.25,9,11,0,0.13777810365315943
0,0.25,10,11,0,0.14271205984561153
0,0.25,11,11,0,0.14705305018531484
0,0.25,12,11,0,0.15068679596413051
0,0.25,13,11,0,0.15351147399047441
0,0.25,14,11,0,0.15544399739764042
0,0.25,15,11,0,0.15642551755832396
0,0.25,16,11,0,0.15642551755832396
0,0.25,17,11,0,0.15544399739764042
0,0.25,18,11,0,0.15351147399047441
0,0.25,19,11,0,0.15068679596413051
0,0.25,20,11,0,0.14705305018531484
0,0.25,21,11,0,0.14271205984561153
0,0.25,22,11,0,0.13777810365315943
0,0.25,23,11,0,0.13237150734093947
0,0.25,24,11,0,0.12661268284746927
0,0.25,25,11,0,0.1206170465320186
0,0.25,26,11,0,0.11449107315892566
0,0.25,27,11,0,0.10832957217316853
0,0.25,28,11,0,0.10221413234446083
0,0.25,29,11,0,0.09621258311502931
0,0.25,30,11,0,0.090379267608396929
0,0.25,31,11,0,0.084755907010118356
0,0.25,0,12,0,0.08619729216486588
0,0.25,1,12,0,0.091984533556069087
0,0.25,2,12,0,0.097995339454184746
0,0.25,3,12,0,0.10418730915300801
0,0.25,4,12,0,0.11050478414188115
0,0.25,5,12,0,0.11687786780692773
0,0.25,6,12,0,0.12322205857402735
0,0.25,7,12,0,0.12943873592704838
0,0.25,8,12,0,0.13541672546596284
0,0.25,9,12,0,0.14103511464323099
0,0.25,10,12,0,0.14616738753369718
0,0.25,11,12,0,0.15068679596413051
0,0.25,12,12,0,0.15447269901313609
0,0.25,13,12,0,0.15741741073279994
0,0.25,14,12,0,0.15943293558731619
0,0.25,15,12,0,0.16045688446144427
0,0.25,16,12,0,0.16045688446144427
0,0.25,17,12,0,0.15943293558731619
0,0.25,18,12,0,0.15741741073279994
0,0.25,19,12,0,0.15447269901313609
0,0.25,20,12,0,0.15068679596413051
0,0.25,21,12,0,0.14616738753369718
0,0.25,22,12,0,0.14103511464323099
0,0.25,23,12,0,0.13541672546596284
0,0.25,24,12,0,0.12943873592704838
0,0.25,25,12,0,0.12322205857402735
0,0.25,26,12,0,0.11687786780692773
0,0.25,27,12,0,0.11050478414188115
0,0.25,28,12,0,0.10418730915300801
0,0.25,29,12,0,0.097995339454184746
0,0.25,30,12,0,0.091984533556069087
0,0.25,31,12,0,0.08619729216486588
0,0.25,0,13,0,0.087305358755918702
0,0.25,1,13,0,0.093219931568403747
0,0.25,2,13,0,0.099368855772690015
0,0.25,3,13,0,0.10570923688535683
0,0.25,4,13,0,0.1121844224415418
0,0.25,5,13,0,0.11872292703939075
0,0.25,6,13,0,0.12523798749098272
0,0.25,7,13,0,0.13162800297993485
0,0.25,8,13,0,0.13777810365315943
0,0.25,9,13,0,0.14356303583762345
0,0.25,10,13,0,0.14885144449168236
0,0.25,11,13,0,0.15351147399047441
0,0.25,12,13,0,0.15741741073279994
0,0.25,13,13,0,0.16045688446144427
0,0.25,14,13,0,0.16253797121947303
0,0.25,15,13,0,0.16359544511124841
0,0.25,16,13,0,0.16359544511124841
0,0.25,17,13,0,0.16253797121947303
0,0.25,18,13,0,0.16045688446144427
0,0.25,19,13,0,0.15741741073279994
0,0.25,20,13,0,0.15351147399047441
0,0.25,21,13,0,0.14885144449168236
0,0.25,22,13,0,0.14356303583762345
0,0.25,23,13,0,0.13777810365315943
0,0.25,24,13,0,0.13162800297993485
0,0.25,25,13,0,0.12523798749098272
0,0.25,26,13,0,0.11872292703939075
0,0.25,27,13,0,0.1121844224415418
0,0.25,28,13,0,0.10570923688535683
0,0.25,29,13,0,0.099368855772690015
0,0.25,30,13,0,0.093219931568403747
0,0.25,31,13,0,0.087305358755918702
0,0.25,0,14,0,0.088057328330878995
0,0.25,1,14,0,0.09405897774044289
0,0.25,2,14,0,0.10030246105938369
0,0.25,3,14,0,0.10674456354990305
0,0.25,4,14,0,0.11332796747557664
0,0.25,5,14,0,0.11998011008747936
0,0.25,6,14,0,0.12661268284746927
0,0.25,7,14,0,0.1331220376630653
0,0.25,8,14,0,0.13939075580064128
0,0.25,9,14,0,0.14529057952013819
0,0.25,10,14,0,0.15068679596413051
0,0.25,11,14,0,0.15544399739764042
0,0.25,12,14,0,0.15943293558731619
0,0.25,13,14,0,0.16253797121947303
0,0.25,14,14,0,0.16466443550693216
0,0.25,15,14,0,0.16574511876460934
0,0.25,16,14,0,0.16574511876460934
0,0.25,17,14,0,0.16466443550693216
0,0.25,18,14,0,0.16253797121947303
0,0.25,19,14,0,0.15943293558731619
0,0.25,20,14,0,0.15544399739764042
0,0.25,21,14,0,0.15068679596413051
0,0.25,22,14,0,0.14529057952013819
0,0.25,23,14,0,0.13939075580064128
0,0.25,24,14,0,0.1331220376630653
0,0.25,25,14,0,0.12661268284746927
0,0.25,26,14,0,0.11998011008747936
0,0.25,27,14,0,0.11332796747557664
0,0.25,28,14,0,0.10674456354990305
0,0.25,29,14,0,0.10030246105938369
0,0.25,30,14,0,0.09405897774044289
0,0.25,31,14,0,0.088057328330878995
0,0.25,0,15,0,0.088437370821142239
0,0.25,1,15,0,0.094483232670673184
0,0.25,2,15,0,0.10077476027026711
0,0.25,3,15,0,0.10726858173320375
0,0.25,4,15,0,0.11390704609642639
0,0.25,5,15,0,0.1206170465320186
0,0.25,6,15,0,0.1273094903599977
0,0.25,7,15,0,0.13387968725035182
0,0.25,8,15,0,0.14020891763137219
0,0.25,9,15,0,0.14616738753369718
0,0.25,10,15,0,0.15161866410653027
0,0.25,11,15,0,0.15642551755832396
0,0.25,12,15,0,0.16045688446144427
0,0.25,13,15,0,0.16359544511124841
0,0.25,14,15,0,0.16574511876460934
0,0.25,15,15,0,0.16683767472989966
0,0.25,16,15,0,0.16683767472989966
0,0.25,17,15,0,0.16574511876460934
0,0.25,18,15,0,0.16359544511124841
0,0.25,19,15,0,0.16045688446144427
0,0.25,20,15,0,0.15642551755832396
0,0.25,21,15,0,0.15161866410653027
0,0.25,22,15,0,0.14616738753369718
0,0.25,23,15,0,0.14020891763137219
0,0.25,24,15,0,0.13387968725035182
0,0.25,25,15,0,0.1273094903599977
0,0.25,26,15,0,0.1206170465320186
0,0.25,27,15,0,0.11390704609642639
0,0.25,28,15,0,0.10726858173320375
0,0.25,29,15,0,0.10077476027026711
0,0.25,30,15,0,0.094483232670673184
0,0.25,31,15,0,0.088437370821142239
0,0.25,0,16,0,0.088437370821142239
0,0.25,1,16,0,0.094483232670673184
0,0.25,2,16,0,0.10077476027026711
0,0.25,3,16,0,0.10726858173320375
0,0.25,4,16,0,0.11390704609642639
0,0.25,5,16,0,0.1206170465320186
0,0.25,6,16,0,0.1273094903599977
0,0.25,7,16,0,0.13387968725035182
0,0.25,8,16,0,0.14020891763137219
0,0.25,9,16,0,0.14616738753369718
0,0.25,10,16,0,0.15161866410653027
0,0.25,11,16,0,0.15642551755832396
0,0.25,12,16,0,0.16045688446144427
0,0.25,13,16,0,0.16359544511124841
0,0.25,14,16,0,0.16574511876460934
0,0.25,15,16,0,0.16683767472989966
0,0.25,16,16,0,0.16683767472989966
0,0.25,17,16,0,0.16574511876460934
0,0.25,18,16,0,0.16359544511124841
0,0.25,19,16,0,0.16045688446144427
0,0.25,20,16,0,0.15642551755832396
0,0.25,21,16,0,0.15161866410653027
0,0.25,22,16,0,0.14616738753369718
0,0.25,23,16,0,0.14020891763137219
0,0.25,24,16,0,0.13387968725035182
0,0.25,25,16,0,0.1273094903599977
0,0.25,26,16,0,0.1206170465320186
0,0.25,27,16,0,0.11390704609642639
0,0.25,28,16,0,0.10726858173320375
0,0.25,29,16,0,0.10077476027026711
0,0.25,30,16,0,0.094483232670673184
0,0.25,31,16,0,0.088437370821142239
0,0.25,0,17,0,0.088057328330878995
0,0.25,1,17,0,0.09405897774044289
0,0.25,2,17,0,0.10030246105938369
0,0.25,3,17,0,0.10674456354990305
0,0.25,4,17,0,0.11332796747557664
0,0.25,5,17,0,0.11998011008747936
0,0.25,6,17,0,0.12661268284746927
0,0.25,7,17,0,0.1331220376630653
0,0.25,8,17,0,0.13939075580064128
0,0.25,9,17,0,0.14529057952013819
0,0.25,10,17,0,0.15068679596413051
0,0.25,11,17,0,0.15544399739764042
0,0.25,12,17,0,0.15943293558731619
0,0.25,13,17,0,0.16253797121947303
0,0.25,14,17,0,0.16466443550693216
0,0.25,15,17,0,0.16574511876460934
0,0.25,16,17,0,0.16574511876460934
0,0.25,17,17,0,0.16466443550693216
0,0.25,18,17,0,0.16253797121947303
0,0.25,19,17,0,0.15943293558731619
0,0.25,20,17,0,0.15544399739764042
0,0.25,21,17,0,0.15068679596413051
0,0.25,22,17,0,0.14529057952013819
0,0.25,23,17,0,0.13939075580064128
0,0.25,24,17,0,0.1331220376630653
0,0.25,25,17,0,0.12661268284746927
0,0.25,26,17,0,0.11998011008747936
0,0.25,27,17,0,0.11332796747557664
0,0.25,28,17,0,0.10674456354990305
0,0.25,29,17,0,0.10030246105938369
0,0.25,30,17,0,0.09405897774044289
0,0.25,31,17,0,0.088057328330878995
0,0.25,0,18,0,0.087305358755918702
0,0.25,1,18,0,0.093219931568403747
0,0.25,2,18,0,0.099368855772690015
0,0.25,3,18,0,0.10570923688535683
0,0.25,4,18,0,0.1121844224415418
0,0.25,5,18,0,0.11872292703939075
0,0.25,6,18,0,0.12523798749098272
0,0.25,7,18,0,0.13162800297993485
0,0.25,8,18,0,0.13777810365315943
0,0.25,9,18,0,0.14356303583762345
0,0.25,10,18,0,0.14885144449168236
0,0.25,11,18,0,0.15351147399047441
0,0.25,12,18,0,0.15741741073279994
0,0.25,13,18,0,0.16045688446144427
0,0.25,14,18,0,0.16253797121947303
0,0.25,15,18,0,0.16359544511124841
0,0.25,16,18,0,0.16359544511124841
0,0.25,17,18,0,0.16253797121947303
0,0.25,18,18,0,0.16045688446144427
0,0.25,19,18,0,0.15741741073279994
0,0.25,20,18,0,0.15351147399047441
0,0.25,21,18,0,0.14885144449168236
0,0.25,22,18,0,0.14356303583762345
0,0.25,23,18,0,0.13777810365315943
0,0.25,24,18,0,0.13162800297993485
0,0.25,25,18,0,0.12523798749098272
0,0.25,26,18,0,0.11872292703939075
0,0.25,27,18,0,0.1121844224415418
0,0.25,28,18,0,0.10570923688535683
0,0.25,29,18,0,0.099368855772690015
0,0.25,30,18,0,0.093219931568403747
0,0.25,31,18,0,0.087305358755918702
0,0.25,0,19,0,0.08619729216486588
0,0.25,1,19,0,0.091984533556069087
0,0.25,2,19,0,0.097995339454184746
0,0.25,3,19,0,0.10418730915300801
0,0.25,4,19,0,0.11050478414188115
0,0.25,5,19,0,0.11687786780692773
0,0.25,6,19,0,0.12322205857402735
0,0.25,7,19,0,0.12943873592704838
0,0.25,8,19,0,0.13541672546596284
0,0.25,9,19,0,0.14103511464323099
0,0.25,10,19,0,0.14616738753369718
0,0.25,11,19,0,0.15068679596413051
0,0.25,12,19,0,0.15447269901313609
0,0.25,13,19,0,0.15741741073279994
0,0.25,14,19,0,0.15943293558731619
0,0.25,15,19,0,0.16045688446144427
0,0.25,16,19,0,0.16045688446144427
0,0.25,17,19,0,0.15943293558731619
0,0.25,18,19,0,0.15741741073279994
0,0.25,19,19,0,0.15447269901313609
0,0.25,20,19,0,0.15068679596413051
0,0.25,21,19,0,0.14616738753369718
0,0.25,22,19,0,0.14103511464323099
0,0.25,23,19,0,0.13541672546596284
0,0.25,24,19,0,0.12943873592704838
0,0.25,25,19,0,0.12322205857402735
0,0.25,26,19,0,0.11687786780692773
0,0.25,27,19,0,0.11050478414188115
0,0.25,28,19,0,0.10418730915300801
0,0.25,29,19,0,0.097995339454184746
0,0.25,30,19,0,0.091984533556069087
0,0.25,31,19,0,0.08619729216486588
0,0.25,0,20,0,0.084755907010118356
0,0.25,1,20,0,0.090379267608396929
0,0.25,2,20,0,0.09621258311502931
0,0.25,3,20,0,0.10221413234446083
0,0.25,4,20,0,0.10832957217316853
0,0.25,5,20,0,0.11449107315892566
0,0.25,6,20,0,0.1206170465320186
0,0.25,7,20,0,0.12661268284746927
0,0.25,8,20,0,0.13237150734093947
0,0.25,9,20,0,0.13777810365315943
0,0.25,10,20,0,0.14271205984561153
0,0.25,11,20,0,0.14705305018531484
0,0.25,12,20,0,0.15068679596413051
0,0.25,13,20,0,0.15351147399047441
0,0.25,14,20,0,0.15544399739764042
0,0.25,15,20,0,0.15642551755832396
0,0.25,16,20,0,0.15642551755832396
0,0.25,17,20,0,0.15544399739764042
0,0.25,18,20,0,0.15351147399047441
0,0.25,19,20,0,0.15068679596413051
0,0.25,20,20,0,0.14705305018531484
0,0.25,21,20,0,0.14271205984561153
0,0.25,22,20,0,0.13777810365315943
0,0.25,23,20,0,0.13237150734093947
0,0.25,24,20,0,0.12661268284746927
0,0.25,25,20,0,0.1206170465320186
0,0.25,26,20,0,0.11449107315892566
0,0.25,27,20,0,0.10832957217316853
0,0.25,28,20,0,0.10221413234446083
0,0.25,29,20,0,0.09621258311502931
0,0.25,30,20,0,0.090379267608396929
0,0.25,31,20,0,0.084755907010118356
0,0.25,0,21,0,0.083009863932362565
0,0.25,1,21,0,0.088437370821142239
0,0.25,2,21,0,0.09405897774044289
0,0.25,3,21,0,0.099833839549538908
0,0.25,4,21,0,0.10570923688535683
0,0.25,5,21,0,0.11161984166888361
0,0.25,6,21,0,0.11748754679953365
0,0.25,7,21,0,0.12322205857402735
0,0.25,8,21,0,0.12872243322130394
0,0.25,9,21,0,0.13387968725035182
0,0.25,10,21,0,0.13858052017041902
0,0.25,11,21,0,0.14271205984561153
0,0.25,12,21,0,0.14616738753369718
0,0.25,13,21,0,0.14885144449168236
0,0.25,14,21,0,0.15068679596413051
0,0.25,15,21,0,0.15161866410653027
0,0.25,16,21,0,0.15161866410653027
0,0.25,17,21,0,0.15068679596413051
0,0.25,18,21,0,0.14885144449168236
0,0.25,19,21,0,0.14616738753369718
0,0.25,20,21,0,0.14271205984561153
0,0.25,21,21,0,0.13858052017041902
0,0.25,22,21,0,0.13387968725035182
0,0.25,23,21,0,0.12872243322130394
0,0.25,24,21,0,0.12322205857402735
0,0.25,25,21,0,0.11748754679953365
0,0.25,26,21,0,0.11161984166888361
0,0.25,27,21,0,0.10570923688535683
0,0.25,28,21,0,0.099833839549538908
0,0.25,29,21,0,0.09405897774044289
0,0.25,30,21,0,0.088437370821142239
0,0.25,31,21,0,0.083009863932362565
0,0.25,0,22,0,0.080992427027694269
0,0.25,1,22,0,0.08619729216486588
0,0.25,2,22,0,0.091578786102408619
0,0.25,3,22,0,0.097097142449325338
0,0.25,4,22,0,0.10270155351627201
0,0.25,5,22,0,0.10832957217316853
0,0.25,6,22,0,0.11390704609642639
0,0.25,7,22,0,0.11934875970576159
0,0.25,8,22,0,0.1245599403562223
0,0.25,9,22,0,0.12943873592704838
0,0.25,10,22,0,0.13387968725035182
0,0.25,11,22,0,0.13777810365315943
0,0.25,12,22,0,0.14103511464323099
0,0.25,13,22,0,0.14356303583762345
0,0.25,14,22,0,0.14529057952013819
0,0.25,15,22,0,0.14616738753369718
0,0.25,16,22,0,0.14616738753369718
0,0.25,17,22,0,0.14529057952013819
0,0.25,18,22,0,0.14356303583762345
0,0.25,19,22,0,0.14103511464323099
0,0.25,20,22,0,0.13777810365315943
0,0.25,21,22,0,0.13387968725035182
0,0.25,22,22,0,0.12943873592704838
0,0.25,23,22,0,0.1245599403562223
0,0.25,24,22,0,0.11934875970576159
0,0.25,25,22,0,0.11390704609642639
0,0.25,26,22,0,0.10832957217316853
0,0.25,27,22,0,0.10270155351627201
0,0.25,28,22,0,0.097097142449325338
0,0.25,29,22,0,0.091578786102408619
0,0.25,30,22,0,0.08619729216486588
0,0.25,31,22,0,0.080992427027694269
0,0.25,0,23,0,0.07874007080615919
0,0.25,1,23,0,0.083701023954724063
0,0.25,2,23,0,0.088820154877832264
0,0.25,3,23,0,0.09405897774044289
0,0.25,4,23,0,0.099368855772690015
0,0.25,5,23,0,0.10469053890545289
0,0.25,6,23,0,0.10995419810494293
0,0.25,7,23,0,0.11508010806687405
0,0.25,8,23,0,0.11998011008747936
0,0.25,9,23,0,0.1245599403562223
0,0.25,10,23,0,0.12872243322130394
0,0.25,11,23,0,0.13237150734093947
0,0.25,12,23,0,0.13541672546596284
0,0.25,13,23,0,0.13777810365315943
0,0.25,14,23,0,0.13939075580064128
0,0.25,15,23,0,0.14020891763137219
0,0.25,16,23,0,0.14020891763137219
0,0.25,17,23,0,0.13939075580064128
0,0.25,18,23,0,0.13777810365315943
0,0.25,19,23,0,0.13541672546596284
0,0.25,20,23,0,0.13237150734093947
0,0.25,21,23,0,0.12872243322130394
0,0.25,22,23,0,0.1245599403562223
0,0.25,23,23,0,0.11998011008747936
0,0.25,24,23,0,0.11508010806687405
0,0.25,25,23,0,0.10995419810494293
0,0.25,26,23,0,0.10469053890545289
0,0.25,27,23,0,0.099368855772690015
0,0.25,28,23,0,0.09405897774044289
0,0.25,29,23,0,0.088820154877832264
0,0.25,30,23,0,0.083701023954724063
0,0.25,31,23,0,0.07874007080615919
0,0.25,0,24,0,0.076291070659320975
0,0.25,1,24,0,0.080992427027694269
0,0.25,2,24,0,0.085833135544412326
0,0.25,3,24,0,0.090776183361698085
0,0.25,4,24,0,0.095775327223014906
0,0.25,5,24,0,0.10077476027026711
0,0.25,6,24,0,0.10570923688535683
0,0.25,7,24,0,0.11050478414188115
0,0.25,8,24,0,0.11508010806687405
0,0.25,9,24,0,0.11934875970576159
0,0.25,10,24,0,0.12322205857402735
0,0.25,11,24,0,0.12661268284746927
0,0.25,12,24,0,0.12943873592704838
0,0.25,13,24,0,0.13162800297993485
0,0.25,14,24,0,0.1331220376630653
0,0.25,15,24,0,0.13387968725035182
0,0.25,16,24,0,0.13387968725035182
0,0.25,17,24,0,0.1331220376630653
0,0.25,18,24,0,0.13162800297993485
0,0.25,19,24,0,0.12943873592704838
0,0.25,20,24,0,0.12661268284746927
0,0.25,21,24,0,0.12322205857402735
0,0.25,22,24,0,0.11934875970576159
0,0.25,23,24,0,0.11508010806687405
0,0.25,24,24,0,0.11050478414188115
0,0.25,25,24,0,0.10570923688535683
0,0.25,26,24,0,0.10077476027026711
0,0.25,27,24,0,0.095775327223014906
0,0.25,28,24,0,0.090776183361698085
0,0.25,29,24,0,0.085833135544412326
0,0.25,30,24,0,0.080992427027694269
0,0.25,31,24,0,0.076291070659320975
0,0.25,0,25,0,0.073684164382453538
0,0.25,1,25,0,0.078115656180258522
0,0.25,2,25,0,0.082667842787692805
0,0.25,3,25,0,0.087305358755918702
0,0.25,4,25,0,0.091984533556069087
0,0.25,5,25,0,0.096653176267643706
0,0.25,6,25,0,0.10125077771660794
0,0.25,7,25,0,0.10570923688535683
0,0.25,8,25,0,0.10995419810494293
0,0.25,9,25,0,0.11390704609642639
0,0.25,10,25,0,0.11748754679953365
0,0.25,11,25,0,0.1206170465320186
0,0.25,12,25,0,0.12322205857402735
0,0.25,13,25,0,0.12523798749098272
0,0.25,14,25,0,0.12661268284746927
0,0.25,15,25,0,0.1273094903599977
0,0.25,16,25,0,0.1273094903599977
0,0.25,17,25,0,0.12661268284746927
0,0.25,18,25,0,0.12523798749098272
0,0.25,19,25,0,0.12322205857402735
0,0.25,20,25,0,0.1206170465320186
0,0.25,21,25,0,0.11748754679953365
0,0.25,22,25,0,0.11390704609642639
0,0.25,23,25,0,0.10995419810494293
0,0.25,24,25,0,0.10570923688535683
0,0.25,25,25,0,0.10125077771660794
0,0.25,26,25,0,0.096653176267643706
0,0.25,27,25,0,0.091984533556069087
0,0.25,28,25,0,0.087305358755918702
0,0.25,29,25,0,0.082667842787692805
0,0.25,30,25,0,0.078115656180258522
0,0.25,31,25,0,0.073684164382453538
0,0.25,0,26,0,0.070957354826342509
0,0.25,1,26,0,0.075113769225486252
0,0.25,2,26,0,0.079372848715437885
0,0.25,3,26,0,0.083701023954724063
0,0.25,4,26,0,0.088057328330878995
0,0.25,5,26,0,0.092393286047934356
0,0.25,6,26,0,0.096653176267643706
0,0.25,7,26,0,0.10077476027026711
0,0.25,8,26,0,0.10469053890545289
0,0.25,9,26,0,0.10832957217316853
0,0.25,10,26,0,0.11161984166888361
0,0.25,11,26,0,0.11449107315892566
0,0.25,12,26,0,0.11687786780692773
0,0.25,13,26,0,0.11872292703939075
0,0.25,14,26,0,0.11998011008747936
0,0.25,15,26,0,0.1206170465320186
0,0.25,16,26,0,0.1206170465320186
0,0.25,17,26,0,0.11998011008747936
0,0.25,18,26,0,0.11872292703939075
0,0.25,19,26,0,0.11687786780692773
0,0.25,20,26,0,0.11449107315892566
0,0.25,21,26,0,0.11161984166888361
0,0.25,22,26,0,0.10832957217316853
0,0.25,23,26,0,0.10469053890545289
0,0.25,24,26,0,0.10077476027026711
0,0.25,25,26,0,0.096653176267643706
0,0.25,26,26,0,0.092393286047934356
0,0.25,27,26,0,0.088057328330878995
0,0.25,28,26,0,0.083701023954724063
0,0.25,29,26,0,0.079372848715437885
0,0.25,30,26,0,0.075113769225486252
0,0.25,31,26,0,0.070957354826342509
0,0.25,0,27,0,0.06814690234270461
0,0.25,1,27,0,0.072027575371806429
0,0.25,2,27,0,0.075993875816180265
0,0.25,3,27,0,0.080014147575189237
0,0.25,4,27,0,0.084050209033470519
0,0.25,5,27,0,0.088057328330878995
0,0.25,6,27,0,0.091984533556069087
0,0.25,7,27,0,0.095775327223014906
0,0.25,8,27,0,0.099368855772690015
0,0.25,9,27,0,0.10270155351627201
0,0.25,10,27,0,0.10570923688535683
0,0.25,11,27,0,0.10832957217316853
0,0.25,12,27,0,0.11050478414188115
0,0.25,13,27,0,0.1121844224415418
0,0.25,14,27,0,0.11332796747557664
0,0.25,15,27,0,0.11390704609642639
0,0.25,16,27,0,0.11390704609642639
0,0.25,17,27,0,0.11332796747557664
0,0.25,18,27,0,0.1121844224415418
0,0.25,19,27,0,0.11050478414188115
0,0.25,20,27,0,0.10832957217316853
0,0.25,21,27,0,0.10570923688535683
0,0.25,22,27,0,0.10270155351627201
0,0.25,23,27,0,0.099368855772690015
0,0.25,24,27,0,0.095775327223014906
0,0.25,25,27,0,0.091984533556069087
0,0.25,26,27,0,0.088057328330878995
0,0.25,27,27,0,0.084050209033470519
0,0.25,28,27,0,0.080014147575189237
0,0.25,29,27,0,0.075993875816180265
0,0.25,30,27,0,0.072027575371806429
0,0.25,31,27,0,0.06814690234270461
0,0.25,0,28,0,0.065286533533353494
0,0.25,1,28,0,0.068894750666981641
0,0.25,2,28,0,0.072572816668561205
0,0.25,3,28,0,0.076291070659320975
0,0.25,4,28,0,0.080014147575189237
0,0.25,5,28,0,0.083701023954724063
0,0.25,6,28,0,0.087305358755918702
0,0.25,7,28,0,0.090776183361698085
0,0.25,8,28,0,0.09405897774044289
0,0.25,9,28,0,0.097097142449325338
0,0.25,10,28,0,0.099833839549538908
0,0.25,11,28,0,0.10221413234446083
0,0.25,12,28,0,0.10418730915300801
0,0.25,13,28,0,0.10570923688535683
0,0.25,14,28,0,0.10674456354990305
0,0.25,15,28,0,0.10726858173320375
0,0.25,16,28,0,0.10726858173320375
0,0.25,17,28,0,0.10674456354990305
0,0.25,18,28,0,0.10570923688535683
0,0.25,19,28,0,0.10418730915300801
0,0.25,20,28,0,0.10221413234446083
0,0.25,21,28,0,0.099833839549538908
0,0.25,22,28,0,0.097097142449325338
0,0.25,23,28,0,0.09405897774044289
0,0.25,24,28,0,0.090776183361698085
0,0.25,25,28,0,0.087305358755918702
0,0.25,26,28,0,0.083701023954724063
0,0.25,27,28,0,0.080014147575189237
0,0.25,28,28,0,0.076291070659320975
0,0.25,29,28,0,0.072572816668561205
0,0.25,30,28,0,0.068894750666981641
0,0.25,31,28,0,0.065286533533353494
0,0.25,0,29,0,0.062406872548541256
0,0.25,1,29,0,0.065749223295404141
0,0.25,2,29,0,0.069147078002159565
0,0.25,3,29,0,0.072572816668561205
0,0.25,4,29,0,0.075993875816180265
0,0.25,5,29,0,0.079372848715437885
0,0.25,6,29,0,0.082667842787692805
0,0.25,7,29,0,0.085833135544412326
0,0.25,8,29,0,0.088820154877832264
0,0.25,9,29,0,0.091578786102408619
0,0.25,10,29,0,0.09405897774044289
0,0.25,11,29,0,0.09621258311502931
0,0.25,12,29,0,0.097995339454184746
0,0.25,13,29,0,0.099368855772690015
0,0.25,14,29,0,0.10030246105938369
0,0.25,15,29,0,0.10077476027026711
0,0.25,16,29,0,0.10077476027026711
0,0.25,17,29,0,0.10030246105938369
0,0.25,18,29,0,0.099368855772690015
0,0.25,19,29,0,0.097995339454184746
0,0.25,20,29,0,0.09621258311502931
0,0.25,21,29,0,0.09405897774044289
0,0.25,22,29,0,0.091578786102408619
0,0.25,23,29,0,0.088820154877832264
0,0.25,24,29,0,0.085833135544412326
0,0.25,25,29,0,0.082667842787692805
0,0.25,26,29,0,0.079372848715437885
0,0.25,27,29,0,0.075993875816180265
0,0.25,28,29,0,0.072572816668561205
0,0.25,29,29,0,0.069147078002159565
0,0.25,30,29,0,0.065749223295404141
0,0.25,31,29,0,0.062406872548541256
0,0.25,0,30,0,0.059535084590226391
0,0.25,1,30,0,0.062620811685617644
0,0.25,2,30,0,0.065749223295404141
0,0.25,3,30,0,0.068894750666981641
0,0.25,4,30,0,0.072027575371806429
0,0.25,5,30,0,0.075113769225486252
0,0.25,6,30,0,0.078115656180258522
0,0.25,7,30,0,0.080992427027694269
0,0.25,8,30,0,0.083701023954724063
0,0.25,9,30,0,0.08619729216486588
0,0.25,10,30,0,0.088437370821142239
0,0.25,11,30,0,0.090379267608396929
0,0.25,12,30,0,0.091984533556069087
0,0.25,13,30,0,0.093219931568403747
0,0.25,14,30,0,0.09405897774044289
0,0.25,15,30,0,0.094483232670673184
0,0.25,16,30,0,0.094483232670673184
0,0.25,17,30,0,0.09405897774044289
0,0.25,18,30,0,0.093219931568403747
0,0.25,19,30,0,0.091984533556069087
0,0.25,20,30,0,0.090379267608396929
0,0.25,21,30,0,0.088437370821142239
0,0.25,22,30,0,0.08619729216486588
0,0.25,23,30,0,0.083701023954724063
0,0.25,24,30,0,0.080992427027694269
0,0.25,25,30,0,0.078115656180258522
0,0.25,26,30,0,0.075113769225486252
0,0.25,27,30,0,0.072027575371806429
0,0.25,28,30,0,0.068894750666981641
0,0.25,29,30,0,0.065749223295404141
0,0.25,30,30,0,0.062620811685617644
0,0.25,31,30,0,0.059535084590226391
0,0.25,0,31,0,0.056694709243406791
0,0.25,1,31,0,0.059535084590226391
0,0.25,2,31,0,0.062406872548541256
0,0.25,3,31,0,0.065286533533353494
0,0.25,4,31,0,0.06814690234270461
0,0.25,5,31,0,0.070957354826342509
0,0.25,6,31,0,0.073684164382453538
0,0.25,7,31,0,0.076291070659320975
0,0.25,8,31,0,0.07874007080615919
0,0.25,9,31,0,0.080992427027694269
0,0.25,10,31,0,0.083009863932362565
0,0.25,11,31,0,0.084755907010118356
0,0.25,12,31,0,0.08619729216486588
0,0.25,13,31,0,0.087305358755918702
0,0.25,14,31,0,0.088057328330878995
0,0.25,15,31,0,0.088437370821142239
0,0.25,16,31,0,0.088437370821142239
0,0.25,17,31,0,0.088057328330878995
0,0.25,18,31,0,0.087305358755918702
0,0.25,19,31,0,0.08619729216486588
0,0.25,20,31,0,0.084755907010118356
0,0.25,21,31,0,0.083009863932362565
0,0.25,22,31,0,0.080992427027694269
0,0.25,23,31,0,0.07874007080615919
0,0.25,24,31,0,0.076291070659320975
0,0.25,25,31,0,0.073684164382453538
0,0.25,26,31,0,0.070957354826342509
0,0.25,27,31,0,0.06814690234270461
0,0.25,28,31,0,0.065286533533353494
0,0.25,29,31,0,0.062406872548541256
0,0.25,30,31,0,0.059535084590226391
0,0.25,31,31,0,0.056694709243406791
0,0.90000000000000002,0,0,0,0.056687173223984415
0,0.90000000000000002,1,0,0,0.059527171020163645
0,0.90000000000000002,2,0,0,0.062398577252385908
0,0.90000000000000002,3,0,0,0.065277855464600826
0,0.90000000000000002,4,0,0,0.068137844065724582
0,0.90000000000000002,5,0,0,0.070947922976152822
0,0.90000000000000002,6,0,0,0.073674370077106213
0,0.90000000000000002,7,0,0,0.076280929836695474
0,0.90000000000000002,8,0,0,0.078729604455580221
0,0.90000000000000002,9,0,0,0.080981661287622728
0,0.90000000000000002,10,0,0,0.08299883002893152
0,0.90000000000000002,11,0,0,0.084744641017754821
0,0.90000000000000002,12,0,0,0.086185834579553616
0,0.90000000000000002,13,0,0,0.087293753883294051
0,0.90000000000000002,14,0,0,0.088045623504353909
0,0.90000000000000002,15,0,0,0.088425615478305741
0,0.90000000000000002,16,0,0,0.088425615478305741
0,0.90000000000000002,17,0,0,0.088045623504353909
0,0.90000000000000002,18,0,0,0.087293753883294051
0,0.90000000000000002,19,0,0,0.086185834579553616
0,0.90000000000000002,20,0,0,0.084744641017754821
0,0.90000000000000002,21,0,0,0.08299883002893152
0,0.90000000000000002,22,0,0,0.080981661287622728
0,0.90000000000000002,23,0,0,0.078729604455580221
0,0.90000000000000002,24,0,0,0.076280929836695474
0,0.90000000000000002,25,0,0,0.073674370077106213
0,0.90000000000000002,26,0,0,0.070947922976152822
0,0.90000000000000002,27,0,0,0.068137844065724582
0,0.90000000000000002,28,0,0,0.065277855464600826
0,0.90000000000000002,29,0,0,0.062398577252385908
0,0.90000000000000002,30,0,0,0.059527171020163645
0,0.90000000000000002,31,0,0,0.056687173223984415
0,0.90000000000000002,0,1,0,0.059527171020163645
0,0.90000000000000002,1,1,0,0.062612487952073442
0,0.90000000000000002,2,1,0,0.065740483724633383
0,0.90000000000000002,3,1,0,0.068885592983909366
0,0.90000000000000002,4,1,0,0.07201800126490665
0,0.90000000000000002,5,1,0,0.0751037848930622
0,0.90000000000000002,6,1,0,0.078105272828619149
0,0.90000000000000002,7,1,0,0.080981661287622728
0,0.90000000000000002,8,1,0,0.08368989818036851
0,0.90000000000000002,9,1,0,0.086185834579553616
0,0.90000000000000002,10,1,0,0.088425615478305741
0,0.90000000000000002,11,1,0,0.090367254143204748
0,0.90000000000000002,12,1,0,0.091972306714434529
0,0.90000000000000002,13,1,0,0.093207540514207918
0,0.90000000000000002,14,1,0,0.09404647515788167
0,0.90000000000000002,15,1,0,0.094470673694959276
0,0.90000000000000002,16,1,0,0.094470673694959276
0,0.90000000000000002,17,1,0,0.09404647515788167
0,0.90000000000000002,18,1,0,0.093207540514207918
0,0.90000000000000002,19,1,0,0.091972306714434529
0,0.90000000000000002,20,1,0,0.090367254143204748
0,0.90000000000000002,21,1,0,0.088425615478305741
0,0.90000000000000002,22,1,0,0.086185834579553616
0,0.90000000000000002,23,1,0,0.08368989818036851
0,0.90000000000000002,24,1,0,0.080981661287622728
0,0.90000000000000002,25,1,0,0.078105272828619149
0,0.90000000000000002,26,1,0,0.0751037848930622
0,0.90000000000000002,27,1,0,0.07201800126490665
0,0.90000000000000002,28,1,0,0.068885592983909366
0,0.90000000000000002,29,1,0,0.065740483724633383
0,0.90000000000000002,30,1,0,0.062612487952073442
0,0.90000000000000002,31,1,0,0.059527171020163645
0,0.90000000000000002,0,2,0,0.062398577252385908
0,0.90000000000000002,1,2,0,0.065740483724633383
0,0.90000000000000002,2,2,0,0.06913788677903171
0,0.90000000000000002,3,2,0,0.072563170086662312
0,0.90000000000000002,4,2,0,0.075983774497525053
0,0.90000000000000002,5,2,0,0.079362298254248287
0,0.90000000000000002,6,2,0,0.082656854346669514
0,0.90000000000000002,7,2,0,0.085821726363817213
0,0.90000000000000002,8,2,0,0.088808348654267663
0,0.90000000000000002,9,2,0,0.091566613193861154
0,0.90000000000000002,10,2,0,0.09404647515788167
0,0.90000000000000002,11,2,0,0.096199794269214461
0,0.90000000000000002,12,2,0,0.097982313639407959
0,0.90000000000000002,13,2,0,0.099355647386280152
0,0.90000000000000002,14,2,0,0.10028912857554625
0,0.90000000000000002,15,2,0,0.10076136500709676
0,0.90000000000000002,16,2,0,0.10076136500709676
0,0.90000000000000002,17,2,0,0.10028912857554625
0,0.90000000000000002,18,2,0,0.099355647386280152
0,0.90000000000000002,19,2,0,0.097982313639407959
0,0.90000000000000002,20,2,0,0.096199794269214461
0,0.90000000000000002,21,2,0,0.09404647515788167
0,0.90000000000000002,22,2,0,0.091566613193861154
0,0.90000000000000002,23,2,0,0.088808348654267663
0,0.90000000000000002,24,2,0,0.085821726363817213
0,0.90000000000000002,25,2,0,0.082656854346669514
0,0.90000000000000002,26,2,0,0.079362298254248287
0,0.90000000000000002,27,2,0,0.075983774497525053
0,0.90000000000000002,28,2,0,0.072563170086662312
0,0.90000000000000002,29,2,0,0.06913788677903171
0,0.90000000000000002,30,2,0,0.065740483724633383
0,0.90000000000000002,31,2,0,0.062398577252385908
0,0.90000000000000002,0,3,0,0.065277855464600826
0,0.90000000000000002,1,3,0,0.068885592983909366
0,0.90000000000000002,2,3,0,0.072563170086662312
0,0.90000000000000002,3,3,0,0.076280929836695474
0,0.90000000000000002,4,3,0,0.080003511870760421
0,0.90000000000000002,5,3,0,0.08368989818036851
0,0.90000000000000002,6,3,0,0.087293753883294051
0,0.90000000000000002,7,3,0,0.090764117137353134
0,0.90000000000000002,8,3,0,0.09404647515788167
0,0.90000000000000002,9,3,0,0.09708423602540818
0,0.90000000000000002,10,3,0,0.09982056935618408
0,0.90000000000000002,11,3,0,0.10220054575592606
0,0.90000000000000002,12,3,0,0.10417346028428957
0,0.90000000000000002,13,3,0,0.10569518571774483
0,0.90000000000000002,14,3,0,0.10673037476377328
0,0.90000000000000002,15,3,0,0.10725432329311049
0,0.90000000000000002,16,3,0,0.10725432329311049
0,0.90000000000000002,17,3,0,0.10673037476377328
0,0.90000000000000002,18,3,0,0.10569518571774483
0,0.90000000000000002,19,3,0,0.10417346028428957
0,0.90000000000000002,20,3,0,0.10220054575592606
0,0.90000000000000002,21,3,0,0.09982056935618408
0,0.90000000000000002,22,3,0,0.09708423602540818
0,0.90000000000000002,23,3,0,0.09404647515788167
0,0.90000000000000002,24,3,0,0.090764117137353134
0,0.90000000000000002,25,3,0,0.087293753883294051
0,0.90000000000000002,26,3,0,0.08368989818036851
0,0.90000000000000002,27,3,0,0.080003511870760421
0,0.90000000000000002,28,3,0,0.076280929836695474
0,0.90000000000000002,29,3,0,0.072563170086662312
0,0.90000000000000002,30,3,0,0.068885592983909366
0,0.90000000000000002,31,3,0,0.065277855464600826
0,0.90000000000000002,0,4,0,0.068137844065724582
0,0.90000000000000002,1,4,0,0.07201800126490665
0,0.90000000000000002,2,4,0,0.075983774497525053
0,0.90000000000000002,3,4,0,0.080003511870760421
0,0.90000000000000002,4,4,0,0.084039036844457043
0,0.90000000000000002,5,4,0,0.088045623504353909
0,0.90000000000000002,6,4,0,0.091972306714434529
0,0.90000000000000002,7,4,0,0.09576259649847696
0,0.90000000000000002,8,4,0,0.099355647386280152
0,0.90000000000000002,9,4,0,0.10268790213835095
0,0.90000000000000002,10,4,0,0.10569518571774483
0,0.90000000000000002,11,4,0,0.10831517270325662
0,0.90000000000000002,12,4,0,0.11049009553670668
0,0.90000000000000002,13,4,0,0.11216951057414377
0,0.90000000000000002,14,4,0,0.11331290360497229
0,0.90000000000000002,15,4,0,0.11389190525307112
0,0.90000000000000002,16,4,0,0.11389190525307112
0,0.90000000000000002,17,4,0,0.11331290360497229
0,0.90000000000000002,18,4,0,0.11216951057414377
0,0.90000000000000002,19,4,0,0.11049009553670668
0,0.90000000000000002,20,4,0,0.10831517270325662
0,0.90000000000000002,21,4,0,0.10569518571774483
0,0.90000000000000002,22,4,0,0.10268790213835095
0,0.90000000000000002,23,4,0,0.099355647386280152
0,0.90000000000000002,24,4,0,0.09576259649847696
0,0.90000000000000002,25,4,0,0.091972306714434529
0,0.90000000000000002,26,4,0,0.088045623504353909
0,0.90000000000000002,27,4,0,0.084039036844457043
0,0.90000000000000002,28,4,0,0.080003511870760421
0,0.90000000000000002,29,4,0,0.075983774497525053
0,0.90000000000000002,30,4,0,0.07201800126490665
0,0.90000000000000002,31,4,0,0.068137844065724582
0,0.90000000000000002,0,5,0,0.070947922976152822
0,0.90000000000000002,1,5,0,0.0751037848930622
0,0.90000000000000002,2,5,0,0.079362298254248287
0,0.90000000000000002,3,5,0,0.08368989818036851
0,0.90000000000000002,4,5,0,0.088045623504353909
0,0.90000000000000002,5,5,0,0.092381004873774625
0,0.90000000000000002,6,5,0,0.096640328856953936
0,0.90000000000000002,7,5,0,0.10076136500709676
0,0.90000000000000002,8,5,0,0.10467662314602738
0,0.90000000000000002,9,5,0,0.10831517270325662
0,0.90000000000000002,10,5,0,0.11160500484714198
0,0.90000000000000002,11,5,0,0.11447585468505873
0,0.90000000000000002,12,5,0,0.11686233207363633
0,0.90000000000000002,13,5,0,0.11870714605566246
0,0.90000000000000002,14,5,0,0.11996416199546188
0,0.90000000000000002,15,5,0,0.12060101377662634
0,0.90000000000000002,16,5,0,0.12060101377662634
0,0.90000000000000002,17,5,0,0.11996416199546188
0,0.90000000000000002,18,5,0,0.11870714605566246
0,0.90000000000000002,19,5,0,0.11686233207363633
0,0.90000000000000002,20,5,0,0.11447585468505873
0,0.90000000000000002,21,5,0,0.11160500484714198
0,0.90000000000000002,22,5,0,0.10831517270325662
0,0.90000000000000002,23,5,0,0.10467662314602738
0,0.90000000000000002,24,5,0,0.10076136500709676
0,0.90000000000000002,25,5,0,0.096640328856953936
0,0.90000000000000002,26,5,0,0.092381004873774625
0,0.90000000000000002,27,5,0,0.088045623504353909
0,0.90000000000000002,28,5,0,0.08368989818036851
0,0.90000000000000002,29,5,0,0.079362298254248287
0,0.90000000000000002,30,5,0,0.0751037848930622
0,0.90000000000000002,31,5,0,0.070947922976152822
0,0.90000000000000002,0,6,0,0.073674370077106213
0,0.90000000000000002,1,6,0,0.078105272828619149
0,0.90000000000000002,2,6,0,0.082656854346669514
0,0.90000000000000002,3,6,0,0.087293753883294051
0,0.90000000000000002,4,6,0,0.091972306714434529
0,0.90000000000000002,5,6,0,0.096640328856953936
0,0.90000000000000002,6,6,0,0.10123731917986641
0,0.90000000000000002,7,6,0,0.10569518571774483
0,0.90000000000000002,8,6,0,0.10993958268520539
0,0.90000000000000002,9,6,0,0.11389190525307112
0,0.90000000000000002,10,6,0,0.11747193002600427
0,0.90000000000000002,11,6,0,0.12060101377662634
0,0.90000000000000002,12,6,0,0.12320567955314389
0,0.90000000000000002,13,6,0,0.12522134050718572
0,0.90000000000000002,14,6,0,0.12659585313531818
0,0.90000000000000002,15,6,0,0.12729256802624186
0,0.90000000000000002,16,6,0,0.12729256802624186
0,0.90000000000000002,17,6,0,0.12659585313531818
0,0.90000000000000002,18,6,0,0.12522134050718572
0,0.90000000000000002,19,6,0,0.12320567955314389
0,0.90000000000000002,20,6,0,0.12060101377662634
0,0.90000000000000002,21,6,0,0.11747193002600427
0,0.90000000000000002,22,6,0,0.11389190525307112
0,0.90000000000000002,23,6,0,0.10993958268520539
0,0.90000000000000002,24,6,0,0.10569518571774483
0,0.90000000000000002,25,6,0,0.10123731917986641
0,0.90000000000000002,26,6,0,0.096640328856953936
0,0.90000000000000002,27,6,0,0.091972306714434529
0,0.90000000000000002,28,6,0,0.087293753883294051
0,0.90000000000000002,29,6,0,0.082656854346669514
0,0.90000000000000002,30,6,0,0.078105272828619149
0,0.90000000000000002,31,6,0,0.073674370077106213
0,0.90000000000000002,0,7,0,0.076280929836695474
0,0.90000000000000002,1,7,0,0.080981661287622728
0,0.90000000000000002,2,7,0,0.085821726363817213
0,0.90000000000000002,3,7,0,0.090764117137353134
0,0.90000000000000002,4,7,0,0.09576259649847696
0,0.90000000000000002,5,7,0,0.10076136500709676
0,0.90000000000000002,6,7,0,0.10569518571774483
0,0.90000000000000002,7,7,0,0.11049009553670668
0,0.90000000000000002,8,7,0,0.11506481129683864
0,0.90000000000000002,9,7,0,0.11933289553460379
0,0.90000000000000002,10,7,0,0.12320567955314389
0,0.90000000000000002,11,7,0,0.12659585313531818
0,0.90000000000000002,12,7,0,0.12942153056801273
0,0.90000000000000002,13,7,0,0.13161050661739551
0,0.90000000000000002,14,7,0,0.13310434270925456
0,0.90000000000000002,15,7,0,0.13386189158763753
0,0.90000000000000002,16,7,0,0.13386189158763753
0,0.90000000000000002,17,7,0,0.13310434270925456
0,0.90000000000000002,18,7,0,0.13161050661739551
0,0.90000000000000002,19,7,0,0.12942153056801273
0,0.90000000000000002,20,7,0,0.12659585313531818
0,0.90000000000000002,21,7,0,0.12320567955314389
0,0.90000000000000002,22,7,0,0.11933289553460379
0,0.90000000000000002,23,7,0,0.11506481129683864
0,0.90000000000000002,24,7,0,0.11049009553670668
0,0.90000000000000002,25,7,0,0.10569518571774483
0,0.90000000000000002,26,7,0,0.10076136500709676
0,0.90000000000000002,27,7,0,0.09576259649847696
0,0.90000000000000002,28,7,0,0.090764117137353134
0,0.90000000000000002,29,7,0,0.085821726363817213
0,0.90000000000000002,30,7,0,0.080981661287622728
0,0.90000000000000002,31,7,0,0.076280929836695474
0,0.90000000000000002,0,8,0,0.078729604455580221
0,0.90000000000000002,1,8,0,0.08368989818036851
0,0.90000000000000002,2,8,0,0.088808348654267663
0,0.90000000000000002,3,8,0,0.09404647515788167
0,0.90000000000000002,4,8,0,0.099355647386280152
0,0.90000000000000002,5,8,0,0.10467662314602738
0,0.90000000000000002,6,8,0,0.10993958268520539
0,0.90000000000000002,7,8,0,0.11506481129683864
0,0.90000000000000002,8,8,0,0.11996416199546188
0,0.90000000000000002,9,8,0,0.12454338350034808
0,0.90000000000000002,10,8,0,0.12870532307522867
0,0.90000000000000002,11,8,0,0.13235391214971964
0,0.90000000000000002,12,8,0,0.13539872549582727
0,0.90000000000000002,13,8,0,0.13775978980202649
0,0.90000000000000002,14,8,0,0.13937222759127163
0,0.90000000000000002,15,8,0,0.14019028066964226
0,0.90000000000000002,16,8,0,0.14019028066964226
0,0.90000000000000002,17,8,0,0.13937222759127163
0,0.90000000000000002,18,8,0,0.13775978980202649
0,0.90000000000000002,19,8,0,0.13539872549582727
0,0.90000000000000002,20,8,0,0.13235391214971964
0,0.90000000000000002,21,8,0,0.12870532307522867
0,0.90000000000000002,22,8,0,0.12454338350034808
0,0.90000000000000002,23,8,0,0.11996416199546188
0,0.90000000000000002,24,8,0,0.11506481129683864
0,0.90000000000000002,25,8,0,0.10993958268520539
0,0.90000000000000002,26,8,0,0.10467662314602738
0,0.90000000000000002,27,8,0,0.099355647386280152
0,0.90000000000000002,28,8,0,0.09404647515788167
0,0.90000000000000002,29,8,0,0.088808348654267663
0,0.90000000000000002,30,8,0,0.08368989818036851
0,0.90000000000000002,31,8,0,0.078729604455580221
0,0.90000000000000002,0,9,0,0.080981661287622728
0,0.90000000000000002,1,9,0,0.086185834579553616
0,0.90000000000000002,2,9,0,0.091566613193861154
0,0.90000000000000002,3,9,0,0.09708423602540818
0,0.90000000000000002,4,9,0,0.10268790213835095
0,0.90000000000000002,5,9,0,0.10831517270325662
0,0.90000000000000002,6,9,0,0.11389190525307112
0,0.90000000000000002,7,9,0,0.11933289553460379
0,0.90000000000000002,8,9,0,0.12454338350034808
0,0.90000000000000002,9,9,0,0.12942153056801273
0,0.90000000000000002,10,9,0,0.13386189158763753
0,0.90000000000000002,11,9,0,0.13775978980202649
0,0.90000000000000002,12,9,0,0.14101636786108196
0,0.90000000000000002,13,9,0,0.14354395303711448
0,0.90000000000000002,14,9,0,0.1452712670896881
0,0.90000000000000002,15,9,0,0.14614795855547202
0,0.90000000000000002,16,9,0,0.14614795855547202
0,0.90000000000000002,17,9,0,0.1452712670896881
0,0.90000000000000002,18,9,0,0.14354395303711448
0,0.90000000000000002,19,9,0,0.14101636786108196
0,0.90000000000000002,20,9,0,0.13775978980202649
0,0.90000000000000002,21,9,0,0.13386189158763753
0,0.90000000000000002,22,9,0,0.12942153056801273
0,0.90000000000000002,23,9,0,0.12454338350034808
0,0.90000000000000002,24,9,0,0.11933289553460379
0,0.90000000000000002,25,9,0,0.11389190525307112
0,0.90000000000000002,26,9,0,0.10831517270325662
0,0.90000000000000002,27,9,0,0.10268790213835095
0,0.90000000000000002,28,9,0,0.09708423602540818
0,0.90000000000000002,29,9,0,0.091566613193861154
0,0.90000000000000002,30,9,0,0.086185834579553616
0,0.90000000000000002,31,9,0,0.080981661287622728
0,0.90000000000000002,0,10,0,0.08299883002893152
0,0.90000000000000002,1,10,0,0.088425615478305741
0,0.90000000000000002,2,10,0,0.09404647515788167
0,0.90000000000000002,3,10,0,0.09982056935618408
0,0.90000000000000002,4,10,0,0.10569518571774483
0,0.90000000000000002,5,10,0,0.11160500484714198
0,0.90000000000000002,6,10,0,0.11747193002600427
0,0.90000000000000002,7,10,0,0.12320567955314389
0,0.90000000000000002,8,10,0,0.12870532307522867
0,0.90000000000000002,9,10,0,0.13386189158763753
0,0.90000000000000002,10,10,0,0.13856209965983693
0,0.90000000000000002,11,10,0,0.14269309015921297
0,0.90000000000000002,12,10,0,0.14614795855547202
0,0.90000000000000002,13,10,0,0.14883165874109455
0,0.90000000000000002,14,10,0,0.15066676625348846
0,0.90000000000000002,15,10,0,0.15159851052936674
0,0.90000000000000002,16,10,0,0.15159851052936674
0,0.90000000000000002,17,10,0,0.15066676625348846
0,0.90000000000000002,18,10,0,0.14883165874109455
0,0.90000000000000002,19,10,0,0.14614795855547202
0,0.90000000000000002,20,10,0,0.14269309015921297
0,0.90000000000000002,21,10,0,0.13856209965983693
0,0.90000000000000002,22,10,0,0.13386189158763753
0,0.90000000000000002,23,10,0,0.12870532307522867
0,0.90000000000000002,24,10,0,0.12320567955314389
0,0.90000000000000002,25,10,0,0.11747193002600427
0,0.90000000000000002,26,10,0,0.11160500484714198
0,0.90000000000000002,27,10,0,0.10569518571774483
0,0.90000000000000002,28,10,0,0.09982056935618408
0,0.90000000000000002,29,10,0,0.09404647515788167
0,0.90000000000000002,30,10,0,0.088425615478305741
0,0.90000000000000002,31,10,0,0.08299883002893152
0,0.90000000000000002,0,11,0,0.084744641017754821
0,0.90000000000000002,1,11,0,0.090367254143204748
0,0.90000000000000002,2,11,0,0.096199794269214461
0,0.90000000000000002,3,11,0,0.10220054575592606
0,0.90000000000000002,4,11,0,0.10831517270325662
0,0.90000000000000002,5,11,0,0.11447585468505873
0,0.90000000000000002,6,11,0,0.12060101377662634
0,0.90000000000000002,7,11,0,0.12659585313531818
0,0.90000000000000002,8,11,0,0.13235391214971964
0,0.90000000000000002,9,11,0,0.13775978980202649
0,0.90000000000000002,10,11,0,0.14269309015921297
0,0.90000000000000002,11,11,0,0.14703350348233135
0,0.90000000000000002,12,11,0,0.15066676625348846
0,0.90000000000000002,13,11,0,0.15349106881572375
0,0.90000000000000002,14,11,0,0.15542333534646999
0,0.90000000000000002,15,11,0,0.15640472504074682
0,0.90000000000000002,16,11,0,0.15640472504074682
0,0.90000000000000002,17,11,0,0.15542333534646999
0,0.90000000000000002,18,11,0,0.15349106881572375
0,0.90000000000000002,19,11,0,0.15066676625348846
0,0.90000000000000002,20,11,0,0.14703350348233135
0,0.90000000000000002,21,11,0,0.14269309015921297
0,0.90000000000000002,22,11,0,0.13775978980202649
0,0.90000000000000002,23,11,0,0.13235391214971964
0,0.90000000000000002,24,11,0,0.12659585313531818
0,0.90000000000000002,25,11,0,0.12060101377662634
0,0.90000000000000002,26,11,0,0.11447585468505873
0,0.90000000000000002,27,11,0,0.10831517270325662
0,0.90000000000000002,28,11,0,0.10220054575592606
0,0.90000000000000002,29,11,0,0.096199794269214461
0,0.90000000000000002,30,11,0,0.090367254143204748
0,0.90000000000000002,31,11,0,0.084744641017754821
0,0.90000000000000002,0,12,0,0.086185834579553616
0,0.90000000000000002,1,12,0,0.091972306714434529
0,0.90000000000000002,2,12,0,0.097982313639407959
0,0.90000000000000002,3,12,0,0.10417346028428957
0,0.90000000000000002,4,12,0,0.11049009553670668
0,0.90000000000000002,5,12,0,0.11686233207363633
0,0.90000000000000002,6,12,0,0.12320567955314389
0,0.90000000000000002,7,12,0,0.12942153056801273
0,0.90000000000000002,8,12,0,0.13539872549582727
0,0.90000000000000002,9,12,0,0.14101636786108196
0,0.90000000000000002,10,12,0,0.14614795855547202
0,0.90000000000000002,11,12,0,0.15066676625348846
0,0.90000000000000002,12,12,0,0.15445216606966528
0,0.90000000000000002,13,12,0,0.15739648637000606
0,0.90000000000000002,14,12,0,0.15941174331531788
0,0.90000000000000002,15,12,0,0.1604355560832959
0,0.90000000000000002,16,12,0,0.1604355560832959
0,0.90000000000000002,17,12,0,0.15941174331531788
0,0.90000000000000002,18,12,0,0.15739648637000606
0,0.90000000000000002,19,12,0,0.15445216606966528
0,0.90000000000000002,20,12,0,0.15066676625348846
0,0.90000000000000002,21,12,0,0.14614795855547202
0,0.90000000000000002,22,12,0,0.14101636786108196
0,0.90000000000000002,23,12,0,0.13539872549582727
0,0.90000000000000002,24,12,0,0.12942153056801273
0,0.90000000000000002,25,12,0,0.12320567955314389
0,0.90000000000000002,26,12,0,0.11686233207363633
0,0.90000000000000002,27,12,0,0.11049009553670668
0,0.90000000000000002,28,12,0,0.10417346028428957
0,0.90000000000000002,29,12,0,0.097982313639407959
0,0.90000000000000002,30,12,0,0.091972306714434529
0,0.90000000000000002,31,12,0,0.086185834579553616
0,0.90000000000000002,0,13,0,0.087293753883294051
0,0.90000000000000002,1,13,0,0.093207540514207918
0,0.90000000000000002,2,13,0,0.099355647386280152
0,0.90000000000000002,3,13,0,0.10569518571774483
0,0.90000000000000002,4,13,0,0.11216951057414377
0,0.90000000000000002,5,13,0,0.11870714605566246
0,0.90000000000000002,6,13,0,0.12522134050718572
0,0.90000000000000002,7,13,0,0.13161050661739551
0,0.90000000000000002,8,13,0,0.13775978980202649
0,0.90000000000000002,9,13,0,0.14354395303711448
0,0.90000000000000002,10,13,0,0.14883165874109455
0,0.90000000000000002,11,13,0,0.15349106881572375
0,0.90000000000000002,12,13,0,0.15739648637000606
0,0.90000000000000002,13,13,0,0.1604355560832959
0,0.90000000000000002,14,13,0,0.1625163662174485
0,0.90000000000000002,15,13,0,0.16357369954683468
0,0.90000000000000002,16,13,0,0.16357369954683468
0,0.90000000000000002,17,13,0,0.1625163662174485
0,0.90000000000000002,18,13,0,0.1604355560832959
0,0.90000000000000002,19,13,0,0.15739648637000606
0,0.90000000000000002,20,13,0,0.15349106881572375
0,0.90000000000000002,21,13,0,0.14883165874109455
0,0.90000000000000002,22,13,0,0.14354395303711448
0,0.90000000000000002,23,13,0,0.13775978980202649
0,0.90000000000000002,24,13,0,0.13161050661739551
0,0.90000000000000002,25,13,0,0.12522134050718572
0,0.90000000000000002,26,13,0,0.11870714605566246
0,0.90000000000000002,27,13,0,0.11216951057414377
0,0.90000000000000002,28,13,0,0.10569518571774483
0,0.90000000000000002,29,13,0,0.099355647386280152
0,0.90000000000000002,30,13,0,0.093207540514207918
0,0.90000000000000002,31,13,0,0.087293753883294051
0,0.90000000000000002,0,14,0,0.088045623504353909
0,0.90000000000000002,1,14,0,0.09404647515788167
0,0.90000000000000002,2,14,0,0.10028912857554625
0,0.90000000000000002,3,14,0,0.10673037476377328
0,0.90000000000000002,4,14,0,0.11331290360497229
0,0.90000000000000002,5,14,0,0.11996416199546188
0,0.90000000000000002,6,14,0,0.12659585313531818
0,0.90000000000000002,7,14,0,0.13310434270925456
0,0.90000000000000002,8,14,0,0.13937222759127163
0,0.90000000000000002,9,14,0,0.1452712670896881
0,0.90000000000000002,10,14,0,0.15066676625348846
0,0.90000000000000002,11,14,0,0.15542333534646999
0,0.90000000000000002,12,14,0,0.15941174331531788
0,0.90000000000000002,13,14,0,0.1625163662174485
0,0.90000000000000002,14,14,0,0.16464254784932328
0,0.90000000000000002,15,14,0,0.16572308745955738
0,0.90000000000000002,16,14,0,0.16572308745955738
0,0.90000000000000002,17,14,0,0.16464254784932328
0,0.90000000000000002,18,14,0,0.1625163662174485
0,0.90000000000000002,19,14,0,0.15941174331531788
0,0.90000000000000002,20,14,0,0.15542333534646999
0,0.90000000000000002,21,14,0,0.15066676625348846
0,0.90000000000000002,22,14,0,0.1452712670896881
0,0.90000000000000002,23,14,0,0.13937222759127163
0,0.90000000000000002,24,14,0,0.13310434270925456
0,0.90000000000000002,25,14,0,0.12659585313531818
0,0.90000000000000002,26,14,0,0.11996416199546188
0,0.90000000000000002,27,14,0,0.11331290360497229
0,0.90000000000000002,28,14,0,0.10673037476377328
0,0.90000000000000002,29,14,0,0.10028912857554625
0,0.90000000000000002,30,14,0,0.09404647515788167
0,0.90000000000000002,31,14,0,0.088045623504353909
0,0.90000000000000002,0,15,0,0.088425615478305741
0,0.90000000000000002,1,15,0,0.094470673694959276
0,0.90000000000000002,2,15,0,0.10076136500709676
0,0.90000000000000002,3,15,0,0.10725432329311049
0,0.90000000000000002,4,15,0,0.11389190525307112
0,0.90000000000000002,5,15,0,0.12060101377662634
0,0.90000000000000002,6,15,0,0.12729256802624186
0,0.90000000000000002,7,15,0,0.13386189158763753
0,0.90000000000000002,8,15,0,0.14019028066964226
0,0.90000000000000002,9,15,0,0.14614795855547202
0,0.90000000000000002,10,15,0,0.15159851052936674
0,0.90000000000000002,11,15,0,0.15640472504074682
0,0.90000000000000002,12,15,0,0.1604355560832959
0,0.90000000000000002,13,15,0,0.16357369954683468
0,0.90000000000000002,14,15,0,0.16572308745955738
0,0.90000000000000002,15,15,0,0.16681549819925109
0,0.90000000000000002,16,15,0,0.16681549819925109
0,0.90000000000000002,17,15,0,0.16572308745955738
0,0.90000000000000002,18,15,0,0.16357369954683468
0,0.90000000000000002,19,15,0,0.1604355560832959
0,0.90000000000000002,20,15,0,0.15640472504074682
0,0.90000000000000002,21,15,0,0.15159851052936674
0,0.90000000000000002,22,15,0,0.14614795855547202
0,0.90000000000000002,23,15,0,0.14019028066964226
0,0.90000000000000002,24,15,0,0.13386189158763753
0,0.90000000000000002,25,15,0,0.12729256802624186
0,0.90000000000000002,26,15,0,0.12060101377662634
0,0.90000000000000002,27,15,0,0.11389190525307112
0,0.90000000000000002,28,15,0,0.10725432329311049
0,0.90000000000000002,29,15,0,0.10076136500709676
0,0.90000000000000002,30,15,0,0.094470673694959276
0,0.90000000000000002,31,15,0,0.088425615478305741
0,0.90000000000000002,0,16,0,0.088425615478305741
0,0.90000000000000002,1,16,0,0.094470673694959276
0,0.90000000000000002,2,16,0,0.10076136500709676
0,0.90000000000000002,3,16,0,0.10725432329311049
0,0.90000000000000002,4,16,0,0.11389190525307112
0,0.90000000000000002,5,16,0,0.12060101377662634
0,0.90000000000000002,6,16,0,0.12729256802624186
0,0.90000000000000002,7,16,0,0.13386189158763753
0,0.90000000000000002,8,16,0,0.14019028066964226
0,0.90000000000000002,9,16,0,0.14614795855547202
0,0.90000000000000002,10,16,0,0.15159851052936674
0,0.90000000000000002,11,16,0,0.15640472504074682
0,0.90000000000000002,12,16,0,0.1604355560832959
0,0.90000000000000002,13,16,0,0.16357369954683468
0,0.90000000000000002,14,16,0,0.16572308745955738
0,0.90000000000000002,15,16,0,0.16681549819925109
0,0.90000000000000002,16,16,0,0.16681549819925109
0,0.90000000000000002,17,16,0,0.16572308745955738
0,0.90000000000000002,18,16,0,0.16357369954683468
0,0.90000000000000002,19,16,0,0.1604355560832959
0,0.90000000000000002,20,16,0,0.15640472504074682
0,0.90000000000000002,21,16,0,0.15159851052936674
0,0.90000000000000002,22,16,0,0.14614795855547202
0,0.90000000000000002,23,16,0,0.14019028066964226
0,0.90000000000000002,24,16,0,0.13386189158763753
0,0.90000000000000002,25,16,0,0.12729256802624186
0,0.90000000000000002,26,16,0,0.12060101377662634
0,0.90000000000000002,27,16,0,0.11389190525307112
0,0.90000000000000002,28,16,0,0.10725432329311049
0,0.90000000000000002,29,16,0,0.10076136500709676
0,0.90000000000000002,30,16,0,0.094470673694959276
0,0.90000000000000002,31,16,0,0.088425615478305741
0,0.90000000000000002,0,17,0,0.088045623504353909
0,0.90000000000000002,1,17,0,0.09404647515788167
0,0.90000000000000002,2,17,0,0.10028912857554625
0,0.90000000000000002,3,17,0,0.10673037476377328
0,0.90000000000000002,4,17,0,0.11331290360497229
0,0.90000000000000002,5,17,0,0.11996416199546188
0,0.90000000000000002,6,17,0,0.12659585313531818
0,0.90000000000000002,7,17,0,0.13310434270925456
0,0.90000000000000002,8,17,0,0.13937222759127163
0,0.90000000000000002,9,17,0,0.1452712670896881
0,0.90000000000000002,10,17,0,0.15066676625348846
0,0.90000000000000002,11,17,0,0.15542333534646999
0,0.90000000000000002,12,17,0,0.15941174331531788
0,0.90000000000000002,13,17,0,0.1625163662174485
0,0.90000000000000002,14,17,0,0.16464254784932328
0,0.90000000000000002,15,17,0,0.16572308745955738
0,0.90000000000000002,16,17,0,0.16572308745955738
0,0.90000000000000002,17,17,0,0.16464254784932328
0,0.90000000000000002,18,17,0,0.1625163662174485
0,0.90000000000000002,19,17,0,0.15941174331531788
0,0.90000000000000002,20,17,0,0.15542333534646999
0,0.90000000000000002,21,17,0,0.15066676625348846
0,0.90000000000000002,22,17,0,0.1452712670896881
0,0.90000000000000002,23,17,0,0.13937222759127163
0,0.90000000000000002,24,17,0,0.13310434270925456
0,0.90000000000000002,25,17,0,0.12659585313531818
0,0.90000000000000002,26,17,0,0.11996416199546188
0,0.90000000000000002,27,17,0,0.11331290360497229
0,0.90000000000000002,28,17,0,0.10673037476377328
0,0.90000000000000002,29,17,0,0.10028912857554625
0,0.90000000000000002,30,17,0,0.09404647515788167
0,0.90000000000000002,31,17,0,0.088045623504353909
0,0.90000000000000002,0,18,0,0.087293753883294051
0,0.90000000000000002,1,18,0,0.093207540514207918
0,0.90000000000000002,2,18,0,0.099355647386280152
0,0.90000000000000002,3,18,0,0.10569518571774483
0,0.90000000000000002,4,18,0,0.11216951057414377
0,0.90000000000000002,5,18,0,0.11870714605566246
0,0.90000000000000002,6,18,0,0.12522134050718572
0,0.90000000000000002,7,18,0,0.13161050661739551
0,0.90000000000000002,8,18,0,0.13775978980202649
0,0.90000000000000002,9,18,0,0.14354395303711448
0,0.90000000000000002,10,18,0,0.14883165874109455
0,0.90000000000000002,11,18,0,0.15349106881572375
0,0.90000000000000002,12,18,0,0.15739648637000606
0,0.90000000000000002,13,18,0,0.1604355560832959
0,0.90000000000000002,14,18,0,0.1625163662174485
0,0.90000000000000002,15,18,0,0.16357369954683468
0,0.90000000000000002,16,18,0,0.16357369954683468
0,0.90000000000000002,17,18,0,0.1625163662174485
0,0.90000000000000002,18,18,0,0.1604355560832959
0,0.90000000000000002,19,18,0,0.15739648637000606
0,0.90000000000000002,20,18,0,0.15349106881572375
0,0.90000000000000002,21,18,0,0.14883165874109455
0,0.90000000000000002,22,18,0,0.14354395303711448
0,0.90000000000000002,23,18,0,0.13775978980202649
0,0.90000000000000002,24,18,0,0.13161050661739551
0,0.90000000000000002,25,18,0,0.12522134050718572
0,0.90000000000000002,26,18,0,0.11870714605566246
0,0.90000000000000002,27,18,0,0.11216951057414377
0,0.90000000000000002,28,18,0,0.10569518571774483
0,0.90000000000000002,29,18,0,0.099355647386280152
0,0.90000000000000002,30,18,0,0.093207540514207918
0,0.90000000000000002,31,18,0,0.087293753883294051
0,0.90000000000000002,0,19,0,0.086185834579553616
0,0.90000000000000002,1,19,0,0.091972306714434529
0,0.90000000000000002,2,19,0,0.097982313639407959
0,0.90000000000000002,3,19,0,0.10417346028428957
0,0.90000000000000002,4,19,0,0.11049009553670668
0,0.90000000000000002,5,19,0,0.11686233207363633
0,0.90000000000000002,6,19,0,0.12320567955314389
0,0.90000000000000002,7,19,0,0.12942153056801273
0,0.90000000000000002,8,19,0,0.13539872549582727
0,0.90000000000000002,9,19,0,0.14101636786108196
0,0.90000000000000002,10,19,0,0.14614795855547202
0,0.90000000000000002,11,19,0,0.15066676625348846
0,0.90000000000000002,12,19,0,0.15445216606966528
0,0.90000000000000002,13,19,0,0.15739648637000606
0,0.90000000000000002,14,19,0,0.15941174331531788
0,0.90000000000000002,15,19,0,0.1604355560832959
0,0.90000000000000002,16,19,0,0.1604355560832959
0,0.90000000000000002,17,19,0,0.15941174331531788
0,0.90000000000000002,18,19,0,0.15739648637000606
0,0.90000000000000002,19,19,0,0.15445216606966528
0,0.90000000000000002,20,19,0,0.15066676625348846
0,0.90000000000000002,21,19,0,0.14614795855547202
0,0.90000000000000002,22,19,0,0.14101636786108196
0,0.90000000000000002,23,19,0,0.13539872549582727
0,0.90000000000000002,24,19,0,0.12942153056801273
0,0.90000000000000002,25,19,0,0.12320567955314389
0,0.90000000000000002,26,19,0,0.11686233207363633
0,0.90000000000000002,27,19,0,0.11049009553670668
0,0.90000000000000002,28,19,0,0.10417346028428957
0,0.90000000000000002,29,19,0,0.097982313639407959
0,0.90000000000000002,30,19,0,0.091972306714434529
0,0.90000000000000002,31,19,0,0.086185834579553616
0,0.90000000000000002,0,20,0,0.084744641017754821
0,0.90000000000000002,1,20,0,0.090367254143204748
0,0.90000000000000002,2,20,0,0.096199794269214461
0,0.90000000000000002,3,20,0,0.10220054575592606
0,0.90000000000000002,4,20,0,0.10831517270325662
0,0.90000000000000002,5,20,0,0.11447585468505873
0,0.90000000000000002,6,20,0,0.12060101377662634
0,0.90000000000000002,7,20,0,0.12659585313531818
0,0.90000000000000002,8,20,0,0.13235391214971964
0,0.90000000000000002,9,20,0,0.13775978980202649
0,0.90000000000000002,10,20,0,0.14269309015921297
0,0.90000000000000002,11,20,0,0.14703350348233135
0,0.90000000000000002,12,20,0,0.15066676625348846
0,0.90000000000000002,13,20,0,0.15349106881572375
0,0.90000000000000002,14,20,0,0.15542333534646999
0,0.90000000000000002,15,20,0,0.15640472504074682
0,0.90000000000000002,16,20,0,0.15640472504074682
0,0.90000000000000002,17,20,0,0.15542333534646999
0,0.90000000000000002,18,20,0,0.15349106881572375
0,0.90000000000000002,19,20,0,0.15066676625348846
0,0.90000000000000002,20,20,0,0.14703350348233135
0,0.90000000000000002,21,20,0,0.14269309015921297
0,0.90000000000000002,22,20,0,0.13775978980202649
0,0.90000000000000002,23,20,0,0.13235391214971964
0,0.90000000000000002,24,20,0,0.12659585313531818
0,0.90000000000000002,25,20,0,0.12060101377662634
0,0.90000000000000002,26,20,0,0.11447585468505873
0,0.90000000000000002,27,20,0,0.10831517270325662
0,0.90000000000000002,28,20,0,0.10220054575592606
0,0.90000000000000002,29,20,0,0.096199794269214461
0,0.90000000000000002,30,20,0,0.090367254143204748
0,0.90000000000000002,31,20,0,0.084744641017754821
0,0.90000000000000002,0,21,0,0.08299883002893152
0,0.90000000000000002,1,21,0,0.088425615478305741
0,0.90000000000000002,2,21,0,0.09404647515788167
0,0.90000000000000002,3,21,0,0.09982056935618408
0,0.90000000000000002,4,21,0,0.10569518571774483
0,0.90000000000000002,5,21,0,0.11160500484714198
0,0.90000000000000002,6,21,0,0.11747193002600427
0,0.90000000000000002,7,21,0,0.12320567955314389
0,0.90000000000000002,8,21,0,0.12870532307522867
0,0.90000000000000002,9,21,0,0.13386189158763753
0,0.90000000000000002,10,21,0,0.13856209965983693
0,0.90000000000000002,11,21,0,0.14269309015921297
0,0.90000000000000002,12,21,0,0.14614795855547202
0,0.90000000000000002,13,21,0,0.14883165874109455
0,0.90000000000000002,14,21,0,0.15066676625348846
0,0.90000000000000002,15,21,0,0.15159851052936674
0,0.90000000000000002,16,21,0,0.15159851052936674
0,0.90000000000000002,17,21,0,0.15066676625348846
0,0.90000000000000002,18,21,0,0.14883165874109455
0,0.90000000000000002,19,21,0,0.14614795855547202
0,0.90000000000000002,20,21,0,0.14269309015921297
0,0.90000000000000002,21,21,0,0.13856209965983693
0,0.90000000000000002,22,21,0,0.13386189158763753
0,0.90000000000000002,23,21,0,0.12870532307522867
0,0.90000000000000002,24,21,0,0.12320567955314389
0,0.90000000000000002,25,21,0,0.11747193002600427
0,0.90000000000000002,26,21,0,0.11160500484714198
0,0.90000000000000002,27,21,0,0.10569518571774483
0,0.90000000000000002,28,21,0,0.09982056935618408
0,0.90000000000000002,29,21,0,0.09404647515788167
0,0.90000000000000002,30,21,0,0.088425615478305741
0,0.90000000000000002,31,21,0,0.08299883002893152
0,0.90000000000000002,0,22,0,0.080981661287622728
0,0.90000000000000002,1,22,0,0.086185834579553616
0,0.90000000000000002,2,22,0,0.091566613193861154
0,0.90000000000000002,3,22,0,0.09708423602540818
0,0.90000000000000002,4,22,0,0.10268790213835095
0,0.90000000000000002,5,22,0,0.10831517270325662
0,0.90000000000000002,6,22,0,0.11389190525307112
0,0.90000000000000002,7,22,0,0.11933289553460379
0,0.90000000000000002,8,22,0,0.12454338350034808
0,0.90000000000000002,9,22,0,0.12942153056801273
0,0.90000000000000002,10,22,0,0.13386189158763753
0,0.90000000000000002,11,22,0,0.13775978980202649
0,0.90000000000000002,12,22,0,0.14101636786108196
0,0.90000000000000002,13,22,0,0.14354395303711448
0,0.90000000000000002,14,22,0,0.1452712670896881
0,0.90000000000000002,15,22,0,0.14614795855547202
0,0.90000000000000002,16,22,0,0.14614795855547202
0,0.90000000000000002,17,22,0,0.1452712670896881
0,0.90000000000000002,18,22,0,0.14354395303711448
0,0.90000000000000002,19,22,0,0.14101636786108196
0,0.90000000000000002,20,22,0,0.13775978980202649
0,0.90000000000000002,21,22,0,0.13386189158763753
0,0.90000000000000002,22,22,0,0.12942153056801273
0,0.90000000000000002,23,22,0,0.12454338350034808
0,0.90000000000000002,24,22,0,0.11933289553460379
0,0.90000000000000002,25,22,0,0.11389190525307112
0,0.90000000000000002,26,22,0,0.10831517270325662
0,0.90000000000000002,27,22,0,0.10268790213835095
0,0.90000000000000002,28,22,0,0.09708423602540818
0,0.90000000000000002,29,22,0,0.091566613193861154
0,0.90000000000000002,30,22,0,0.086185834579553616
0,0.90000000000000002,31,22,0,0.080981661287622728
0,0.90000000000000002,0,23,0,0.078729604455580221
0,0.90000000000000002,1,23,0,0.08368989818036851
0,0.90000000000000002,2,23,0,0.088808348654267663
0,0.90000000000000002,3,23,0,0.09404647515788167
0,0.90000000000000002,4,23,0,0.099355647386280152
0,0.90000000000000002,5,23,0,0.10467662314602738
0,0.90000000000000002,6,23,0,0.10993958268520539
0,0.90000000000000002,7,23,0,0.11506481129683864
0,0.90000000000000002,8,23,0,0.11996416199546188
0,0.90000000000000002,9,23,0,0.12454338350034808
0,0.90000000000000002,10,23,0,0.12870532307522867
0,0.90000000000000002,11,23,0,0.13235391214971964
0,0.90000000000000002,12,23,0,0.13539872549582727
0,0.90000000000000002,13,23,0,0.13775978980202649
0,0.90000000000000002,14,23,0,0.13937222759127163
0,0.90000000000000002,15,23,0,0.14019028066964226
0,0.90000000000000002,16,23,0,0.14019028066964226
0,0.90000000000000002,17,23,0,0.13937222759127163
0,0.90000000000000002,18,23,0,0.13775978980202649
0,0.90000000000000002,19,23,0,0.13539872549582727
0,0.90000000000000002,20,23,0,0.13235391214971964
0,0.90000000000000002,21,23,0,0.12870532307522867
0,0.90000000000000002,22,23,0,0.12454338350034808
0,0.90000000000000002,23,23,0,0.11996416199546188
0,0.90000000000000002,24,23,0,0.11506481129683864
0,0.90000000000000002,25,23,0,0.10993958268520539
0,0.90000000000000002,26,23,0,0.10467662314602738
0,0.90000000000000002,27,23,0,0.099355647386280152
0,0.90000000000000002,28,23,0,0.09404647515788167
0,0.90000000000000002,29,23,0,0.088808348654267663
0,0.90000000000000002,30,23,0,0.08368989818036851
0,0.90000000000000002,31,23,0,0.078729604455580221
0,0.90000000000000002,0,24,0,0.076280929836695474
0,0.90000000000000002,1,24,0,0.080981661287622728
0,0.90000000000000002,2,24,0,0.085821726363817213
0,0.90000000000000002,3,24,0,0.090764117137353134
0,0.90000000000000002,4,24,0,0.09576259649847696
0,0.90000000000000002,5,24,0,0.10076136500709676
0,0.90000000000000002,6,24,0,0.10569518571774483
0,0.90000000000000002,7,24,0,0.11049009553670668
0,0.90000000000000002,8,24,0,0.11506481129683864
0,0.90000000000000002,9,24,0,0.11933289553460379
0,0.90000000000000002,10,24,0,0.12320567955314389
0,0.90000000000000002,11,24,0,0.12659585313531818
0,0.90000000000000002,12,24,0,0.12942153056801273
0,0.90000000000000002,13,24,0,0.13161050661739551
0,0.90000000000000002,14,24,0,0.13310434270925456
0,0.90000000000000002,15,24,0,0.13386189158763753
0,0.90000000000000002,16,24,0,0.13386189158763753
0,0.90000000000000002,17,24,0,0.13310434270925456
0,0.90000000000000002,18,24,0,0.13161050661739551
0,0.90000000000000002,19,24,0,0.12942153056801273
0,0.90000000000000002,20,24,0,0.12659585313531818
0,0.90000000000000002,21,24,0,0.12320567955314389
0,0.90000000000000002,22,24,0,0.11933289553460379
0,0.90000000000000002,23,24,0,0.11506481129683864
0,0.90000000000000002,24,24,0,0.11049009553670668
0,0.90000000000000002,25,24,0,0.10569518571774483
0,0.90000000000000002,26,24,0,0.10076136500709676
0,0.90000000000000002,27,24,0,0.09576259649847696
0,0.90000000000000002,28,24,0,0.090764117137353134
0,0.90000000000000002,29,24,0,0.085821726363817213
0,0.90000000000000002,30,24,0,0.080981661287622728
0,0.90000000000000002,31,24,0,0.076280929836695474
0,0.90000000000000002,0,25,0,0.073674370077106213
0,0.90000000000000002,1,25,0,0.078105272828619149
0,0.90000000000000002,2,25,0,0.082656854346669514
0,0.90000000000000002,3,25,0,0.087293753883294051
0,0.90000000000000002,4,25,0,0.091972306714434529
0,0.90000000000000002,5,25,0,0.096640328856953936
0,0.90000000000000002,6,25,0,0.10123731917986641
0,0.90000000000000002,7,25,0,0.10569518571774483
0,0.90000000000000002,8,25,0,0.10993958268520539
0,0.90000000000000002,9,25,0,0.11389190525307112
0,0.90000000000000002,10,25,0,0.11747193002600427
0,0.90000000000000002,11,25,0,0.12060101377662634
0,0.90000000000000002,12,25,0,0.12320567955314389
0,0.90000000000000002,13,25,0,0.12522134050718572
0,0.90000000000000002,14,25,0,0.12659585313531818
0,0.90000000000000002,15,25,0,0.12729256802624186
0,0.90000000000000002,16,25,0,0.12729256802624186
0,0.90000000000000002,17,25,0,0.12659585313531818
0,0.90000000000000002,18,25,0,0.12522134050718572
0,0.90000000000000002,19,25,0,0.12320567955314389
0,0.90000000000000002,20,25,0,0.12060101377662634
0,0.90000000000000002,21,25,0,0.11747193002600427
0,0.90000000000000002,22,25,0,0.11389190525307112
0,0.90000000000000002,23,25,0,0.10993958268520539
0,0.90000000000000002,24,25,0,0.10569518571774483
0,0.90000000000000002,25,25,0,0.10123731917986641
0,0.90000000000000002,26,25,0,0.096640328856953936
0,0.90000000000000002,27,25,0,0.091972306714434529
0,0.90000000000000002,28,25,0,0.087293753883294051
0,0.90000000000000002,29,25,0,0.082656854346669514
0,0.90000000000000002,30,25,0,0.078105272828619149
0,0.90000000000000002,31,25,0,0.073674370077106213
0,0.90000000000000002,0,26,0,0.070947922976152822
0,0.90000000000000002,1,26,0,0.0751037848930622
0,0.90000000000000002,2,26,0,0.079362298254248287
0,0.90000000000000002,3,26,0,0.08368989818036851
0,0.90000000000000002,4,26,0,0.088045623504353909
0,0.90000000000000002,5,26,0,0.092381004873774625
0,0.90000000000000002,6,26,0,0.096640328856953936
0,0.90000000000000002,7,26,0,0.10076136500709676
0,0.90000000000000002,8,26,0,0.10467662314602738
0,0.90000000000000002,9,26,0,0.10831517270325662
0,0.90000000000000002,10,26,0,0.11160500484714198
0,0.90000000000000002,11,26,0,0.11447585468505873
0,0.90000000000000002,12,26,0,0.11686233207363633
0,0.90000000000000002,13,26,0,0.11870714605566246
0,0.90000000000000002,14,26,0,0.11996416199546188
0,0.90000000000000002,15,26,0,0.12060101377662634
0,0.90000000000000002,16,26,0,0.12060101377662634
0,0.90000000000000002,17,26,0,0.11996416199546188
0,0.90000000000000002,18,26,0,0.11870714605566246
0,0.90000000000000002,19,26,0,0.11686233207363633
0,0.90000000000000002,20,26,0,0.11447585468505873
0,0.90000000000000002,21,26,0,0.11160500484714198
0,0.90000000000000002,22,26,0,0.10831517270325662
0,0.90000000000000002,23,26,0,0.10467662314602738
0,0.90000000000000002,24,26,0,0.10076136500709676
0,0.90000000000000002,25,26,0,0.096640328856953936
0,0.90000000000000002,26,26,0,0.092381004873774625
0,0.90000000000000002,27,26,0,0.088045623504353909
0,0.90000000000000002,28,26,0,0.08368989818036851
0,0.90000000000000002,29,26,0,0.079362298254248287
0,0.90000000000000002,30,26,0,0.0751037848930622
0,0.90000000000000002,31,26,0,0.070947922976152822
0,0.90000000000000002,0,27,0,0.068137844065724582
0,0.90000000000000002,1,27,0,0.07201800126490665
0,0.90000000000000002,2,27,0,0.075983774497525053
0,0.90000000000000002,3,27,0,0.080003511870760421
0,0.90000000000000002,4,27,0,0.084039036844457043
0,0.90000000000000002,5,27,0,0.088045623504353909
0,0.90000000000000002,6,27,0,0.091972306714434529
0,0.90000000000000002,7,27,0,0.09576259649847696
0,0.90000000000000002,8,27,0,0.099355647386280152
0,0.90000000000000002,9,27,0,0.10268790213835095
0,0.90000000000000002,10,27,0,0.10569518571774483
0,0.90000000000000002,11,27,0,0.10831517270325662
0,0.90000000000000002,12,27,0,0.11049009553670668
0,0.90000000000000002,13,27,0,0.11216951057414377
0,0.90000000000000002,14,27,0,0.11331290360497229
0,0.90000000000000002,15,27,0,0.11389190525307112
0,0.90000000000000002,16,27,0,0.11389190525307112
0,0.90000000000000002,17,27,0,0.11331290360497229
0,0.90000000000000002,18,27,0,0.11216951057414377
0,0.90000000000000002,19,27,0,0.11049009553670668
0,0.90000000000000002,20,27,0,0.10831517270325662
0,0.90000000000000002,21,27,0,0.10569518571774483
0,0.90000000000000002,22,27,0,0.10268790213835095
0,0.90000000000000002,23,27,0,0.099355647386280152
0,0.90000000000000002,24,27,0,0.09576259649847696
0,0.90000000000000002,25,27,0,0.091972306714434529
0,0.90000000000000002,26,27,0,0.088045623504353909
0,0.90000000000000002,27,27,0,0.084039036844457043
0,0.90000000000000002,28,27,0,0.080003511870760421
0,0.90000000000000002,29,27,0,0.075983774497525053
0,0.90000000000000002,30,27,0,0.07201800126490665
0,0.90000000000000002,31,27,0,0.068137844065724582
0,0.90000000000000002,0,28,0,0.065277855464600826
0,0.90000000000000002,1,28,0,0.068885592983909366
0,0.90000000000000002,2,28,0,0.072563170086662312
0,0.90000000000000002,3,28,0,0.076280929836695474
0,0.90000000000000002,4,28,0,0.080003511870760421
0,0.90000000000000002,5,28,0,0.08368989818036851
0,0.90000000000000002,6,28,0,0.087293753883294051
0,0.90000000000000002,7,28,0,0.090764117137353134
0,0.90000000000000002,8,28,0,0.09404647515788167
0,0.90000000000000002,9,28,0,0.09708423602540818
0,0.90000000000000002,10,28,0,0.09982056935618408
0,0.90000000000000002,11,28,0,0.10220054575592606
0,0.90000000000000002,12,28,0,0.10417346028428957
0,0.90000000000000002,13,28,0,0.10569518571774483
0,0.90000000000000002,14,28,0,0.10673037476377328
0,0.90000000000000002,15,28,0,0.10725432329311049
0,0.90000000000000002,16,28,0,0.10725432329311049
0,0.90000000000000002,17,28,0,0.10673037476377328
0,0.90000000000000002,18,28,0,0.10569518571774483
0,0.90000000000000002,19,28,0,0.10417346028428957
0,0.90000000000000002,20,28,0,0.10220054575592606
0,0.90000000000000002,21,28,0,0.09982056935618408
0,0.90000000000000002,22,28,0,0.09708423602540818
0,0.90000000000000002,23,28,0,0.09404647515788167
0,0.90000000000000002,24,28,0,0.090764117137353134
0,0.90000000000000002,25,28,0,0.087293753883294051
0,0.90000000000000002,26,28,0,0.08368989818036851
0,0.90000000000000002,27,28,0,0.080003511870760421
0,0.90000000000000002,28,28,0,0.076280929836695474
0,0.90000000000000002,29,28,0,0.072563170086662312
0,0.90000000000000002,30,28,0,0.068885592983909366
0,0.90000000000000002,31,28,0,0.065277855464600826
0,0.90000000000000002,0,29,0,0.062398577252385908
0,0.90000000000000002,1,29,0,0.065740483724633383
0,0.90000000000000002,2,29,0,0.06913788677903171
0,0.90000000000000002,3,29,0,0.072563170086662312
0,0.90000000000000002,4,29,0,0.075983774497525053
0,0.90000000000000002,5,29,0,0.079362298254248287
0,0.90000000000000002,6,29,0,0.082656854346669514
0,0.90000000000000002,7,29,0,0.085821726363817213
0,0.90000000000000002,8,29,0,0.088808348654267663
0,0.90000000000000002,9,29,0,0.091566613193861154
0,0.90000000000000002,10,29,0,0.09404647515788167
0,0.90000000000000002,11,29,0,0.096199794269214461
0,0.90000000000000002,12,29,0,0.097982313639407959
0,0.90000000000000002,13,29,0,0.099355647386280152
0,0.90000000000000002,14,29,0,0.10028912857554625
0,0.90000000000000002,15,29,0,0.10076136500709676
0,0.90000000000000002,16,29,0,0.10076136500709676
0,0.90000000000000002,17,29,0,0.10028912857554625
0,0.90000000000000002,18,29,0,0.099355647386280152
0,0.90000000000000002,19,29,0,0.097982313639407959
0,0.90000000000000002,20,29,0,0.096199794269214461
0,0.90000000000000002,21,29,0,0.09404647515788167
0,0.90000000000000002,22,29,0,0.091566613193861154
0,0.90000000000000002,23,29,0,0.088808348654267663
0,0.90000000000000002,24,29,0,0.085821726363817213
0,0.90000000000000002,25,29,0,0.082656854346669514
0,0.90000000000000002,26,29,0,0.079362298254248287
0,0.90000000000000002,27,29,0,0.075983774497525053
0,0.90000000000000002,28,29,0,0.072563170086662312
0,0.90000000000000002,29,29,0,0.06913788677903171
0,0.90000000000000002,30,29,0,0.065740483724633383
0,0.90000000000000002,31,29,0,0.062398577252385908
0,0.90000000000000002,0,30,0,0.059527171020163645
0,0.90000000000000002,1,30,0,0.062612487952073442
0,0.90000000000000002,2,30,0,0.065740483724633383
0,0.90000000000000002,3,30,0,0.068885592983909366
0,0.90000000000000002,4,30,0,0.07201800126490665
0,0.90000000000000002,5,30,0,0.0751037848930622
0,0.90000000000000002,6,30,0,0.078105272828619149
0,0.90000000000000002,7,30,0,0.080981661287622728
0,0.90000000000000002,8,30,0,0.08368989818036851
0,0.90000000000000002,9,30,0,0.086185834579553616
0,0.90000000000000002,10,30,0,0.088425615478305741
0,0.90000000000000002,11,30,0,0.090367254143204748
0,0.90000000000000002,12,30,0,0.091972306714434529
0,0.90000000000000002,13,30,0,0.093207540514207918
0,0.90000000000000002,14,30,0,0.09404647515788167
0,0.90000000000000002,15,30,0,0.094470673694959276
0,0.90000000000000002,16,30,0,0.094470673694959276
0,0.90000000000000002,17,30,0,0.09404647515788167
0,0.90000000000000002,18,30,0,0.093207540514207918
0,0.90000000000000002,19,30,0,0.091972306714434529
0,0.90000000000000002,20,30,0,0.090367254143204748
0,0.90000000000000002,21,30,0,0.088425615478305741
0,0.90000000000000002,22,30,0,0.086185834579553616
0,0.90000000000000002,23,30,0,0.08368989818036851
0,0.90000000000000002,24,30,0,0.080981661287622728
0,0.90000000000000002,25,30,0,0.078105272828619149
0,0.90000000000000002,26,30,0,0.0751037848930622
0,0.90000000000000002,27,30,0,0.07201800126490665
0,0.90000000000000002,28,30,0,0.068885592983909366
0,0.90000000000000002,29,30,0,0.065740483724633383
0,0.90000000000000002,30,30,0,0.062612487952073442
0,0.90000000000000002,31,30,0,0.059527171020163645
0,0.90000000000000002,0,31,0,0.056687173223984415
0,0.90000000000000002,1,31,0,0.059527171020163645
0,0.90000000000000002,2,31,0,0.062398577252385908
0,0.90000000000000002,3,31,0,0.065277855464600826
0,0.90000000000000002,4,31,0,0.068137844065724582
0,0.90000000000000002,5,31,0,0.070947922976152822
0,0.90000000000000002,6,31,0,0.073674370077106213
0,0.90000000000000002,7,31,0,0.076280929836695474
0,0.90000000000000002,8,31,0,0.078729604455580221
0,0.90000000000000002,9,31,0,0.080981661287622728
0,0.90000000000000002,10,31,0,0.08299883002893152
0,0.90000000000000002,11,31,0,0.084744641017754821
0,0.90000000000000002,12,31,0,0.086185834579553616
0,0.90000000000000002,13,31,0,0.087293753883294051
0,0.90000000000000002,14,31,0,0.088045623504353909
0,0.90000000000000002,15,31,0,0.088425615478305741
0,0.90000000000000002,16,31,0,0.088425615478305741
0,0.90000000000000002,17,31,0,0.088045623504353909
0,0.90000000000000002,18,31,0,0.087293753883294051
0,0.90000000000000002,19,31,0,0.086185834579553616
0,0.90000000000000002,20,31,0,0.084744641017754821
0,0.90000000000000002,21,31,0,0.08299883002893152
0,0.90000000000000002,22,31,0,0.080981661287622728
0,0.90000000000000002,23,31,0,0.078729604455580221
0,0.90000000000000002,24,31,0,0.076280929836695474
0,0.90000000000000002,25,31,0,0.073674370077106213
0,0.90000000000000002,26,31,0,0.070947922976152822
0,0.90000000000000002,27,31,0,0.068137844065724582
0,0.90000000000000002,28,31,0,0.065277855464600826
0,0.90000000000000002,29,31,0,0.062398577252385908
0,0.90000000000000002,30,31,0,0.059527171020163645
0,0.90000000000000002,31,31,0,0.056687173223984415
0,1.1000000000000001,0,0,0,0
0,1.1000000000000001,1,0,0,0
0,1.1000000000000001,2,0,0,0
0,1.1000000000000001,3,0,0,0
0,1.1000000000000001,4,0,0,0
0,1.1000000000000001,5,0,0,0
0,1.1000000000000001,6,0,0,0
0,1.1000000000000001,7,0,0,0
0,1.1000000000000001,8,0,0,0
0,1.1000000000000001,9,0,0,0
0,1.1000000000000001,10,0,0,0
0,1.1000000000000001,11,0,0,0
0,1.1000000000000001,12,0,0,0
0,1.1000000000000001,13,0,0,0
0,1.1000000000000001,14,0,0,0
0,1.1000000000000001,15,0,0,0
0,1.1000000000000001,16,0,0,0
0,1.1000000000000001,17,0,0,0
0,1.1000000000000001,18,0,0,0
0,1.1000000000000001,19,0,0,0
0,1.1000000000000001,20,0,0,0
0,1.1000000000000001,21,0,0,0
0,1.1000000000000001,22,0,0,0
0,1.1000000000000001,23,0,0,0
0,1.1000000000000001,24,0,0,0
0,1.1000000000000001,25,0,0,0
0,1.1000000000000001,26,0,0,0
0,1.1000000000000001,27,0,0,0
0,1.1000000000000001,28,0,0,0
0,1.1000000000000001,29,0,0,0
0,1.1000000000000001,30,0,0,0
0,1.1000000000000001,31,0,0,0
0,1.1000000000000001,0,1,0,0
0,1.1000000000000001,1,1,0,0
0,1.1000000000000001,2,1,0,0
0,1.1000000000000001,3,1,0,0
0,1.1000000000000001,4,1,0,0
0,1.1000000000000001,5,1,0,0
0,1.1000000000000001,6,1,0,0
0,1.1000000000000001,7,1,0,0
0,1.1000000000000001,8,1,0,0
0,1.1000000000000001,9,1,0,0
0,1.1000000000000001,10,1,0,0
0,1.1000000000000001,11,1,0,0
0,1.1000000000000001,12,1,0,0
0,1.1000000000000001,13,1,0,0
0,1.1000000000000001,14,1,0,0
0,1.1000000000000001,15,1,0,0
0,1.1000000000000001,16,1,0,0
0,1.1000000000000001,17,1,0,0
0,1.1000000000000001,18,1,0,0
0,1.1000000000000001,19,1,0,0
0,1.1000000000000001,20,1,0,0
0,1.1000000000000001,21,1,0,0
0,1.1000000000000001,22,1,0,0
0,1.1000000000000001,23,1,0,0
0,1.1000000000000001,24,1,0,0
0,1.1000000000000001,25,1,0,0
0,1.1000000000000001,26,1,0,0
0,1.1000000000000001,27,1,0,0
0,1.1000000000000001,28,1,0,0
0,1.1000000000000001,29,1,0,0
0,1.1000000000000001,30,1,0,0
0,1.1000000000000001,31,1,0,0
0,1.1000000000000001,0,2,0,0
0,1.1000000000000001,1,2,0,0
0,1.1000000000000001,2,2,0,0
0,1.1000000000000001,3,2,0,0
0,1.1000000000000001,4,2,0,0
0,1.1000000000000001,5,2,0,0
0,1.1000000000000001,6,2,0,0
0,1.1000000000000001,7,2,0,0
0,1.1000000000000001,8,2,0,0
0,1.1000000000000001,9,2,0,0
0,1.1000000000000001,10,2,0,0
0,1.1000000000000001,11,2,0,0
0,1.1000000000000001,12,2,0,0
0,1.1000000000000001,13,2,0,0
0,1.1000000000000001,14,2,0,0
0,1.1000000000000001,15,2,0,0
0,1.1000000000000001,16,2,0,0
0,1.1000000000000001,17,2,0,0
0,1.1000000000000001,18,2,0,0
0,1.1000000000000001,19,2,0,0
0,1.1000000000000001,20,2,0,0
0,1.1000000000000001,21,2,0,0
0,1.1000000000000001,22,2,0,0
0,1.1000000000000001,23,2,0,0
0,1.1000000000000001,24,2,0,0
0,1.1000000000000001,25,2,0,0
0,1.1000000000000001,26,2,0,0
0,1.1000000000000001,27,2,0,0
0,1.1000000000000001,28,2,0,0
0,1.1000000000000001,29,2,0,0
0,1.1000000000000001,30,2,0,0
0,1.1000000000000001,31,2,0,0
0,1.1000000000000001,0,3,0,0
0,1.1000000000000001,1,3,0,0
0,1.1000000000000001,2,3,0,0
0,1.1000000000000001,3,3,0,0
0,1.1000000000000001,4,3,0,0
0,1.1000000000000001,5,3,0,0
0,1.1000000000000001,6,3,0,0
0,1.1000000000000001,7,3,0,0
0,1.1000000000000001,8,3,0,0
0,1.1000000000000001,9,3,0,0
0,1.1000000000000001,10,3,0,0
0,1.1000000000000001,11,3,0,0
0,1.1000000000000001,12,3,0,0
0,1.1000000000000001,13,3,0,0
0,1.1000000000000001,14,3,0,0
0,1.1000000000000001,15,3,0,0
0,1.1000000000000001,16,3,0,0
0,1.1000000000000001,17,3,0,0
0,1.1000000000000001,18,3,0,0
0,1.1000000000000001,19,3,0,0
0,1.1000000000000001,20,3,0,0
0,1.1000000000000001,21,3,0,0
0,1.1000000000000001,22,3,0,0
0,1.1000000000000001,23,3,0,0
0,1.1000000000000001,24,3,0,0
0,1.1000000000000001,25,3,0,0
0,1.1000000000000001,26,3,0,0
0,1.1000000000000001,27,3,0,0
0,1.1000000000000001,28,3,0,0
0,1.1000000000000001,29,3,0,0
0,1.1000000000000001,30,3,0,0
0,1.1000000000000001,31,3,0,0
0,1.1000000000000001,0,4,0,0
0,1.1000000000000001,1,4,0,0
0,1.1000000000000001,2,4,0,0
0,1.1000000000000001,3,4,0,0
0,1.1000000000000001,4,4,0,0
0,1.1000000000000001,5,4,0,0
0,1.1000000000000001,6,4,0,0
0,1.1000000000000001,7,4,0,0
0,1.1000000000000001,8,4,0,0
0,1.1000000000000001,9,4,0,0
0,1.1000000000000001,10,4,0,0
0,1.1000000000000001,11,4,0,0
0,1.1000000000000001,12,4,0,0
0,1.1000000000000001,13,4,0,0
0,1.1000000000000001,14,4,0,0
0,1.1000000000000001,15,4,0,0
0,1.1000000000000001,16,4,0,0
0,1.1000000000000001,17,4,0,0
0,1.1000000000000001,18,4,0,0
0,1.1000000000000001,19,4,0,0
0,1.1000000000000001,20,4,0,0
0,1.1000000000000001,21,4,0,0
0,1.1000000000000001,22,4,0,0
0,1.1000000000000001,23,4,0,0
0,1.1000000000000001,24,4,0,0
0,1.1000000000000001,25,4,0,0
0,1.1000000000000001,26,4,0,0
0,1.1000000000000001,27,4,0,0
0,1.1000000000000001,28,4,0,0
0,1.1000000000000001,29,4,0,0
0,1.1000000000000001,30,4,0,0
0,1.1000000000000001,31,4,0,0
0,1.1000000000000001,0,5,0,0
0,1.1000000000000001,1,5,0,0
0,1.1000000000000001,2,5,0,0
0,1.1000000000000001,3,5,0,0
0,1.1000000000000001,4,5,0,0
0,1.1000000000000001,5,5,0,0
0,1.1000000000000001,6,5,0,0
0,1.1000000000000001,7,5,0,0
0,1.1000000000000001,8,5,0,0
0,1.1000000000000001,9,5,0,0
0,1.1000000000000001,10,5,0,0
0,1.1000000000000001,11,5,0,0
0,1.1000000000000001,12,5,0,0
0,1.1000000000000001,13,5,0,0
0,1.1000000000000001,14,5,0,0
0,1.1000000000000001,15,5,0,0
0,1.1000000000000001,16,5,0,0
0,1.1000000000000001,17,5,0,0
0,1.1000000000000001,18,5,0,0
0,1.1000000000000001,19,5,0,0
0,1.1000000000000001,20,5,0,0
0,1.1000000000000001,21,5,0,0
0,1.1000000000000001,22,5,0,0
0,1.1000000000000001,23,5,0,0
0,1.1000000000000001,24,5,0,0
0,1.1000000000000001,25,5,0,0
0,1.1000000000000001,26,5,0,0
0,1.1000000000000001,27,5,0,0
0,1.1000000000000001,28,5,0,0
0,1.1000000000000001,29,5,0,0
0,1.1000000000000001,30,5,0,0
0,1.1000000000000001,31,5,0,0
0,1.1000000000000001,0,6,0,0
0,1.1000000000000001,1,6,0,0
0,1.1000000000000001,2,6,0,0
0,1.1000000000000001,3,6,0,0
0,1.1000000000000001,4,6,0,0
0,1.1000000000000001,5,6,0,0
0,1.1000000000000001,6,6,0,0
0,1.1000000000000001,7,6,0,0
0,1.1000000000000001,8,6,0,0
0,1.1000000000000001,9,6,0,0
0,1.1000000000000001,10,6,0,0
0,1.1000000000000001,11,6,0,0
0,1.1000000000000001,12,6,0,0
0,1.1000000000000001,13,6,0,0
0,1.1000000000000001,14,6,0,0
0,1.1000000000000001,15,6,0,0
0,1.1000000000000001,16,6,0,0
0,1.1000000000000001,17,6,0,0
0,1.1000000000000001,18,6,0,0
0,1.1000000000000001,19,6,0,0
0,1.1000000000000001,20,6,0,0
0,1.1000000000000001,21,6,0,0
0,1.1000000000000001,22,6,0,0
0,1.1000000000000001,23,6,0,0
0,1.1000000000000001,24,6,0,0
0,1.1000000000000001,25,6,0,0
0,1.1000000000000001,26,6,0,0
0,1.1000000000000001,27,6,0,0
0,1.1000000000000001,28,6,0,0
0,1.1000000000000001,29,6,0,0
0,1.1000000000000001,30,6,0,0
0,1.1000000000000001,31,6,0,0
0,1.1000000000000001,0,7,0,0
0,1.1000000000000001,1,7,0,0
0,1.1000000000000001,2,7,0,0
0,1.1000000000000001,3,7,0,0
0,1.1000000000000001,4,7,0,0
0,1.1000000000000001,5,7,0,0
0,1.1000000000000001,6,7,0,0
0,1.1000000000000001,7,7,0,0
0,1.1000000000000001,8,7,0,0
0,1.1000000000000001,9,7,0,0
0,1.1000000000000001,10,7,0,0
0,1.1000000000000001,11,7,0,0
0,1.1000000000000001,12,7,0,0
0,1.1000000000000001,13,7,0,0
0,1.1000000000000001,14,7,0,0
0,1.1000000000000001,15,7,0,0
0,1.1000000000000001,16,7,0,0
0,1.1000000000000001,17,7,0,0
0,1.1000000000000001,18,7,0,0
0,1.1000000000000001,19,7,0,0
0,1.1000000000000001,20,7,0,0
0,1.1000000000000001,21,7,0,0
0,1.1000000000000001,22,7,0,0
0,1.1000000000000001,23,7,0,0
0,1.1000000000000001,24,7,0,0
0,1.1000000000000001,25,7,0,0
0,1.1000000000000001,26,7,0,0
0,1.1000000000000001,27,7,0,0
0,1.1000000000000001,28,7,0,0
0,1.1000000000000001,29,7,0,0
0,1.1000000000000001,30,7,0,0
0,1.1000000000000001,31,7,0,0
0,1.1000000000000001,0,8,0,0
0,1.1000000000000001,1,8,0,0
0,1.1000000000000001,2,8,0,0
0,1.1000000000000001,3,8,0,0
0,1.1000000000000001,4,8,0,0
0,1.1000000000000001,5,8,0,0
0,1.1000000000000001,6,8,0,0
0,1.1000000000000001,7,8,0,0
0,1.1000000000000001,8,8,0,0
0,1.1000000000000001,9,8,0,0
0,1.1000000000000001,10,8,0,0
0,1.1000000000000001,11,8,0,0
0,1.1000000000000001,12,8,0,0
0,1.1000000000000001,13,8,0,0
0,1.1000000000000001,14,8,0,0
0,1.1000000000000001,15,8,0,0
0,1.1000000000000001,16,8,0,0
0,1.1000000000000001,17,8,0,0
0,1.1000000000000001,18,8,0,0
0,1.1000000000000001,19,8,0,0
0,1.1000000000000001,20,8,0,0
0,1.1000000000000001,21,8,0,0
0,1.1000000000000001,22,8,0,0
0,1.1000000000000001,23,8,0,0
0,1.1000000000000001,24,8,0,0
0,1.1000000000000001,25,8,0,0
0,1.1000000000000001,26,8,0,0
0,1.1000000000000001,27,8,0,0
0,1.1000000000000001,28,8,0,0
0,1.1000000000000001,29,8,0,0
0,1.1000000000000001,30,8,0,0
0,1.1000000000000001,31,8,0,0
0,1.1000000000000001,0,9,0,0
0,1.1000000000000001,1,9,0,0
0,1.1000000000000001,2,9,0,0
0,1.1000000000000001,3,9,0,0
0,1.1000000000000001,4,9,0,0
0,1.1000000000000001,5,9,0,0
0,1.1000000000000001,6,9,0,0
0,1.1000000000000001,7,9,0,0
0,1.1000000000000001,8,9,0,0
0,1.1000000000000001,9,9,0,0
0,1.1000000000000001,10,9,0,0
0,1.1000000000000001,11,9,0,0
0,1.1000000000000001,12,9,0,0
0,1.1000000000000001,13,9,0,0
0,1.1000000000000001,14,9,0,0
0,1.1000000000000001,15,9,0,0
0,1.1000000000000001,16,9,0,0
0,1.1000000000000001,17,9,0,0
0,1.1000000000000001,18,9,0,0
0,1.1000000000000001,19,9,0,0
0,1.1000000000000001,20,9,0,0
0,1.1000000000000001,21,9,0,0
0,1.1000000000000001,22,9,0,0
0,1.1000000000000001,23,9,0,0
0,1.1000000000000001,24,9,0,0
0,1.1000000000000001,25,9,0,0
0,1.1000000000000001,26,9,0,0
0,1.1000000000000001,27,9,0,0
0,1.1000000000000001,28,9,0,0
0,1.1000000000000001,29,9,0,0
0,1.1000000000000001,30,9,0,0
0,1.1000000000000001,31,9,0,0
0,1.1000000000000001,0,10,0,0
0,1.1000000000000001,1,10,0,0
0,1.1000000000000001,2,10,0,0
0,1.1000000000000001,3,10,0,0
0,1.1000000000000001,4,10,0,0
0,1.1000000000000001,5,10,0,0
0,1.1000000000000001,6,10,0,0
0,1.1000000000000001,7,10,0,0
0,1.1000000000000001,8,10,0,0
0,1.1000000000000001,9,10,0,0
0,1.1000000000000001,10,10,0,0
0,1.1000000000000001,11,10,0,0
0,1.1000000000000001,12,10,0,0
0,1.1000000000000001,13,10,0,0
0,1.1000000000000001,14,10,0,0
0,1.1000000000000001,15,10,0,0
0,1.1000000000000001,16,10,0,0
0,1.1000000000000001,17,10,0,0
0,1.1000000000000001,18,10,0,0
0,1.1000000000000001,19,10,0,0
0,1.1000000000000001,20,10,0,0
0,1.1000000000000001,21,10,0,0
0,1.1000000000000001,22,10,0,0
0,1.1000000000000001,23,10,0,0
0,1.1000000000000001,24,10,0,0
0,1.1000000000000001,25,10,0,0
0,1.1000000000000001,26,10,0,0
0,1.1000000000000001,27,10,0,0
0,1.1000000000000001,28,10,0,0
0,1.1000000000000001,29,10,0,0
0,1.1000000000000001,30,10,0,0
0,1.1000000000000001,31,10,0,0
0,1.1000000000000001,0,11,0,0
0,1.1000000000000001,1,11,0,0
0,1.1000000000000001,2,11,0,0
0,1.1000000000000001,3,11,0,0
0,1.1000000000000001,4,11,0,0
0,1.1000000000000001,5,11,0,0
0,1.1000000000000001,6,11,0,0
0,1.1000000000000001,7,11,0,0
0,1.1000000000000001,8,11,0,0
0,1.1000000000000001,9,11,0,0
0,1.1000000000000001,10,11,0,0
0,1.1000000000000001,11,11,0,0
0,1.1000000000000001,12,11,0,0
0,1.1000000000000001,13,11,0,0
0,1.1000000000000001,14,11,0,0
0,1.1000000000000001,15,11,0,0
0,1.1000000000000001,16,11,0,0
0,1.1000000000000001,17,11,0,0
0,1.1000000000000001,18,11,0,0
0,1.1000000000000001,19,11,0,0
0,1.1000000000000001,20,11,0,0
0,1.1000000000000001,21,11,0,0
0,1.1000000000000001,22,11,0,0
0,1.1000000000000001,23,11,0,0
0,1.1000000000000001,24,11,0,0
0,1.1000000000000001,25,11,0,0
0,1.1000000000000001,26,11,0,0
0,1.1000000000000001,27,11,0,0
0,1.1000000000000001,28,11,0,0
0,1.1000000000000001,29,11,0,0
0,1.1000000000000001,30,11,0,0
0,1.1000000000000001,31,11,0,0
0,1.1000000000000001,0,12,0,0
0,1.1000000000000001,1,12,0,0
0,1.1000000000000001,2,12,0,0
0,1.1000000000000001,3,12,0,0
0,1.1000000000000001,4,12,0,0
0,1.1000000000000001,5,12,0,0
0,1.1000000000000001,6,12,0,0
0,1.1000000000000001,7,12,0,0
0,1.1000000000000001,8,12,0,0
0,1.1000000000000001,9,12,0,0
0,1.1000000000000001,10,12,0,0
0,1.1000000000000001,11,12,0,0
0,1.1000000000000001,12,12,0,0
0,1.1000000000000001,13,12,0,0
0,1.1000000000000001,14,12,0,0
0,1.1000000000000001,15,12,0,0
0,1.1000000000000001,16,12,0,0
0,1.1000000000000001,17,12,0,0
0,1.1000000000000001,18,12,0,0
0,1.1000000000000001,19,12,0,0
0,1.1000000000000001,20,12,0,0
0,1.1000000000000001,21,12,0,0
0,1.1000000000000001,22,12,0,0
0,1.1000000000000001,23,12,0,0
0,1.1000000000000001,24,12,0,0
0,1.1000000000000001,25,12,0,0
0,1.1000000000000001,26,12,0,0
0,1.1000000000000001,27,12,0,0
0,1.1000000000000001,28,12,0,0
0,1.1000000000000001,29,12,0,0
0,1.1000000000000001,30,12,0,0
0,1.1000000000000001,31,12,0,0
0,1.1000000000000001,0,13,0,0
0,1.1000000000000001,1,13,0,0
0,1.1000000000000001,2,13,0,0
0,1.1000000000000001,3,13,0,0
0,1.1000000000000001,4,13,0,0
0,1.1000000000000001,5,13,0,0
0,1.1000000000000001,6,13,0,0
0,1.1000000000000001,7,13,0,0
0,1.1000000000000001,8,13,0,0
0,1.1000000000000001,9,13,0,0
0,1.1000000000000001,10,13,0,0
0,1.1000000000000001,11,13,0,0
0,1.1000000000000001,12,13,0,0
0,1.1000000000000001,13,13,0,0
0,1.1000000000000001,14,13,0,0
0,1.1000000000000001,15,13,0,0
0,1.1000000000000001,16,13,0,0
0,1.1000000000000001,17,13,0,0
0,1.1000000000000001,18,13,0,0
0,1.1000000000000001,19,13,0,0
0,1.1000000000000001,20,13,0,0
0,1.1000000000000001,21,13,0,0
0,1.1000000000000001,22,13,0,0
0,1.1000000000000001,23,13,0,0
0,1.1000000000000001,24,13,0,0
0,1.1000000000000001,25,13,0,0
0,1.1000000000000001,26,13,0,0
0,1.1000000000000001,27,13,0,0
0,1.1000000000000001,28,13,0,0
0,1.1000000000000001,29,13,0,0
0,1.1000000000000001,30,13,0,0
0,1.1000000000000001,31,13,0,0
0,1.1000000000000001,0,14,0,0
0,1.1000000000000001,1,14,0,0
0,1.1000000000000001,2,14,0,0
0,1.1000000000000001,3,14,0,0
0,1.1000000000000001,4,14,0,0
0,1.1000000000000001,5,14,0,0
0,1.1000000000000001,6,14,0,0
0,1.1000000000000001,7,14,0,0
0,1.1000000000000001,8,14,0,0
0,1.1000000000000001,9,14,0,0
0,1.1000000000000001,10,14,0,0
0,1.1000000000000001,11,14,0,0
0,1.1000000000000001,12,14,0,0
0,1.1000000000000001,13,14,0,0
0,1.1000000000000001,14,14,0,0
0,1.1000000000000001,15,14,0,0
0,1.1000000000000001,16,14,0,0
0,1.1000000000000001,17,14,0,0
0,1.1000000000000001,18,14,0,0
0,1.1000000000000001,19,14,0,0
0,1.1000000000000001,20,14,0,0
0,1.1000000000000001,21,14,0,0
0,1.1000000000000001,22,14,0,0
0,1.1000000000000001,23,14,0,0
0,1.1000000000000001,24,14,0,0
0,1.1000000000000001,25,14,0,0
0,1.1000000000000001,26,14,0,0
0,1.1000000000000001,27,14,0,0
0,1.1000000000000001,28,14,0,0
0,1.1000000000000001,29,14,0,0
0,1.1000000000000001,30,14,0,0
0,1.1000000000000001,31,14,0,0
0,1.1000000000000001,0,15,0,0
0,1.1000000000000001,1,15,0,0
0,1.1000000000000001,2,15,0,0
0,1.1000000000000001,3,15,0,0
0,1.1000000000000001,4,15,0,0
0,1.1000000000000001,5,15,0,0
0,1.1000000000000001,6,15,0,0
0,1.1000000000000001,7,15,0,0
0,1.1000000000000001,8,15,0,0
0,1.1000000000000001,9,15,0,0
0,1.1000000000000001,10,15,0,0
0,1.1000000000000001,11,15,0,0
0,1.1000000000000001,12,15,0,0
0,1.1000000000000001,13,15,0,0
0,1.1000000000000001,14,15,0,0
0,1.1000000000000001,15,15,0,0
0,1.1000000000000001,16,15,0,0
0,1.1000000000000001,17,15,0,0
0,1.1000000000000001,18,15,0,0
0,1.1000000000000001,19,15,0,0
0,1.1000000000000001,20,15,0,0
0,1.1000000000000001,21,15,0,0
0,1.1000000000000001,22,15,0,0
0,1.1000000000000001,23,15,0,0
0,1.1000000000000001,24,15,0,0
0,1.1000000000000001,25,15,0,0
0,1.1000000000000001,26,15,0,0
0,1.1000000000000001,27,15,0,0
0,1.1000000000000001,28,15,0,0
0,1.1000000000000001,29,15,0,0
0,1.1000000000000001,30,15,0,0
0,1.1000000000000001,31,15,0,0
0,1.1000000000000001,0,16,0,0
0,1.1000000000000001,1,16,0,0
0,1.1000000000000001,2,16,0,0
0,1.1000000000000001,3,16,0,0
0,1.1000000000000001,4,16,0,0
0,1.1000000000000001,5,16,0,0
0,1.1000000000000001,6,16,0,0
0,1.1000000000000001,7,16,0,0
0,1.1000000000000001,8,16,0,0
0,1.1000000000000001,9,16,0,0
0,1.1000000000000001,10,16,0,0
0,1.1000000000000001,11,16,0,0
0,1.1000000000000001,12,16,0,0
0,1.1000000000000001,13,16,0,0
0,1.1000000000000001,14,16,0,0
0,1.1000000000000001,15,16,0,0
0,1.1000000000000001,16,16,0,0
0,1.1000000000000001,17,16,0,0
0,1.1000000000000001,18,16,0,0
0,1.1000000000000001,19,16,0,0
0,1.1000000000000001,20,16,0,0
0,1.1000000000000001,21,16,0,0
0,1.1000000000000001,22,16,0,0
0,1.1000000000000001,23,16,0,0
0,1.1000000000000001,24,16,0,0
0,1.1000000000000001,25,16,0,0
0,1.1000000000000001,26,16,0,0
0,1.1000000000000001,27,16,0,0
0,1.1000000000000001,28,16,0,0
0,1.1000000000000001,29,16,0,0
0,1.1000000000000001,30,16,0,0
0,1.1000000000000001,31,16,0,0
0,1.1000000000000001,0,17,0,0
0,1.1000000000000001,1,17,0,0
0,1.1000000000000001,2,17,0,0
0,1.1000000000000001,3,17,0,0
0,1.1000000000000001,4,17,0,0
0,1.1000000000000001,5,17,0,0
0,1.1000000000000001,6,17,0,0
0,1.1000000000000001,7,17,0,0
0,1.1000000000000001,8,17,0,0
0,1.1000000000000001,9,17,0,0
0,1.1000000000000001,10,17,0,0
0,1.1000000000000001,11,17,0,0
0,1.1000000000000001,12,17,0,0
0,1.1000000000000001,13,17,0,0
0,1.1000000000000001,14,17,0,0
0,1.1000000000000001,15,17,0,0
0,1.1000000000000001,16,17,0,0
0,1.1000000000000001,17,17,0,0
0,1.1000000000000001,18,17,0,0
0,1.1000000000000001,19,17,0,0
0,1.1000000000000001,20,17,0,0
0,1.1000000000000001,21,17,0,0
0,1.1000000000000001,22,17,0,0
0,1.1000000000000001,23,17,0,0
0,1.1000000000000001,24,17,0,0
0,1.1000000000000001,25,17,0,0
0,1.1000000000000001,26,17,0,0
0,1.1000000000000001,27,17,0,0
0,1.1000000000000001,28,17,0,0
0,1.1000000000000001,29,17,0,0
0,1.1000000000000001,30,17,0,0
0,1.1000000000000001,31,17,0,0
0,1.1000000000000001,0,18,0,0
0,1.1000000000000001,1,18,0,0
0,1.1000000000000001,2,18,0,0
0,1.1000000000000001,3,18,0,0
0,1.1000000000000001,4,18,0,0
0,1.1000000000000001,5,18,0,0
0,1.1000000000000001,6,18,0,0
0,1.1000000000000001,7,18,0,0
0,1.1000000000000001,8,18,0,0
0,1.1000000000000001,9,18,0,0
0,1.1000000000000001,10,18,0,0
0,1.1000000000000001,11,18,0,0
0,1.1000000000000001,12,18,0,0
0,1.1000000000000001,13,18,0,0
0,1.1000000000000001,14,18,0,0
0,1.1000000000000001,15,18,0,0
0,1.1000000000000001,16,18,0,0
0,1.1000000000000001,17,18,0,0
0,1.1000000000000001,18,18,0,0
0,1.1000000000000001,19,18,0,0
0,1.1000000000000001,20,18,0,0
0,1.1000000000000001,21,18,0,0
0,1.1000000000000001,22,18,0,0
0,1.1000000000000001,23,18,0,0
0,1.1000000000000001,24,18,0,0
0,1.1000000000000001,25,18,0,0
0,1.1000000000000001,26,18,0,0
0,1.1000000000000001,27,18,0,0
0,1.1000000000000001,28,18,0,0
0,1.1000000000000001,29,18,0,0
0,1.1000000000000001,30,18,0,0
0,1.1000000000000001,31,18,0,0
0,1.1000000000000001,0,19,0,0
0,1.1000000000000001,1,19,0,0
0,1.1000000000000001,2,19,0,0
0,1.1000000000000001,3,19,0,0
0,1.1000000000000001,4,19,0,0
0,1.1000000000000001,5,19,0,0
0,1.1000000000000001,6,19,0,0
0,1.1000000000000001,7,19,0,0
0,1.1000000000000001,8,19,0,0
0,1.1000000000000001,9,19,0,0
0,1.1000000000000001,10,19,0,0
0,1.1000000000000001,11,19,0,0
0,1.1000000000000001,12,19,0,0
0,1.1000000000000001,13,19,0,0
0,1.1000000000000001,14,19,0,0
0,1.1000000000000001,15,19,0,0
0,1.1000000000000001,16,19,0,0
0,1.1000000000000001,17,19,0,0
0,1.1000000000000001,18,19,0,0
0,1.1000000000000001,19,19,0,0
0,1.1000000000000001,20,19,0,0
0,1.1000000000000001,21,19,0,0
0,1.1000000000000001,22,19,0,0
0,1.1000000000000001,23,19,0,0
0,1.1000000000000001,24,19,0,0
0,1.1000000000000001,25,19,0,0
0,1.1000000000000001,26,19,0,0
0,1.1000000000000001,27,19,0,0
0,1.1000000000000001,28,19,0,0
0,1.1000000000000001,29,19,0,0
0,1.1000000000000001,30,19,0,0
0,1.1000000000000001,31,19,0,0
0,1.1000000000000001,0,20,0,0
0,1.1000000000000001,1,20,0,0
0,1.1000000000000001,2,20,0,0
0,1.1000000000000001,3,20,0,0
0,1.1000000000000001,4,20,0,0
0,1.1000000000000001,5,20,0,0
0,1.1000000000000001,6,20,0,0
0,1.1000000000000001,7,20,0,0
0,1.1000000000000001,8,20,0,0
0,1.1000000000000001,9,20,0,0
0,1.1000000000000001,10,20,0,0
0,1.1000000000000001,11,20,0,0
0,1.1000000000000001,12,20,0,0
0,1.1000000000000001,13,20,0,0
0,1.1000000000000001,14,20,0,0
0,1.1000000000000001,15,20,0,0
0,1.1000000000000001,16,20,0,0
0,1.1000000000000001,17,20,0,0
0,1.1000000000000001,18,20,0,0
0,1.1000000000000001,19,20,0,0
0,1.1000000000000001,20,20,0,0
0,1.1000000000000001,21,20,0,0
0,1.1000000000000001,22,20,0,0
0,1.1000000000000001,23,20,0,0
0,1.1000000000000001,24,20,0,0
0,1.1000000000000001,25,20,0,0
0,1.1000000000000001,26,20,0,0
0,1.1000000000000001,27,20,0,0
0,1.1000000000000001,28,20,0,0
0,1.1000000000000001,29,20,0,0
0,1.1000000000000001,30,20,0,0
0,1.1000000000000001,31,20,0,0
0,1.1000000000000001,0,21,0,0
0,1.1000000000000001,1,21,0,0
0,1.1000000000000001,2,21,0,0
0,1.1000000000000001,3,21,0,0
0,1.1000000000000001,4,21,0,0
0,1.1000000000000001,5,21,0,0
0,1.1000000000000001,6,21,0,0
0,1.1000000000000001,7,21,0,0
0,1.1000000000000001,8,21,0,0
0,1.1000000000000001,9,21,0,0
0,1.1000000000000001,10,21,0,0
0,1.1000000000000001,11,21,0,0
0,1.1000000000000001,12,21,0,0
0,1.1000000000000001,13,21,0,0
0,1.1000000000000001,14,21,0,0
0,1.1000000000000001,15,21,0,0
0,1.1000000000000001,16,21,0,0
0,1.1000000000000001,17,21,0,0
0,1.1000000000000001,18,21,0,0
0,1.1000000000000001,19,21,0,0
0,1.1000000000000001,20,21,0,0
0,1.1000000000000001,21,21,0,0
0,1.1000000000000001,22,21,0,0
0,1.1000000000000001,23,21,0,0
0,1.1000000000000001,24,21,0,0
0,1.1000000000000001,25,21,0,0
0,1.1000000000000001,26,21,0,0
0,1.1000000000000001,27,21,0,0
0,1.1000000000000001,28,21,0,0
0,1.1000000000000001,29,21,0,0
0,1.1000000000000001,30,21,0,0
0,1.1000000000000001,31,21,0,0
0,1.1000000000000001,0,22,0,0
0,1.1000000000000001,1,22,0,0
0,1.1000000000000001,2,22,0,0
0,1.1000000000000001,3,22,0,0
0,1.1000000000000001,4,22,0,0
0,1.1000000000000001,5,22,0,0
0,1.1000000000000001,6,22,0,0
0,1.1000000000000001,7,22,0,0
0,1.1000000000000001,8,22,0,0
0,1.1000000000000001,9,22,0,0
0,1.1000000000000001,10,22,0,0
0,1.1000000000000001,11,22,0,0
0,1.1000000000000001,12,22,0,0
0,1.1000000000000001,13,22,0,0
0,1.1000000000000001,14,22,0,0
0,1.1000000000000001,15,22,0,0
0,1.1000000000000001,16,22,0,0
0,1.1000000000000001,17,22,0,0
0,1.1000000000000001,18,22,0,0
0,1.1000000000000001,19,22,0,0
0,1.1000000000000001,20,22,0,0
0,1.1000000000000001,21,22,0,0
0,1.1000000000000001,22,22,0,0
0,1.1000000000000001,23,22,0,0
0,1.1000000000000001,24,22,0,0
0,1.1000000000000001,25,22,0,0
0,1.1000000000000001,26,22,0,0
0,1.1000000000000001,27,22,0,0
0,1.1000000000000001,28,22,0,0
0,1.1000000000000001,29,22,0,0
0,1.1000000000000001,30,22,0,0
0,1.1000000000000001,31,22,0,0
0,1.1000000000000001,0,23,0,0
0,1.1000000000000001,1,23,0,0
0,1.1000000000000001,2,23,0,0
0,1.1000000000000001,3,23,0,0
0,1.1000000000000001,4,23,0,0
0,1.1000000000000001,5,23,0,0
0,1.1000000000000001,6,23,0,0
0,1.1000000000000001,7,23,0,0
0,1.1000000000000001,8,23,0,0
0,1.1000000000000001,9,23,0,0
0,1.1000000000000001,10,23,0,0
0,1.1000000000000001,11,23,0,0
0,1.1000000000000001,12,23,0,0
0,1.1000000000000001,13,23,0,0
0,1.1000000000000001,14,23,0,0
0,1.1000000000000001,15,23,0,0
0,1.1000000000000001,16,23,0,0
0,1.1000000000000001,17,23,0,0
0,1.1000000000000001,18,23,0,0
0,1.1000000000000001,19,23,0,0
0,1.1000000000000001,20,23,0,0
0,1.1000000000000001,21,23,0,0
0,1.1000000000000001,22,23,0,0
0,1.1000000000000001,23,23,0,0
0,1.1000000000000001,24,23,0,0
0,1.1000000000000001,25,23,0,0
0,1.1000000000000001,26,23,0,0
0,1.1000000000000001,27,23,0,0
0,1.1000000000000001,28,23,0,0
0,1.1000000000000001,29,23,0,0
0,1.1000000000000001,30,23,0,0
0,1.1000000000000001,31,23,0,0
0,1.1000000000000001,0,24,0,0
0,1.1000000000000001,1,24,0,0
0,1.1000000000000001,2,24,0,0
0,1.1000000000000001,3,24,0,0
0,1.1000000000000001,4,24,0,0
0,1.1000000000000001,5,24,0,0
0,1.1000000000000001,6,24,0,0
0,1.1000000000000001,7,24,0,0
0,1.1000000000000001,8,24,0,0
0,1.1000000000000001,9,24,0,0
0,1.1000000000000001,10,24,0,0
0,1.1000000000000001,11,24,0,0
0,1.1000000000000001,12,24,0,0
0,1.1000000000000001,13,24,0,0
0,1.1000000000000001,14,24,0,0
0,1.1000000000000001,15,24,0,0
0,1.1000000000000001,16,24,0,0
0,1.1000000000000001,17,24,0,0
0,1.1000000000000001,18,24,0,0
0,1.1000000000000001,19,24,0,0
0,1.1000000000000001,20,24,0,0
0,1.1000000000000001,21,24,0,0
0,1.1000000000000001,22,24,0,0
0,1.1000000000000001,23,24,0,0
0,1.1000000000000001,24,24,0,0
0,1.1000000000000001,25,24,0,0
0,1.1000000000000001,26,24,0,0
0,1.1000000000000001,27,24,0,0
0,1.1000000000000001,28,24,0,0
0,1.1000000000000001,29,24,0,0
0,1.1000000000000001,30,24,0,0
0,1.1000000000000001,31,24,0,0
0,1.1000000000000001,0,25,0,0
0,1.1000000000000001,1,25,0,0
0,1.1000000000000001,2,25,0,0
0,1.1000000000000001,3,25,0,0
0,1.1000000000000001,4,25,0,0
0,1.1000000000000001,5,25,0,0
0,1.1000000000000001,6,25,0,0
0,1.1000000000000001,7,25,0,0
0,1.1000000000000001,8,25,0,0
0,1.1000000000000001,9,25,0,0
0,1.1000000000000001,10,25,0,0
0,1.1000000000000001,11,25,0,0
0,1.1000000000000001,12,25,0,0
0,1.1000000000000001,13,25,0,0
0,1.1000000000000001,14,25,0,0
0,1.1000000000000001,15,25,0,0
0,1.1000000000000001,16,25,0,0
0,1.1000000000000001,17,25,0,0
0,1.1000000000000001,18,25,0,0
0,1.1000000000000001,19,25,0,0
0,1.1000000000000001,20,25,0,0
0,1.1000000000000001,21,25,0,0
0,1.1000000000000001,22,25,0,0
0,1.1000000000000001,23,25,0,0
0,1.1000000000000001,24,25,0,0
0,1.1000000000000001,25,25,0,0
0,1.1000000000000001,26,25,0,0
0,1.1000000000000001,27,25,0,0
0,1.1000000000000001,28,25,0,0
0,1.1000000000000001,29,25,0,0
0,1.1000000000000001,30,25,0,0
0,1.1000000000000001,31,25,0,0
0,1.1000000000000001,0,26,0,0
0,1.1000000000000001,1,26,0,0
0,1.1000000000000001,2,26,0,0
0,1.1000000000000001,3,26,0,0
0,1.1000000000000001,4,26,0,0
0,1.1000000000000001,5,26,0,0
0,1.1000000000000001,6,26,0,0
0,1.1000000000000001,7,26,0,0
0,1.1000000000000001,8,26,0,0
0,1.1000000000000001,9,26,0,0
0,1.1000000000000001,10,26,0,0
0,1.1000000000000001,11,26,0,0
0,1.1000000000000001,12,26,0,0
0,1.1000000000000001,13,26,0,0
0,1.1000000000000001,14,26,0,0
0,1.1000000000000001,15,26,0,0
0,1.1000000000000001,16,26,0,0
0,1.1000000000000001,17,26,0,0
0,1.1000000000000001,18,26,0,0
0,1.1000000000000001,19,26,0,0
0,1.1000000000000001,20,26,0,0
0,1.1000000000000001,21,26,0,0
0,1.1000000000000001,22,26,0,0
0,1.1000000000000001,23,26,0,0
0,1.1000000000000001,24,26,0,0
0,1.1000000000000001,25,26,0,0
0,1.1000000000000001,26,26,0,0
0,1.1000000000000001,27,26,0,0
0,1.1000000000000001,28,26,0,0
0,1.1000000000000001,29,26,0,0
0,1.1000000000000001,30,26,0,0
0,1.1000000000000001,31,26,0,0
0,1.1000000000000001,0,27,0,0
0,1.1000000000000001,1,27,0,0
0,1.1000000000000001,2,27,0,0
0,1.1000000000000001,3,27,0,0
0,1.1000000000000001,4,27,0,0
0,1.1000000000000001,5,27,0,0
0,1.1000000000000001,6,27,0,0
0,1.1000000000000001,7,27,0,0
0,1.1000000000000001,8,27,0,0
0,1.1000000000000001,9,27,0,0
0,1.1000000000000001,10,27,0,0
0,1.1000000000000001,11,27,0,0
0,1.1000000000000001,12,27,0,0
0,1.1000000000000001,13,27,0,0
0,1.1000000000000001,14,27,0,0
0,1.1000000000000001,15,27,0,0
0,1.1000000000000001,16,27,0,0
0,1.1000000000000001,17,27,0,0
0,1.1000000000000001,18,27,0,0
0,1.1000000000000001,19,27,0,0
0,1.1000000000000001,20,27,0,0
0,1.1000000000000001,21,27,0,0
0,1.1000000000000001,22,27,0,0
0,1.1000000000000001,23,27,0,0
0,1.1000000000000001,24,27,0,0
0,1.1000000000000001,25,27,0,0
0,1.1000000000000001,26,27,0,0
0,1.1000000000000001,27,27,0,0
0,1.1000000000000001,28,27,0,0
0,1.1000000000000001,29,27,0,0
0,1.1000000000000001,30,27,0,0
0,1.1000000000000001,31,27,0,0
0,1.1000000000000001,0,28,0,0
0,1.1000000000000001,1,28,0,0
0,1.1000000000000001,2,28,0,0
0,1.1000000000000001,3,28,0,0
0,1.1000000000000001,4,28,0,0
0,1.1000000000000001,5,28,0,0
0,1.1000000000000001,6,28,0,0
0,1.1000000000000001,7,28,0,0
0,1.1000000000000001,8,28,0,0
0,1.1000000000000001,9,28,0,0
0,1.1000000000000001,10,28,0,0
0,1.1000000000000001,11,28,0,0
0,1.1000000000000001,12,28,0,0
0,1.1000000000000001,13,28,0,0
0,1.1000000000000001,14,28,0,0
0,1.1000000000000001,15,28,0,0
0,1.1000000000000001,16,28,0,0
0,1.1000000000000001,17,28,0,0
0,1.1000000000000001,18,28,0,0
0,1.1000000000000001,19,28,0,0
0,1.1000000000000001,20,28,0,0
0,1.1000000000000001,21,28,0,0
0,1.1000000000000001,22,28,0,0
0,1.1000000000000001,23,28,0,0
0,1.1000000000000001,24,28,0,0
0,1.1000000000000001,25,28,0,0
0,1.1000000000000001,26,28,0,0
0,1.1000000000000001,27,28,0,0
0,1.1000000000000001,28,28,0,0
0,1.1000000000000001,29,28,0,0
0,1.1000000000000001,30,28,0,0
0,1.1000000000000001,31,28,0,0
0,1.1000000000000001,0,29,0,0
0,1.1000000000000001,1,29,0,0
0,1.1000000000000001,2,29,0,0
0,1.1000000000000001,3,29,0,0
0,1.1000000000000001,4,29,0,0
0,1.1000000000000001,5,29,0,0
0,1.1000000000000001,6,29,0,0
0,1.1000000000000001,7,29,0,0
0,1.1000000000000001,8,29,0,0
0,1.1000000000000001,9,29,0,0
0,1.1000000000000001,10,29,0,0
0,1.1000000000000001,11,29,0,0
0,1.1000000000000001,12,29,0,0
0,1.1000000000000001,13,29,0,0
0,1.1000000000000001,14,29,0,0
0,1.1000000000000001,15,29,0,0
0,1.1000000000000001,16,29,0,0
0,1.1000000000000001,17,29,0,0
0,1.1000000000000001,18,29,0,0
0,1.1000000000000001,19,29,0,0
0,1.1000000000000001,20,29,0,0
0,1.1000000000000001,21,29,0,0
0,1.1000000000000001,22,29,0,0
0,1.1000000000000001,23,29,0,0
0,1.1000000000000001,24,29,0,0
0,1.1000000000000001,25,29,0,0
0,1.1000000000000001,26,29,0,0
0,1.1000000000000001,27,29,0,0
0,1.1000000000000001,28,29,0,0
0,1.1000000000000001,29,29,0,0
0,1.1000000000000001,30,29,0,0
0,1.1000000000000001,31,29,0,0
0,1.1000000000000001,0,30,0,0
0,1.1000000000000001,1,30,0,0
0,1.1000000000000001,2,30,0,0
0,1.1000000000000001,3,30,0,0
0,1.1000000000000001,4,30,0,0
0,1.1000000000000001,5,30,0,0
0,1.1000000000000001,6,30,0,0
0,1.1000000000000001,7,30,0,0
0,1.1000000000000001,8,30,0,0
0,1.1000000000000001,9,30,0,0
0,1.1000000000000001,10,30,0,0
0,1.1000000000000001,11,30,0,0
0,1.1000000000000001,12,30,0,0
0,1.1000000000000001,13,30,0,0
0,1.1000000000000001,14,30,0,0
0,1.1000000000000001,15,30,0,0
0,1.1000000000000001,16,30,0,0
0,1.1000000000000001,17,30,0,0
0,1.1000000000000001,18,30,0,0
0,1.1000000000000001,19,30,0,0
0,1.1000000000000001,20,30,0,0
0,1.1000000000000001,21,30,0,0
0,1.1000000000000001,22,30,0,0
0,1.1000000000000001,23,30,0,0
0,1.1000000000000001,24,30,0,0
0,1.1000000000000001,25,30,0,0
0,1.1000000000000001,26,30,0,0
0,1.1000000000000001,27,30,0,0
0,1.1000000000000001,28,30,0,0
0,1.1000000000000001,29,30,0,0
0,1.1000000000000001,30,30,0,0
0,1.1000000000000001,31,30,0,0
0,1.1000000000000001,0,31,0,0
0,1.1000000000000001,1,31,0,0
0,1.1000000000000001,2,31,0,0
0,1.1000000000000001,3,31,0,0
0,1.1000000000000001,4,31,0,0
0,1.1000000000000001,5,31,0,0
0,1.1000000000000001,6,31,0,0
0,1.1000000000000001,7,31,0,0
0,1.1000000000000001,8,31,0,0
0,1.1000000000000001,9,31,0,0
0,1.1000000000000001,10,31,0,0
0,1.1000000000000001,11,31,0,0
0,1.1000000000000001,12,31,0,0
0,1.1000000000000001,13,31,0,0
0,1.1000000000000001,14,31,0,0
0,1.1000000000000001,15,31,0,0
0,1.1000000000000001,16,31,0,0
0,1.1000000000000001,17,31,0,0
0,1.1000000000000001,18,31,0,0
0,1.1000000000000001,19,31,0,0
0,1.1000000000000001,20,31,0,0
0,1.1000000000000001,21,31,0,0
0,1.1000000000000001,22,31,0,0
0,1.1000000000000001,23,31,0,0
0,1.1000000000000001,24,31,0,0
0,1.1000000000000001,25,31,0,0
0,1.1000000000000001,26,31,0,0
0,1.1000000000000001,27,31,0,0
0,1.1000000000000001,28,31,0,0
0,1.1000000000000001,29,31,0,0
0,1.1000000000000001,30,31,0,0
0,1.1000000000000001,31,31,0,0
1,0.25,0,0,0.018898236414486118,0.056694709243423978
1,0.25,1,0,0.019845028196760178,0.059535084590244439
1,0.25,2,0,0.020802290849532671,0.062406872548560172
1,0.25,3,0,0.021762177844470956,0.065286533533373284
1,0.25,4,0,0.022715634114255531,0.068146902342725274
1,0.25,5,0,0.023652451608802347,0.070957354826364019
1,0.25,6,0,0.024561388127506849,0.073684164382475867
1,0.25,7,0,0.025430356886463456,0.07629107065934411
1,0.25,8,0,0.0262466902687436,0.07874007080618306
1,0.25,9,0,0.026997475675922644,0.080992427027718819
1,0.25,10,0,0.027669954644146021,0.083009863932387726
1,0.25,11,0,0.028251969003398481,0.084755907010144058
1,0.25,12,0,0.028732430721648092,0.086197292164892012
1,0.25,13,0,0.02910178625199937,0.087305358755945181
1,0.25,14,0,0.02935244277698636,0.088057328330905682
1,0.25,15,0,0.029479123607074224,0.088437370821169051
1,0.25,16,0,0.029479123607074224,0.088437370821169051
1,0.25,17,0,0.02935244277698636,0.088057328330905682
1,0.25,18,0,0.02910178625199937,0.087305358755945181
1,0.25,19,0,0.028732430721648092,0.086197292164892012
1,0.25,20,0,0.028251969003398481,0.084755907010144058
1,0.25,21,0,0.027669954644146021,0.083009863932387726
1,0.25,22,0,0.026997475675922644,0.080992427027718819
1,0.25,23,0,0.0262466902687436,0.07874007080618306
1,0.25,24,0,0.025430356886463456,0.07629107065934411
1,0.25,25,0,0.024561388127506849,0.073684164382475867
1,0.25,26,0,0.023652451608802347,0.070957354826364019
1,0.25,27,0,0.022715634114255531,0.068146902342725274
1,0.25,28,0,0.021762177844470956,0.065286533533373284
1,0.25,29,0,0.020802290849532671,0.062406872548560172
1,0.25,30,0,0.019845028196760178,0.059535084590244439
1,0.25,31,0,0.018898236414486118,0.056694709243423978
1,0.25,0,1,0.019845028196760178,0.059535084590244439
1,0.25,1,1,0.020873603895224864,0.062620811685636629
1,0.25,2,1,0.021916407765154647,0.06574922329542407
1,0.25,3,1,0.022964916889014766,0.068894750667002527
1,0.25,4,1,0.024009191790623979,0.072027575371828259
1,0.25,5,1,0.025037923075184855,0.075113769225509025
1,0.25,6,1,0.026038552060109854,0.078115656180282197
1,0.25,7,1,0.026997475675922644,0.080992427027718819
1,0.25,8,1,0.027900341318266728,0.083701023954749432
1,0.25,9,1,0.028732430721648092,0.086197292164892012
1,0.25,10,1,0.029479123607074224,0.088437370821169051
1,0.25,11,1,0.03012642253615971,0.090379267608424338
1,0.25,12,1,0.030661511185384249,0.091984533556096967
1,0.25,13,1,0.031073310522829509,0.093219931568432002
1,0.25,14,1,0.031352992580176146,0.094058977740471408
1,0.25,15,1,0.031494410890253038,0.094483232670701828
1,0.25,16,1,0.031494410890253038,0.094483232670701828
1,0.25,17,1,0.031352992580176146,0.094058977740471408
1,0.25,18,1,0.031073310522829509,0.093219931568432002
1,0.25,19,1,0.030661511185384249,0.091984533556096967
1,0.25,20,1,0.03012642253615971,0.090379267608424338
1,0.25,21,1,0.029479123607074224,0.088437370821169051
1,0.25,22,1,0.028732430721648092,0.086197292164892012
1,0.25,23,1,0.027900341318266728,0.083701023954749432
1,0.25,24,1,0.026997475675922644,0.080992427027718819
1,0.25,25,1,0.026038552060109854,0.078115656180282197
1,0.25,26,1,0.025037923075184855,0.075113769225509025
1,0.25,27,1,0.024009191790623979,0.072027575371828259
1,0.25,28,1,0.022964916889014766,0.068894750667002527
1,0.25,29,1,0.021916407765154647,0.06574922329542407
1,0.25,30,1,0.020873603895224864,0.062620811685636629
1,0.25,31,1,0.019845028196760178,0.059535084590244439
1,0.25,0,2,0.020802290849532671,0.062406872548560172
1,0.25,1,2,0.021916407765154647,0.06574922329542407
1,0.25,2,2,0.023049026000740817,0.06914707800218052
1,0.25,3,2,0.024190938889542404,0.072572816668583201
1,0.25,4,2,0.025331291938749792,0.075993875816203302
1,0.25,5,2,0.026457616238503359,0.079372848715461949
1,0.25,6,2,0.027555947595922663,0.082667842787717868
1,0.25,7,2,0.028611045181496798,0.085833135544438346
1,0.25,8,2,0.029606718292637682,0.088820154877859187
1,0.25,9,2,0.030526262034163969,0.091578786102436374
1,0.25,10,2,0.031352992580176146,0.094058977740471408
1,0.25,11,2,0.03207086103837227,0.096212583115058467
1,0.25,12,2,0.032665113151424625,0.097995339454214458
1,0.25,13,2,0.033122951924260131,0.099368855772720144
1,0.25,14,2,0.033434153686491636,0.10030246105941409
1,0.25,15,2,0.033591586756786251,0.10077476027029765
1,0.25,16,2,0.033591586756786251,0.10077476027029765
1,0.25,17,2,0.033434153686491636,0.10030246105941409
1,0.25,18,2,0.033122951924260131,0.099368855772720144
1,0.25,19,2,0.032665113151424625,0.097995339454214458
1,0.25,20,2,0.03207086103837227,0.096212583115058467
1,0.25,21,2,0.031352992580176146,0.094058977740471408
1,0.25,22,2,0.030526262034163969,0.091578786102436374
1,0.25,23,2,0.029606718292637682,0.088820154877859187
1,0.25,24,2,0.028611045181496798,0.085833135544438346
1,0.25,25,2,0.027555947595922663,0.082667842787717868
1,0.25,26,2,0.026457616238503359,0.079372848715461949
1,0.25,27,2,0.025331291938749792,0.075993875816203302
1,0.25,28,2,0.024190938889542404,0.072572816668583201
1,0.25,29,2,0.023049026000740817,0.06914707800218052
1,0.25,30,2,0.021916407765154647,0.06574922329542407
1,0.25,31,2,0.020802290849532671,0.062406872548560172
1,0.25,0,3,0.021762177844470956,0.065286533533373284
1,0.25,1,3,0.022964916889014766,0.068894750667002527
1,0.25,2,3,0.024190938889542404,0.072572816668583201
1,0.25,3,3,0.025430356886463456,0.07629107065934411
1,0.25,4,3,0.026671382525087339,0.080014147575213496
1,0.25,5,3,0.027900341318266728,0.083701023954749432
1,0.25,6,3,0.02910178625199937,0.087305358755945181
1,0.25,7,3,0.030258727787260215,0.090776183361725604
1,0.25,8,3,0.031352992580176146,0.094058977740471408
1,0.25,9,3,0.032365714149804548,0.097097142449354773
1,0.25,10,3,0.033277946516543234,0.099833839549569175
1,0.25,11,3,0.0340713774481846,0.10221413234449182
1,0.25,12,3,0.034729103051034257,0.1041873091530396
1,0.25,13,3,0.035236412295150989,0.10570923688538887
1,0.25,14,3,0.035581521183333381,0.10674456354993542
1,0.25,15,3,0.035756193911100437,0.10726858173323627
1,0.25,16,3,0.035756193911100437,0.10726858173323627
1,0.25,17,3,0.035581521183333381,0.10674456354993542
1,0.25,18,3,0.035236412295150989,0.10570923688538887
1,0.25,19,3,0.034729103051034257,0.1041873091530396
1,0.25,20,3,0.0340713774481846,0.10221413234449182
1,0.25,21,3,0.033277946516543234,0.099833839549569175
1,0.25,22,3,0.032365714149804548,0.097097142449354773
1,0.25,23,3,0.031352992580176146,0.094058977740471408
1,0.25,24,3,0.030258727787260215,0.090776183361725604
1,0.25,25,3,0.02910178625199937,0.087305358755945181
1,0.25,26,3,0.027900341318266728,0.083701023954749432
1,0.25,27,3,0.026671382525087339,0.080014147575213496
1,0.25,28,3,0.025430356886463456,0.07629107065934411
1,0.25,29,3,0.024190938889542404,0.072572816668583201
1,0.25,30,3,0.022964916889014766,0.068894750667002527
1,0.25,31,3,0.021762177844470956,0.065286533533373284
1,0.25,0,4,0.022715634114255531,0.068146902342725274
1,0.25,1,4,0.024009191790623979,0.072027575371828259
1,0.25,2,4,0.025331291938749792,0.075993875816203302
1,0.25,3,4,0.026671382525087339,0.080014147575213496
1,0.25,4,4,0.028016736344515653,0.084050209033495998
1,0.25,5,4,0.02935244277698636,0.088057328330905682
1,0.25,6,4,0.030661511185384249,0.091984533556096967
1,0.25,7,4,0.031925109074367339,0.095775327223043952
1,0.25,8,4,0.033122951924260131,0.099368855772720144
1,0.25,9,4,0.034233851172121806,0.10270155351630314
1,0.25,10,4,0.035236412295150989,0.10570923688538887
1,0.25,11,4,0.036109857391089017,0.10832957217320137
1,0.25,12,4,0.036834928047327221,0.11050478414191466
1,0.25,13,4,0.037394807480547944,0.11218442244157581
1,0.25,14,4,0.037775989158559904,0.113327967475611
1,0.25,15,4,0.037969015365509999,0.11390704609646093
1,0.25,16,4,0.037969015365509999,0.11390704609646093
1,0.25,17,4,0.037775989158559904,0.113327967475611
1,0.25,18,4,0.037394807480547944,0.11218442244157581
1,0.25,19,4,0.036834928047327221,0.11050478414191466
1,0.25,20,4,0.036109857391089017,0.10832957217320137
1,0.25,21,4,0.035236412295150989,0.10570923688538887
1,0.25,22,4,0.034233851172121806,0.10270155351630314
1,0.25,23,4,0.033122951924260131,0.099368855772720144
1,0.25,24,4,0.031925109074367339,0.095775327223043952
1,0.25,25,4,0.030661511185384249,0.091984533556096967
1,0.25,26,4,0.02935244277698636,0.088057328330905682
1,0.25,27,4,0.028016736344515653,0.084050209033495998
1,0.25,28,4,0.026671382525087339,0.080014147575213496
1,0.25,29,4,0.025331291938749792,0.075993875816203302
1,0.25,30,4,0.024009191790623979,0.072027575371828259
1,0.25,31,4,0.022715634114255531,0.068146902342725274
1,0.25,0,5,0.023652451608802347,0.070957354826364019
1,0.25,1,5,0.025037923075184855,0.075113769225509025
1,0.25,2,5,0.026457616238503359,0.079372848715461949
1,0.25,3,5,0.027900341318266728,0.083701023954749432
1,0.25,4,5,0.02935244277698636,0.088057328330905682
1,0.25,5,5,0.03079776201600613,0.092393286047962375
1,0.25,6,5,0.032217725422577205,0.096653176267673016
1,0.25,7,5,0.033591586756786251,0.10077476027029765
1,0.25,8,5,0.034896846301849367,0.10469053890548463
1,0.25,9,5,0.036109857391089017,0.10832957217320137
1,0.25,10,5,0.037206613889661712,0.11161984166891746
1,0.25,11,5,0.038163691053009929,0.11449107315896037
1,0.25,12,5,0.038959289269011342,0.11687786780696316
1,0.25,13,5,0.039574309013166241,0.11872292703942673
1,0.25,14,5,0.03999337002919616,0.11998011008751573
1,0.25,15,5,0.040205682177376099,0.12061704653205517
1,0.25,16,5,0.040205682177376099,0.12061704653205517
1,0.25,17,5,0.03999337002919616,0.11998011008751573
1,0.25,18,5,0.039574309013166241,0.11872292703942673
1,0.25,19,5,0.038959289269011342,0.11687786780696316
1,0.25,20,5,0.038163691053009929,0.11449107315896037
1,0.25,21,5,0.037206613889661712,0.11161984166891746
1,0.25,22,5,0.036109857391089017,0.10832957217320137
1,0.25,23,5,0.034896846301849367,0.10469053890548463
1,0.25,24,5,0.033591586756786251,0.10077476027029765
1,0.25,25,5,0.032217725422577205,0.096653176267673016
1,0.25,26,5,0.03079776201600613,0.092393286047962375
1,0.25,27,5,0.02935244277698636,0.088057328330905682
1,0.25,28,5,0.027900341318266728,0.083701023954749432
1,0.25,29,5,0.026457616238503359,0.079372848715461949
1,0.25,30,5,0.025037923075184855,0.075113769225509025
1,0.25,31,5,0.023652451608802347,0.070957354826364019
1,0.25,0,6,0.024561388127506849,0.073684164382475867
1,0.25,1,6,0.026038552060109854,0.078115656180282197
1,0.25,2,6,0.027555947595922663,0.082667842787717868
1,0.25,3,6,0.02910178625199937,0.087305358755945181
1,0.25,4,6,0.030661511185384249,0.091984533556096967
1,0.25,5,6,0.032217725422577205,0.096653176267673016
1,0.25,6,6,0.033750259238900009,0.10125077771663864
1,0.25,7,6,0.035236412295150989,0.10570923688538887
1,0.25,8,6,0.036651399368347645,0.10995419810497627
1,0.25,9,6,0.037969015365509999,0.11390704609646093
1,0.25,10,6,0.039162515599880168,0.11748754679956927
1,0.25,11,6,0.040205682177376099,0.12061704653205517
1,0.25,12,6,0.041074019524713137,0.12322205857406469
1,0.25,13,6,0.041745995830365541,0.12523798749102069
1,0.25,14,6,0.042204227615861477,0.12661268284750765
1,0.25,15,6,0.04243649678670449,0.12730949036003628
1,0.25,16,6,0.04243649678670449,0.12730949036003628
1,0.25,17,6,0.042204227615861477,0.12661268284750765
1,0.25,18,6,0.041745995830365541,0.12523798749102069
1,0.25,19,6,0.041074019524713137,0.12322205857406469
1,0.25,20,6,0.040205682177376099,0.12061704653205517
1,0.25,21,6,0.039162515599880168,0.11748754679956927
1,0.25,22,6,0.037969015365509999,0.11390704609646093
1,0.25,23,6,0.036651399368347645,0.10995419810497627
1,0.25,24,6,0.035236412295150989,0.10570923688538887
1,0.25,25,6,0.033750259238900009,0.10125077771663864
1,0.25,26,6,0.032217725422577205,0.096653176267673016
1,0.25,27,6,0.030661511185384249,0.091984533556096967
1,0.25,28,6,0.02910178625199937,0.087305358755945181
1,0.25,29,6,0.027555947595922663,0.082667842787717868
1,0.25,30,6,0.026038552060109854,0.078115656180282197
1,0.25,31,6,0.024561388127506849,0.073684164382475867
1,0.25,0,7,0.025430356886463456,0.07629107065934411
1,0.25,1,7,0.026997475675922644,0.080992427027718819
1,0.25,2,7,0.028611045181496798,0.085833135544438346
1,0.25,3,7,0.030258727787260215,0.090776183361725604
1,0.25,4,7,0.031925109074367339,0.095775327223043952
1,0.25,5,7,0.033591586756786251,0.10077476027029765
1,0.25,6,7,0.035236412295150989,0.10570923688538887
1,0.25,7,7,0.036834928047327221,0.11050478414191466
1,0.25,8,7,0.038360036022326238,0.11508010806690894
1,0.25,9,7,0.039782919901956711,0.11934875970579777
1,0.25,10,7,0.041074019524713137,0.12322205857406469
1,0.25,11,7,0.042204227615861477,0.12661268284750765
1,0.25,12,7,0.043146245309055364,0.1294387359270876
1,0.25,13,7,0.043876000993351517,0.13162800297997473
1,0.25,14,7,0.044374012554395457,0.13312203766310565
1,0.25,15,7,0.044626562416824528,0.1338796872503924
1,0.25,16,7,0.044626562416824528,0.1338796872503924
1,0.25,17,7,0.044374012554395457,0.13312203766310565
1,0.25,18,7,0.043876000993351517,0.13162800297997473
1,0.25,19,7,0.043146245309055364,0.1294387359270876
1,0.25,20,7,0.042204227615861477,0.12661268284750765
1,0.25,21,7,0.041074019524713137,0.12322205857406469
1,0.25,22,7,0.039782919901956711,0.11934875970579777
1,0.25,23,7,0.038360036022326238,0.11508010806690894
1,0.25,24,7,0.036834928047327221,0.11050478414191466
1,0.25,25,7,0.035236412295150989,0.10570923688538887
1,0.25,26,7,0.033591586756786251,0.10077476027029765
1,0.25,27,7,0.031925109074367339,0.095775327223043952
1,0.25,28,7,0.030258727787260215,0.090776183361725604
1,0.25,29,7,0.028611045181496798,0.085833135544438346
1,0.25,30,7,0.026997475675922644,0.080992427027718819
1,0.25,31,7,0.025430356886463456,0.07629107065934411
1,0.25,0,8,0.0262466902687436,0.07874007080618306
1,0.25,1,8,0.027900341318266728,0.083701023954749432
1,0.25,2,8,0.029606718292637682,0.088820154877859187
1,0.25,3,8,0.031352992580176146,0.094058977740471408
1,0.25,4,8,0.033122951924260131,0.099368855772720144
1,0.25,5,8,0.034896846301849367,0.10469053890548463
1,0.25,6,8,0.036651399368347645,0.10995419810497627
1,0.25,7,8,0.038360036022326238,0.11508010806690894
1,0.25,8,8,0.03999337002919616,0.11998011008751573
1,0.25,9,8,0.041519980118778527,0.12455994035626006
1,0.25,10,8,0.042907477740473675,0.12872243322134297
1,0.25,11,8,0.044123835780353289,0.13237150734097961
1,0.25,12,8,0.045138908488695333,0.13541672546600389
1,0.25,13,8,0.04592603455109491,0.1377781036532012
1,0.25,14,8,0.046463585266922687,0.13939075580068355
1,0.25,15,8,0.046736305877166574,0.14020891763141471
1,0.25,16,8,0.046736305877166574,0.14020891763141471
1,0.25,17,8,0.046463585266922687,0.13939075580068355
1,0.25,18,8,0.04592603455109491,0.1377781036532012
1,0.25,19,8,0.045138908488695333,0.13541672546600389
1,0.25,20,8,0.044123835780353289,0.13237150734097961
1,0.25,21,8,0.042907477740473675,0.12872243322134297
1,0.25,22,8,0.041519980118778527,0.12455994035626006
1,0.25,23,8,0.03999337002919616,0.11998011008751573
1,0.25,24,8,0.038360036022326238,0.11508010806690894
1,0.25,25,8,0.036651399368347645,0.10995419810497627
1,0.25,26,8,0.034896846301849367,0.10469053890548463
1,0.25,27,8,0.033122951924260131,0.099368855772720144
1,0.25,28,8,0.031352992580176146,0.094058977740471408
1,0.25,29,8,0.029606718292637682,0.088820154877859187
1,0.25,30,8,0.027900341318266728,0.083701023954749432
1,0.25,31,8,0.0262466902687436,0.07874007080618306
1,0.25,0,9,0.026997475675922644,0.080992427027718819
1,0.25,1,9,0.028732430721648092,0.086197292164892012
1,0.25,2,9,0.030526262034163969,0.091578786102436374
1,0.25,3,9,0.032365714149804548,0.097097142449354773
1,0.25,4,9,0.034233851172121806,0.10270155351630314
1,0.25,5,9,0.036109857391089017,0.10832957217320137
1,0.25,6,9,0.037969015365509999,0.11390704609646093
1,0.25,7,9,0.039782919901956711,0.11934875970579777
1,0.25,8,9,0.041519980118778527,0.12455994035626006
1,0.25,9,9,0.043146245309055364,0.1294387359270876
1,0.25,10,9,0.044626562416824528,0.1338796872503924
1,0.25,11,9,0.04592603455109491,0.1377781036532012
1,0.25,12,9,0.047011704881119748,0.14103511464327373
1,0.25,13,9,0.047854345279251344,0.143563035837667
1,0.25,14,9,0.048430193173423446,0.14529057952018223
1,0.25,15,9,0.048722462511276703,0.14616738753374148
1,0.25,16,9,0.048722462511276703,0.14616738753374148
1,0.25,17,9,0.048430193173423446,0.14529057952018223
1,0.25,18,9,0.047854345279251344,0.143563035837667
1,0.25,19,9,0.047011704881119748,0.14103511464327373
1,0.25,20,9,0.04592603455109491,0.1377781036532012
1,0.25,21,9,0.044626562416824528,0.1338796872503924
1,0.25,22,9,0.043146245309055364,0.1294387359270876
1,0.25,23,9,0.041519980118778527,0.12455994035626006
1,0.25,24,9,0.039782919901956711,0.11934875970579777
1,0.25,25,9,0.037969015365509999,0.11390704609646093
1,0.25,26,9,0.036109857391089017,0.10832957217320137
1,0.25,27,9,0.034233851172121806,0.10270155351630314
1,0.25,28,9,0.032365714149804548,0.097097142449354773
1,0.25,29,9,0.030526262034163969,0.091578786102436374
1,0.25,30,9,0.028732430721648092,0.086197292164892012
1,0.25,31,9,0.026997475675922644,0.080992427027718819
1,0.25,0,10,0.027669954644146021,0.083009863932387726
1,0.25,1,10,0.029479123607074224,0.088437370821169051
1,0.25,2,10,0.031352992580176146,0.094058977740471408
1,0.25,3,10,0.033277946516543234,0.099833839549569175
1,0.25,4,10,0.035236412295150989,0.10570923688538887
1,0.25,5,10,0.037206613889661712,0.11161984166891746
1,0.25,6,10,0.039162515599880168,0.11748754679956927
1,0.25,7,10,0.041074019524713137,0.12322205857406469
1,0.25,8,10,0.042907477740473675,0.12872243322134297
1,0.25,9,10,0.044626562416824528,0.1338796872503924
1,0.25,10,10,0.046193506723515021,0.13858052017046105
1,0.25,11,10,0.047570686615247104,0.14271205984565477
1,0.25,12,10,0.048722462511276703,0.14616738753374148
1,0.25,13,10,0.049617148163939244,0.14885144449172749
1,0.25,14,10,0.050228931988089184,0.1506867959641762
1,0.25,15,10,0.050539554702222718,0.15161866410657623
1,0.25,16,10,0.050539554702222718,0.15161866410657623
1,0.25,17,10,0.050228931988089184,0.1506867959641762
1,0.25,18,10,0.049617148163939244,0.14885144449172749
1,0.25,19,10,0.048722462511276703,0.14616738753374148
1,0.25,20,10,0.047570686615247104,0.14271205984565477
1,0.25,21,10,0.046193506723515021,0.13858052017046105
1,0.25,22,10,0.044626562416824528,0.1338796872503924
1,0.25,23,10,0.042907477740473675,0.12872243322134297
1,0.25,24,10,0.041074019524713137,0.12322205857406469
1,0.25,25,10,0.039162515599880168,0.11748754679956927
1,0.25,26,10,0.037206613889661712,0.11161984166891746
1,0.25,27,10,0.035236412295150989,0.10570923688538887
1,0.25,28,10,0.033277946516543234,0.099833839549569175
1,0.25,29,10,0.031352992580176146,0.094058977740471408
1,0.25,30,10,0.029479123607074224,0.088437370821169051
1,0.25,31,10,0.027669954644146021,0.083009863932387726
1,0.25,0,11,0.028251969003398481,0.084755907010144058
1,0.25,1,11,0.03012642253615971,0.090379267608424338
1,0.25,2,11,0.03207086103837227,0.096212583115058467
1,0.25,3,11,0.0340713774481846,0.10221413234449182
1,0.25,4,11,0.036109857391089017,0.10832957217320137
1,0.25,5,11,0.038163691053009929,0.11449107315896037
1,0.25,6,11,0.040205682177376099,0.12061704653205517
1,0.25,7,11,0.042204227615861477,0.12661268284750765
1,0.25,8,11,0.044123835780353289,0.13237150734097961
1,0.25,9,11,0.04592603455109491,0.1377781036532012
1,0.25,10,11,0.047570686615247104,0.14271205984565477
1,0.25,11,11,0.049017683395149524,0.14705305018535941
1,0.25,12,11,0.050228931988089184,0.1506867959641762
1,0.25,13,11,0.051170491330204675,0.15351147399052095
1,0.25,14,11,0.051814665799260598,0.15544399739768755
1,0.25,15,11,0.052141839186155406,0.15642551755837136
1,0.25,16,11,0.052141839186155406,0.15642551755837136
1,0.25,17,11,0.051814665799260598,0.15544399739768755
1,0.25,18,11,0.051170491330204675,0.15351147399052095
1,0.25,19,11,0.050228931988089184,0.1506867959641762
1,0.25,20,11,0.049017683395149524,0.14705305018535941
1,0.25,21,11,0.047570686615247104,0.14271205984565477
1,0.25,22,11,0.04592603455109491,0.1377781036532012
1,0.25,23,11,0.044123835780353289,0.13237150734097961
1,0.25,24,11,0.042204227615861477,0.12661268284750765
1,0.25,25,11,0.040205682177376099,0.12061704653205517
1,0.25,26,11,0.038163691053009929,0.11449107315896037
1,0.25,27,11,0.036109857391089017,0.10832957217320137
1,0.25,28,11,0.0340713774481846,0.10221413234449182
1,0.25,29,11,0.03207086103837227,0.096212583115058467
1,0.25,30,11,0.03012642253615971,0.090379267608424338
1,0.25,31,11,0.028251969003398481,0.084755907010144058
1,0.25,0,12,0.028732430721648092,0.086197292164892012
1,0.25,1,12,0.030661511185384249,0.091984533556096967
1,0.25,2,12,0.032665113151424625,0.097995339454214458
1,0.25,3,12,0.034729103051034257,0.1041873091530396
1,0.25,4,12,0.036834928047327221,0.11050478414191466
1,0.25,5,12,0.038959289269011342,0.11687786780696316
1,0.25,6,12,0.041074019524713137,0.12322205857406469
1,0.25,7,12,0.043146245309055364,0.1294387359270876
1,0.25,8,12,0.045138908488695333,0.13541672546600389
1,0.25,9,12,0.047011704881119748,0.14103511464327373
1,0.25,10,12,0.048722462511276703,0.14616738753374148
1,0.25,11,12,0.050228931988089184,0.1506867959641762
1,0.25,12,12,0.051490899671092195,0.15447269901318292
1,0.25,13,12,0.052472470244314368,0.15741741073284765
1,0.25,14,12,0.053144311862487068,0.15943293558736454
1,0.25,15,12,0.053485628153863402,0.16045688446149292
1,0.25,16,12,0.053485628153863402,0.16045688446149292
1,0.25,17,12,0.053144311862487068,0.15943293558736454
1,0.25,18,12,0.052472470244314368,0.15741741073284765
1,0.25,19,12,0.051490899671092195,0.15447269901318292
1,0.25,20,12,0.050228931988089184,0.1506867959641762
1,0.25,21,12,0.048722462511276703,0.14616738753374148
1,0.25,22,12,0.047011704881119748,0.14103511464327373
1,0.25,23,12,0.045138908488695333,0.13541672546600389
1,0.25,24,12,0.043146245309055364,0.1294387359270876
1,0.25,25,12,0.041074019524713137,0.12322205857406469
1,0.25,26,12,0.038959289269011342,0.11687786780696316
1,0.25,27,12,0.036834928047327221,0.11050478414191466
1,0.25,28,12,0.034729103051034257,0.1041873091530396
1,0.25,29,12,0.032665113151424625,0.097995339454214458
1,0.25,30,12,0.030661511185384249,0.091984533556096967
1,0.25,31,12,0.028732430721648092,0.086197292164892012
1,0.25,0,13,0.02910178625199937,0.087305358755945181
1,0.25,1,13,0.031073310522829509,0.093219931568432002
1,0.25,2,13,0.033122951924260131,0.099368855772720144
1,0.25,3,13,0.035236412295150989,0.10570923688538887
1,0.25,4,13,0.037394807480547944,0.11218442244157581
1,0.25,5,13,0.039574309013166241,0.11872292703942673
1,0.25,6,13,0.041745995830365541,0.12523798749102069
1,0.25,7,13,0.043876000993351517,0.13162800297997473
1,0.25,8,13,0.04592603455109491,0.1377781036532012
1,0.25,9,13,0.047854345279251344,0.143563035837667
1,0.25,10,13,0.049617148163939244,0.14885144449172749
1,0.25,11,13,0.051170491330204675,0.15351147399052095
1,0.25,12,13,0.052472470244314368,0.15741741073284765
1,0.25,13,13,0.053485628153863402,0.16045688446149292
1,0.25,14,13,0.054179323739873615,0.16253797121952229
1,0.25,15,13,0.054531815037132399,0.163595445111298
1,0.25,16,13,0.054531815037132399,0.163595445111298
1,0.25,17,13,0.054179323739873615,0.16253797121952229
1,0.25,18,13,0.053485628153863402,0.16045688446149292
1,0.25,19,13,0.052472470244314368,0.15741741073284765
1,0.25,20,13,0.051170491330204675,0.15351147399052095
1,0.25,21,13,0.049617148163939244,0.14885144449172749
1,0.25,22,13,0.047854345279251344,0.143563035837667
1,0.25,23,13,0.04592603455109491,0.1377781036532012
1,0.25,24,13,0.043876000993351517,0.13162800297997473
1,0.25,25,13,0.041745995830365541,0.12523798749102069
1,0.25,26,13,0.039574309013166241,0.11872292703942673
1,0.25,27,13,0.037394807480547944,0.11218442244157581
1,0.25,28,13,0.035236412295150989,0.10570923688538887
1,0.25,29,13,0.033122951924260131,0.099368855772720144
1,0.25,30,13,0.031073310522829509,0.093219931568432002
1,0.25,31,13,0.02910178625199937,0.087305358755945181
1,0.25,0,14,0.02935244277698636,0.088057328330905682
1,0.25,1,14,0.031352992580176146,0.094058977740471408
1,0.25,2,14,0.033434153686491636,0.10030246105941409
1,0.25,3,14,0.035581521183333381,0.10674456354993542
1,0.25,4,14,0.037775989158559904,0.113327967475611
1,0.25,5,14,0.03999337002919616,0.11998011008751573
1,0.25,6,14,0.042204227615861477,0.12661268284750765
1,0.25,7,14,0.044374012554395457,0.13312203766310565
1,0.25,8,14,0.046463585266922687,0.13939075580068355
1,0.25,9,14,0.048430193173423446,0.14529057952018223
1,0.25,10,14,0.050228931988089184,0.1506867959641762
1,0.25,11,14,0.051814665799260598,0.15544399739768755
1,0.25,12,14,0.053144311862487068,0.15943293558736454
1,0.25,13,14,0.054179323739873615,0.16253797121952229
1,0.25,14,14,0.054888145169027305,0.16466443550698207
1,0.25,15,14,0.055248372921586693,0.16574511876465958
1,0.25,16,14,0.055248372921586693,0.16574511876465958
1,0.25,17,14,0.054888145169027305,0.16466443550698207
1,0.25,18,14,0.054179323739873615,0.16253797121952229
1,0.25,19,14,0.053144311862487068,0.15943293558736454
1,0.25,20,14,0.051814665799260598,0.15544399739768755
1,0.25,21,14,0.050228931988089184,0.1506867959641762
1,0.25,22,14,0.048430193173423446,0.14529057952018223
1,0.25,23,14,0.046463585266922687,0.13939075580068355
1,0.25,24,14,0.044374012554395457,0.13312203766310565
1,0.25,25,14,0.042204227615861477,0.12661268284750765
1,0.25,26,14,0.03999337002919616,0.11998011008751573
1,0.25,27,14,0.037775989158559904,0.113327967475611
1,0.25,28,14,0.035581521183333381,0.10674456354993542
1,0.25,29,14,0.033434153686491636,0.10030246105941409
1,0.25,30,14,0.031352992580176146,0.094058977740471408
1,0.25,31,14,0.02935244277698636,0.088057328330905682
1,0.25,0,15,0.029479123607074224,0.088437370821169051
1,0.25,1,15,0.031494410890253038,0.094483232670701828
1,0.25,2,15,0.033591586756786251,0.10077476027029765
1,0.25,3,15,0.035756193911100437,0.10726858173323627
1,0.25,4,15,0.037969015365509999,0.11390704609646093
1,0.25,5,15,0.040205682177376099,0.12061704653205517
1,0.25,6,15,0.04243649678670449,0.12730949036003628
1,0.25,7,15,0.044626562416824528,0.1338796872503924
1,0.25,8,15,0.046736305877166574,0.14020891763141471
1,0.25,9,15,0.048722462511276703,0.14616738753374148
1,0.25,10,15,0.050539554702222718,0.15161866410657623
1,0.25,11,15,0.052141839186155406,0.15642551755837136
1,0.25,12,15,0.053485628153863402,0.16045688446149292
1,0.25,13,15,0.054531815037132399,0.163595445111298
1,0.25,14,15,0.055248372921586693,0.16574511876465958
1,0.25,15,15,0.055612558243350464,0.16683767472995023
1,0.25,16,15,0.055612558243350464,0.16683767472995023
1,0.25,17,15,0.055248372921586693,0.16574511876465958
1,0.25,18,15,0.054531815037132399,0.163595445111298
1,0.25,19,15,0.053485628153863402,0.16045688446149292
1,0.25,20,15,0.052141839186155406,0.15642551755837136
1,0.25,21,15,0.050539554702222718,0.15161866410657623
1,0.25,22,15,0.048722462511276703,0.14616738753374148
1,0.25,23,15,0.046736305877166574,0.14020891763141471
1,0.25,24,15,0.044626562416824528,0.1338796872503924
1,0.25,25,15,0.04243649678670449,0.12730949036003628
1,0.25,26,15,0.040205682177376099,0.12061704653205517
1,0.25,27,15,0.037969015365509999,0.11390704609646093
1,0.25,28,15,0.035756193911100437,0.10726858173323627
1,0.25,29,15,0.033591586756786251,0.10077476027029765
1,0.25,30,15,0.031494410890253038,0.094483232670701828
1,0.25,31,15,0.029479123607074224,0.088437370821169051
1,0.25,0,16,0.029479123607074224,0.088437370821169051
1,0.25,1,16,0.031494410890253038,0.094483232670701828
1,0.25,2,16,0.033591586756786251,0.10077476027029765
1,0.25,3,16,0.035756193911100437,0.10726858173323627
1,0.25,4,16,0.037969015365509999,0.11390704609646093
1,0.25,5,16,0.040205682177376099,0.12061704653205517
1,0.25,6,16,0.04243649678670449,0.12730949036003628
1,0.25,7,16,0.044626562416824528,0.1338796872503924
1,0.25,8,16,0.046736305877166574,0.14020891763141471
1,0.25,9,16,0.048722462511276703,0.14616738753374148
1,0.25,10,16,0.050539554702222718,0.15161866410657623
1,0.25,11,16,0.052141839186155406,0.15642551755837136
1,0.25,12,16,0.053485628153863402,0.16045688446149292
1,0.25,13,16,0.054531815037132399,0.163595445111298
1,0.25,14,16,0.055248372921586693,0.16574511876465958
1,0.25,15,16,0.055612558243350464,0.16683767472995023
1,0.25,16,16,0.055612558243350464,0.16683767472995023
1,0.25,17,16,0.055248372921586693,0.16574511876465958
1,0.25,18,16,0.054531815037132399,0.163595445111298
1,0.25,19,16,0.053485628153863402,0.16045688446149292
1,0.25,20,16,0.052141839186155406,0.15642551755837136
1,0.25,21,16,0.050539554702222718,0.15161866410657623
1,0.25,22,16,0.048722462511276703,0.14616738753374148
1,0.25,23,16,0.046736305877166574,0.14020891763141471
1,0.25,24,16,0.044626562416824528,0.1338796872503924
1,0.25,25,16,0.04243649678670449,0.12730949036003628
1,0.25,26,16,0.040205682177376099,0.12061704653205517
1,0.25,27,16,0.037969015365509999,0.11390704609646093
1,0.25,28,16,0.035756193911100437,0.10726858173323627
1,0.25,29,16,0.033591586756786251,0.10077476027029765
1,0.25,30,16,0.031494410890253038,0.094483232670701828
1,0.25,31,16,0.029479123607074224,0.088437370821169051
1,0.25,0,17,0.02935244277698636,0.088057328330905682
1,0.25,1,17,0.031352992580176146,0.094058977740471408
1,0.25,2,17,0.033434153686491636,0.10030246105941409
1,0.25,3,17,0.035581521183333381,0.10674456354993542
1,0.25,4,17,0.037775989158559904,0.113327967475611
1,0.25,5,17,0.03999337002919616,0.11998011008751573
1,0.25,6,17,0.042204227615861477,0.12661268284750765
1,0.25,7,17,0.044374012554395457,0.13312203766310565
1,0.25,8,17,0.046463585266922687,0.13939075580068355
1,0.25,9,17,0.048430193173423446,0.14529057952018223
1,0.25,10,17,0.050228931988089184,0.1506867959641762
1,0.25,11,17,0.051814665799260598,0.15544399739768755
1,0.25,12,17,0.053144311862487068,0.15943293558736454
1,0.25,13,17,0.054179323739873615,0.16253797121952229
1,0.25,14,17,0.054888145169027305,0.16466443550698207
1,0.25,15,17,0.055248372921586693,0.16574511876465958
1,0.25,16,17,0.055248372921586693,0.16574511876465958
1,0.25,17,17,0.054888145169027305,0.16466443550698207
1,0.25,18,17,0.054179323739873615,0.16253797121952229
1,0.25,19,17,0.053144311862487068,0.15943293558736454
1,0.25,20,17,0.051814665799260598,0.15544399739768755
1,0.25,21,17,0.050228931988089184,0.1506867959641762
1,0.25,22,17,0.048430193173423446,0.14529057952018223
1,0.25,23,17,0.046463585266922687,0.13939075580068355
1,0.25,24,17,0.044374012554395457,0.13312203766310565
1,0.25,25,17,0.042204227615861477,0.12661268284750765
1,0.25,26,17,0.03999337002919616,0.11998011008751573
1,0.25,27,17,0.037775989158559904,0.113327967475611
1,0.25,28,17,0.035581521183333381,0.10674456354993542
1,0.25,29,17,0.033434153686491636,0.10030246105941409
1,0.25,30,17,0.031352992580176146,0.094058977740471408
1,0.25,31,17,0.02935244277698636,0.088057328330905682
1,0.25,0,18,0.02910178625199937,0.087305358755945181
1,0.25,1,18,0.031073310522829509,0.093219931568432002
1,0.25,2,18,0.033122951924260131,0.099368855772720144
1,0.25,3,18,0.035236412295150989,0.10570923688538887
1,0.25,4,18,0.037394807480547944,0.11218442244157581
1,0.25,5,18,0.039574309013166241,0.11872292703942673
1,0.25,6,18,0.041745995830365541,0.12523798749102069
1,0.25,7,18,0.043876000993351517,0.13162800297997473
1,0.25,8,18,0.04592603455109491,0.1377781036532012
1,0.25,9,18,0.047854345279251344,0.143563035837667
1,0.25,10,18,0.049617148163939244,0.14885144449172749
1,0.25,11,18,0.051170491330204675,0.15351147399052095
1,0.25,12,18,0.052472470244314368,0.15741741073284765
1,0.25,13,18,0.053485628153863402,0.16045688446149292
1,0.25,14,18,0.054179323739873615,0.16253797121952229
1,0.25,15,18,0.054531815037132399,0.163595445111298
1,0.25,16,18,0.054531815037132399,0.163595445111298
1,0.25,17,18,0.054179323739873615,0.16253797121952229
1,0.25,18,18,0.053485628153863402,0.16045688446149292
1,0.25,19,18,0.052472470244314368,0.15741741073284765
1,0.25,20,18,0.051170491330204675,0.15351147399052095
1,0.25,21,18,0.049617148163939244,0.14885144449172749
1,0.25,22,18,0.047854345279251344,0.143563035837667
1,0.25,23,18,0.04592603455109491,0.1377781036532012
1,0.25,24,18,0.043876000993351517,0.13162800297997473
1,0.25,25,18,0.041745995830365541,0.12523798749102069
1,0.25,26,18,0.039574309013166241,0.11872292703942673
1,0.25,27,18,0.037394807480547944,0.11218442244157581
1,0.25,28,18,0.035236412295150989,0.10570923688538887
1,0.25,29,18,0.033122951924260131,0.099368855772720144
1,0.25,30,18,0.031073310522829509,0.093219931568432002
1,0.25,31,18,0.02910178625199937,0.087305358755945181
1,0.25,0,19,0.028732430721648092,0.086197292164892012
1,0.25,1,19,0.030661511185384249,0.091984533556096967
1,0.25,2,19,0.032665113151424625,0.097995339454214458
1,0.25,3,19,0.034729103051034257,0.1041873091530396
1,0.25,4,19,0.036834928047327221,0.11050478414191466
1,0.25,5,19,0.038959289269011342,0.11687786780696316
1,0.25,6,19,0.041074019524713137,0.12322205857406469
1,0.25,7,19,0.043146245309055364,0.1294387359270876
1,0.25,8,19,0.045138908488695333,0.13541672546600389
1,0.25,9,19,0.047011704881119748,0.14103511464327373
1,0.25,10,19,0.048722462511276703,0.14616738753374148
1,0.25,11,19,0.050228931988089184,0.1506867959641762
1,0.25,12,19,0.051490899671092195,0.15447269901318292
1,0.25,13,19,0.052472470244314368,0.15741741073284765
1,0.25,14,19,0.053144311862487068,0.15943293558736454
1,0.25,15,19,0.053485628153863402,0.16045688446149292
1,0.25,16,19,0.053485628153863402,0.16045688446149292
1,0.25,17,19,0.053144311862487068,0.15943293558736454
1,0.25,18,19,0.052472470244314368,0.15741741073284765
1,0.25,19,19,0.051490899671092195,0.15447269901318292
1,0.25,20,19,0.050228931988089184,0.1506867959641762
1,0.25,21,19,0.048722462511276703,0.14616738753374148
1,0.25,22,19,0.047011704881119748,0.14103511464327373
1,0.25,23,19,0.045138908488695333,0.13541672546600389
1,0.25,24,19,0.043146245309055364,0.1294387359270876
1,0.25,25,19,0.041074019524713137,0.12322205857406469
1,0.25,26,19,0.038959289269011342,0.11687786780696316
1,0.25,27,19,0.036834928047327221,0.11050478414191466
1,0.25,28,19,0.034729103051034257,0.1041873091530396
1,0.25,29,19,0.032665113151424625,0.097995339454214458
1,0.25,30,19,0.030661511185384249,0.091984533556096967
1,0.25,31,19,0.028732430721648092,0.086197292164892012
1,0.25,0,20,0.028251969003398481,0.084755907010144058
1,0.25,1,20,0.03012642253615971,0.090379267608424338
1,0.25,2,20,0.03207086103837227,0.096212583115058467
1,0.25,3,20,0.0340713774481846,0.10221413234449182
1,0.25,4,20,0.036109857391089017,0.10832957217320137
1,0.25,5,20,0.038163691053009929,0.11449107315896037
1,0.25,6,20,0.040205682177376099,0.12061704653205517
1,0.25,7,20,0.042204227615861477,0.12661268284750765
1,0.25,8,20,0.044123835780353289,0.13237150734097961
1,0.25,9,20,0.04592603455109491,0.1377781036532012
1,0.25,10,20,0.047570686615247104,0.14271205984565477
1,0.25,11,20,0.049017683395149524,0.14705305018535941
1,0.25,12,20,0.050228931988089184,0.1506867959641762
1,0.25,13,20,0.051170491330204675,0.15351147399052095
1,0.25,14,20,0.051814665799260598,0.15544399739768755
1,0.25,15,20,0.052141839186155406,0.15642551755837136
1,0.25,16,20,0.052141839186155406,0.15642551755837136
1,0.25,17,20,0.051814665799260598,0.15544399739768755
1,0.25,18,20,0.051170491330204675,0.15351147399052095
1,0.25,19,20,0.050228931988089184,0.1506867959641762
1,0.25,20,20,0.049017683395149524,0.14705305018535941
1,0.25,21,20,0.047570686615247104,0.14271205984565477
1,0.25,22,20,0.04592603455109491,0.1377781036532012
1,0.25,23,20,0.044123835780353289,0.13237150734097961
1,0.25,24,20,0.042204227615861477,0.12661268284750765
1,0.25,25,20,0.040205682177376099,0.12061704653205517
1,0.25,26,20,0.038163691053009929,0.11449107315896037
1,0.25,27,20,0.036109857391089017,0.10832957217320137
1,0.25,28,20,0.0340713774481846,0.10221413234449182
1,0.25,29,20,0.03207086103837227,0.096212583115058467
1,0.25,30,20,0.03012642253615971,0.090379267608424338
1,0.25,31,20,0.028251969003398481,0.084755907010144058
1,0.25,0,21,0.027669954644146021,0.083009863932387726
1,0.25,1,21,0.029479123607074224,0.088437370821169051
1,0.25,2,21,0.031352992580176146,0.094058977740471408
1,0.25,3,21,0.033277946516543234,0.099833839549569175
1,0.25,4,21,0.035236412295150989,0.10570923688538887
1,0.25,5,21,0.037206613889661712,0.11161984166891746
1,0.25,6,21,0.039162515599880168,0.11748754679956927
1,0.25,7,21,0.041074019524713137,0.12322205857406469
1,0.25,8,21,0.042907477740473675,0.12872243322134297
1,0.25,9,21,0.044626562416824528,0.1338796872503924
1,0.25,10,21,0.046193506723515021,0.13858052017046105
1,0.25,11,21,0.047570686615247104,0.14271205984565477
1,0.25,12,21,0.048722462511276703,0.14616738753374148
1,0.25,13,21,0.049617148163939244,0.14885144449172749
1,0.25,14,21,0.050228931988089184,0.1506867959641762
1,0.25,15,21,0.050539554702222718,0.15161866410657623
1,0.25,16,21,0.050539554702222718,0.15161866410657623
1,0.25,17,21,0.050228931988089184,0.1506867959641762
1,0.25,18,21,0.049617148163939244,0.14885144449172749
1,0.25,19,21,0.048722462511276703,0.14616738753374148
1,0.25,20,21,0.047570686615247104,0.14271205984565477
1,0.25,21,21,0.046193506723515021,0.13858052017046105
1,0.25,22,21,0.044626562416824528,0.1338796872503924
1,0.25,23,21,0.042907477740473675,0.12872243322134297
1,0.25,24,21,0.041074019524713137,0.12322205857406469
1,0.25,25,21,0.039162515599880168,0.11748754679956927
1,0.25,26,21,0.037206613889661712,0.11161984166891746
1,0.25,27,21,0.035236412295150989,0.10570923688538887
1,0.25,28,21,0.033277946516543234,0.099833839549569175
1,0.25,29,21,0.031352992580176146,0.094058977740471408
1,0.25,30,21,0.029479123607074224,0.088437370821169051
1,0.25,31,21,0.027669954644146021,0.083009863932387726
1,0.25,0,22,0.026997475675922644,0.080992427027718819
1,0.25,1,22,0.028732430721648092,0.086197292164892012
1,0.25,2,22,0.030526262034163969,0.091578786102436374
1,0.25,3,22,0.032365714149804548,0.097097142449354773
1,0.25,4,22,0.034233851172121806,0.10270155351630314
1,0.25,5,22,0.036109857391089017,0.10832957217320137
1,0.25,6,22,0.037969015365509999,0.11390704609646093
1,0.25,7,22,0.039782919901956711,0.11934875970579777
1,0.25,8,22,0.041519980118778527,0.12455994035626006
1,0.25,9,22,0.043146245309055364,0.1294387359270876
1,0.25,10,22,0.044626562416824528,0.1338796872503924
1,0.25,11,22,0.04592603455109491,0.1377781036532012
1,0.25,12,22,0.047011704881119748,0.14103511464327373
1,0.25,13,22,0.047854345279251344,0.143563035837667
1,0.25,14,22,0.048430193173423446,0.14529057952018223
1,0.25,15,22,0.048722462511276703,0.14616738753374148
1,0.25,16,22,0.048722462511276703,0.14616738753374148
1,0.25,17,22,0.048430193173423446,0.14529057952018223
1,0.25,18,22,0.047854345279251344,0.143563035837667
1,0.25,19,22,0.047011704881119748,0.14103511464327373
1,0.25,20,22,0.04592603455109491,0.1377781036532012
1,0.25,21,22,0.044626562416824528,0.1338796872503924
1,0.25,22,22,0.043146245309055364,0.1294387359270876
1,0.25,23,22,0.041519980118778527,0.12455994035626006
1,0.25,24,22,0.039782919901956711,0.11934875970579777
1,0.25,25,22,0.037969015365509999,0.11390704609646093
1,0.25,26,22,0.036109857391089017,0.10832957217320137
1,0.25,27,22,0.034233851172121806,0.10270155351630314
1,0.25,28,22,0.032365714149804548,0.097097142449354773
1,0.25,29,22,0.030526262034163969,0.091578786102436374
1,0.25,30,22,0.028732430721648092,0.086197292164892012
1,0.25,31,22,0.026997475675922644,0.080992427027718819
1,0.25,0,23,0.0262466902687436,0.07874007080618306
1,0.25,1,23,0.027900341318266728,0.083701023954749432
1,0.25,2,23,0.029606718292637682,0.088820154877859187
1,0.25,3,23,0.031352992580176146,0.094058977740471408
1,0.25,4,23,0.033122951924260131,0.099368855772720144
1,0.25,5,23,0.034896846301849367,0.10469053890548463
1,0.25,6,23,0.036651399368347645,0.10995419810497627
1,0.25,7,23,0.038360036022326238,0.11508010806690894
1,0.25,8,23,0.03999337002919616,0.11998011008751573
1,0.25,9,23,0.041519980118778527,0.12455994035626006
1,0.25,10,23,0.042907477740473675,0.12872243322134297
1,0.25,11,23,0.044123835780353289,0.13237150734097961
1,0.25,12,23,0.045138908488695333,0.13541672546600389
1,0.25,13,23,0.04592603455109491,0.1377781036532012
1,0.25,14,23,0.046463585266922687,0.13939075580068355
1,0.25,15,23,0.046736305877166574,0.14020891763141471
1,0.25,16,23,0.046736305877166574,0.14020891763141471
1,0.25,17,23,0.046463585266922687,0.13939075580068355
1,0.25,18,23,0.04592603455109491,0.1377781036532012
1,0.25,19,23,0.045138908488695333,0.13541672546600389
1,0.25,20,23,0.044123835780353289,0.13237150734097961
1,0.25,21,23,0.042907477740473675,0.12872243322134297
1,0.25,22,23,0.041519980118778527,0.12455994035626006
1,0.25,23,23,0.03999337002919616,0.11998011008751573
1,0.25,24,23,0.038360036022326238,0.11508010806690894
1,0.25,25,23,0.036651399368347645,0.10995419810497627
1,0.25,26,23,0.034896846301849367,0.10469053890548463
1,0.25,27,23,0.033122951924260131,0.099368855772720144
1,0.25,28,23,0.031352992580176146,0.094058977740471408
1,0.25,29,23,0.029606718292637682,0.088820154877859187
1,0.25,30,23,0.027900341318266728,0.083701023954749432
1,0.25,31,23,0.0262466902687436,0.07874007080618306
1,0.25,0,24,0.025430356886463456,0.07629107065934411
1,0.25,1,24,0.026997475675922644,0.080992427027718819
1,0.25,2,24,0.028611045181496798,0.085833135544438346
1,0.25,3,24,0.030258727787260215,0.090776183361725604
1,0.25,4,24,0.031925109074367339,0.095775327223043952
1,0.25,5,24,0.033591586756786251,0.10077476027029765
1,0.25,6,24,0.035236412295150989,0.10570923688538887
1,0.25,7,24,0.036834928047327221,0.11050478414191466
1,0.25,8,24,0.038360036022326238,0.11508010806690894
1,0.25,9,24,0.039782919901956711,0.11934875970579777
1,0.25,10,24,0.041074019524713137,0.12322205857406469
1,0.25,11,24,0.042204227615861477,0.12661268284750765
1,0.25,12,24,0.043146245309055364,0.1294387359270876
1,0.25,13,24,0.043876000993351517,0.13162800297997473
1,0.25,14,24,0.044374012554395457,0.13312203766310565
1,0.25,15,24,0.044626562416824528,0.1338796872503924
1,0.25,16,24,0.044626562416824528,0.1338796872503924
1,0.25,17,24,0.044374012554395457,0.13312203766310565
1,0.25,18,24,0.043876000993351517,0.13162800297997473
1,0.25,19,24,0.043146245309055364,0.1294387359270876
1,0.25,20,24,0.042204227615861477,0.12661268284750765
1,0.25,21,24,0.041074019524713137,0.12322205857406469
1,0.25,22,24,0.039782919901956711,0.11934875970579777
1,0.25,23,24,0.038360036022326238,0.11508010806690894
1,0.25,24,24,0.036834928047327221,0.11050478414191466
1,0.25,25,24,0.035236412295150989,0.10570923688538887
1,0.25,26,24,0.033591586756786251,0.10077476027029765
1,0.25,27,24,0.031925109074367339,0.095775327223043952
1,0.25,28,24,0.030258727787260215,0.090776183361725604
1,0.25,29,24,0.028611045181496798,0.085833135544438346
1,0.25,30,24,0.026997475675922644,0.080992427027718819
1,0.25,31,24,0.025430356886463456,0.07629107065934411
1,0.25,0,25,0.024561388127506849,0.073684164382475867
1,0.25,1,25,0.026038552060109854,0.078115656180282197
1,0.25,2,25,0.027555947595922663,0.082667842787717868
1,0.25,3,25,0.02910178625199937,0.087305358755945181
1,0.25,4,25,0.030661511185384249,0.091984533556096967
1,0.25,5,25,0.032217725422577205,0.096653176267673016
1,0.25,6,25,0.033750259238900009,0.10125077771663864
1,0.25,7,25,0.035236412295150989,0.10570923688538887
1,0.25,8,25,0.036651399368347645,0.10995419810497627
1,0.25,9,25,0.037969015365509999,0.11390704609646093
1,0.25,10,25,0.039162515599880168,0.11748754679956927
1,0.25,11,25,0.040205682177376099,0.12061704653205517
1,0.25,12,25,0.041074019524713137,0.12322205857406469
1,0.25,13,25,0.041745995830365541,0.12523798749102069
1,0.25,14,25,0.042204227615861477,0.12661268284750765
1,0.25,15,25,0.04243649678670449,0.12730949036003628
1,0.25,16,25,0.04243649678670449,0.12730949036003628
1,0.25,17,25,0.042204227615861477,0.12661268284750765
1,0.25,18,25,0.041745995830365541,0.12523798749102069
1,0.25,19,25,0.041074019524713137,0.12322205857406469
1,0.25,20,25,0.040205682177376099,0.12061704653205517
1,0.25,21,25,0.039162515599880168,0.11748754679956927
1,0.25,22,25,0.037969015365509999,0.11390704609646093
1,0.25,23,25,0.036651399368347645,0.10995419810497627
1,0.25,24,25,0.035236412295150989,0.10570923688538887
1,0.25,25,25,0.033750259238900009,0.10125077771663864
1,0.25,26,25,0.032217725422577205,0.096653176267673016
1,0.25,27,25,0.030661511185384249,0.091984533556096967
1,0.25,28,25,0.02910178625199937,0.087305358755945181
1,0.25,29,25,0.027555947595922663,0.082667842787717868
1,0.25,30,25,0.026038552060109854,0.078115656180282197
1,0.25,31,25,0.024561388127506849,0.073684164382475867
1,0.25,0,26,0.023652451608802347,0.070957354826364019
1,0.25,1,26,0.025037923075184855,0.075113769225509025
1,0.25,2,26,0.026457616238503359,0.079372848715461949
1,0.25,3,26,0.027900341318266728,0.083701023954749432
1,0.25,4,26,0.02935244277698636,0.088057328330905682
1,0.25,5,26,0.03079776201600613,0.092393286047962375
1,0.25,6,26,0.032217725422577205,0.096653176267673016
1,0.25,7,26,0.033591586756786251,0.10077476027029765
1,0.25,8,26,0.034896846301849367,0.10469053890548463
1,0.25,9,26,0.036109857391089017,0.10832957217320137
1,0.25,10,26,0.037206613889661712,0.11161984166891746
1,0.25,11,26,0.038163691053009929,0.11449107315896037
1,0.25,12,26,0.038959289269011342,0.11687786780696316
1,0.25,13,26,0.039574309013166241,0.11872292703942673
1,0.25,14,26,0.03999337002919616,0.11998011008751573
1,0.25,15,26,0.040205682177376099,0.12061704653205517
1,0.25,16,26,0.040205682177376099,0.12061704653205517
1,0.25,17,26,0.03999337002919616,0.11998011008751573
1,0.25,18,26,0.039574309013166241,0.11872292703942673
1,0.25,19,26,0.038959289269011342,0.11687786780696316
1,0.25,20,26,0.038163691053009929,0.11449107315896037
1,0.25,21,26,0.037206613889661712,0.11161984166891746
1,0.25,22,26,0.036109857391089017,0.10832957217320137
1,0.25,23,26,0.034896846301849367,0.10469053890548463
1,0.25,24,26,0.033591586756786251,0.10077476027029765
1,0.25,25,26,0.032217725422577205,0.096653176267673016
1,0.25,26,26,0.03079776201600613,0.092393286047962375
1,0.25,27,26,0.02935244277698636,0.088057328330905682
1,0.25,28,26,0.027900341318266728,0.083701023954749432
1,0.25,29,26,0.026457616238503359,0.079372848715461949
1,0.25,30,26,0.025037923075184855,0.075113769225509025
1,0.25,31,26,0.023652451608802347,0.070957354826364019
1,0.25,0,27,0.022715634114255531,0.068146902342725274
1,0.25,1,27,0.024009191790623979,0.072027575371828259
1,0.25,2,27,0.025331291938749792,0.075993875816203302
1,0.25,3,27,0.026671382525087339,0.080014147575213496
1,0.25,4,27,0.028016736344515653,0.084050209033495998
1,0.25,5,27,0.02935244277698636,0.088057328330905682
1,0.25,6,27,0.030661511185384249,0.091984533556096967
1,0.25,7,27,0.031925109074367339,0.095775327223043952
1,0.25,8,27,0.033122951924260131,0.099368855772720144
1,0.25,9,27,0.034233851172121806,0.10270155351630314
1,0.25,10,27,0.035236412295150989,0.10570923688538887
1,0.25,11,27,0.036109857391089017,0.10832957217320137
1,0.25,12,27,0.036834928047327221,0.11050478414191466
1,0.25,13,27,0.037394807480547944,0.11218442244157581
1,0.25,14,27,0.037775989158559904,0.113327967475611
1,0.25,15,27,0.037969015365509999,0.11390704609646093
1,0.25,16,27,0.037969015365509999,0.11390704609646093
1,0.25,17,27,0.037775989158559904,0.113327967475611
1,0.25,18,27,0.037394807480547944,0.11218442244157581
1,0.25,19,27,0.036834928047327221,0.11050478414191466
1,0.25,20,27,0.036109857391089017,0.10832957217320137
1,0.25,21,27,0.035236412295150989,0.10570923688538887
1,0.25,22,27,0.034233851172121806,0.10270155351630314
1,0.25,23,27,0.033122951924260131,0.099368855772720144
1,0.25,24,27,0.031925109074367339,0.095775327223043952
1,0.25,25,27,0.030661511185384249,0.091984533556096967
1,0.25,26,27,0.02935244277698636,0.088057328330905682
1,0.25,27,27,0.028016736344515653,0.084050209033495998
1,0.25,28,27,0.026671382525087339,0.080014147575213496
1,0.25,29,27,0.025331291938749792,0.075993875816203302
1,0.25,30,27,0.024009191790623979,0.072027575371828259
1,0.25,31,27,0.022715634114255531,0.068146902342725274
1,0.25,0,28,0.021762177844470956,0.065286533533373284
1,0.25,1,28,0.022964916889014766,0.068894750667002527
1,0.25,2,28,0.024190938889542404,0.072572816668583201
1,0.25,3,28,0.025430356886463456,0.07629107065934411
1,0.25,4,28,0.026671382525087339,0.080014147575213496
1,0.25,5,28,0.027900341318266728,0.083701023954749432
1,0.25,6,28,0.02910178625199937,0.087305358755945181
1,0.25,7,28,0.030258727787260215,0.090776183361725604
1,0.25,8,28,0.031352992580176146,0.094058977740471408
1,0.25,9,28,0.032365714149804548,0.097097142449354773
1,0.25,10,28,0.033277946516543234,0.099833839549569175
1,0.25,11,28,0.0340713774481846,0.10221413234449182
1,0.25,12,28,0.034729103051034257,0.1041873091530396
1,0.25,13,28,0.035236412295150989,0.10570923688538887
1,0.25,14,28,0.035581521183333381,0.10674456354993542
1,0.25,15,28,0.035756193911100437,0.10726858173323627
1,0.25,16,28,0.035756193911100437,0.10726858173323627
1,0.25,17,28,0.035581521183333381,0.10674456354993542
1,0.25,18,28,0.035236412295150989,0.10570923688538887
1,0.25,19,28,0.034729103051034257,0.1041873091530396
1,0.25,20,28,0.0340713774481846,0.10221413234449182
1,0.25,21,28,0.033277946516543234,0.099833839549569175
1,0.25,22,28,0.032365714149804548,0.097097142449354773
1,0.25,23,28,0.031352992580176146,0.094058977740471408
1,0.25,24,28,0.030258727787260215,0.090776183361725604
1,0.25,25,28,0.02910178625199937,0.087305358755945181
1,0.25,26,28,0.027900341318266728,0.083701023954749432
1,0.25,27,28,0.026671382525087339,0.080014147575213496
1,0.25,28,28,0.025430356886463456,0.07629107065934411
1,0.25,29,28,0.024190938889542404,0.072572816668583201
1,0.25,30,28,0.022964916889014766,0.068894750667002527
1,0.25,31,28,0.021762177844470956,0.065286533533373284
1,0.25,0,29,0.020802290849532671,0.062406872548560172
1,0.25,1,29,0.021916407765154647,0.06574922329542407
1,0.25,2,29,0.023049026000740817,0.06914707800218052
1,0.25,3,29,0.024190938889542404,0.072572816668583201
1,0.25,4,29,0.025331291938749792,0.075993875816203302
1,0.25,5,29,0.026457616238503359,0.079372848715461949
1,0.25,6,29,0.027555947595922663,0.082667842787717868
1,0.25,7,29,0.028611045181496798,0.085833135544438346
1,0.25,8,29,0.029606718292637682,0.088820154877859187
1,0.25,9,29,0.030526262034163969,0.091578786102436374
1,0.25,10,29,0.031352992580176146,0.094058977740471408
1,0.25,11,29,0.03207086103837227,0.096212583115058467
1,0.25,12,29,0.032665113151424625,0.097995339454214458
1,0.25,13,29,0.033122951924260131,0.099368855772720144
1,0.25,14,29,0.033434153686491636,0.10030246105941409
1,0.25,15,29,0.033591586756786251,0.10077476027029765
1,0.25,16,29,0.033591586756786251,0.10077476027029765
1,0.25,17,29,0.033434153686491636,0.10030246105941409
1,0.25,18,29,0.033122951924260131,0.099368855772720144
1,0.25,19,29,0.032665113151424625,0.097995339454214458
1,0.25,20,29,0.03207086103837227,0.096212583115058467
1,0.25,21,29,0.031352992580176146,0.094058977740471408
1,0.25,22,29,0.030526262034163969,0.091578786102436374
1,0.25,23,29,0.029606718292637682,0.088820154877859187
1,0.25,24,29,0.028611045181496798,0.085833135544438346
1,0.25,25,29,0.027555947595922663,0.082667842787717868
1,0.25,26,29,0.026457616238503359,0.079372848715461949
1,0.25,27,29,0.025331291938749792,0.075993875816203302
1,0.25,28,29,0.024190938889542404,0.072572816668583201
1,0.25,29,29,0.023049026000740817,0.06914707800218052
1,0.25,30,29,0.021916407765154647,0.06574922329542407
1,0.25,31,29,0.020802290849532671,0.062406872548560172
1,0.25,0,30,0.019845028196760178,0.059535084590244439
1,0.25,1,30,0.020873603895224864,0.062620811685636629
1,0.25,2,30,0.021916407765154647,0.06574922329542407
1,0.25,3,30,0.022964916889014766,0.068894750667002527
1,0.25,4,30,0.024009191790623979,0.072027575371828259
1,0.25,5,30,0.025037923075184855,0.075113769225509025
1,0.25,6,30,0.026038552060109854,0.078115656180282197
1,0.25,7,30,0.026997475675922644,0.080992427027718819
1,0.25,8,30,0.027900341318266728,0.083701023954749432
1,0.25,9,30,0.028732430721648092,0.086197292164892012
1,0.25,10,30,0.029479123607074224,0.088437370821169051
1,0.25,11,30,0.03012642253615971,0.090379267608424338
1,0.25,12,30,0.030661511185384249,0.091984533556096967
1,0.25,13,30,0.031073310522829509,0.093219931568432002
1,0.25,14,30,0.031352992580176146,0.094058977740471408
1,0.25,15,30,0.031494410890253038,0.094483232670701828
1,0.25,16,30,0.031494410890253038,0.094483232670701828
1,0.25,17,30,0.031352992580176146,0.094058977740471408
1,0.25,18,30,0.031073310522829509,0.093219931568432002
1,0.25,19,30,0.030661511185384249,0.091984533556096967
1,0.25,20,30,0.03012642253615971,0.090379267608424338
1,0.25,21,30,0.029479123607074224,0.088437370821169051
1,0.25,22,30,0.028732430721648092,0.086197292164892012
1,0.25,23,30,0.027900341318266728,0.083701023954749432
1,0.25,24,30,0.026997475675922644,0.080992427027718819
1,0.25,25,30,0.026038552060109854,0.078115656180282197
1,0.25,26,30,0.025037923075184855,0.075113769225509025
1,0.25,27,30,0.024009191790623979,0.072027575371828259
1,0.25,28,30,0.022964916889014766,0.068894750667002527
1,0.25,29,30,0.021916407765154647,0.06574922329542407
1,0.25,30,30,0.020873603895224864,0.062620811685636629
1,0.25,31,30,0.019845028196760178,0.059535084590244439
1,0.25,0,31,0.018898236414486118,0.056694709243423978
1,0.25,1,31,0.019845028196760178,0.059535084590244439
1,0.25,2,31,0.020802290849532671,0.062406872548560172
1,0.25,3,31,0.021762177844470956,0.065286533533373284
1,0.25,4,31,0.022715634114255531,0.068146902342725274
1,0.25,5,31,0.023652451608802347,0.070957354826364019
1,0.25,6,31,0.024561388127506849,0.073684164382475867
1,0.25,7,31,0.025430356886463456,0.07629107065934411
1,0.25,8,31,0.0262466902687436,0.07874007080618306
1,0.25,9,31,0.026997475675922644,0.080992427027718819
1,0.25,10,31,0.027669954644146021,0.083009863932387726
1,0.25,11,31,0.028251969003398481,0.084755907010144058
1,0.25,12,31,0.028732430721648092,0.086197292164892012
1,0.25,13,31,0.02910178625199937,0.087305358755945181
1,0.25,14,31,0.02935244277698636,0.088057328330905682
1,0.25,15,31,0.029479123607074224,0.088437370821169051
1,0.25,16,31,0.029479123607074224,0.088437370821169051
1,0.25,17,31,0.02935244277698636,0.088057328330905682
1,0.25,18,31,0.02910178625199937,0.087305358755945181
1,0.25,19,31,0.028732430721648092,0.086197292164892012
1,0.25,20,31,0.028251969003398481,0.084755907010144058
1,0.25,21,31,0.027669954644146021,0.083009863932387726
1,0.25,22,31,0.026997475675922644,0.080992427027718819
1,0.25,23,31,0.0262466902687436,0.07874007080618306
1,0.25,24,31,0.025430356886463456,0.07629107065934411
1,0.25,25,31,0.024561388127506849,0.073684164382475867
1,0.25,26,31,0.023652451608802347,0.070957354826364019
1,0.25,27,31,0.022715634114255531,0.068146902342725274
1,0.25,28,31,0.021762177844470956,0.065286533533373284
1,0.25,29,31,0.020802290849532671,0.062406872548560172
1,0.25,30,31,0.019845028196760178,0.059535084590244439
1,0.25,31,31,0.018898236414486118,0.056694709243423978
1,0.90000000000000002,0,0,0.018898236414486118,0.056689685230475732
1,0.90000000000000002,1,0,0.019845028196760178,0.059529808876869275
1,0.90000000000000002,2,0,0.020802290849532671,0.062401342351123282
1,0.90000000000000002,3,0,0.021762177844470956,0.065280748154204843
1,0.90000000000000002,4,0,0.022715634114255531,0.06814086349140526
1,0.90000000000000002,5,0,0.023652451608802347,0.070951066926237566
1,0.90000000000000002,6,0,0.024561388127506849,0.073677634845577655
1,0.90000000000000002,7,0,0.025430356886463456,0.076284310110927109
1,0.90000000000000002,8,0,0.0262466902687436,0.078733093239130414
1,0.90000000000000002,9,0,0.026997475675922644,0.080985249867671139
1,0.90000000000000002,10,0,0.027669954644146021,0.083002507996767047
1,0.90000000000000002,11,0,0.028251969003398481,0.084748396348568372
1,0.90000000000000002,12,0,0.028732430721648092,0.086189653774683836
1,0.90000000000000002,13,0,0.02910178625199937,0.087297622174195399
1,0.90000000000000002,14,0,0.02935244277698636,0.08804952511322231
1,0.90000000000000002,15,0,0.029479123607074224,0.088429533925944728
1,0.90000000000000002,16,0,0.029479123607074224,0.088429533925944728
1,0.90000000000000002,17,0,0.02935244277698636,0.08804952511322231
1,0.90000000000000002,18,0,0.02910178625199937,0.087297622174195399
1,0.90000000000000002,19,0,0.028732430721648092,0.086189653774683836
1,0.90000000000000002,20,0,0.028251969003398481,0.084748396348568372
1,0.90000000000000002,21,0,0.027669954644146021,0.083002507996767047
1,0.90000000000000002,22,0,0.026997475675922644,0.080985249867671139
1,0.90000000000000002,23,0,0.0262466902687436,0.078733093239130414
1,0.90000000000000002,24,0,0.025430356886463456,0.076284310110927109
1,0.90000000000000002,25,0,0.024561388127506849,0.073677634845577655
1,0.90000000000000002,26,0,0.023652451608802347,0.070951066926237566
1,0.90000000000000002,27,0,0.022715634114255531,0.06814086349140526
1,0.90000000000000002,28,0,0.021762177844470956,0.065280748154204843
1,0.90000000000000002,29,0,0.020802290849532671,0.062401342351123282
1,0.90000000000000002,30,0,0.019845028196760178,0.059529808876869275
1,0.90000000000000002,31,0,0.018898236414486118,0.056689685230475732
1,0.90000000000000002,0,1,0.019845028196760178,0.059529808876869275
1,0.90000000000000002,1,1,0.020873603895224864,0.062615262529940499
1,0.90000000000000002,2,1,0.021916407765154647,0.06574339691491024
1,0.90000000000000002,3,1,0.022964916889014766,0.068888645544954344
1,0.90000000000000002,4,1,0.024009191790623979,0.072021192633895073
1,0.90000000000000002,5,1,0.025037923075184855,0.075107113003892986
1,0.90000000000000002,6,1,0.026038552060109854,0.078108733945855963
1,0.90000000000000002,7,1,0.026997475675922644,0.080985249867671139
1,0.90000000000000002,8,1,0.027900341318266728,0.083693606771845744
1,0.90000000000000002,9,1,0.028732430721648092,0.086189653774683836
1,0.90000000000000002,10,1,0.029479123607074224,0.088429533925944728
1,0.90000000000000002,11,1,0.03012642253615971,0.09037125863162955
1,0.90000000000000002,12,1,0.030661511185384249,0.0919763823283406
1,0.90000000000000002,13,1,0.031073310522829509,0.093211670865634796
1,0.90000000000000002,14,1,0.031352992580176146,0.094050642685430591
1,0.90000000000000002,15,1,0.031494410890253038,0.094474860020225898
1,0.90000000000000002,16,1,0.031494410890253038,0.094474860020225898
1,0.90000000000000002,17,1,0.031352992580176146,0.094050642685430591
1,0.90000000000000002,18,1,0.031073310522829509,0.093211670865634796
1,0.90000000000000002,19,1,0.030661511185384249,0.0919763823283406
1,0.90000000000000002,20,1,0.03012642253615971,0.09037125863162955
1,0.90000000000000002,21,1,0.029479123607074224,0.088429533925944728
1,0.90000000000000002,22,1,0.028732430721648092,0.086189653774683836
1,0.90000000000000002,23,1,0.027900341318266728,0.083693606771845744
1,0.90000000000000002,24,1,0.026997475675922644,0.080985249867671139
1,0.90000000000000002,25,1,0.026038552060109854,0.078108733945855963
1,0.90000000000000002,26,1,0.025037923075184855,0.075107113003892986
1,0.90000000000000002,27,1,0.024009191790623979,0.072021192633895073
1,0.90000000000000002,28,1,0.022964916889014766,0.068888645544954344
1,0.90000000000000002,29,1,0.021916407765154647,0.06574339691491024
1,0.90000000000000002,30,1,0.020873603895224864,0.062615262529940499
1,0.90000000000000002,31,1,0.019845028196760178,0.059529808876869275
1,0.90000000000000002,0,2,0.020802290849532671,0.062401342351123282
1,0.90000000000000002,1,2,0.021916407765154647,0.06574339691491024
1,0.90000000000000002,2,2,0.023049026000740817,0.069140950520095293
1,0.90000000000000002,3,2,0.024190938889542404,0.072566385613983944
1,0.90000000000000002,4,2,0.025331291938749792,0.075987141603766489
1,0.90000000000000002,5,2,0.026457616238503359,0.079365815074668888
1,0.90000000000000002,6,2,0.027555947595922663,0.082660517160369013
1,0.90000000000000002,7,2,0.028611045181496798,0.085825529424041605
1,0.90000000000000002,8,2,0.029606718292637682,0.088812284062149471
1,0.90000000000000002,9,2,0.030526262034163969,0.091570670830071407
1,0.90000000000000002,10,2,0.031352992580176146,0.094050642685430591
1,0.90000000000000002,11,2,0.03207086103837227,0.096204057217848582
1,0.90000000000000002,12,2,0.032665113151424625,0.097986655577696605
1,0.90000000000000002,13,2,0.033122951924260131,0.099360050181780235
1,0.90000000000000002,14,2,0.033434153686491636,0.10029357273685581
1,0.90000000000000002,15,2,0.033591586756786251,0.10076583009485075
1,0.90000000000000002,16,2,0.033591586756786251,0.10076583009485075
1,0.90000000000000002,17,2,0.033434153686491636,0.10029357273685581
1,0.90000000000000002,18,2,0.033122951924260131,0.099360050181780235
1,0.90000000000000002,19,2,0.032665113151424625,0.097986655577696605
1,0.90000000000000002,20,2,0.03207086103837227,0.096204057217848582
1,0.90000000000000002,21,2,0.031352992580176146,0.094050642685430591
1,0.90000000000000002,22,2,0.030526262034163969,0.091570670830071407
1,0.90000000000000002,23,2,0.029606718292637682,0.088812284062149471
1,0.90000000000000002,24,2,0.028611045181496798,0.085825529424041605
1,0.90000000000000002,25,2,0.027555947595922663,0.082660517160369013
1,0.90000000000000002,26,2,0.026457616238503359,0.079365815074668888
1,0.90000000000000002,27,2,0.025331291938749792,0.075987141603766489
1,0.90000000000000002,28,2,0.024190938889542404,0.072566385613983944
1,0.90000000000000002,29,2,0.023049026000740817,0.069140950520095293
1,0.90000000000000002,30,2,0.021916407765154647,0.06574339691491024
1,0.90000000000000002,31,2,0.020802290849532671,0.062401342351123282
1,0.90000000000000002,0,3,0.021762177844470956,0.065280748154204843
1,0.90000000000000002,1,3,0.022964916889014766,0.068888645544954344
1,0.90000000000000002,2,3,0.024190938889542404,0.072566385613983944
1,0.90000000000000002,3,3,0.025430356886463456,0.076284310110927109
1,0.90000000000000002,4,3,0.026671382525087339,0.08000705710559429
1,0.90000000000000002,5,3,0.027900341318266728,0.083693606771845744
1,0.90000000000000002,6,3,0.02910178625199937,0.087297622174195399
1,0.90000000000000002,7,3,0.030258727787260215,0.090768139212162313
1,0.90000000000000002,8,3,0.031352992580176146,0.094050642685430591
1,0.90000000000000002,9,3,0.032365714149804548,0.097088538166743343
1,0.90000000000000002,10,3,0.033277946516543234,0.099824992753999295
1,0.90000000000000002,11,3,0.0340713774481846,0.10220507461880197
1,0.90000000000000002,12,3,0.034729103051034257,0.10417807657389398
1,0.90000000000000002,13,3,0.035236412295150989,0.10569986944031422
1,0.90000000000000002,14,3,0.035581521183333381,0.10673510435918224
1,0.90000000000000002,15,3,0.035756193911100437,0.10725907610650744
1,0.90000000000000002,16,3,0.035756193911100437,0.10725907610650744
1,0.90000000000000002,17,3,0.035581521183333381,0.10673510435918224
1,0.90000000000000002,18,3,0.035236412295150989,0.10569986944031422
1,0.90000000000000002,19,3,0.034729103051034257,0.10417807657389398
1,0.90000000000000002,20,3,0.0340713774481846,0.10220507461880197
1,0.90000000000000002,21,3,0.033277946516543234,0.099824992753999295
1,0.90000000000000002,22,3,0.032365714149804548,0.097088538166743343
1,0.90000000000000002,23,3,0.031352992580176146,0.094050642685430591
1,0.90000000000000002,24,3,0.030258727787260215,0.090768139212162313
1,0.90000000000000002,25,3,0.02910178625199937,0.087297622174195399
1,0.90000000000000002,26,3,0.027900341318266728,0.083693606771845744
1,0.90000000000000002,27,3,0.026671382525087339,0.08000705710559429
1,0.90000000000000002,28,3,0.025430356886463456,0.076284310110927109
1,0.90000000000000002,29,3,0.024190938889542404,0.072566385613983944
1,0.90000000000000002,30,3,0.022964916889014766,0.068888645544954344
1,0.90000000000000002,31,3,0.021762177844470956,0.065280748154204843
1,0.90000000000000002,0,4,0.022715634114255531,0.06814086349140526
1,0.90000000000000002,1,4,0.024009191790623979,0.072021192633895073
1,0.90000000000000002,2,4,0.025331291938749792,0.075987141603766489
1,0.90000000000000002,3,4,0.026671382525087339,0.08000705710559429
1,0.90000000000000002,4,4,0.028016736344515653,0.084042760907487024
1,0.90000000000000002,5,4,0.02935244277698636,0.08804952511322231
1,0.90000000000000002,6,4,0.030661511185384249,0.0919763823283406
1,0.90000000000000002,7,4,0.031925109074367339,0.095766840073351983
1,0.90000000000000002,8,4,0.033122951924260131,0.099360050181780235
1,0.90000000000000002,9,4,0.034233851172121806,0.10269245259768911
1,0.90000000000000002,10,4,0.035236412295150989,0.10569986944031422
1,0.90000000000000002,11,4,0.036109857391089017,0.10831997252659344
1,0.90000000000000002,12,4,0.036834928047327221,0.11049499173846501
1,0.90000000000000002,13,4,0.037394807480547944,0.1121744811966438
1,0.90000000000000002,14,4,0.037775989158559904,0.1133179248952081
1,0.90000000000000002,15,4,0.037969015365509999,0.11389695220089074
1,0.90000000000000002,16,4,0.037969015365509999,0.11389695220089074
1,0.90000000000000002,17,4,0.037775989158559904,0.1133179248952081
1,0.90000000000000002,18,4,0.037394807480547944,0.1121744811966438
1,0.90000000000000002,19,4,0.036834928047327221,0.11049499173846501
1,0.90000000000000002,20,4,0.036109857391089017,0.10831997252659344
1,0.90000000000000002,21,4,0.035236412295150989,0.10569986944031422
1,0.90000000000000002,22,4,0.034233851172121806,0.10269245259768911
1,0.90000000000000002,23,4,0.033122951924260131,0.099360050181780235
1,0.90000000000000002,24,4,0.031925109074367339,0.095766840073351983
1,0.90000000000000002,25,4,0.030661511185384249,0.0919763823283406
1,0.90000000000000002,26,4,0.02935244277698636,0.08804952511322231
1,0.90000000000000002,27,4,0.028016736344515653,0.084042760907487024
1,0.90000000000000002,28,4,0.026671382525087339,0.08000705710559429
1,0.90000000000000002,29,4,0.025331291938749792,0.075987141603766489
1,0.90000000000000002,30,4,0.024009191790623979,0.072021192633895073
1,0.90000000000000002,31,4,0.022715634114255531,0.06814086349140526
1,0.90000000000000002,0,5,0.023652451608802347,0.070951066926237566
1,0.90000000000000002,1,5,0.025037923075184855,0.075107113003892986
1,0.90000000000000002,2,5,0.026457616238503359,0.079365815074668888
1,0.90000000000000002,3,5,0.027900341318266728,0.083693606771845744
1,0.90000000000000002,4,5,0.02935244277698636,0.08804952511322231
1,0.90000000000000002,5,5,0.03079776201600613,0.09238509859852255
1,0.90000000000000002,6,5,0.032217725422577205,0.096644611327213165
1,0.90000000000000002,7,5,0.033591586756786251,0.10076583009485075
1,0.90000000000000002,8,5,0.034896846301849367,0.10468126173253429
1,0.90000000000000002,9,5,0.036109857391089017,0.10831997252659344
1,0.90000000000000002,10,5,0.037206613889661712,0.11160995045442303
1,0.90000000000000002,11,5,0.038163691053009929,0.11448092750971575
1,0.90000000000000002,12,5,0.038959289269011342,0.11686751065143557
1,0.90000000000000002,13,5,0.039574309013166241,0.11871240638360789
1,0.90000000000000002,14,5,0.03999337002919616,0.11996947802617075
1,0.90000000000000002,15,5,0.040205682177376099,0.12060635802846033
1,0.90000000000000002,16,5,0.040205682177376099,0.12060635802846033
1,0.90000000000000002,17,5,0.03999337002919616,0.11996947802617075
1,0.90000000000000002,18,5,0.039574309013166241,0.11871240638360789
1,0.90000000000000002,19,5,0.038959289269011342,0.11686751065143557
1,0.90000000000000002,20,5,0.038163691053009929,0.11448092750971575
1,0.90000000000000002,21,5,0.037206613889661712,0.11160995045442303
1,0.90000000000000002,22,5,0.036109857391089017,0.10831997252659344
1,0.90000000000000002,23,5,0.034896846301849367,0.10468126173253429
1,0.90000000000000002,24,5,0.033591586756786251,0.10076583009485075
1,0.90000000000000002,25,5,0.032217725422577205,0.096644611327213165
1,0.90000000000000002,26,5,0.03079776201600613,0.09238509859852255
1,0.90000000000000002,27,5,0.02935244277698636,0.08804952511322231
1,0.90000000000000002,28,5,0.027900341318266728,0.083693606771845744
1,0.90000000000000002,29,5,0.026457616238503359,0.079365815074668888
1,0.90000000000000002,30,5,0.025037923075184855,0.075107113003892986
1,0.90000000000000002,31,5,0.023652451608802347,0.070951066926237566
1,0.90000000000000002,0,6,0.024561388127506849,0.073677634845577655
1,0.90000000000000002,1,6,0.026038552060109854,0.078108733945855963
1,0.90000000000000002,2,6,0.027555947595922663,0.082660517160369013
1,0.90000000000000002,3,6,0.02910178625199937,0.087297622174195399
1,0.90000000000000002,4,6,0.030661511185384249,0.0919763823283406
1,0.90000000000000002,5,6,0.032217725422577205,0.096644611327213165
1,0.90000000000000002,6,6,0.033750259238900009,0.10124180535881096
1,0.90000000000000002,7,6,0.035236412295150989,0.10569986944031422
1,0.90000000000000002,8,6,0.036651399368347645,0.10994445449181792
1,0.90000000000000002,9,6,0.037969015365509999,0.11389695220089074
1,0.90000000000000002,10,6,0.039162515599880168,0.11747713561721636
1,0.90000000000000002,11,6,0.040205682177376099,0.12060635802846033
1,0.90000000000000002,12,6,0.041074019524713137,0.12321113922680907
1,0.90000000000000002,13,6,0.041745995830365541,0.1252268895018227
1,0.90000000000000002,14,6,0.042204227615861477,0.12660146303940692
1,0.90000000000000002,15,6,0.04243649678670449,0.12729820880419909
1,0.90000000000000002,16,6,0.04243649678670449,0.12729820880419909
1,0.90000000000000002,17,6,0.042204227615861477,0.12660146303940692
1,0.90000000000000002,18,6,0.041745995830365541,0.1252268895018227
1,0.90000000000000002,19,6,0.041074019524713137,0.12321113922680907
1,0.90000000000000002,20,6,0.040205682177376099,0.12060635802846033
1,0.90000000000000002,21,6,0.039162515599880168,0.11747713561721636
1,0.90000000000000002,22,6,0.037969015365509999,0.11389695220089074
1,0.90000000000000002,23,6,0.036651399368347645,0.10994445449181792
1,0.90000000000000002,24,6,0.035236412295150989,0.10569986944031422
1,0.90000000000000002,25,6,0.033750259238900009,0.10124180535881096
1,0.90000000000000002,26,6,0.032217725422577205,0.096644611327213165
1,0.90000000000000002,27,6,0.030661511185384249,0.0919763823283406
1,0.90000000000000002,28,6,0.02910178625199937,0.087297622174195399
1,0.90000000000000002,29,6,0.027555947595922663,0.082660517160369013
1,0.90000000000000002,30,6,0.026038552060109854,0.078108733945855963
1,0.90000000000000002,31,6,0.024561388127506849,0.073677634845577655
1,0.90000000000000002,0,7,0.025430356886463456,0.076284310110927109
1,0.90000000000000002,1,7,0.026997475675922644,0.080985249867671139
1,0.90000000000000002,2,7,0.028611045181496798,0.085825529424041605
1,0.90000000000000002,3,7,0.030258727787260215,0.090768139212162313
1,0.90000000000000002,4,7,0.031925109074367339,0.095766840073351983
1,0.90000000000000002,5,7,0.033591586756786251,0.10076583009485075
1,0.90000000000000002,6,7,0.035236412295150989,0.10569986944031422
1,0.90000000000000002,7,7,0.036834928047327221,0.11049499173846501
1,0.90000000000000002,8,7,0.038360036022326238,0.11506991022021867
1,0.90000000000000002,9,7,0.039782919901956711,0.11933818359169257
1,0.90000000000000002,10,7,0.041074019524713137,0.12321113922680907
1,0.90000000000000002,11,7,0.042204227615861477,0.12660146303940692
1,0.90000000000000002,12,7,0.043146245309055364,0.12942726568773052
1,0.90000000000000002,13,7,0.043876000993351517,0.13161633873828185
1,0.90000000000000002,14,7,0.044374012554395457,0.13311024102723185
1,0.90000000000000002,15,7,0.044626562416824528,0.13386782347524956
1,0.90000000000000002,16,7,0.044626562416824528,0.13386782347524956
1,0.90000000000000002,17,7,0.044374012554395457,0.13311024102723185
1,0.90000000000000002,18,7,0.043876000993351517,0.13161633873828185
1,0.90000000000000002,19,7,0.043146245309055364,0.12942726568773052
1,0.90000000000000002,20,7,0.042204227615861477,0.12660146303940692
1,0.90000000000000002,21,7,0.041074019524713137,0.12321113922680907
1,0.90000000000000002,22,7,0.039782919901956711,0.11933818359169257
1,0.90000000000000002,23,7,0.038360036022326238,0.11506991022021867
1,0.90000000000000002,24,7,0.036834928047327221,0.11049499173846501
1,0.90000000000000002,25,7,0.035236412295150989,0.10569986944031422
1,0.90000000000000002,26,7,0.033591586756786251,0.10076583009485075
1,0.90000000000000002,27,7,0.031925109074367339,0.095766840073351983
1,0.90000000000000002,28,7,0.030258727787260215,0.090768139212162313
1,0.90000000000000002,29,7,0.028611045181496798,0.085825529424041605
1,0.90000000000000002,30,7,0.026997475675922644,0.080985249867671139
1,0.90000000000000002,31,7,0.025430356886463456,0.076284310110927109
1,0.90000000000000002,0,8,0.0262466902687436,0.078733093239130414
1,0.90000000000000002,1,8,0.027900341318266728,0.083693606771845744
1,0.90000000000000002,2,8,0.029606718292637682,0.088812284062149471
1,0.90000000000000002,3,8,0.031352992580176146,0.094050642685430591
1,0.90000000000000002,4,8,0.033122951924260131,0.099360050181780235
1,0.90000000000000002,5,8,0.034896846301849367,0.10468126173253429
1,0.90000000000000002,6,8,0.036651399368347645,0.10994445449181792
1,0.90000000000000002,7,8,0.038360036022326238,0.11506991022021867
1,0.90000000000000002,8,8,0.03999337002919616,0.11996947802617075
1,0.90000000000000002,9,8,0.041519980118778527,0.12454890245234392
1,0.90000000000000002,10,8,0.042907477740473675,0.12871102645729279
1,0.90000000000000002,11,8,0.044123835780353289,0.13235977721349973
1,0.90000000000000002,12,8,0.045138908488695333,0.13540472548591354
1,0.90000000000000002,13,8,0.04592603455109491,0.13776589441911258
1,0.90000000000000002,14,8,0.046463585266922687,0.13937840366110379
1,0.90000000000000002,15,8,0.046736305877166574,0.14019649299026141
1,0.90000000000000002,16,8,0.046736305877166574,0.14019649299026141
1,0.90000000000000002,17,8,0.046463585266922687,0.13937840366110379
1,0.90000000000000002,18,8,0.04592603455109491,0.13776589441911258
1,0.90000000000000002,19,8,0.045138908488695333,0.13540472548591354
1,0.90000000000000002,20,8,0.044123835780353289,0.13235977721349973
1,0.90000000000000002,21,8,0.042907477740473675,0.12871102645729279
1,0.90000000000000002,22,8,0.041519980118778527,0.12454890245234392
1,0.90000000000000002,23,8,0.03999337002919616,0.11996947802617075
1,0.90000000000000002,24,8,0.038360036022326238,0.11506991022021867
1,0.90000000000000002,25,8,0.036651399368347645,0.10994445449181792
1,0.90000000000000002,26,8,0.034896846301849367,0.10468126173253429
1,0.90000000000000002,27,8,0.033122951924260131,0.099360050181780235
1,0.90000000000000002,28,8,0.031352992580176146,0.094050642685430591
1,0.90000000000000002,29,8,0.029606718292637682,0.088812284062149471
1,0.90000000000000002,30,8,0.027900341318266728,0.083693606771845744
1,0.90000000000000002,31,8,0.0262466902687436,0.078733093239130414
1,0.90000000000000002,0,9,0.026997475675922644,0.080985249867671139
1,0.90000000000000002,1,9,0.028732430721648092,0.086189653774683836
1,0.90000000000000002,2,9,0.030526262034163969,0.091570670830071407
1,0.90000000000000002,3,9,0.032365714149804548,0.097088538166743343
1,0.90000000000000002,4,9,0.034233851172121806,0.10269245259768911
1,0.90000000000000002,5,9,0.036109857391089017,0.10831997252659344
1,0.90000000000000002,6,9,0.037969015365509999,0.11389695220089074
1,0.90000000000000002,7,9,0.039782919901956711,0.11933818359169257
1,0.90000000000000002,8,9,0.041519980118778527,0.12454890245234392
1,0.90000000000000002,9,9,0.043146245309055364,0.12942726568773052
1,0.90000000000000002,10,9,0.044626562416824528,0.13386782347524956
1,0.90000000000000002,11,9,0.04592603455109491,0.13776589441911258
1,0.90000000000000002,12,9,0.047011704881119748,0.14102261678850772
1,0.90000000000000002,13,9,0.047854345279251344,0.14355031397066101
1,0.90000000000000002,14,9,0.048430193173423446,0.14527770456654884
1,0.90000000000000002,15,9,0.048722462511276703,0.14615443488159138
1,0.90000000000000002,16,9,0.048722462511276703,0.14615443488159138
1,0.90000000000000002,17,9,0.048430193173423446,0.14527770456654884
1,0.90000000000000002,18,9,0.047854345279251344,0.14355031397066101
1,0.90000000000000002,19,9,0.047011704881119748,0.14102261678850772
1,0.90000000000000002,20,9,0.04592603455109491,0.13776589441911258
1,0.90000000000000002,21,9,0.044626562416824528,0.13386782347524956
1,0.90000000000000002,22,9,0.043146245309055364,0.12942726568773052
1,0.90000000000000002,23,9,0.041519980118778527,0.12454890245234392
1,0.90000000000000002,24,9,0.039782919901956711,0.11933818359169257
1,0.90000000000000002,25,9,0.037969015365509999,0.11389695220089074
1,0.90000000000000002,26,9,0.036109857391089017,0.10831997252659344
1,0.90000000000000002,27,9,0.034233851172121806,0.10269245259768911
1,0.90000000000000002,28,9,0.032365714149804548,0.097088538166743343
1,0.90000000000000002,29,9,0.030526262034163969,0.091570670830071407
1,0.90000000000000002,30,9,0.028732430721648092,0.086189653774683836
1,0.90000000000000002,31,9,0.026997475675922644,0.080985249867671139
1,0.90000000000000002,0,10,0.027669954644146021,0.083002507996767047
1,0.90000000000000002,1,10,0.029479123607074224,0.088429533925944728
1,0.90000000000000002,2,10,0.031352992580176146,0.094050642685430591
1,0.90000000000000002,3,10,0.033277946516543234,0.099824992753999295
1,0.90000000000000002,4,10,0.035236412295150989,0.10569986944031422
1,0.90000000000000002,5,10,0.037206613889661712,0.11160995045442303
1,0.90000000000000002,6,10,0.039162515599880168,0.11747713561721636
1,0.90000000000000002,7,10,0.041074019524713137,0.12321113922680907
1,0.90000000000000002,8,10,0.042907477740473675,0.12871102645729279
1,0.90000000000000002,9,10,0.044626562416824528,0.13386782347524956
1,0.90000000000000002,10,10,0.046193506723515021,0.13856823983007299
1,0.90000000000000002,11,10,0.047570686615247104,0.14269941338805578
1,0.90000000000000002,12,10,0.048722462511276703,0.14615443488159138
1,0.90000000000000002,13,10,0.049617148163939244,0.14883825399133563
1,0.90000000000000002,14,10,0.050228931988089184,0.15067344282374817
1,0.90000000000000002,15,10,0.050539554702222718,0.15160522838846721
1,0.90000000000000002,16,10,0.050539554702222718,0.15160522838846721
1,0.90000000000000002,17,10,0.050228931988089184,0.15067344282374817
1,0.90000000000000002,18,10,0.049617148163939244,0.14883825399133563
1,0.90000000000000002,19,10,0.048722462511276703,0.14615443488159138
1,0.90000000000000002,20,10,0.047570686615247104,0.14269941338805578
1,0.90000000000000002,21,10,0.046193506723515021,0.13856823983007299
1,0.90000000000000002,22,10,0.044626562416824528,0.13386782347524956
1,0.90000000000000002,23,10,0.042907477740473675,0.12871102645729279
1,0.90000000000000002,24,10,0.041074019524713137,0.12321113922680907
1,0.90000000000000002,25,10,0.039162515599880168,0.11747713561721636
1,0.90000000000000002,26,10,0.037206613889661712,0.11160995045442303
1,0.90000000000000002,27,10,0.035236412295150989,0.10569986944031422
1,0.90000000000000002,28,10,0.033277946516543234,0.099824992753999295
1,0.90000000000000002,29,10,0.031352992580176146,0.094050642685430591
1,0.90000000000000002,30,10,0.029479123607074224,0.088429533925944728
1,0.90000000000000002,31,10,0.027669954644146021,0.083002507996767047
1,0.90000000000000002,0,11,0.028251969003398481,0.084748396348568372
1,0.90000000000000002,1,11,0.03012642253615971,0.09037125863162955
1,0.90000000000000002,2,11,0.03207086103837227,0.096204057217848582
1,0.90000000000000002,3,11,0.0340713774481846,0.10220507461880197
1,0.90000000000000002,4,11,0.036109857391089017,0.10831997252659344
1,0.90000000000000002,5,11,0.038163691053009929,0.11448092750971575
1,0.90000000000000002,6,11,0.040205682177376099,0.12060635802846033
1,0.90000000000000002,7,11,0.042204227615861477,0.12660146303940692
1,0.90000000000000002,8,11,0.044123835780353289,0.13235977721349973
1,0.90000000000000002,9,11,0.04592603455109491,0.13776589441911258
1,0.90000000000000002,10,11,0.047570686615247104,0.14269941338805578
1,0.90000000000000002,11,11,0.049017683395149524,0.14704001905003711
1,0.90000000000000002,12,11,0.050228931988089184,0.15067344282374817
1,0.90000000000000002,13,11,0.051170491330204675,0.15349787054068717
1,0.90000000000000002,14,11,0.051814665799260598,0.15543022269690726
1,0.90000000000000002,15,11,0.052141839186155406,0.15641165587998662
1,0.90000000000000002,16,11,0.052141839186155406,0.15641165587998662
1,0.90000000000000002,17,11,0.051814665799260598,0.15543022269690726
1,0.90000000000000002,18,11,0.051170491330204675,0.15349787054068717
1,0.90000000000000002,19,11,0.050228931988089184,0.15067344282374817
1,0.90000000000000002,20,11,0.049017683395149524,0.14704001905003711
1,0.90000000000000002,21,11,0.047570686615247104,0.14269941338805578
1,0.90000000000000002,22,11,0.04592603455109491,0.13776589441911258
1,0.90000000000000002,23,11,0.044123835780353289,0.13235977721349973
1,0.90000000000000002,24,11,0.042204227615861477,0.12660146303940692
1,0.90000000000000002,25,11,0.040205682177376099,0.12060635802846033
1,0.90000000000000002,26,11,0.038163691053009929,0.11448092750971575
1,0.90000000000000002,27,11,0.036109857391089017,0.10831997252659344
1,0.90000000000000002,28,11,0.0340713774481846,0.10220507461880197
1,0.90000000000000002,29,11,0.03207086103837227,0.096204057217848582
1,0.90000000000000002,30,11,0.03012642253615971,0.09037125863162955
1,0.90000000000000002,31,11,0.028251969003398481,0.084748396348568372
1,0.90000000000000002,0,12,0.028732430721648092,0.086189653774683836
1,0.90000000000000002,1,12,0.030661511185384249,0.0919763823283406
1,0.90000000000000002,2,12,0.032665113151424625,0.097986655577696605
1,0.90000000000000002,3,12,0.034729103051034257,0.10417807657389398
1,0.90000000000000002,4,12,0.036834928047327221,0.11049499173846501
1,0.90000000000000002,5,12,0.038959289269011342,0.11686751065143557
1,0.90000000000000002,6,12,0.041074019524713137,0.12321113922680907
1,0.90000000000000002,7,12,0.043146245309055364,0.12942726568773052
1,0.90000000000000002,8,12,0.045138908488695333,0.13540472548591354
1,0.90000000000000002,9,12,0.047011704881119748,0.14102261678850772
1,0.90000000000000002,10,12,0.048722462511276703,0.14615443488159138
1,0.90000000000000002,11,12,0.050228931988089184,0.15067344282374817
1,0.90000000000000002,12,12,0.051490899671092195,0.1544590103842024
1,0.90000000000000002,13,12,0.052472470244314368,0.15740346115765175
1,0.90000000000000002,14,12,0.053144311862487068,0.15941880740603231
1,0.90000000000000002,15,12,0.053485628153863402,0.16044266554272735
1,0.90000000000000002,16,12,0.053485628153863402,0.16044266554272735
1,0.90000000000000002,17,12,0.053144311862487068,0.15941880740603231
1,0.90000000000000002,18,12,0.052472470244314368,0.15740346115765175
1,0.90000000000000002,19,12,0.051490899671092195,0.1544590103842024
1,0.90000000000000002,20,12,0.050228931988089184,0.15067344282374817
1,0.90000000000000002,21,12,0.048722462511276703,0.14615443488159138
1,0.90000000000000002,22,12,0.047011704881119748,0.14102261678850772
1,0.90000000000000002,23,12,0.045138908488695333,0.13540472548591354
1,0.90000000000000002,24,12,0.043146245309055364,0.12942726568773052
1,0.90000000000000002,25,12,0.041074019524713137,0.12321113922680907
1,0.90000000000000002,26,12,0.038959289269011342,0.11686751065143557
1,0.90000000000000002,27,12,0.036834928047327221,0.11049499173846501
1,0.90000000000000002,28,12,0.034729103051034257,0.10417807657389398
1,0.90000000000000002,29,12,0.032665113151424625,0.097986655577696605
1,0.90000000000000002,30,12,0.030661511185384249,0.0919763823283406
1,0.90000000000000002,31,12,0.028732430721648092,0.086189653774683836
1,0.90000000000000002,0,13,0.02910178625199937,0.087297622174195399
1,0.90000000000000002,1,13,0.031073310522829509,0.093211670865634796
1,0.90000000000000002,2,13,0.033122951924260131,0.099360050181780235
1,0.90000000000000002,3,13,0.035236412295150989,0.10569986944031422
1,0.90000000000000002,4,13,0.037394807480547944,0.1121744811966438
1,0.90000000000000002,5,13,0.039574309013166241,0.11871240638360789
1,0.90000000000000002,6,13,0.041745995830365541,0.1252268895018227
1,0.90000000000000002,7,13,0.043876000993351517,0.13161633873828185
1,0.90000000000000002,8,13,0.04592603455109491,0.13776589441911258
1,0.90000000000000002,9,13,0.047854345279251344,0.14355031397066101
1,0.90000000000000002,10,13,0.049617148163939244,0.14883825399133563
1,0.90000000000000002,11,13,0.051170491330204675,0.15349787054068717
1,0.90000000000000002,12,13,0.052472470244314368,0.15740346115765175
1,0.90000000000000002,13,13,0.053485628153863402,0.16044266554272735
1,0.90000000000000002,14,13,0.054179323739873615,0.16252356788483929
1,0.90000000000000002,15,13,0.054531815037132399,0.16358094806835552
1,0.90000000000000002,16,13,0.054531815037132399,0.16358094806835552
1,0.90000000000000002,17,13,0.054179323739873615,0.16252356788483929
1,0.90000000000000002,18,13,0.053485628153863402,0.16044266554272735
1,0.90000000000000002,19,13,0.052472470244314368,0.15740346115765175
1,0.90000000000000002,20,13,0.051170491330204675,0.15349787054068717
1,0.90000000000000002,21,13,0.049617148163939244,0.14883825399133563
1,0.90000000000000002,22,13,0.047854345279251344,0.14355031397066101
1,0.90000000000000002,23,13,0.04592603455109491,0.13776589441911258
1,0.90000000000000002,24,13,0.043876000993351517,0.13161633873828185
1,0.90000000000000002,25,13,0.041745995830365541,0.1252268895018227
1,0.90000000000000002,26,13,0.039574309013166241,0.11871240638360789
1,0.90000000000000002,27,13,0.037394807480547944,0.1121744811966438
1,0.90000000000000002,28,13,0.035236412295150989,0.10569986944031422
1,0.90000000000000002,29,13,0.033122951924260131,0.099360050181780235
1,0.90000000000000002,30,13,0.031073310522829509,0.093211670865634796
1,0.90000000000000002,31,13,0.02910178625199937,0.087297622174195399
1,0.90000000000000002,0,14,0.02935244277698636,0.08804952511322231
1,0.90000000000000002,1,14,0.031352992580176146,0.094050642685430591
1,0.90000000000000002,2,14,0.033434153686491636,0.10029357273685581
1,0.90000000000000002,3,14,0.035581521183333381,0.10673510435918224
1,0.90000000000000002,4,14,0.037775989158559904,0.1133179248952081
1,0.90000000000000002,5,14,0.03999337002919616,0.11996947802617075
1,0.90000000000000002,6,14,0.042204227615861477,0.12660146303940692
1,0.90000000000000002,7,14,0.044374012554395457,0.13311024102723185
1,0.90000000000000002,8,14,0.046463585266922687,0.13937840366110379
1,0.90000000000000002,9,14,0.048430193173423446,0.14527770456654884
1,0.90000000000000002,10,14,0.050228931988089184,0.15067344282374817
1,0.90000000000000002,11,14,0.051814665799260598,0.15543022269690726
1,0.90000000000000002,12,14,0.053144311862487068,0.15941880740603231
1,0.90000000000000002,13,14,0.054179323739873615,0.16252356788483929
1,0.90000000000000002,14,14,0.054888145169027305,0.16464984373524283
1,0.90000000000000002,15,14,0.055248372921586693,0.16573043122795827
1,0.90000000000000002,16,14,0.055248372921586693,0.16573043122795827
1,0.90000000000000002,17,14,0.054888145169027305,0.16464984373524283
1,0.90000000000000002,18,14,0.054179323739873615,0.16252356788483929
1,0.90000000000000002,19,14,0.053144311862487068,0.15941880740603231
1,0.90000000000000002,20,14,0.051814665799260598,0.15543022269690726
1,0.90000000000000002,21,14,0.050228931988089184,0.15067344282374817
1,0.90000000000000002,22,14,0.048430193173423446,0.14527770456654884
1,0.90000000000000002,23,14,0.046463585266922687,0.13937840366110379
1,0.90000000000000002,24,14,0.044374012554395457,0.13311024102723185
1,0.90000000000000002,25,14,0.042204227615861477,0.12660146303940692
1,0.90000000000000002,26,14,0.03999337002919616,0.11996947802617075
1,0.90000000000000002,27,14,0.037775989158559904,0.1133179248952081
1,0.90000000000000002,28,14,0.035581521183333381,0.10673510435918224
1,0.90000000000000002,29,14,0.033434153686491636,0.10029357273685581
1,0.90000000000000002,30,14,0.031352992580176146,0.094050642685430591
1,0.90000000000000002,31,14,0.02935244277698636,0.08804952511322231
1,0.90000000000000002,0,15,0.029479123607074224,0.088429533925944728
1,0.90000000000000002,1,15,0.031494410890253038,0.094474860020225898
1,0.90000000000000002,2,15,0.033591586756786251,0.10076583009485075
1,0.90000000000000002,3,15,0.035756193911100437,0.10725907610650744
1,0.90000000000000002,4,15,0.037969015365509999,0.11389695220089074
1,0.90000000000000002,5,15,0.040205682177376099,0.12060635802846033
1,0.90000000000000002,6,15,0.04243649678670449,0.12729820880419909
1,0.90000000000000002,7,15,0.044626562416824528,0.13386782347524956
1,0.90000000000000002,8,15,0.046736305877166574,0.14019649299026141
1,0.90000000000000002,9,15,0.048722462511276703,0.14615443488159138
1,0.90000000000000002,10,15,0.050539554702222718,0.15160522838846721
1,0.90000000000000002,11,15,0.052141839186155406,0.15641165587998662
1,0.90000000000000002,12,15,0.053485628153863402,0.16044266554272735
1,0.90000000000000002,13,15,0.054531815037132399,0.16358094806835552
1,0.90000000000000002,14,15,0.055248372921586693,0.16573043122795827
1,0.90000000000000002,15,15,0.055612558243350464,0.16682289037618453
1,0.90000000000000002,16,15,0.055612558243350464,0.16682289037618453
1,0.90000000000000002,17,15,0.055248372921586693,0.16573043122795827
1,0.90000000000000002,18,15,0.054531815037132399,0.16358094806835552
1,0.90000000000000002,19,15,0.053485628153863402,0.16044266554272735
1,0.90000000000000002,20,15,0.052141839186155406,0.15641165587998662
1,0.90000000000000002,21,15,0.050539554702222718,0.15160522838846721
1,0.90000000000000002,22,15,0.048722462511276703,0.14615443488159138
1,0.90000000000000002,23,15,0.046736305877166574,0.14019649299026141
1,0.90000000000000002,24,15,0.044626562416824528,0.13386782347524956
1,0.90000000000000002,25,15,0.04243649678670449,0.12729820880419909
1,0.90000000000000002,26,15,0.040205682177376099,0.12060635802846033
1,0.90000000000000002,27,15,0.037969015365509999,0.11389695220089074
1,0.90000000000000002,28,15,0.035756193911100437,0.10725907610650744
1,0.90000000000000002,29,15,0.033591586756786251,0.10076583009485075
1,0.90000000000000002,30,15,0.031494410890253038,0.094474860020225898
1,0.90000000000000002,31,15,0.029479123607074224,0.088429533925944728
1,0.90000000000000002,0,16,0.029479123607074224,0.088429533925944728
1,0.90000000000000002,1,16,0.031494410890253038,0.094474860020225898
1,0.90000000000000002,2,16,0.033591586756786251,0.10076583009485075
1,0.90000000000000002,3,16,0.035756193911100437,0.10725907610650744
1,0.90000000000000002,4,16,0.037969015365509999,0.11389695220089074
1,0.90000000000000002,5,16,0.040205682177376099,0.12060635802846033
1,0.90000000000000002,6,16,0.04243649678670449,0.12729820880419909
1,0.90000000000000002,7,16,0.044626562416824528,0.13386782347524956
1,0.90000000000000002,8,16,0.046736305877166574,0.14019649299026141
1,0.90000000000000002,9,16,0.048722462511276703,0.14615443488159138
1,0.90000000000000002,10,16,0.050539554702222718,0.15160522838846721
1,0.90000000000000002,11,16,0.052141839186155406,0.15641165587998662
1,0.90000000000000002,12,16,0.053485628153863402,0.16044266554272735
1,0.90000000000000002,13,16,0.054531815037132399,0.16358094806835552
1,0.90000000000000002,14,16,0.055248372921586693,0.16573043122795827
1,0.90000000000000002,15,16,0.055612558243350464,0.16682289037618453
1,0.90000000000000002,16,16,0.055612558243350464,0.16682289037618453
1,0.90000000000000002,17,16,0.055248372921586693,0.16573043122795827
1,0.90000000000000002,18,16,0.054531815037132399,0.16358094806835552
1,0.90000000000000002,19,16,0.053485628153863402,0.16044266554272735
1,0.90000000000000002,20,16,0.052141839186155406,0.15641165587998662
1,0.90000000000000002,21,16,0.050539554702222718,0.15160522838846721
1,0.90000000000000002,22,16,0.048722462511276703,0.14615443488159138
1,0.90000000000000002,23,16,0.046736305877166574,0.14019649299026141
1,0.90000000000000002,24,16,0.044626562416824528,0.13386782347524956
1,0.90000000000000002,25,16,0.04243649678670449,0.12729820880419909
1,0.90000000000000002,26,16,0.040205682177376099,0.12060635802846033
1,0.90000000000000002,27,16,0.037969015365509999,0.11389695220089074
1,0.90000000000000002,28,16,0.035756193911100437,0.10725907610650744
1,0.90000000000000002,29,16,0.033591586756786251,0.10076583009485075
1,0.90000000000000002,30,16,0.031494410890253038,0.094474860020225898
1,0.90000000000000002,31,16,0.029479123607074224,0.088429533925944728
1,0.90000000000000002,0,17,0.02935244277698636,0.08804952511322231
1,0.90000000000000002,1,17,0.031352992580176146,0.094050642685430591
1,0.90000000000000002,2,17,0.033434153686491636,0.10029357273685581
1,0.90000000000000002,3,17,0.035581521183333381,0.10673510435918224
1,0.90000000000000002,4,17,0.037775989158559904,0.1133179248952081
1,0.90000000000000002,5,17,0.03999337002919616,0.11996947802617075
1,0.90000000000000002,6,17,0.042204227615861477,0.12660146303940692
1,0.90000000000000002,7,17,0.044374012554395457,0.13311024102723185
1,0.90000000000000002,8,17,0.046463585266922687,0.13937840366110379
1,0.90000000000000002,9,17,0.048430193173423446,0.14527770456654884
1,0.90000000000000002,10,17,0.050228931988089184,0.15067344282374817
1,0.90000000000000002,11,17,0.051814665799260598,0.15543022269690726
1,0.90000000000000002,12,17,0.053144311862487068,0.15941880740603231
1,0.90000000000000002,13,17,0.054179323739873615,0.16252356788483929
1,0.90000000000000002,14,17,0.054888145169027305,0.16464984373524283
1,0.90000000000000002,15,17,0.055248372921586693,0.16573043122795827
1,0.90000000000000002,16,17,0.055248372921586693,0.16573043122795827
1,0.90000000000000002,17,17,0.054888145169027305,0.16464984373524283
1,0.90000000000000002,18,17,0.054179323739873615,0.16252356788483929
1,0.90000000000000002,19,17,0.053144311862487068,0.15941880740603231
1,0.90000000000000002,20,17,0.051814665799260598,0.15543022269690726
1,0.90000000000000002,21,17,0.050228931988089184,0.15067344282374817
1,0.90000000000000002,22,17,0.048430193173423446,0.14527770456654884
1,0.90000000000000002,23,17,0.046463585266922687,0.13937840366110379
1,0.90000000000000002,24,17,0.044374012554395457,0.13311024102723185
1,0.90000000000000002,25,17,0.042204227615861477,0.12660146303940692
1,0.90000000000000002,26,17,0.03999337002919616,0.11996947802617075
1,0.90000000000000002,27,17,0.037775989158559904,0.1133179248952081
1,0.90000000000000002,28,17,0.035581521183333381,0.10673510435918224
1,0.90000000000000002,29,17,0.033434153686491636,0.10029357273685581
1,0.90000000000000002,30,17,0.031352992580176146,0.094050642685430591
1,0.90000000000000002,31,17,0.02935244277698636,0.08804952511322231
1,0.90000000000000002,0,18,0.02910178625199937,0.087297622174195399
1,0.90000000000000002,1,18,0.031073310522829509,0.093211670865634796
1,0.90000000000000002,2,18,0.033122951924260131,0.099360050181780235
1,0.90000000000000002,3,18,0.035236412295150989,0.10569986944031422
1,0.90000000000000002,4,18,0.037394807480547944,0.1121744811966438
1,0.90000000000000002,5,18,0.039574309013166241,0.11871240638360789
1,0.90000000000000002,6,18,0.041745995830365541,0.1252268895018227
1,0.90000000000000002,7,18,0.043876000993351517,0.13161633873828185
1,0.90000000000000002,8,18,0.04592603455109491,0.13776589441911258
1,0.90000000000000002,9,18,0.047854345279251344,0.14355031397066101
1,0.90000000000000002,10,18,0.049617148163939244,0.14883825399133563
1,0.90000000000000002,11,18,0.051170491330204675,0.15349787054068717
1,0.90000000000000002,12,18,0.052472470244314368,0.15740346115765175
1,0.90000000000000002,13,18,0.053485628153863402,0.16044266554272735
1,0.90000000000000002,14,18,0.054179323739873615,0.16252356788483929
1,0.90000000000000002,15,18,0.054531815037132399,0.16358094806835552
1,0.90000000000000002,16,18,0.054531815037132399,0.16358094806835552
1,0.90000000000000002,17,18,0.054179323739873615,0.16252356788483929
1,0.90000000000000002,18,18,0.053485628153863402,0.16044266554272735
1,0.90000000000000002,19,18,0.052472470244314368,0.15740346115765175
1,0.90000000000000002,20,18,0.051170491330204675,0.15349787054068717
1,0.90000000000000002,21,18,0.049617148163939244,0.14883825399133563
1,0.90000000000000002,22,18,0.047854345279251344,0.14355031397066101
1,0.90000000000000002,23,18,0.04592603455109491,0.13776589441911258
1,0.90000000000000002,24,18,0.043876000993351517,0.13161633873828185
1,0.90000000000000002,25,18,0.041745995830365541,0.1252268895018227
1,0.90000000000000002,26,18,0.039574309013166241,0.11871240638360789
1,0.90000000000000002,27,18,0.037394807480547944,0.1121744811966438
1,0.90000000000000002,28,18,0.035236412295150989,0.10569986944031422
1,0.90000000000000002,29,18,0.033122951924260131,0.099360050181780235
1,0.90000000000000002,30,18,0.031073310522829509,0.093211670865634796
1,0.90000000000000002,31,18,0.02910178625199937,0.087297622174195399
1,0.90000000000000002,0,19,0.028732430721648092,0.086189653774683836
1,0.90000000000000002,1,19,0.030661511185384249,0.0919763823283406
1,0.90000000000000002,2,19,0.032665113151424625,0.097986655577696605
1,0.90000000000000002,3,19,0.034729103051034257,0.10417807657389398
1,0.90000000000000002,4,19,0.036834928047327221,0.11049499173846501
1,0.90000000000000002,5,19,0.038959289269011342,0.11686751065143557
1,0.90000000000000002,6,19,0.041074019524713137,0.12321113922680907
1,0.90000000000000002,7,19,0.043146245309055364,0.12942726568773052
1,0.90000000000000002,8,19,0.045138908488695333,0.13540472548591354
1,0.90000000000000002,9,19,0.047011704881119748,0.14102261678850772
1,0.90000000000000002,10,19,0.048722462511276703,0.14615443488159138
1,0.90000000000000002,11,19,0.050228931988089184,0.15067344282374817
1,0.90000000000000002,12,19,0.051490899671092195,0.1544590103842024
1,0.90000000000000002,13,19,0.052472470244314368,0.15740346115765175
1,0.90000000000000002,14,19,0.053144311862487068,0.15941880740603231
1,0.90000000000000002,15,19,0.053485628153863402,0.16044266554272735
1,0.90000000000000002,16,19,0.053485628153863402,0.16044266554272735
1,0.90000000000000002,17,19,0.053144311862487068,0.15941880740603231
1,0.90000000000000002,18,19,0.052472470244314368,0.15740346115765175
1,0.90000000000000002,19,19,0.051490899671092195,0.1544590103842024
1,0.90000000000000002,20,19,0.050228931988089184,0.15067344282374817
1,0.90000000000000002,21,19,0.048722462511276703,0.14615443488159138
1,0.90000000000000002,22,19,0.047011704881119748,0.14102261678850772
1,0.90000000000000002,23,19,0.045138908488695333,0.13540472548591354
1,0.90000000000000002,24,19,0.043146245309055364,0.12942726568773052
1,0.90000000000000002,25,19,0.041074019524713137,0.12321113922680907
1,0.90000000000000002,26,19,0.038959289269011342,0.11686751065143557
1,0.90000000000000002,27,19,0.036834928047327221,0.11049499173846501
1,0.90000000000000002,28,19,0.034729103051034257,0.10417807657389398
1,0.90000000000000002,29,19,0.032665113151424625,0.097986655577696605
1,0.90000000000000002,30,19,0.030661511185384249,0.0919763823283406
1,0.90000000000000002,31,19,0.028732430721648092,0.086189653774683836
1,0.90000000000000002,0,20,0.028251969003398481,0.084748396348568372
1,0.90000000000000002,1,20,0.03012642253615971,0.09037125863162955
1,0.90000000000000002,2,20,0.03207086103837227,0.096204057217848582
1,0.90000000000000002,3,20,0.0340713774481846,0.10220507461880197
1,0.90000000000000002,4,20,0.036109857391089017,0.10831997252659344
1,0.90000000000000002,5,20,0.038163691053009929,0.11448092750971575
1,0.90000000000000002,6,20,0.040205682177376099,0.12060635802846033
1,0.90000000000000002,7,20,0.042204227615861477,0.12660146303940692
1,0.90000000000000002,8,20,0.044123835780353289,0.13235977721349973
1,0.90000000000000002,9,20,0.04592603455109491,0.13776589441911258
1,0.90000000000000002,10,20,0.047570686615247104,0.14269941338805578
1,0.90000000000000002,11,20,0.049017683395149524,0.14704001905003711
1,0.90000000000000002,12,20,0.050228931988089184,0.15067344282374817
1,0.90000000000000002,13,20,0.051170491330204675,0.15349787054068717
1,0.90000000000000002,14,20,0.051814665799260598,0.15543022269690726
1,0.90000000000000002,15,20,0.052141839186155406,0.15641165587998662
1,0.90000000000000002,16,20,0.052141839186155406,0.15641165587998662
1,0.90000000000000002,17,20,0.051814665799260598,0.15543022269690726
1,0.90000000000000002,18,20,0.051170491330204675,0.15349787054068717
1,0.90000000000000002,19,20,0.050228931988089184,0.15067344282374817
1,0.90000000000000002,20,20,0.049017683395149524,0.14704001905003711
1,0.90000000000000002,21,20,0.047570686615247104,0.14269941338805578
1,0.90000000000000002,22,20,0.04592603455109491,0.13776589441911258
1,0.90000000000000002,23,20,0.044123835780353289,0.13235977721349973
1,0.90000000000000002,24,20,0.042204227615861477,0.12660146303940692
1,0.90000000000000002,25,20,0.040205682177376099,0.12060635802846033
1,0.90000000000000002,26,20,0.038163691053009929,0.11448092750971575
1,0.90000000000000002,27,20,0.036109857391089017,0.10831997252659344
1,0.90000000000000002,28,20,0.0340713774481846,0.10220507461880197
1,0.90000000000000002,29,20,0.03207086103837227,0.096204057217848582
1,0.90000000000000002,30,20,0.03012642253615971,0.09037125863162955
1,0.90000000000000002,31,20,0.028251969003398481,0.084748396348568372
1,0.90000000000000002,0,21,0.027669954644146021,0.083002507996767047
1,0.90000000000000002,1,21,0.029479123607074224,0.088429533925944728
1,0.90000000000000002,2,21,0.031352992580176146,0.094050642685430591
1,0.90000000000000002,3,21,0.033277946516543234,0.099824992753999295
1,0.90000000000000002,4,21,0.035236412295150989,0.10569986944031422
1,0.90000000000000002,5,21,0.037206613889661712,0.11160995045442303
1,0.90000000000000002,6,21,0.039162515599880168,0.11747713561721636
1,0.90000000000000002,7,21,0.041074019524713137,0.12321113922680907
1,0.90000000000000002,8,21,0.042907477740473675,0.12871102645729279
1,0.90000000000000002,9,21,0.044626562416824528,0.13386782347524956
1,0.90000000000000002,10,21,0.046193506723515021,0.13856823983007299
1,0.90000000000000002,11,21,0.047570686615247104,0.14269941338805578
1,0.90000000000000002,12,21,0.048722462511276703,0.14615443488159138
1,0.90000000000000002,13,21,0.049617148163939244,0.14883825399133563
1,0.90000000000000002,14,21,0.050228931988089184,0.15067344282374817
1,0.90000000000000002,15,21,0.050539554702222718,0.15160522838846721
1,0.90000000000000002,16,21,0.050539554702222718,0.15160522838846721
1,0.90000000000000002,17,21,0.050228931988089184,0.15067344282374817
1,0.90000000000000002,18,21,0.049617148163939244,0.14883825399133563
1,0.90000000000000002,19,21,0.048722462511276703,0.14615443488159138
1,0.90000000000000002,20,21,0.047570686615247104,0.14269941338805578
1,0.90000000000000002,21,21,0.046193506723515021,0.13856823983007299
1,0.90000000000000002,22,21,0.044626562416824528,0.13386782347524956
1,0.90000000000000002,23,21,0.042907477740473675,0.12871102645729279
1,0.90000000000000002,24,21,0.041074019524713137,0.12321113922680907
1,0.90000000000000002,25,21,0.039162515599880168,0.11747713561721636
1,0.90000000000000002,26,21,0.037206613889661712,0.11160995045442303
1,0.90000000000000002,27,21,0.035236412295150989,0.10569986944031422
1,0.90000000000000002,28,21,0.033277946516543234,0.099824992753999295
1,0.90000000000000002,29,21,0.031352992580176146,0.094050642685430591
1,0.90000000000000002,30,21,0.029479123607074224,0.088429533925944728
1,0.90000000000000002,31,21,0.027669954644146021,0.083002507996767047
1,0.90000000000000002,0,22,0.026997475675922644,0.080985249867671139
1,0.90000000000000002,1,22,0.028732430721648092,0.086189653774683836
1,0.90000000000000002,2,22,0.030526262034163969,0.091570670830071407
1,0.90000000000000002,3,22,0.032365714149804548,0.097088538166743343
1,0.90000000000000002,4,22,0.034233851172121806,0.10269245259768911
1,0.90000000000000002,5,22,0.036109857391089017,0.10831997252659344
1,0.90000000000000002,6,22,0.037969015365509999,0.11389695220089074
1,0.90000000000000002,7,22,0.039782919901956711,0.11933818359169257
1,0.90000000000000002,8,22,0.041519980118778527,0.12454890245234392
1,0.90000000000000002,9,22,0.043146245309055364,0.12942726568773052
1,0.90000000000000002,10,22,0.044626562416824528,0.13386782347524956
1,0.90000000000000002,11,22,0.04592603455109491,0.13776589441911258
1,0.90000000000000002,12,22,0.047011704881119748,0.14102261678850772
1,0.90000000000000002,13,22,0.047854345279251344,0.14355031397066101
1,0.90000000000000002,14,22,0.048430193173423446,0.14527770456654884
1,0.90000000000000002,15,22,0.048722462511276703,0.14615443488159138
1,0.90000000000000002,16,22,0.048722462511276703,0.14615443488159138
1,0.90000000000000002,17,22,0.048430193173423446,0.14527770456654884
1,0.90000000000000002,18,22,0.047854345279251344,0.14355031397066101
1,0.90000000000000002,19,22,0.047011704881119748,0.14102261678850772
1,0.90000000000000002,20,22,0.04592603455109491,0.13776589441911258
1,0.90000000000000002,21,22,0.044626562416824528,0.13386782347524956
1,0.90000000000000002,22,22,0.043146245309055364,0.12942726568773052
1,0.90000000000000002,23,22,0.041519980118778527,0.12454890245234392
1,0.90000000000000002,24,22,0.039782919901956711,0.11933818359169257
1,0.90000000000000002,25,22,0.037969015365509999,0.11389695220089074
1,0.90000000000000002,26,22,0.036109857391089017,0.10831997252659344
1,0.90000000000000002,27,22,0.034233851172121806,0.10269245259768911
1,0.90000000000000002,28,22,0.032365714149804548,0.097088538166743343
1,0.90000000000000002,29,22,0.030526262034163969,0.091570670830071407
1,0.90000000000000002,30,22,0.028732430721648092,0.086189653774683836
1,0.90000000000000002,31,22,0.026997475675922644,0.080985249867671139
1,0.90000000000000002,0,23,0.0262466902687436,0.078733093239130414
1,0.90000000000000002,1,23,0.027900341318266728,0.083693606771845744
1,0.90000000000000002,2,23,0.029606718292637682,0.088812284062149471
1,0.90000000000000002,3,23,0.031352992580176146,0.094050642685430591
1,0.90000000000000002,4,23,0.033122951924260131,0.099360050181780235
1,0.90000000000000002,5,23,0.034896846301849367,0.10468126173253429
1,0.90000000000000002,6,23,0.036651399368347645,0.10994445449181792
1,0.90000000000000002,7,23,0.038360036022326238,0.11506991022021867
1,0.90000000000000002,8,23,0.03999337002919616,0.11996947802617075
1,0.90000000000000002,9,23,0.041519980118778527,0.12454890245234392
1,0.90000000000000002,10,23,0.042907477740473675,0.12871102645729279
1,0.90000000000000002,11,23,0.044123835780353289,0.13235977721349973
1,0.90000000000000002,12,23,0.045138908488695333,0.13540472548591354
1,0.90000000000000002,13,23,0.04592603455109491,0.13776589441911258
1,0.90000000000000002,14,23,0.046463585266922687,0.13937840366110379
1,0.90000000000000002,15,23,0.046736305877166574,0.14019649299026141
1,0.90000000000000002,16,23,0.046736305877166574,0.14019649299026141
1,0.90000000000000002,17,23,0.046463585266922687,0.13937840366110379
1,0.90000000000000002,18,23,0.04592603455109491,0.13776589441911258
1,0.90000000000000002,19,23,0.045138908488695333,0.13540472548591354
1,0.90000000000000002,20,23,0.044123835780353289,0.13235977721349973
1,0.90000000000000002,21,23,0.042907477740473675,0.12871102645729279
1,0.90000000000000002,22,23,0.041519980118778527,0.12454890245234392
1,0.90000000000000002,23,23,0.03999337002919616,0.11996947802617075
1,0.90000000000000002,24,23,0.038360036022326238,0.11506991022021867
1,0.90000000000000002,25,23,0.036651399368347645,0.10994445449181792
1,0.90000000000000002,26,23,0.034896846301849367,0.10468126173253429
1,0.90000000000000002,27,23,0.033122951924260131,0.099360050181780235
1,0.90000000000000002,28,23,0.031352992580176146,0.094050642685430591
1,0.90000000000000002,29,23,0.029606718292637682,0.088812284062149471
1,0.90000000000000002,30,23,0.027900341318266728,0.083693606771845744
1,0.90000000000000002,31,23,0.0262466902687436,0.078733093239130414
1,0.90000000000000002,0,24,0.025430356886463456,0.076284310110927109
1,0.90000000000000002,1,24,0.026997475675922644,0.080985249867671139
1,0.90000000000000002,2,24,0.028611045181496798,0.085825529424041605
1,0.90000000000000002,3,24,0.030258727787260215,0.090768139212162313
1,0.90000000000000002,4,24,0.031925109074367339,0.095766840073351983
1,0.90000000000000002,5,24,0.033591586756786251,0.10076583009485075
1,0.90000000000000002,6,24,0.035236412295150989,0.10569986944031422
1,0.90000000000000002,7,24,0.036834928047327221,0.11049499173846501
1,0.90000000000000002,8,24,0.038360036022326238,0.11506991022021867
1,0.90000000000000002,9,24,0.039782919901956711,0.11933818359169257
1,0.90000000000000002,10,24,0.041074019524713137,0.12321113922680907
1,0.90000000000000002,11,24,0.042204227615861477,0.12660146303940692
1,0.90000000000000002,12,24,0.043146245309055364,0.12942726568773052
1,0.90000000000000002,13,24,0.043876000993351517,0.13161633873828185
1,0.90000000000000002,14,24,0.044374012554395457,0.13311024102723185
1,0.90000000000000002,15,24,0.044626562416824528,0.13386782347524956
1,0.90000000000000002,16,24,0.044626562416824528,0.13386782347524956
1,0.90000000000000002,17,24,0.044374012554395457,0.13311024102723185
1,0.90000000000000002,18,24,0.043876000993351517,0.13161633873828185
1,0.90000000000000002,19,24,0.043146245309055364,0.12942726568773052
1,0.90000000000000002,20,24,0.042204227615861477,0.12660146303940692
1,0.90000000000000002,21,24,0.041074019524713137,0.12321113922680907
1,0.90000000000000002,22,24,0.039782919901956711,0.11933818359169257
1,0.90000000000000002,23,24,0.038360036022326238,0.11506991022021867
1,0.90000000000000002,24,24,0.036834928047327221,0.11049499173846501
1,0.90000000000000002,25,24,0.035236412295150989,0.10569986944031422
1,0.90000000000000002,26,24,0.033591586756786251,0.10076583009485075
1,0.90000000000000002,27,24,0.031925109074367339,0.095766840073351983
1,0.90000000000000002,28,24,0.030258727787260215,0.090768139212162313
1,0.90000000000000002,29,24,0.028611045181496798,0.085825529424041605
1,0.90000000000000002,30,24,0.026997475675922644,0.080985249867671139
1,0.90000000000000002,31,24,0.025430356886463456,0.076284310110927109
1,0.90000000000000002,0,25,0.024561388127506849,0.073677634845577655
1,0.90000000000000002,1,25,0.026038552060109854,0.078108733945855963
1,0.90000000000000002,2,25,0.027555947595922663,0.082660517160369013
1,0.90000000000000002,3,25,0.02910178625199937,0.087297622174195399
1,0.90000000000000002,4,25,0.030661511185384249,0.0919763823283406
1,0.90000000000000002,5,25,0.032217725422577205,0.096644611327213165
1,0.90000000000000002,6,25,0.033750259238900009,0.10124180535881096
1,0.90000000000000002,7,25,0.035236412295150989,0.10569986944031422
1,0.90000000000000002,8,25,0.036651399368347645,0.10994445449181792
1,0.90000000000000002,9,25,0.037969015365509999,0.11389695220089074
1,0.90000000000000002,10,25,0.039162515599880168,0.11747713561721636
1,0.90000000000000002,11,25,0.040205682177376099,0.12060635802846033
1,0.90000000000000002,12,25,0.041074019524713137,0.12321113922680907
1,0.90000000000000002,13,25,0.041745995830365541,0.1252268895018227
1,0.90000000000000002,14,25,0.042204227615861477,0.12660146303940692
1,0.90000000000000002,15,25,0.04243649678670449,0.12729820880419909
1,0.90000000000000002,16,25,0.04243649678670449,0.12729820880419909
1,0.90000000000000002,17,25,0.042204227615861477,0.12660146303940692
1,0.90000000000000002,18,25,0.041745995830365541,0.1252268895018227
1,0.90000000000000002,19,25,0.041074019524713137,0.12321113922680907
1,0.90000000000000002,20,25,0.040205682177376099,0.12060635802846033
1,0.90000000000000002,21,25,0.039162515599880168,0.11747713561721636
1,0.90000000000000002,22,25,0.037969015365509999,0.11389695220089074
1,0.90000000000000002,23,25,0.036651399368347645,0.10994445449181792
1,0.90000000000000002,24,25,0.035236412295150989,0.10569986944031422
1,0.90000000000000002,25,25,0.033750259238900009,0.10124180535881096
1,0.90000000000000002,26,25,0.032217725422577205,0.096644611327213165
1,0.90000000000000002,27,25,0.030661511185384249,0.0919763823283406
1,0.90000000000000002,28,25,0.02910178625199937,0.087297622174195399
1,0.90000000000000002,29,25,0.027555947595922663,0.082660517160369013
1,0.90000000000000002,30,25,0.026038552060109854,0.078108733945855963
1,0.90000000000000002,31,25,0.024561388127506849,0.073677634845577655
1,0.90000000000000002,0,26,0.023652451608802347,0.070951066926237566
1,0.90000000000000002,1,26,0.025037923075184855,0.075107113003892986
1,0.90000000000000002,2,26,0.026457616238503359,0.079365815074668888
1,0.90000000000000002,3,26,0.027900341318266728,0.083693606771845744
1,0.90000000000000002,4,26,0.02935244277698636,0.08804952511322231
1,0.90000000000000002,5,26,0.03079776201600613,0.09238509859852255
1,0.90000000000000002,6,26,0.032217725422577205,0.096644611327213165
1,0.90000000000000002,7,26,0.033591586756786251,0.10076583009485075
1,0.90000000000000002,8,26,0.034896846301849367,0.10468126173253429
1,0.90000000000000002,9,26,0.036109857391089017,0.10831997252659344
1,0.90000000000000002,10,26,0.037206613889661712,0.11160995045442303
1,0.90000000000000002,11,26,0.038163691053009929,0.11448092750971575
1,0.90000000000000002,12,26,0.038959289269011342,0.11686751065143557
1,0.90000000000000002,13,26,0.039574309013166241,0.11871240638360789
1,0.90000000000000002,14,26,0.03999337002919616,0.11996947802617075
1,0.90000000000000002,15,26,0.040205682177376099,0.12060635802846033
1,0.90000000000000002,16,26,0.040205682177376099,0.12060635802846033
1,0.90000000000000002,17,26,0.03999337002919616,0.11996947802617075
1,0.90000000000000002,18,26,0.039574309013166241,0.11871240638360789
1,0.90000000000000002,19,26,0.038959289269011342,0.11686751065143557
1,0.90000000000000002,20,26,0.038163691053009929,0.11448092750971575
1,0.90000000000000002,21,26,0.037206613889661712,0.11160995045442303
1,0.90000000000000002,22,26,0.036109857391089017,0.10831997252659344
1,0.90000000000000002,23,26,0.034896846301849367,0.10468126173253429
1,0.90000000000000002,24,26,0.033591586756786251,0.10076583009485075
1,0.90000000000000002,25,26,0.032217725422577205,0.096644611327213165
1,0.90000000000000002,26,26,0.03079776201600613,0.09238509859852255
1,0.90000000000000002,27,26,0.02935244277698636,0.08804952511322231
1,0.90000000000000002,28,26,0.027900341318266728,0.083693606771845744
1,0.90000000000000002,29,26,0.026457616238503359,0.079365815074668888
1,0.90000000000000002,30,26,0.025037923075184855,0.075107113003892986
1,0.90000000000000002,31,26,0.023652451608802347,0.070951066926237566
1,0.90000000000000002,0,27,0.022715634114255531,0.06814086349140526
1,0.90000000000000002,1,27,0.024009191790623979,0.072021192633895073
1,0.90000000000000002,2,27,0.025331291938749792,0.075987141603766489
1,0.90000000000000002,3,27,0.026671382525087339,0.08000705710559429
1,0.90000000000000002,4,27,0.028016736344515653,0.084042760907487024
1,0.90000000000000002,5,27,0.02935244277698636,0.08804952511322231
1,0.90000000000000002,6,27,0.030661511185384249,0.0919763823283406
1,0.90000000000000002,7,27,0.031925109074367339,0.095766840073351983
1,0.90000000000000002,8,27,0.033122951924260131,0.099360050181780235
1,0.90000000000000002,9,27,0.034233851172121806,0.10269245259768911
1,0.90000000000000002,10,27,0.035236412295150989,0.10569986944031422
1,0.90000000000000002,11,27,0.036109857391089017,0.10831997252659344
1,0.90000000000000002,12,27,0.036834928047327221,0.11049499173846501
1,0.90000000000000002,13,27,0.037394807480547944,0.1121744811966438
1,0.90000000000000002,14,27,0.037775989158559904,0.1133179248952081
1,0.90000000000000002,15,27,0.037969015365509999,0.11389695220089074
1,0.90000000000000002,16,27,0.037969015365509999,0.11389695220089074
1,0.90000000000000002,17,27,0.037775989158559904,0.1133179248952081
1,0.90000000000000002,18,27,0.037394807480547944,0.1121744811966438
1,0.90000000000000002,19,27,0.036834928047327221,0.11049499173846501
1,0.90000000000000002,20,27,0.036109857391089017,0.10831997252659344
1,0.90000000000000002,21,27,0.035236412295150989,0.10569986944031422
1,0.90000000000000002,22,27,0.034233851172121806,0.10269245259768911
1,0.90000000000000002,23,27,0.033122951924260131,0.099360050181780235
1,0.90000000000000002,24,27,0.031925109074367339,0.095766840073351983
1,0.90000000000000002,25,27,0.030661511185384249,0.0919763823283406
1,0.90000000000000002,26,27,0.02935244277698636,0.08804952511322231
1,0.90000000000000002,27,27,0.028016736344515653,0.084042760907487024
1,0.90000000000000002,28,27,0.026671382525087339,0.08000705710559429
1,0.90000000000000002,29,27,0.025331291938749792,0.075987141603766489
1,0.90000000000000002,30,27,0.024009191790623979,0.072021192633895073
1,0.90000000000000002,31,27,0.022715634114255531,0.06814086349140526
1,0.90000000000000002,0,28,0.021762177844470956,0.065280748154204843
1,0.90000000000000002,1,28,0.022964916889014766,0.068888645544954344
1,0.90000000000000002,2,28,0.024190938889542404,0.072566385613983944
1,0.90000000000000002,3,28,0.025430356886463456,0.076284310110927109
1,0.90000000000000002,4,28,0.026671382525087339,0.08000705710559429
1,0.90000000000000002,5,28,0.027900341318266728,0.083693606771845744
1,0.90000000000000002,6,28,0.02910178625199937,0.087297622174195399
1,0.90000000000000002,7,28,0.030258727787260215,0.090768139212162313
1,0.90000000000000002,8,28,0.031352992580176146,0.094050642685430591
1,0.90000000000000002,9,28,0.032365714149804548,0.097088538166743343
1,0.90000000000000002,10,28,0.033277946516543234,0.099824992753999295
1,0.90000000000000002,11,28,0.0340713774481846,0.10220507461880197
1,0.90000000000000002,12,28,0.034729103051034257,0.10417807657389398
1,0.90000000000000002,13,28,0.035236412295150989,0.10569986944031422
1,0.90000000000000002,14,28,0.035581521183333381,0.10673510435918224
1,0.90000000000000002,15,28,0.035756193911100437,0.10725907610650744
1,0.90000000000000002,16,28,0.035756193911100437,0.10725907610650744
1,0.90000000000000002,17,28,0.035581521183333381,0.10673510435918224
1,0.90000000000000002,18,28,0.035236412295150989,0.10569986944031422
1,0.90000000000000002,19,28,0.034729103051034257,0.10417807657389398
1,0.90000000000000002,20,28,0.0340713774481846,0.10220507461880197
1,0.90000000000000002,21,28,0.033277946516543234,0.099824992753999295
1,0.90000000000000002,22,28,0.032365714149804548,0.097088538166743343
1,0.90000000000000002,23,28,0.031352992580176146,0.094050642685430591
1,0.90000000000000002,24,28,0.030258727787260215,0.090768139212162313
1,0.90000000000000002,25,28,0.02910178625199937,0.087297622174195399
1,0.90000000000000002,26,28,0.027900341318266728,0.083693606771845744
1,0.90000000000000002,27,28,0.026671382525087339,0.08000705710559429
1,0.90000000000000002,28,28,0.025430356886463456,0.076284310110927109
1,0.90000000000000002,29,28,0.024190938889542404,0.072566385613983944
1,0.90000000000000002,30,28,0.022964916889014766,0.068888645544954344
1,0.90000000000000002,31,28,0.021762177844470956,0.065280748154204843
1,0.90000000000000002,0,29,0.020802290849532671,0.062401342351123282
1,0.90000000000000002,1,29,0.021916407765154647,0.06574339691491024
1,0.90000000000000002,2,29,0.023049026000740817,0.069140950520095293
1,0.90000000000000002,3,29,0.024190938889542404,0.072566385613983944
1,0.90000000000000002,4,29,0.025331291938749792,0.075987141603766489
1,0.90000000000000002,5,29,0.026457616238503359,0.079365815074668888
1,0.90000000000000002,6,29,0.027555947595922663,0.082660517160369013
1,0.90000000000000002,7,29,0.028611045181496798,0.085825529424041605
1,0.90000000000000002,8,29,0.029606718292637682,0.088812284062149471
1,0.90000000000000002,9,29,0.030526262034163969,0.091570670830071407
1,0.90000000000000002,10,29,0.031352992580176146,0.094050642685430591
1,0.90000000000000002,11,29,0.03207086103837227,0.096204057217848582
1,0.90000000000000002,12,29,0.032665113151424625,0.097986655577696605
1,0.90000000000000002,13,29,0.033122951924260131,0.099360050181780235
1,0.90000000000000002,14,29,0.033434153686491636,0.10029357273685581
1,0.90000000000000002,15,29,0.033591586756786251,0.10076583009485075
1,0.90000000000000002,16,29,0.033591586756786251,0.10076583009485075
1,0.90000000000000002,17,29,0.033434153686491636,0.10029357273685581
1,0.90000000000000002,18,29,0.033122951924260131,0.099360050181780235
1,0.90000000000000002,19,29,0.032665113151424625,0.097986655577696605
1,0.90000000000000002,20,29,0.03207086103837227,0.096204057217848582
1,0.90000000000000002,21,29,0.031352992580176146,0.094050642685430591
1,0.90000000000000002,22,29,0.030526262034163969,0.091570670830071407
1,0.90000000000000002,23,29,0.029606718292637682,0.088812284062149471
1,0.90000000000000002,24,29,0.028611045181496798,0.085825529424041605
1,0.90000000000000002,25,29,0.027555947595922663,0.082660517160369013
1,0.90000000000000002,26,29,0.026457616238503359,0.079365815074668888
1,0.90000000000000002,27,29,0.025331291938749792,0.075987141603766489
1,0.90000000000000002,28,29,0.024190938889542404,0.072566385613983944
1,0.90000000000000002,29,29,0.023049026000740817,0.069140950520095293
1,0.90000000000000002,30,29,0.021916407765154647,0.06574339691491024
1,0.90000000000000002,31,29,0.020802290849532671,0.062401342351123282
1,0.90000000000000002,0,30,0.019845028196760178,0.059529808876869275
1,0.90000000000000002,1,30,0.020873603895224864,0.062615262529940499
1,0.90000000000000002,2,30,0.021916407765154647,0.06574339691491024
1,0.90000000000000002,3,30,0.022964916889014766,0.068888645544954344
1,0.90000000000000002,4,30,0.024009191790623979,0.072021192633895073
1,0.90000000000000002,5,30,0.025037923075184855,0.075107113003892986
1,0.90000000000000002,6,30,0.026038552060109854,0.078108733945855963
1,0.90000000000000002,7,30,0.026997475675922644,0.080985249867671139
1,0.90000000000000002,8,30,0.027900341318266728,0.083693606771845744
1,0.90000000000000002,9,30,0.028732430721648092,0.086189653774683836
1,0.90000000000000002,10,30,0.029479123607074224,0.088429533925944728
1,0.90000000000000002,11,30,0.03012642253615971,0.09037125863162955
1,0.90000000000000002,12,30,0.030661511185384249,0.0919763823283406
1,0.90000000000000002,13,30,0.031073310522829509,0.093211670865634796
1,0.90000000000000002,14,30,0.031352992580176146,0.094050642685430591
1,0.90000000000000002,15,30,0.031494410890253038,0.094474860020225898
1,0.90000000000000002,16,30,0.031494410890253038,0.094474860020225898
1,0.90000000000000002,17,30,0.031352992580176146,0.094050642685430591
1,0.90000000000000002,18,30,0.031073310522829509,0.093211670865634796
1,0.90000000000000002,19,30,0.030661511185384249,0.0919763823283406
1,0.90000000000000002,20,30,0.03012642253615971,0.09037125863162955
1,0.90000000000000002,21,30,0.029479123607074224,0.088429533925944728
1,0.90000000000000002,22,30,0.028732430721648092,0.086189653774683836
1,0.90000000000000002,23,30,0.027900341318266728,0.083693606771845744
1,0.90000000000000002,24,30,0.026997475675922644,0.080985249867671139
1,0.90000000000000002,25,30,0.026038552060109854,0.078108733945855963
1,0.90000000000000002,26,30,0.025037923075184855,0.075107113003892986
1,0.90000000000000002,27,30,0.024009191790623979,0.072021192633895073
1,0.90000000000000002,28,30,0.022964916889014766,0.068888645544954344
1,0.90000000000000002,29,30,0.021916407765154647,0.06574339691491024
1,0.90000000000000002,30,30,0.020873603895224864,0.062615262529940499
1,0.90000000000000002,31,30,0.019845028196760178,0.059529808876869275
1,0.90000000000000002,0,31,0.018898236414486118,0.056689685230475732
1,0.90000000000000002,1,31,0.019845028196760178,0.059529808876869275
1,0.90000000000000002,2,31,0.020802290849532671,0.062401342351123282
1,0.90000000000000002,3,31,0.021762177844470956,0.065280748154204843
1,0.90000000000000002,4,31,0.022715634114255531,0.06814086349140526
1,0.90000000000000002,5,31,0.023652451608802347,0.070951066926237566
1,0.90000000000000002,6,31,0.024561388127506849,0.073677634845577655
1,0.90000000000000002,7,31,0.025430356886463456,0.076284310110927109
1,0.90000000000000002,8,31,0.0262466902687436,0.078733093239130414
1,0.90000000000000002,9,31,0.026997475675922644,0.080985249867671139
1,0.90000000000000002,10,31,0.027669954644146021,0.083002507996767047
1,0.90000000000000002,11,31,0.028251969003398481,0.084748396348568372
1,0.90000000000000002,12,31,0.028732430721648092,0.086189653774683836
1,0.90000000000000002,13,31,0.02910178625199937,0.087297622174195399
1,0.90000000000000002,14,31,0.02935244277698636,0.08804952511322231
1,0.90000000000000002,15,31,0.029479123607074224,0.088429533925944728
1,0.90000000000000002,16,31,0.029479123607074224,0.088429533925944728
1,0.90000000000000002,17,31,0.02935244277698636,0.08804952511322231
1,0.90000000000000002,18,31,0.02910178625199937,0.087297622174195399
1,0.90000000000000002,19,31,0.028732430721648092,0.086189653774683836
1,0.90000000000000002,20,31,0.028251969003398481,0.084748396348568372
1,0.90000000000000002,21,31,0.027669954644146021,0.083002507996767047
1,0.90000000000000002,22,31,0.026997475675922644,0.080985249867671139
1,0.90000000000000002,23,31,0.0262466902687436,0.078733093239130414
1,0.90000000000000002,24,31,0.025430356886463456,0.076284310110927109
1,0.90000000000000002,25,31,0.024561388127506849,0.073677634845577655
1,0.90000000000000002,26,31,0.023652451608802347,0.070951066926237566
1,0.90000000000000002,27,31,0.022715634114255531,0.06814086349140526
1,0.90000000000000002,28,31,0.021762177844470956,0.065280748154204843
1,0.90000000000000002,29,31,0.020802290849532671,0.062401342351123282
1,0.90000000000000002,30,31,0.019845028196760178,0.059529808876869275
1,0.90000000000000002,31,31,0.018898236414486118,0.056689685230475732
1,1.1000000000000001,0,0,0.018898236414486118,0
1,1.1000000000000001,1,0,0.019845028196760178,0
1,1.1000000000000001,2,0,0.020802290849532671,0
1,1.1000000000000001,3,0,0.021762177844470956,0
1,1.1000000000000001,4,0,0.022715634114255531,0
1,1.1000000000000001,5,0,0.023652451608802347,0
1,1.1000000000000001,6,0,0.024561388127506849,0
1,1.1000000000000001,7,0,0.025430356886463456,0
1,1.1000000000000001,8,0,0.0262466902687436,0
1,1.1000000000000001,9,0,0.026997475675922644,0
1,1.1000000000000001,10,0,0.027669954644146021,0
1,1.1000000000000001,11,0,0.028251969003398481,0
1,1.1000000000000001,12,0,0.028732430721648092,0
1,1.1000000000000001,13,0,0.02910178625199937,0
1,1.1000000000000001,14,0,0.02935244277698636,0
1,1.1000000000000001,15,0,0.029479123607074224,0
1,1.1000000000000001,16,0,0.029479123607074224,0
1,1.1000000000000001,17,0,0.02935244277698636,0
1,1.1000000000000001,18,0,0.02910178625199937,0
1,1.1000000000000001,19,0,0.028732430721648092,0
1,1.1000000000000001,20,0,0.028251969003398481,0
1,1.1000000000000001,21,0,0.027669954644146021,0
1,1.1000000000000001,22,0,0.026997475675922644,0
1,1.1000000000000001,23,0,0.0262466902687436,0
1,1.1000000000000001,24,0,0.025430356886463456,0
1,1.1000000000000001,25,0,0.024561388127506849,0
1,1.1000000000000001,26,0,0.023652451608802347,0
1,1.1000000000000001,27,0,0.022715634114255531,0
1,1.1000000000000001,28,0,0.021762177844470956,0
1,1.1000000000000001,29,0,0.020802290849532671,0
1,1.1000000000000001,30,0,0.019845028196760178,0
1,1.1000000000000001,31,0,0.018898236414486118,0
1,1.1000000000000001,0,1,0.019845028196760178,0
1,1.1000000000000001,1,1,0.020873603895224864,0
1,1.1000000000000001,2,1,0.021916407765154647,0
1,1.1000000000000001,3,1,0.022964916889014766,0
1,1.1000000000000001,4,1,0.024009191790623979,0
1,1.1000000000000001,5,1,0.025037923075184855,0
1,1.1000000000000001,6,1,0.026038552060109854,0
1,1.1000000000000001,7,1,0.026997475675922644,0
1,1.1000000000000001,8,1,0.027900341318266728,0
1,1.1000000000000001,9,1,0.028732430721648092,0
1,1.1000000000000001,10,1,0.029479123607074224,0
1,1.1000000000000001,11,1,0.03012642253615971,0
1,1.1000000000000001,12,1,0.030661511185384249,0
1,1.1000000000000001,13,1,0.031073310522829509,0
1,1.1000000000000001,14,1,0.031352992580176146,0
1,1.1000000000000001,15,1,0.031494410890253038,0
1,1.1000000000000001,16,1,0.031494410890253038,0
1,1.1000000000000001,17,1,0.031352992580176146,0
1,1.1000000000000001,18,1,0.031073310522829509,0
1,1.1000000000000001,19,1,0.030661511185384249,0
1,1.1000000000000001,20,1,0.03012642253615971,0
1,1.1000000000000001,21,1,0.029479123607074224,0
1,1.1000000000000001,22,1,0.028732430721648092,0
1,1.1000000000000001,23,1,0.027900341318266728,0
1,1.1000000000000001,24,1,0.026997475675922644,0
1,1.1000000000000001,25,1,0.026038552060109854,0
1,1.1000000000000001,26,1,0.025037923075184855,0
1,1.1000000000000001,27,1,0.024009191790623979,0
1,1.1000000000000001,28,1,0.022964916889014766,0
1,1.1000000000000001,29,1,0.021916407765154647,0
1,1.1000000000000001,30,1,0.020873603895224864,0
1,1.1000000000000001,31,1,0.019845028196760178,0
1,1.1000000000000001,0,2,0.020802290849532671,0
1,1.1000000000000001,1,2,0.021916407765154647,0
1,1.1000000000000001,2,2,0.023049026000740817,0
1,1.1000000000000001,3,2,0.024190938889542404,0
1,1.1000000000000001,4,2,0.025331291938749792,0
1,1.1000000000000001,5,2,0.026457616238503359,0
1,1.1000000000000001,6,2,0.027555947595922663,0
1,1.1000000000000001,7,2,0.028611045181496798,0
1,1.1000000000000001,8,2,0.029606718292637682,0
1,1.1000000000000001,9,2,0.030526262034163969,0
1,1.1000000000000001,10,2,0.031352992580176146,0
1,1.1000000000000001,11,2,0.03207086103837227,0
1,1.1000000000000001,12,2,0.032665113151424625,0
1,1.1000000000000001,13,2,0.033122951924260131,0
1,1.1000000000000001,14,2,0.033434153686491636,0
1,1.1000000000000001,15,2,0.033591586756786251,0
1,1.1000000000000001,16,2,0.033591586756786251,0
1,1.1000000000000001,17,2,0.033434153686491636,0
1,1.1000000000000001,18,2,0.033122951924260131,0
1,1.1000000000000001,19,2,0.032665113151424625,0
1,1.1000000000000001,20,2,0.03207086103837227,0
1,1.1000000000000001,21,2,0.031352992580176146,0
1,1.1000000000000001,22,2,0.030526262034163969,0
1,1.1000000000000001,23,2,0.029606718292637682,0
1,1.1000000000000001,24,2,0.028611045181496798,0
1,1.1000000000000001,25,2,0.027555947595922663,0
1,1.1000000000000001,26,2,0.026457616238503359,0
1,1.1000000000000001,27,2,0.025331291938749792,0
1,1.1000000000000001,28,2,0.024190938889542404,0
1,1.1000000000000001,29,2,0.023049026000740817,0
1,1.1000000000000001,30,2,0.021916407765154647,0
1,1.1000000000000001,31,2,0.020802290849532671,0
1,1.1000000000000001,0,3,0.021762177844470956,0
1,1.1000000000000001,1,3,0.022964916889014766,0
1,1.1000000000000001,2,3,0.024190938889542404,0
1,1.1000000000000001,3,3,0.025430356886463456,0
1,1.1000000000000001,4,3,0.026671382525087339,0
1,1.1000000000000001,5,3,0.027900341318266728,0
1,1.1000000000000001,6,3,0.02910178625199937,0
1,1.1000000000000001,7,3,0.030258727787260215,0
1,1.1000000000000001,8,3,0.031352992580176146,0
1,1.1000000000000001,9,3,0.032365714149804548,0
1,1.1000000000000001,10,3,0.033277946516543234,0
1,1.1000000000000001,11,3,0.0340713774481846,0
1,1.1000000000000001,12,3,0.034729103051034257,0
1,1.1000000000000001,13,3,0.035236412295150989,0
1,1.1000000000000001,14,3,0.035581521183333381,0
1,1.1000000000000001,15,3,0.035756193911100437,0
1,1.1000000000000001,16,3,0.035756193911100437,0
1,1.1000000000000001,17,3,0.035581521183333381,0
1,1.1000000000000001,18,3,0.035236412295150989,0
1,1.1000000000000001,19,3,0.034729103051034257,0
1,1.1000000000000001,20,3,0.0340713774481846,0
1,1.1000000000000001,21,3,0.033277946516543234,0
1,1.1000000000000001,22,3,0.032365714149804548,0
1,1.1000000000000001,23,3,0.031352992580176146,0
1,1.1000000000000001,24,3,0.030258727787260215,0
1,1.1000000000000001,25,3,0.02910178625199937,0
1,1.1000000000000001,26,3,0.027900341318266728,0
1,1.1000000000000001,27,3,0.026671382525087339,0
1,1.1000000000000001,28,3,0.025430356886463456,0
1,1.1000000000000001,29,3,0.024190938889542404,0
1,1.1000000000000001,30,3,0.022964916889014766,0
1,1.1000000000000001,31,3,0.021762177844470956,0
1,1.1000000000000001,0,4,0.022715634114255531,0
1,1.1000000000000001,1,4,0.024009191790623979,0
1,1.1000000000000001,2,4,0.025331291938749792,0
1,1.1000000000000001,3,4,0.026671382525087339,0
1,1.1000000000000001,4,4,0.028016736344515653,0
1,1.1000000000000001,5,4,0.02935244277698636,0
1,1.1000000000000001,6,4,0.030661511185384249,0
1,1.1000000000000001,7,4,0.031925109074367339,0
1,1.1000000000000001,8,4,0.033122951924260131,0
1,1.1000000000000001,9,4,0.034233851172121806,0
1,1.1000000000000001,10,4,0.035236412295150989,0
1,1.1000000000000001,11,4,0.036109857391089017,0
1,1.1000000000000001,12,4,0.036834928047327221,0
1,1.1000000000000001,13,4,0.037394807480547944,0
1,1.1000000000000001,14,4,0.037775989158559904,0
1,1.1000000000000001,15,4,0.037969015365509999,0
1,1.1000000000000001,16,4,0.037969015365509999,0
1,1.1000000000000001,17,4,0.037775989158559904,0
1,1.1000000000000001,18,4,0.037394807480547944,0
1,1.1000000000000001,19,4,0.036834928047327221,0
1,1.1000000000000001,20,4,0.036109857391089017,0
1,1.1000000000000001,21,4,0.035236412295150989,0
1,1.1000000000000001,22,4,0.034233851172121806,0
1,1.1000000000000001,23,4,0.033122951924260131,0
1,1.1000000000000001,24,4,0.031925109074367339,0
1,1.1000000000000001,25,4,0.030661511185384249,0
1,1.1000000000000001,26,4,0.02935244277698636,0
1,1.1000000000000001,27,4,0.028016736344515653,0
1,1.1000000000000001,28,4,0.026671382525087339,0
1,1.1000000000000001,29,4,0.025331291938749792,0
1,1.1000000000000001,30,4,0.024009191790623979,0
1,1.1000000000000001,31,4,0.022715634114255531,0
1,1.1000000000000001,0,5,0.023652451608802347,0
1,1.1000000000000001,1,5,0.025037923075184855,0
1,1.1000000000000001,2,5,0.026457616238503359,0
1,1.1000000000000001,3,5,0.027900341318266728,0
1,1.1000000000000001,4,5,0.02935244277698636,0
1,1.1000000000000001,5,5,0.03079776201600613,0
1,1.1000000000000001,6,5,0.032217725422577205,0
1,1.1000000000000001,7,5,0.033591586756786251,0
1,1.1000000000000001,8,5,0.034896846301849367,0
1,1.1000000000000001,9,5,0.036109857391089017,0
1,1.1000000000000001,10,5,0.037206613889661712,0
1,1.1000000000000001,11,5,0.038163691053009929,0
1,1.1000000000000001,12,5,0.038959289269011342,0
1,1.1000000000000001,13,5,0.039574309013166241,0
1,1.1000000000000001,14,5,0.03999337002919616,0
1,1.1000000000000001,15,5,0.040205682177376099,0
1,1.1000000000000001,16,5,0.040205682177376099,0
1,1.1000000000000001,17,5,0.03999337002919616,0
1,1.1000000000000001,18,5,0.039574309013166241,0
1,1.1000000000000001,19,5,0.038959289269011342,0
1,1.1000000000000001,20,5,0.038163691053009929,0
1,1.1000000000000001,21,5,0.037206613889661712,0
1,1.1000000000000001,22,5,0.036109857391089017,0
1,1.1000000000000001,23,5,0.034896846301849367,0
1,1.1000000000000001,24,5,0.033591586756786251,0
1,1.1000000000000001,25,5,0.032217725422577205,0
1,1.1000000000000001,26,5,0.03079776201600613,0
1,1.1000000000000001,27,5,0.02935244277698636,0
1,1.1000000000000001,28,5,0.027900341318266728,0
1,1.1000000000000001,29,5,0.026457616238503359,0
1,1.1000000000000001,30,5,0.025037923075184855,0
1,1.1000000000000001,31,5,0.023652451608802347,0
1,1.1000000000000001,0,6,0.024561388127506849,0
1,1.1000000000000001,1,6,0.026038552060109854,0
1,1.1000000000000001,2,6,0.027555947595922663,0
1,1.1000000000000001,3,6,0.02910178625199937,0
1,1.1000000000000001,4,6,0.030661511185384249,0
1,1.1000000000000001,5,6,0.032217725422577205,0
1,1.1000000000000001,6,6,0.033750259238900009,0
1,1.1000000000000001,7,6,0.035236412295150989,0
1,1.1000000000000001,8,6,0.036651399368347645,0
1,1.1000000000000001,9,6,0.037969015365509999,0
1,1.1000000000000001,10,6,0.039162515599880168,0
1,1.1000000000000001,11,6,0.040205682177376099,0
1,1.1000000000000001,12,6,0.041074019524713137,0
1,1.1000000000000001,13,6,0.041745995830365541,0
1,1.1000000000000001,14,6,0.042204227615861477,0
1,1.1000000000000001,15,6,0.04243649678670449,0
1,1.1000000000000001,16,6,0.04243649678670449,0
1,1.1000000000000001,17,6,0.042204227615861477,0
1,1.1000000000000001,18,6,0.041745995830365541,0
1,1.1000000000000001,19,6,0.041074019524713137,0
1,1.1000000000000001,20,6,0.040205682177376099,0
1,1.1000000000000001,21,6,0.039162515599880168,0
1,1.1000000000000001,22,6,0.037969015365509999,0
1,1.1000000000000001,23,6,0.036651399368347645,0
1,1.1000000000000001,24,6,0.035236412295150989,0
1,1.1000000000000001,25,6,0.033750259238900009,0
1,1.1000000000000001,26,6,0.032217725422577205,0
1,1.1000000000000001,27,6,0.030661511185384249,0
1,1.1000000000000001,28,6,0.02910178625199937,0
1,1.1000000000000001,29,6,0.027555947595922663,0
1,1.1000000000000001,30,6,0.026038552060109854,0
1,1.1000000000000001,31,6,0.024561388127506849,0
1,1.1000000000000001,0,7,0.025430356886463456,0
1,1.1000000000000001,1,7,0.026997475675922644,0
1,1.1000000000000001,2,7,0.028611045181496798,0
1,1.1000000000000001,3,7,0.030258727787260215,0
1,1.1000000000000001,4,7,0.031925109074367339,0
1,1.1000000000000001,5,7,0.033591586756786251,0
1,1.1000000000000001,6,7,0.035236412295150989,0
1,1.1000000000000001,7,7,0.036834928047327221,0
1,1.1000000000000001,8,7,0.038360036022326238,0
1,1.1000000000000001,9,7,0.039782919901956711,0
1,1.1000000000000001,10,7,0.041074019524713137,0
1,1.1000000000000001,11,7,0.042204227615861477,0
1,1.1000000000000001,12,7,0.043146245309055364,0
1,1.1000000000000001,13,7,0.043876000993351517,0
1,1.1000000000000001,14,7,0.044374012554395457,0
1,1.1000000000000001,15,7,0.044626562416824528,0
1,1.1000000000000001,16,7,0.044626562416824528,0
1,1.1000000000000001,17,7,0.044374012554395457,0
1,1.1000000000000001,18,7,0.043876000993351517,0
1,1.1000000000000001,19,7,0.043146245309055364,0
1,1.1000000000000001,20,7,0.042204227615861477,0
1,1.1000000000000001,21,7,0.041074019524713137,0
1,1.1000000000000001,22,7,0.039782919901956711,0
1,1.1000000000000001,23,7,0.038360036022326238,0
1,1.1000000000000001,24,7,0.036834928047327221,0
1,1.1000000000000001,25,7,0.035236412295150989,0
1,1.1000000000000001,26,7,0.033591586756786251,0
1,1.1000000000000001,27,7,0.031925109074367339,0
1,1.1000000000000001,28,7,0.030258727787260215,0
1,1.1000000000000001,29,7,0.028611045181496798,0
1,1.1000000000000001,30,7,0.026997475675922644,0
1,1.1000000000000001,31,7,0.025430356886463456,0
1,1.1000000000000001,0,8,0.0262466902687436,0
1,1.1000000000000001,1,8,0.027900341318266728,0
1,1.1000000000000001,2,8,0.029606718292637682,0
1,1.1000000000000001,3,8,0.031352992580176146,0
1,1.1000000000000001,4,8,0.033122951924260131,0
1,1.1000000000000001,5,8,0.034896846301849367,0
1,1.1000000000000001,6,8,0.036651399368347645,0
1,1.1000000000000001,7,8,0.038360036022326238,0
1,1.1000000000000001,8,8,0.03999337002919616,0
1,1.1000000000000001,9,8,0.041519980118778527,0
1,1.1000000000000001,10,8,0.042907477740473675,0
1,1.1000000000000001,11,8,0.044123835780353289,0
1,1.1000000000000001,12,8,0.045138908488695333,0
1,1.1000000000000001,13,8,0.04592603455109491,0
1,1.1000000000000001,14,8,0.046463585266922687,0
1,1.1000000000000001,15,8,0.046736305877166574,0
1,1.1000000000000001,16,8,0.046736305877166574,0
1,1.1000000000000001,17,8,0.046463585266922687,0
1,1.1000000000000001,18,8,0.04592603455109491,0
1,1.1000000000000001,19,8,0.045138908488695333,0
1,1.1000000000000001,20,8,0.044123835780353289,0
1,1.1000000000000001,21,8,0.042907477740473675,0
1,1.1000000000000001,22,8,0.041519980118778527,0
1,1.1000000000000001,23,8,0.03999337002919616,0
1,1.1000000000000001,24,8,0.038360036022326238,0
1,1.1000000000000001,25,8,0.036651399368347645,0
1,1.1000000000000001,26,8,0.034896846301849367,0
1,1.1000000000000001,27,8,0.033122951924260131,0
1,1.1000000000000001,28,8,0.031352992580176146,0
1,1.1000000000000001,29,8,0.029606718292637682,0
1,1.1000000000000001,30,8,0.027900341318266728,0
1,1.1000000000000001,31,8,0.0262466902687436,0
1,1.1000000000000001,0,9,0.026997475675922644,0
1,1.1000000000000001,1,9,0.028732430721648092,0
1,1.1000000000000001,2,9,0.030526262034163969,0
1,1.1000000000000001,3,9,0.032365714149804548,0
1,1.1000000000000001,4,9,0.034233851172121806,0
1,1.1000000000000001,5,9,0.036109857391089017,0
1,1.1000000000000001,6,9,0.037969015365509999,0
1,1.1000000000000001,7,9,0.039782919901956711,0
1,1.1000000000000001,8,9,0.041519980118778527,0
1,1.1000000000000001,9,9,0.043146245309055364,0
1,1.1000000000000001,10,9,0.044626562416824528,0
1,1.1000000000000001,11,9,0.04592603455109491,0
1,1.1000000000000001,12,9,0.047011704881119748,0
1,1.1000000000000001,13,9,0.047854345279251344,0
1,1.1000000000000001,14,9,0.048430193173423446,0
1,1.1000000000000001,15,9,0.048722462511276703,0
1,1.1000000000000001,16,9,0.048722462511276703,0
1,1.1000000000000001,17,9,0.048430193173423446,0
1,1.1000000000000001,18,9,0.047854345279251344,0
1,1.1000000000000001,19,9,0.047011704881119748,0
1,1.1000000000000001,20,9,0.04592603455109491,0
1,1.1000000000000001,21,9,0.044626562416824528,0
1,1.1000000000000001,22,9,0.043146245309055364,0
1,1.1000000000000001,23,9,0.041519980118778527,0
1,1.1000000000000001,24,9,0.039782919901956711,0
1,1.1000000000000001,25,9,0.037969015365509999,0
1,1.1000000000000001,26,9,0.036109857391089017,0
1,1.1000000000000001,27,9,0.034233851172121806,0
1,1.1000000000000001,28,9,0.032365714149804548,0
1,1.1000000000000001,29,9,0.030526262034163969,0
1,1.1000000000000001,30,9,0.028732430721648092,0
1,1.1000000000000001,31,9,0.026997475675922644,0
1,1.1000000000000001,0,10,0.027669954644146021,0
1,1.1000000000000001,1,10,0.029479123607074224,0
1,1.1000000000000001,2,10,0.031352992580176146,0
1,1.1000000000000001,3,10,0.033277946516543234,0
1,1.1000000000000001,4,10,0.035236412295150989,0
1,1.1000000000000001,5,10,0.037206613889661712,0
1,1.1000000000000001,6,10,0.039162515599880168,0
1,1.1000000000000001,7,10,0.041074019524713137,0
1,1.1000000000000001,8,10,0.042907477740473675,0
1,1.1000000000000001,9,10,0.044626562416824528,0
1,1.1000000000000001,10,10,0.046193506723515021,0
1,1.1000000000000001,11,10,0.047570686615247104,0
1,1.1000000000000001,12,10,0.048722462511276703,0
1,1.1000000000000001,13,10,0.049617148163939244,0
1,1.1000000000000001,14,10,0.050228931988089184,0
1,1.1000000000000001,15,10,0.050539554702222718,0
1,1.1000000000000001,16,10,0.050539554702222718,0
1,1.1000000000000001,17,10,0.050228931988089184,0
1,1.1000000000000001,18,10,0.049617148163939244,0
1,1.1000000000000001,19,10,0.048722462511276703,0
1,1.1000000000000001,20,10,0.047570686615247104,0
1,1.1000000000000001,21,10,0.046193506723515021,0
1,1.1000000000000001,22,10,0.044626562416824528,0
1,1.1000000000000001,23,10,0.042907477740473675,0
1,1.1000000000000001,24,10,0.041074019524713137,0
1,1.1000000000000001,25,10,0.039162515599880168,0
1,1.1000000000000001,26,10,0.037206613889661712,0
1,1.1000000000000001,27,10,0.035236412295150989,0
1,1.1000000000000001,28,10,0.033277946516543234,0
1,1.1000000000000001,29,10,0.031352992580176146,0
1,1.1000000000000001,30,10,0.029479123607074224,0
1,1.1000000000000001,31,10,0.027669954644146021,0
1,1.1000000000000001,0,11,0.028251969003398481,0
1,1.1000000000000001,1,11,0.03012642253615971,0
1,1.1000000000000001,2,11,0.03207086103837227,0
1,1.1000000000000001,3,11,0.0340713774481846,0
1,1.1000000000000001,4,11,0.036109857391089017,0
1,1.1000000000000001,5,11,0.038163691053009929,0
1,1.1000000000000001,6,11,0.040205682177376099,0
1,1.1000000000000001,7,11,0.042204227615861477,0
1,1.1000000000000001,8,11,0.044123835780353289,0
1,1.1000000000000001,9,11,0.04592603455109491,0
1,1.1000000000000001,10,11,0.047570686615247104,0
1,1.1000000000000001,11,11,0.049017683395149524,0
1,1.1000000000000001,12,11,0.050228931988089184,0
1,1.1000000000000001,13,11,0.051170491330204675,0
1,1.1000000000000001,14,11,0.051814665799260598,0
1,1.1000000000000001,15,11,0.052141839186155406,0
1,1.1000000000000001,16,11,0.052141839186155406,0
1,1.1000000000000001,17,11,0.051814665799260598,0
1,1.1000000000000001,18,11,0.051170491330204675,0
1,1.1000000000000001,19,11,0.050228931988089184,0
1,1.1000000000000001,20,11,0.049017683395149524,0
1,1.1000000000000001,21,11,0.047570686615247104,0
1,1.1000000000000001,22,11,0.04592603455109491,0
1,1.1000000000000001,23,11,0.044123835780353289,0
1,1.1000000000000001,24,11,0.042204227615861477,0
1,1.1000000000000001,25,11,0.040205682177376099,0
1,1.1000000000000001,26,11,0.038163691053009929,0
1,1.1000000000000001,27,11,0.036109857391089017,0
1,1.1000000000000001,28,11,0.0340713774481846,0
1,1.1000000000000001,29,11,0.03207086103837227,0
1,1.1000000000000001,30,11,0.03012642253615971,0
1,1.1000000000000001,31,11,0.028251969003398481,0
1,1.1000000000000001,0,12,0.028732430721648092,0
1,1.1000000000000001,1,12,0.030661511185384249,0
1,1.1000000000000001,2,12,0.032665113151424625,0
1,1.1000000000000001,3,12,0.034729103051034257,0
1,1.1000000000000001,4,12,0.036834928047327221,0
1,1.1000000000000001,5,12,0.038959289269011342,0
1,1.1000000000000001,6,12,0.041074019524713137,0
1,1.1000000000000001,7,12,0.043146245309055364,0
1,1.1000000000000001,8,12,0.045138908488695333,0
1,1.1000000000000001,9,12,0.047011704881119748,0
1,1.1000000000000001,10,12,0.048722462511276703,0
1,1.1000000000000001,11,12,0.050228931988089184,0
1,1.1000000000000001,12,12,0.051490899671092195,0
1,1.1000000000000001,13,12,0.052472470244314368,0
1,1.1000000000000001,14,12,0.053144311862487068,0
1,1.1000000000000001,15,12,0.053485628153863402,0
1,1.1000000000000001,16,12,0.053485628153863402,0
1,1.1000000000000001,17,12,0.053144311862487068,0
1,1.1000000000000001,18,12,0.052472470244314368,0
1,1.1000000000000001,19,12,0.051490899671092195,0
1,1.1000000000000001,20,12,0.050228931988089184,0
1,1.1000000000000001,21,12,0.048722462511276703,0
1,1.1000000000000001,22,12,0.047011704881119748,0
1,1.1000000000000001,23,12,0.045138908488695333,0
1,1.1000000000000001,24,12,0.043146245309055364,0
1,1.1000000000000001,25,12,0.041074019524713137,0
1,1.1000000000000001,26,12,0.038959289269011342,0
1,1.1000000000000001,27,12,0.036834928047327221,0
1,1.1000000000000001,28,12,0.034729103051034257,0
1,1.1000000000000001,29,12,0.032665113151424625,0
1,1.1000000000000001,30,12,0.030661511185384249,0
1,1.1000000000000001,31,12,0.028732430721648092,0
1,1.1000000000000001,0,13,0.02910178625199937,0
1,1.1000000000000001,1,13,0.031073310522829509,0
1,1.1000000000000001,2,13,0.033122951924260131,0
1,1.1000000000000001,3,13,0.035236412295150989,0
1,1.1000000000000001,4,13,0.037394807480547944,0
1,1.1000000000000001,5,13,0.039574309013166241,0
1,1.1000000000000001,6,13,0.041745995830365541,0
1,1.1000000000000001,7,13,0.043876000993351517,0
1,1.1000000000000001,8,13,0.04592603455109491,0
1,1.1000000000000001,9,13,0.047854345279251344,0
1,1.1000000000000001,10,13,0.049617148163939244,0
1,1.1000000000000001,11,13,0.051170491330204675,0
1,1.1000000000000001,12,13,0.052472470244314368,0
1,1.1000000000000001,13,13,0.053485628153863402,0
1,1.1000000000000001,14,13,0.054179323739873615,0
1,1.1000000000000001,15,13,0.054531815037132399,0
1,1.1000000000000001,16,13,0.054531815037132399,0
1,1.1000000000000001,17,13,0.054179323739873615,0
1,1.1000000000000001,18,13,0.053485628153863402,0
1,1.1000000000000001,19,13,0.052472470244314368,0
1,1.1000000000000001,20,13,0.051170491330204675,0
1,1.1000000000000001,21,13,0.049617148163939244,0
1,1.1000000000000001,22,13,0.047854345279251344,0
1,1.1000000000000001,23,13,0.04592603455109491,0
1,1.1000000000000001,24,13,0.043876000993351517,0
1,1.1000000000000001,25,13,0.041745995830365541,0
1,1.1000000000000001,26,13,0.039574309013166241,0
1,1.1000000000000001,27,13,0.037394807480547944,0
1,1.1000000000000001,28,13,0.035236412295150989,0
1,1.1000000000000001,29,13,0.033122951924260131,0
1,1.1000000000000001,30,13,0.031073310522829509,0
1,1.1000000000000001,31,13,0.02910178625199937,0
1,1.1000000000000001,0,14,0.02935244277698636,0
1,1.1000000000000001,1,14,0.031352992580176146,0
1,1.1000000000000001,2,14,0.033434153686491636,0
1,1.1000000000000001,3,14,0.035581521183333381,0
1,1.1000000000000001,4,14,0.037775989158559904,0
1,1.1000000000000001,5,14,0.03999337002919616,0
1,1.1000000000000001,6,14,0.042204227615861477,0
1,1.1000000000000001,7,14,0.044374012554395457,0
1,1.1000000000000001,8,14,0.046463585266922687,0
1,1.1000000000000001,9,14,0.048430193173423446,0
1,1.1000000000000001,10,14,0.050228931988089184,0
1,1.1000000000000001,11,14,0.051814665799260598,0
1,1.1000000000000001,12,14,0.053144311862487068,0
1,1.1000000000000001,13,14,0.054179323739873615,0
1,1.1000000000000001,14,14,0.054888145169027305,0
1,1.1000000000000001,15,14,0.055248372921586693,0
1,1.1000000000000001,16,14,0.055248372921586693,0
1,1.1000000000000001,17,14,0.054888145169027305,0
1,1.1000000000000001,18,14,0.054179323739873615,0
1,1.1000000000000001,19,14,0.053144311862487068,0
1,1.1000000000000001,20,14,0.051814665799260598,0
1,1.1000000000000001,21,14,0.050228931988089184,0
1,1.1000000000000001,22,14,0.048430193173423446,0
1,1.1000000000000001,23,14,0.046463585266922687,0
1,1.1000000000000001,24,14,0.044374012554395457,0
1,1.1000000000000001,25,14,0.042204227615861477,0
1,1.1000000000000001,26,14,0.03999337002919616,0
1,1.1000000000000001,27,14,0.037775989158559904,0
1,1.1000000000000001,28,14,0.035581521183333381,0
1,1.1000000000000001,29,14,0.033434153686491636,0
1,1.1000000000000001,30,14,0.031352992580176146,0
1,1.1000000000000001,31,14,0.02935244277698636,0
1,1.1000000000000001,0,15,0.029479123607074224,0
1,1.1000000000000001,1,15,0.031494410890253038,0
1,1.1000000000000001,2,15,0.033591586756786251,0
1,1.1000000000000001,3,15,0.035756193911100437,0
1,1.1000000000000001,4,15,0.037969015365509999,0
1,1.1000000000000001,5,15,0.040205682177376099,0
1,1.1000000000000001,6,15,0.04243649678670449,0
1,1.1000000000000001,7,15,0.044626562416824528,0
1,1.1000000000000001,8,15,0.046736305877166574,0
1,1.1000000000000001,9,15,0.048722462511276703,0
1,1.1000000000000001,10,15,0.050539554702222718,0
1,1.1000000000000001,11,15,0.052141839186155406,0
1,1.1000000000000001,12,15,0.053485628153863402,0
1,1.1000000000000001,13,15,0.054531815037132399,0
1,1.1000000000000001,14,15,0.055248372921586693,0
1,1.1000000000000001,15,15,0.055612558243350464,0
1,1.1000000000000001,16,15,0.055612558243350464,0
1,1.1000000000000001,17,15,0.055248372921586693,0
1,1.1000000000000001,18,15,0.054531815037132399,0
1,1.1000000000000001,19,15,0.053485628153863402,0
1,1.1000000000000001,20,15,0.052141839186155406,0
1,1.1000000000000001,21,15,0.050539554702222718,0
1,1.1000000000000001,22,15,0.048722462511276703,0
1,1.1000000000000001,23,15,0.046736305877166574,0
1,1.1000000000000001,24,15,0.044626562416824528,0
1,1.1000000000000001,25,15,0.04243649678670449,0
1,1.1000000000000001,26,15,0.040205682177376099,0
1,1.1000000000000001,27,15,0.037969015365509999,0
1,1.1000000000000001,28,15,0.035756193911100437,0
1,1.1000000000000001,29,15,0.033591586756786251,0
1,1.1000000000000001,30,15,0.031494410890253038,0
1,1.1000000000000001,31,15,0.029479123607074224,0
1,1.1000000000000001,0,16,0.029479123607074224,0
1,1.1000000000000001,1,16,0.031494410890253038,0
1,1.1000000000000001,2,16,0.033591586756786251,0
1,1.1000000000000001,3,16,0.035756193911100437,0
1,1.1000000000000001,4,16,0.037969015365509999,0
1,1.1000000000000001,5,16,0.040205682177376099,0
1,1.1000000000000001,6,16,0.04243649678670449,0
1,1.1000000000000001,7,16,0.044626562416824528,0
1,1.1000000000000001,8,16,0.046736305877166574,0
1,1.1000000000000001,9,16,0.048722462511276703,0
1,1.1000000000000001,10,16,0.050539554702222718,0
1,1.1000000000000001,11,16,0.052141839186155406,0
1,1.1000000000000001,12,16,0.053485628153863402,0
1,1.1000000000000001,13,16,0.054531815037132399,0
1,1.1000000000000001,14,16,0.055248372921586693,0
1,1.1000000000000001,15,16,0.055612558243350464,0
1,1.1000000000000001,16,16,0.055612558243350464,0
1,1.1000000000000001,17,16,0.055248372921586693,0
1,1.1000000000000001,18,16,0.054531815037132399,0
1,1.1000000000000001,19,16,0.053485628153863402,0
1,1.1000000000000001,20,16,0.052141839186155406,0
1,1.1000000000000001,21,16,0.050539554702222718,0
1,1.1000000000000001,22,16,0.048722462511276703,0
1,1.1000000000000001,23,16,0.046736305877166574,0
1,1.1000000000000001,24,16,0.044626562416824528,0
1,1.1000000000000001,25,16,0.04243649678670449,0
1,1.1000000000000001,26,16,0.040205682177376099,0
1,1.1000000000000001,27,16,0.037969015365509999,0
1,1.1000000000000001,28,16,0.035756193911100437,0
1,1.1000000000000001,29,16,0.033591586756786251,0
1,1.1000000000000001,30,16,0.031494410890253038,0
1,1.1000000000000001,31,16,0.029479123607074224,0
1,1.1000000000000001,0,17,0.02935244277698636,0
1,1.1000000000000001,1,17,0.031352992580176146,0
1,1.1000000000000001,2,17,0.033434153686491636,0
1,1.1000000000000001,3,17,0.035581521183333381,0
1,1.1000000000000001,4,17,0.037775989158559904,0
1,1.1000000000000001,5,17,0.03999337002919616,0
1,1.1000000000000001,6,17,0.042204227615861477,0
1,1.1000000000000001,7,17,0.044374012554395457,0
1,1.1000000000000001,8,17,0.046463585266922687,0
1,1.1000000000000001,9,17,0.048430193173423446,0
1,1.1000000000000001,10,17,0.050228931988089184,0
1,1.1000000000000001,11,17,0.051814665799260598,0
1,1.1000000000000001,12,17,0.053144311862487068,0
1,1.1000000000000001,13,17,0.054179323739873615,0
1,1.1000000000000001,14,17,0.054888145169027305,0
1,1.1000000000000001,15,17,0.055248372921586693,0
1,1.1000000000000001,16,17,0.055248372921586693,0
1,1.1000000000000001,17,17,0.054888145169027305,0
1,1.1000000000000001,18,17,0.054179323739873615,0
1,1.1000000000000001,19,17,0.053144311862487068,0
1,1.1000000000000001,20,17,0.051814665799260598,0
1,1.1000000000000001,21,17,0.050228931988089184,0
1,1.1000000000000001,22,17,0.048430193173423446,0
1,1.1000000000000001,23,17,0.046463585266922687,0
1,1.1000000000000001,24,17,0.044374012554395457,0
1,1.1000000000000001,25,17,0.042204227615861477,0
1,1.1000000000000001,26,17,0.03999337002919616,0
1,1.1000000000000001,27,17,0.037775989158559904,0
1,1.1000000000000001,28,17,0.035581521183333381,0
1,1.1000000000000001,29,17,0.033434153686491636,0
1,1.1000000000000001,30,17,0.031352992580176146,0
1,1.1000000000000001,31,17,0.02935244277698636,0
1,1.1000000000000001,0,18,0.02910178625199937,0
1,1.1000000000000001,1,18,0.031073310522829509,0
1,1.1000000000000001,2,18,0.033122951924260131,0
1,1.1000000000000001,3,18,0.035236412295150989,0
1,1.1000000000000001,4,18,0.037394807480547944,0
1,1.1000000000000001,5,18,0.039574309013166241,0
1,1.1000000000000001,6,18,0.041745995830365541,0
1,1.1000000000000001,7,18,0.043876000993351517,0
1,1.1000000000000001,8,18,0.04592603455109491,0
1,1.1000000000000001,9,18,0.047854345279251344,0
1,1.1000000000000001,10,18,0.049617148163939244,0
1,1.1000000000000001,11,18,0.051170491330204675,0
1,1.1000000000000001,12,18,0.052472470244314368,0
1,1.1000000000000001,13,18,0.053485628153863402,0
1,1.1000000000000001,14,18,0.054179323739873615,0
1,1.1000000000000001,15,18,0.054531815037132399,0
1,1.1000000000000001,16,18,0.054531815037132399,0
1,1.1000000000000001,17,18,0.054179323739873615,0
1,1.1000000000000001,18,18,0.053485628153863402,0
1,1.1000000000000001,19,18,0.052472470244314368,0
1,1.1000000000000001,20,18,0.051170491330204675,0
1,1.1000000000000001,21,18,0.049617148163939244,0
1,1.1000000000000001,22,18,0.047854345279251344,0
1,1.1000000000000001,23,18,0.04592603455109491,0
1,1.1000000000000001,24,18,0.043876000993351517,0
1,1.1000000000000001,25,18,0.041745995830365541,0
1,1.1000000000000001,26,18,0.039574309013166241,0
1,1.1000000000000001,27,18,0.037394807480547944,0
1,1.1000000000000001,28,18,0.035236412295150989,0
1,1.1000000000000001,29,18,0.033122951924260131,0
1,1.1000000000000001,30,18,0.031073310522829509,0
1,1.1000000000000001,31,18,0.02910178625199937,0
1,1.1000000000000001,0,19,0.028732430721648092,0
1,1.1000000000000001,1,19,0.030661511185384249,0
1,1.1000000000000001,2,19,0.032665113151424625,0
1,1.1000000000000001,3,19,0.034729103051034257,0
1,1.1000000000000001,4,19,0.036834928047327221,0
1,1.1000000000000001,5,19,0.038959289269011342,0
1,1.1000000000000001,6,19,0.041074019524713137,0
1,1.1000000000000001,7,19,0.043146245309055364,0
1,1.1000000000000001,8,19,0.045138908488695333,0
1,1.1000000000000001,9,19,0.047011704881119748,0
1,1.1000000000000001,10,19,0.048722462511276703,0
1,1.1000000000000001,11,19,0.050228931988089184,0
1,1.1000000000000001,12,19,0.051490899671092195,0
1,1.1000000000000001,13,19,0.052472470244314368,0
1,1.1000000000000001,14,19,0.053144311862487068,0
1,1.1000000000000001,15,19,0.053485628153863402,0
1,1.1000000000000001,16,19,0.053485628153863402,0
1,1.1000000000000001,17,19,0.053144311862487068,0
1,1.1000000000000001,18,19,0.052472470244314368,0
1,1.1000000000000001,19,19,0.051490899671092195,0
1,1.1000000000000001,20,19,0.050228931988089184,0
1,1.1000000000000001,21,19,0.048722462511276703,0
1,1.1000000000000001,22,19,0.047011704881119748,0
1,1.1000000000000001,23,19,0.045138908488695333,0
1,1.1000000000000001,24,19,0.043146245309055364,0
1,1.1000000000000001,25,19,0.041074019524713137,0
1,1.1000000000000001,26,19,0.038959289269011342,0
1,1.1000000000000001,27,19,0.036834928047327221,0
1,1.1000000000000001,28,19,0.034729103051034257,0
1,1.1000000000000001,29,19,0.032665113151424625,0
1,1.1000000000000001,30,19,0.030661511185384249,0
1,1.1000000000000001,31,19,0.028732430721648092,0
1,1.1000000000000001,0,20,0.028251969003398481,0
1,1.1000000000000001,1,20,0.03012642253615971,0
1,1.1000000000000001,2,20,0.03207086103837227,0
1,1.1000000000000001,3,20,0.0340713774481846,0
1,1.1000000000000001,4,20,0.036109857391089017,0
1,1.1000000000000001,5,20,0.038163691053009929,0
1,1.1000000000000001,6,20,0.040205682177376099,0
1,1.1000000000000001,7,20,0.042204227615861477,0
1,1.1000000000000001,8,20,0.044123835780353289,0
1,1.1000000000000001,9,20,0.04592603455109491,0
1,1.1000000000000001,10,20,0.047570686615247104,0
1,1.1000000000000001,11,20,0.049017683395149524,0
1,1.1000000000000001,12,20,0.050228931988089184,0
1,1.1000000000000001,13,20,0.051170491330204675,0
1,1.1000000000000001,14,20,0.051814665799260598,0
1,1.1000000000000001,15,20,0.052141839186155406,0
1,1.1000000000000001,16,20,0.052141839186155406,0
1,1.1000000000000001,17,20,0.051814665799260598,0
1,1.1000000000000001,18,20,0.051170491330204675,0
1,1.1000000000000001,19,20,0.050228931988089184,0
1,1.1000000000000001,20,20,0.049017683395149524,0
1,1.1000000000000001,21,20,0.047570686615247104,0
1,1.1000000000000001,22,20,0.04592603455109491,0
1,1.1000000000000001,23,20,0.044123835780353289,0
1,1.1000000000000001,24,20,0.042204227615861477,0
1,1.1000000000000001,25,20,0.040205682177376099,0
1,1.1000000000000001,26,20,0.038163691053009929,0
1,1.1000000000000001,27,20,0.036109857391089017,0
1,1.1000000000000001,28,20,0.0340713774481846,0
1,1.1000000000000001,29,20,0.03207086103837227,0
1,1.1000000000000001,30,20,0.03012642253615971,0
1,1.1000000000000001,31,20,0.028251969003398481,0
1,1.1000000000000001,0,21,0.027669954644146021,0
1,1.1000000000000001,1,21,0.029479123607074224,0
1,1.1000000000000001,2,21,0.031352992580176146,0
1,1.1000000000000001,3,21,0.033277946516543234,0
1,1.1000000000000001,4,21,0.035236412295150989,0
1,1.1000000000000001,5,21,0.037206613889661712,0
1,1.1000000000000001,6,21,0.039162515599880168,0
1,1.1000000000000001,7,21,0.041074019524713137,0
1,1.1000000000000001,8,21,0.042907477740473675,0
1,1.1000000000000001,9,21,0.044626562416824528,0
1,1.1000000000000001,10,21,0.046193506723515021,0
1,1.1000000000000001,11,21,0.047570686615247104,0
1,1.1000000000000001,12,21,0.048722462511276703,0
1,1.1000000000000001,13,21,0.049617148163939244,0
1,1.1000000000000001,14,21,0.050228931988089184,0
1,1.1000000000000001,15,21,0.050539554702222718,0
1,1.1000000000000001,16,21,0.050539554702222718,0
1,1.1000000000000001,17,21,0.050228931988089184,0
1,1.1000000000000001,18,21,0.049617148163939244,0
1,1.1000000000000001,19,21,0.048722462511276703,0
1,1.1000000000000001,20,21,0.047570686615247104,0
1,1.1000000000000001,21,21,0.046193506723515021,0
1,1.1000000000000001,22,21,0.044626562416824528,0
1,1.1000000000000001,23,21,0.042907477740473675,0
1,1.1000000000000001,24,21,0.041074019524713137,0
1,1.1000000000000001,25,21,0.039162515599880168,0
1,1.1000000000000001,26,21,0.037206613889661712,0
1,1.1000000000000001,27,21,0.035236412295150989,0
1,1.1000000000000001,28,21,0.033277946516543234,0
1,1.1000000000000001,29,21,0.031352992580176146,0
1,1.1000000000000001,30,21,0.029479123607074224,0
1,1.1000000000000001,31,21,0.027669954644146021,0
1,1.1000000000000001,0,22,0.026997475675922644,0
1,1.1000000000000001,1,22,0.028732430721648092,0
1,1.1000000000000001,2,22,0.030526262034163969,0
1,1.1000000000000001,3,22,0.032365714149804548,0
1,1.1000000000000001,4,22,0.034233851172121806,0
1,1.1000000000000001,5,22,0.036109857391089017,0
1,1.1000000000000001,6,22,0.037969015365509999,0
1,1.1000000000000001,7,22,0.039782919901956711,0
1,1.1000000000000001,8,22,0.041519980118778527,0
1,1.1000000000000001,9,22,0.043146245309055364,0
1,1.1000000000000001,10,22,0.044626562416824528,0
1,1.1000000000000001,11,22,0.04592603455109491,0
1,1.1000000000000001,12,22,0.047011704881119748,0
1,1.1000000000000001,13,22,0.047854345279251344,0
1,1.1000000000000001,14,22,0.048430193173423446,0
1,1.1000000000000001,15,22,0.048722462511276703,0
1,1.1000000000000001,16,22,0.048722462511276703,0
1,1.1000000000000001,17,22,0.048430193173423446,0
1,1.1000000000000001,18,22,0.047854345279251344,0
1,1.1000000000000001,19,22,0.047011704881119748,0
1,1.1000000000000001,20,22,0.04592603455109491,0
1,1.1000000000000001,21,22,0.044626562416824528,0
1,1.1000000000000001,22,22,0.043146245309055364,0
1,1.1000000000000001,23,22,0.041519980118778527,0
1,1.1000000000000001,24,22,0.039782919901956711,0
1,1.1000000000000001,25,22,0.037969015365509999,0
1,1.1000000000000001,26,22,0.036109857391089017,0
1,1.1000000000000001,27,22,0.034233851172121806,0
1,1.1000000000000001,28,22,0.032365714149804548,0
1,1.1000000000000001,29,22,0.030526262034163969,0
1,1.1000000000000001,30,22,0.028732430721648092,0
1,1.1000000000000001,31,22,0.026997475675922644,0
1,1.1000000000000001,0,23,0.0262466902687436,0
1,1.1000000000000001,1,23,0.027900341318266728,0
1,1.1000000000000001,2,23,0.029606718292637682,0
1,1.1000000000000001,3,23,0.031352992580176146,0
1,1.1000000000000001,4,23,0.033122951924260131,0
1,1.1000000000000001,5,23,0.034896846301849367,0
1,1.1000000000000001,6,23,0.036651399368347645,0
1,1.1000000000000001,7,23,0.038360036022326238,0
1,1.1000000000000001,8,23,0.03999337002919616,0
1,1.1000000000000001,9,23,0.041519980118778527,0
1,1.1000000000000001,10,23,0.042907477740473675,0
1,1.1000000000000001,11,23,0.044123835780353289,0
1,1.1000000000000001,12,23,0.045138908488695333,0
1,1.1000000000000001,13,23,0.04592603455109491,0
1,1.1000000000000001,14,23,0.046463585266922687,0
1,1.1000000000000001,15,23,0.046736305877166574,0
1,1.1000000000000001,16,23,0.046736305877166574,0
1,1.1000000000000001,17,23,0.046463585266922687,0
1,1.1000000000000001,18,23,0.04592603455109491,0
1,1.1000000000000001,19,23,0.045138908488695333,0
1,1.1000000000000001,20,23,0.044123835780353289,0
1,1.1000000000000001,21,23,0.042907477740473675,0
1,1.1000000000000001,22,23,0.041519980118778527,0
1,1.1000000000000001,23,23,0.03999337002919616,0
1,1.1000000000000001,24,23,0.038360036022326238,0
1,1.1000000000000001,25,23,0.036651399368347645,0
1,1.1000000000000001,26,23,0.034896846301849367,0
1,1.1000000000000001,27,23,0.033122951924260131,0
1,1.1000000000000001,28,23,0.031352992580176146,0
1,1.1000000000000001,29,23,0.029606718292637682,0
1,1.1000000000000001,30,23,0.027900341318266728,0
1,1.1000000000000001,31,23,0.0262466902687436,0
1,1.1000000000000001,0,24,0.025430356886463456,0
1,1.1000000000000001,1,24,0.026997475675922644,0
1,1.1000000000000001,2,24,0.028611045181496798,0
1,1.1000000000000001,3,24,0.030258727787260215,0
1,1.1000000000000001,4,24,0.031925109074367339,0
1,1.1000000000000001,5,24,0.033591586756786251,0
1,1.1000000000000001,6,24,0.035236412295150989,0
1,1.1000000000000001,7,24,0.036834928047327221,0
1,1.1000000000000001,8,24,0.038360036022326238,0
1,1.1000000000000001,9,24,0.039782919901956711,0
1,1.1000000000000001,10,24,0.041074019524713137,0
1,1.1000000000000001,11,24,0.042204227615861477,0
1,1.1000000000000001,12,24,0.043146245309055364,0
1,1.1000000000000001,13,24,0.043876000993351517,0
1,1.1000000000000001,14,24,0.044374012554395457,0
1,1.1000000000000001,15,24,0.044626562416824528,0
1,1.1000000000000001,16,24,0.044626562416824528,0
1,1.1000000000000001,17,24,0.044374012554395457,0
1,1.1000000000000001,18,24,0.043876000993351517,0
1,1.1000000000000001,19,24,0.043146245309055364,0
1,1.1000000000000001,20,24,0.042204227615861477,0
1,1.1000000000000001,21,24,0.041074019524713137,0
1,1.1000000000000001,22,24,0.039782919901956711,0
1,1.1000000000000001,23,24,0.038360036022326238,0
1,1.1000000000000001,24,24,0.036834928047327221,0
1,1.1000000000000001,25,24,0.035236412295150989,0
1,1.1000000000000001,26,24,0.033591586756786251,0
1,1.1000000000000001,27,24,0.031925109074367339,0
1,1.1000000000000001,28,24,0.030258727787260215,0
1,1.1000000000000001,29,24,0.028611045181496798,0
1,1.1000000000000001,30,24,0.026997475675922644,0
1,1.1000000000000001,31,24,0.025430356886463456,0
1,1.1000000000000001,0,25,0.024561388127506849,0
1,1.1000000000000001,1,25,0.026038552060109854,0
1,1.1000000000000001,2,25,0.027555947595922663,0
1,1.1000000000000001,3,25,0.02910178625199937,0
1,1.1000000000000001,4,25,0.030661511185384249,0
1,1.1000000000000001,5,25,0.032217725422577205,0
1,1.1000000000000001,6,25,0.033750259238900009,0
1,1.1000000000000001,7,25,0.035236412295150989,0
1,1.1000000000000001,8,25,0.036651399368347645,0
1,1.1000000000000001,9,25,0.037969015365509999,0
1,1.1000000000000001,10,25,0.039162515599880168,0
1,1.1000000000000001,11,25,0.040205682177376099,0
1,1.1000000000000001,12,25,0.041074019524713137,0
1,1.1000000000000001,13,25,0.041745995830365541,0
1,1.1000000000000001,14,25,0.042204227615861477,0
1,1.1000000000000001,15,25,0.04243649678670449,0
1,1.1000000000000001,16,25,0.04243649678670449,0
1,1.1000000000000001,17,25,0.042204227615861477,0
1,1.1000000000000001,18,25,0.041745995830365541,0
1,1.1000000000000001,19,25,0.041074019524713137,0
1,1.1000000000000001,20,25,0.040205682177376099,0
1,1.1000000000000001,21,25,0.039162515599880168,0
1,1.1000000000000001,22,25,0.037969015365509999,0
1,1.1000000000000001,23,25,0.036651399368347645,0
1,1.1000000000000001,24,25,0.035236412295150989,0
1,1.1000000000000001,25,25,0.033750259238900009,0
1,1.1000000000000001,26,25,0.032217725422577205,0
1,1.1000000000000001,27,25,0.030661511185384249,0
1,1.1000000000000001,28,25,0.02910178625199937,0
1,1.1000000000000001,29,25,0.027555947595922663,0
1,1.1000000000000001,30,25,0.026038552060109854,0
1,1.1000000000000001,31,25,0.024561388127506849,0
1,1.1000000000000001,0,26,0.023652451608802347,0
1,1.1000000000000001,1,26,0.025037923075184855,0
1,1.1000000000000001,2,26,0.026457616238503359,0
1,1.1000000000000001,3,26,0.027900341318266728,0
1,1.1000000000000001,4,26,0.02935244277698636,0
1,1.1000000000000001,5,26,0.03079776201600613,0
1,1.1000000000000001,6,26,0.032217725422577205,0
1,1.1000000000000001,7,26,0.033591586756786251,0
1,1.1000000000000001,8,26,0.034896846301849367,0
1,1.1000000000000001,9,26,0.036109857391089017,0
1,1.1000000000000001,10,26,0.037206613889661712,0
1,1.1000000000000001,11,26,0.038163691053009929,0
1,1.1000000000000001,12,26,0.038959289269011342,0
1,1.1000000000000001,13,26,0.039574309013166241,0
1,1.1000000000000001,14,26,0.03999337002919616,0
1,1.1000000000000001,15,26,0.040205682177376099,0
1,1.1000000000000001,16,26,0.040205682177376099,0
1,1.1000000000000001,17,26,0.03999337002919616,0
1,1.1000000000000001,18,26,0.039574309013166241,0
1,1.1000000000000001,19,26,0.038959289269011342,0
1,1.1000000000000001,20,26,0.038163691053009929,0
1,1.1000000000000001,21,26,0.037206613889661712,0
1,1.1000000000000001,22,26,0.036109857391089017,0
1,1.1000000000000001,23,26,0.034896846301849367,0
1,1.1000000000000001,24,26,0.033591586756786251,0
1,1.1000000000000001,25,26,0.032217725422577205,0
1,1.1000000000000001,26,26,0.03079776201600613,0
1,1.1000000000000001,27,26,0.02935244277698636,0
1,1.1000000000000001,28,26,0.027900341318266728,0
1,1.1000000000000001,29,26,0.026457616238503359,0
1,1.1000000000000001,30,26,0.025037923075184855,0
1,1.1000000000000001,31,26,0.023652451608802347,0
1,1.1000000000000001,0,27,0.022715634114255531,0
1,1.1000000000000001,1,27,0.024009191790623979,0
1,1.1000000000000001,2,27,0.025331291938749792,0
1,1.1000000000000001,3,27,0.026671382525087339,0
1,1.1000000000000001,4,27,0.028016736344515653,0
1,1.1000000000000001,5,27,0.02935244277698636,0
1,1.1000000000000001,6,27,0.030661511185384249,0
1,1.1000000000000001,7,27,0.031925109074367339,0
1,1.1000000000000001,8,27,0.033122951924260131,0
1,1.1000000000000001,9,27,0.034233851172121806,0
1,1.1000000000000001,10,27,0.035236412295150989,0
1,1.1000000000000001,11,27,0.036109857391089017,0
1,1.1000000000000001,12,27,0.036834928047327221,0
1,1.1000000000000001,13,27,0.037394807480547944,0
1,1.1000000000000001,14,27,0.037775989158559904,0
1,1.1000000000000001,15,27,0.037969015365509999,0
1,1.1000000000000001,16,27,0.037969015365509999,0
1,1.1000000000000001,17,27,0.037775989158559904,0
1,1.1000000000000001,18,27,0.037394807480547944,0
1,1.1000000000000001,19,27,0.036834928047327221,0
1,1.1000000000000001,20,27,0.036109857391089017,0
1,1.1000000000000001,21,27,0.035236412295150989,0
1,1.1000000000000001,22,27,0.034233851172121806,0
1,1.1000000000000001,23,27,0.033122951924260131,0
1,1.1000000000000001,24,27,0.031925109074367339,0
1,1.1000000000000001,25,27,0.030661511185384249,0
1,1.1000000000000001,26,27,0.02935244277698636,0
1,1.1000000000000001,27,27,0.028016736344515653,0
1,1.1000000000000001,28,27,0.026671382525087339,0
1,1.1000000000000001,29,27,0.025331291938749792,0
1,1.1000000000000001,30,27,0.024009191790623979,0
1,1.1000000000000001,31,27,0.022715634114255531,0
1,1.1000000000000001,0,28,0.021762177844470956,0
1,1.1000000000000001,1,28,0.022964916889014766,0
1,1.1000000000000001,2,28,0.024190938889542404,0
1,1.1000000000000001,3,28,0.025430356886463456,0
1,1.1000000000000001,4,28,0.026671382525087339,0
1,1.1000000000000001,5,28,0.027900341318266728,0
1,1.1000000000000001,6,28,0.02910178625199937,0
1,1.1000000000000001,7,28,0.030258727787260215,0
1,1.1000000000000001,8,28,0.031352992580176146,0
1,1.1000000000000001,9,28,0.032365714149804548,0
1,1.1000000000000001,10,28,0.033277946516543234,0
1,1.1000000000000001,11,28,0.0340713774481846,0
1,1.1000000000000001,12,28,0.034729103051034257,0
1,1.1000000000000001,13,28,0.035236412295150989,0
1,1.1000000000000001,14,28,0.035581521183333381,0
1,1.1000000000000001,15,28,0.035756193911100437,0
1,1.1000000000000001,16,28,0.035756193911100437,0
1,1.1000000000000001,17,28,0.035581521183333381,0
1,1.1000000000000001,18,28,0.035236412295150989,0
1,1.1000000000000001,19,28,0.034729103051034257,0
1,1.1000000000000001,20,28,0.0340713774481846,0
1,1.1000000000000001,21,28,0.033277946516543234,0
1,1.1000000000000001,22,28,0.032365714149804548,0
1,1.1000000000000001,23,28,0.031352992580176146,0
1,1.1000000000000001,24,28,0.030258727787260215,0
1,1.1000000000000001,25,28,0.02910178625199937,0
1,1.1000000000000001,26,28,0.027900341318266728,0
1,1.1000000000000001,27,28,0.026671382525087339,0
1,1.1000000000000001,28,28,0.025430356886463456,0
1,1.1000000000000001,29,28,0.024190938889542404,0
1,1.1000000000000001,30,28,0.022964916889014766,0
1,1.1000000000000001,31,28,0.021762177844470956,0
1,1.1000000000000001,0,29,0.020802290849532671,0
1,1.1000000000000001,1,29,0.021916407765154647,0
1,1.1000000000000001,2,29,0.023049026000740817,0
1,1.1000000000000001,3,29,0.024190938889542404,0
1,1.1000000000000001,4,29,0.025331291938749792,0
1,1.1000000000000001,5,29,0.026457616238503359,0
1,1.1000000000000001,6,29,0.027555947595922663,0
1,1.1000000000000001,7,29,0.028611045181496798,0
1,1.1000000000000001,8,29,0.029606718292637682,0
1,1.1000000000000001,9,29,0.030526262034163969,0
1,1.1000000000000001,10,29,0.031352992580176146,0
1,1.1000000000000001,11,29,0.03207086103837227,0
1,1.1000000000000001,12,29,0.032665113151424625,0
1,1.1000000000000001,13,29,0.033122951924260131,0
1,1.1000000000000001,14,29,0.033434153686491636,0
1,1.1000000000000001,15,29,0.033591586756786251,0
1,1.1000000000000001,16,29,0.033591586756786251,0
1,1.1000000000000001,17,29,0.033434153686491636,0
1,1.1000000000000001,18,29,0.033122951924260131,0
1,1.1000000000000001,19,29,0.032665113151424625,0
1,1.1000000000000001,20,29,0.03207086103837227,0
1,1.1000000000000001,21,29,0.031352992580176146,0
1,1.1000000000000001,22,29,0.030526262034163969,0
1,1.1000000000000001,23,29,0.029606718292637682,0
1,1.1000000000000001,24,29,0.028611045181496798,0
1,1.1000000000000001,25,29,0.027555947595922663,0
1,1.1000000000000001,26,29,0.026457616238503359,0
1,1.1000000000000001,27,29,0.025331291938749792,0
1,1.1000000000000001,28,29,0.024190938889542404,0
1,1.1000000000000001,29,29,0.023049026000740817,0
1,1.1000000000000001,30,29,0.021916407765154647,0
1,1.1000000000000001,31,29,0.020802290849532671,0
1,1.1000000000000001,0,30,0.019845028196760178,0
1,1.1000000000000001,1,30,0.020873603895224864,0
1,1.1000000000000001,2,30,0.021916407765154647,0
1,1.1000000000000001,3,30,0.022964916889014766,0
1,1.1000000000000001,4,30,0.024009191790623979,0
1,1.1000000000000001,5,30,0.025037923075184855,0
1,1.1000000000000001,6,30,0.026038552060109854,0
1,1.1000000000000001,7,30,0.026997475675922644,0
1,1.1000000000000001,8,30,0.027900341318266728,0
1,1.1000000000000001,9,30,0.028732430721648092,0
1,1.1000000000000001,10,30,0.029479123607074224,0
1,1.1000000000000001,11,30,0.03012642253615971,0
1,1.1000000000000001,12,30,0.030661511185384249,0
1,1.1000000000000001,13,30,0.031073310522829509,0
1,1.1000000000000001,14,30,0.031352992580176146,0
1,1.1000000000000001,15,30,0.031494410890253038,0
1,1.1000000000000001,16,30,0.031494410890253038,0
1,1.1000000000000001,17,30,0.031352992580176146,0
1,1.1000000000000001,18,30,0.031073310522829509,0
1,1.1000000000000001,19,30,0.030661511185384249,0
1,1.1000000000000001,20,30,0.03012642253615971,0
1,1.1000000000000001,21,30,0.029479123607074224,0
1,1.1000000000000001,22,30,0.028732430721648092,0
1,1.1000000000000001,23,30,0.027900341318266728,0
1,1.1000000000000001,24,30,0.026997475675922644,0
1,1.1000000000000001,25,30,0.026038552060109854,0
1,1.1000000000000001,26,30,0.025037923075184855,0
1,1.1000000000000001,27,30,0.024009191790623979,0
1,1.1000000000000001,28,30,0.022964916889014766,0
1,1.1000000000000001,29,30,0.021916407765154647,0
1,1.1000000000000001,30,30,0.020873603895224864,0
1,1.1000000000000001,31,30,0.019845028196760178,0
1,1.1000000000000001,0,31,0.018898236414486118,0
1,1.1000000000000001,1,31,0.019845028196760178,0
1,1.1000000000000001,2,31,0.020802290849532671,0
1,1.1000000000000001,3,31,0.021762177844470956,0
1,1.1000000000000001,4,31,0.022715634114255531,0
1,1.1000000000000001,5,31,0.023652451608802347,0
1,1.1000000000000001,6,31,0.024561388127506849,0
1,1.1000000000000001,7,31,0.025430356886463456,0
1,1.1000000000000001,8,31,0.0262466902687436,0
1,1.1000000000000001,9,31,0.026997475675922644,0
1,1.1000000000000001,10,31,0.027669954644146021,0
1,1.1000000000000001,11,31,0.028251969003398481,0
1,1.1000000000000001,12,31,0.028732430721648092,0
1,1.1000000000000001,13,31,0.02910178625199937,0
1,1.1000000000000001,14,31,0.02935244277698636,0
1,1.1000000000000001,15,31,0.029479123607074224,0
1,1.1000000000000001,16,31,0.029479123607074224,0
1,1.1000000000000001,17,31,0.02935244277698636,0
1,1.1000000000000001,18,31,0.02910178625199937,0
1,1.1000000000000001,19,31,0.028732430721648092,0
1,1.1000000000000001,20,31,0.028251969003398481,0
1,1.1000000000000001,21,31,0.027669954644146021,0
1,1.1000000000000001,22,31,0.026997475675922644,0
1,1.1000000000000001,23,31,0.0262466902687436,0
1,1.1000000000000001,24,31,0.025430356886463456,0
1,1.1000000000000001,25,31,0.024561388127506849,0
1,1.1000000000000001,26,31,0.023652451608802347,0
1,1.1000000000000001,27,31,0.022715634114255531,0
1,1.1000000000000001,28,31,0.021762177844470956,0
1,1.1000000000000001,29,31,0.020802290849532671,0
1,1.1000000000000001,30,31,0.019845028196760178,0
1,1.1000000000000001,31,31,0.018898236414486118,0
6,0.25,0,0,0.11338941848691671,0.056694709243509916
6,0.25,1,0,0.11907016918056107,0.059535084590334679
6,0.25,2,0,0.12481374509719603,0.06240687254865477
6,0.25,3,0,0.13057306706682573,0.065286533533472246
6,0.25,4,0,0.13629380468553318,0.068146902342828566
6,0.25,5,0,0.14191470965281408,0.070957354826471572
6,0.25,6,0,0.14736832876504108,0.073684164382587555
6,0.25,7,0,0.15258214131878073,0.076291070659459753
6,0.25,8,0,0.1574801416124616,0.078740070806302409
6,0.25,9,0,0.16198485405553587,0.080992427027841596
6,0.25,10,0,0.16601972786487612,0.083009863932513556
6,0.25,11,0,0.16951181402039089,0.084755907010272524
6,0.25,12,0,0.17239458432988855,0.086197292165022671
6,0.25,13,0,0.17461071751199622,0.08730535875607752
6,0.25,14,0,0.17611465666191817,0.088057328331039172
6,0.25,15,0,0.17687474164244535,0.08843737082130311
6,0.25,16,0,0.17687474164244535,0.08843737082130311
6,0.25,17,0,0.17611465666191817,0.088057328331039172
6,0.25,18,0,0.17461071751199622,0.08730535875607752
6,0.25,19,0,0.17239458432988855,0.086197292165022671
6,0.25,20,0,0.16951181402039089,0.084755907010272524
6,0.25,21,0,0.16601972786487612,0.083009863932513556
6,0.25,22,0,0.16198485405553587,0.080992427027841596
6,0.25,23,0,0.1574801416124616,0.078740070806302409
6,0.25,24,0,0.15258214131878073,0.076291070659459753
6,0.25,25,0,0.14736832876504108,0.073684164382587555
6,0.25,26,0,0.14191470965281408,0.070957354826471572
6,0.25,27,0,0.13629380468553318,0.068146902342828566
6,0.25,28,0,0.13057306706682573,0.065286533533472246
6,0.25,29,0,0.12481374509719603,0.06240687254865477
6,0.25,30,0,0.11907016918056107,0.059535084590334679
6,0.25,31,0,0.11338941848691671,0.056694709243509916
6,0.25,0,1,0.11907016918056107,0.059535084590334679
6,0.25,1,1,0.1252416233713492,0.062620811685731539
6,0.25,2,1,0.13149844659092788,0.06574922329552374
6,0.25,3,1,0.1377895013340886,0.068894750667106958
6,0.25,4,1,0.14405515074374386,0.07202757537193745
6,0.25,5,1,0.15022753845110914,0.075113769225622878
6,0.25,6,1,0.15623131236065912,0.078115656180400603
6,0.25,7,1,0.16198485405553587,0.080992427027841596
6,0.25,8,1,0.16740204790960037,0.083701023954876302
6,0.25,9,1,0.17239458432988855,0.086197292165022671
6,0.25,10,1,0.17687474164244535,0.08843737082130311
6,0.25,11,1,0.18075853521695825,0.090379267608561326
6,0.25,12,1,0.18396906711230548,0.091984533556236411
6,0.25,13,1,0.18643986313697705,0.093219931568573305
6,0.25,14,1,0.18811795548105686,0.094058977740613989
6,0.25,15,1,0.18896646534151823,0.094483232670845047
6,0.25,16,1,0.18896646534151823,0.094483232670845047
6,0.25,17,1,0.18811795548105686,0.094058977740613989
6,0.25,18,1,0.18643986313697705,0.093219931568573305
6,0.25,19,1,0.18396906711230548,0.091984533556236411
6,0.25,20,1,0.18075853521695825,0.090379267608561326
6,0.25,21,1,0.17687474164244535,0.08843737082130311
6,0.25,22,1,0.17239458432988855,0.086197292165022671
6,0.25,23,1,0.16740204790960037,0.083701023954876302
6,0.25,24,1,0.16198485405553587,0.080992427027841596
6,0.25,25,1,0.15623131236065912,0.078115656180400603
6,0.25,26,1,0.15022753845110914,0.075113769225622878
6,0.25,27,1,0.14405515074374386,0.07202757537193745
6,0.25,28,1,0.1377895013340886,0.068894750667106958
6,0.25,29,1,0.13149844659092788,0.06574922329552374
6,0.25,30,1,0.1252416233713492,0.062620811685731539
6,0.25,31,1,0.11907016918056107,0.059535084590334679
6,0.25,0,2,0.12481374509719603,0.06240687254865477
6,0.25,1,2,0.13149844659092788,0.06574922329552374
6,0.25,2,2,0.13829415600444489,0.069147078002285339
6,0.25,3,2,0.14514563333725441,0.07257281666869321
6,0.25,4,2,0.15198775163249875,0.075993875816318487
6,0.25,5,2,0.15874569743102016,0.07937284871558227
6,0.25,6,2,0.16533568557553596,0.082667842787843171
6,0.25,7,2,0.1716662710889808,0.085833135544568465
6,0.25,8,2,0.17764030975582609,0.088820154877993829
6,0.25,9,2,0.1831575722049838,0.091578786102575194
6,0.25,10,2,0.18811795548105686,0.094058977740613989
6,0.25,11,2,0.19242516623023362,0.096212583115204309
6,0.25,12,2,0.19599067890854777,0.097995339454363006
6,0.25,13,2,0.1987377115455608,0.099368855772870773
6,0.25,14,2,0.20060492211894981,0.10030246105956613
6,0.25,15,2,0.20154952054071751,0.1007747602704504
6,0.25,16,2,0.20154952054071751,0.1007747602704504
6,0.25,17,2,0.20060492211894981,0.10030246105956613
6,0.25,18,2,0.1987377115455608,0.099368855772870773
6,0.25,19,2,0.19599067890854777,0.097995339454363006
6,0.25,20,2,0.19242516623023362,0.096212583115204309
6,0.25,21,2,0.18811795548105686,0.094058977740613989
6,0.25,22,2,0.1831575722049838,0.091578786102575194
6,0.25,23,2,0.17764030975582609,0.088820154877993829
6,0.25,24,2,0.1716662710889808,0.085833135544568465
6,0.25,25,2,0.16533568557553596,0.082667842787843171
6,0.25,26,2,0.15874569743102016,0.07937284871558227
6,0.25,27,2,0.15198775163249875,0.075993875816318487
6,0.25,28,2,0.14514563333725441,0.07257281666869321
6,0.25,29,2,0.13829415600444489,0.069147078002285339
6,0.25,30,2,0.13149844659092788,0.06574922329552374
6,0.25,31,2,0.12481374509719603,0.06240687254865477
6,0.25,0,3,0.13057306706682573,0.065286533533472246
6,0.25,1,3,0.1377895013340886,0.068894750667106958
6,0.25,2,3,0.14514563333725441,0.07257281666869321
6,0.25,3,3,0.15258214131878073,0.076291070659459753
6,0.25,4,3,0.16002829515052402,0.080014147575334787
6,0.25,5,3,0.16740204790960037,0.083701023954876302
6,0.25,6,3,0.17461071751199622,0.08730535875607752
6,0.25,7,3,0.18155236672356129,0.090776183361863202
6,0.25,8,3,0.18811795548105686,0.094058977740613989
6,0.25,9,3,0.19419428489882729,0.097097142449501947
6,0.25,10,3,0.19966767909925942,0.099833839549720499
6,0.25,11,3,0.2044282646891076,0.10221413234464677
6,0.25,12,3,0.20837461830620554,0.10418730915319753
6,0.25,13,3,0.21141847377090595,0.1057092368855491
6,0.25,14,3,0.21348912710000029,0.10674456355009723
6,0.25,15,3,0.21453716346660262,0.10726858173339887
6,0.25,16,3,0.21453716346660262,0.10726858173339887
6,0.25,17,3,0.21348912710000029,0.10674456355009723
6,0.25,18,3,0.21141847377090595,0.1057092368855491
6,0.25,19,3,0.20837461830620554,0.10418730915319753
6,0.25,20,3,0.2044282646891076,0.10221413234464677
6,0.25,21,3,0.19966767909925942,0.099833839549720499
6,0.25,22,3,0.19419428489882729,0.097097142449501947
6,0.25,23,3,0.18811795548105686,0.094058977740613989
6,0.25,24,3,0.18155236672356129,0.090776183361863202
6,0.25,25,3,0.17461071751199622,0.08730535875607752
6,0.25,26,3,0.16740204790960037,0.083701023954876302
6,0.25,27,3,0.16002829515052402,0.080014147575334787
6,0.25,28,3,0.15258214131878073,0.076291070659459753
6,0.25,29,3,0.14514563333725441,0.07257281666869321
6,0.25,30,3,0.1377895013340886,0.068894750667106958
6,0.25,31,3,0.13057306706682573,0.065286533533472246
6,0.25,0,4,0.13629380468553318,0.068146902342828566
6,0.25,1,4,0.14405515074374386,0.07202757537193745
6,0.25,2,4,0.15198775163249875,0.075993875816318487
6,0.25,3,4,0.16002829515052402,0.080014147575334787
6,0.25,4,4,0.16810041806709392,0.084050209033623396
6,0.25,5,4,0.17611465666191817,0.088057328331039172
6,0.25,6,4,0.18396906711230548,0.091984533556236411
6,0.25,7,4,0.19155065444620403,0.095775327223189127
6,0.25,8,4,0.1987377115455608,0.099368855772870773
6,0.25,9,4,0.20540310703273085,0.10270155351645882
6,0.25,10,4,0.21141847377090595,0.1057092368855491
6,0.25,11,4,0.2166591443465341,0.10832957217336557
6,0.25,12,4,0.22100956828396334,0.11050478414208217
6,0.25,13,4,0.22436884488328768,0.11218442244174587
6,0.25,14,4,0.22665593495135944,0.11332796747578279
6,0.25,15,4,0.22781409219305998,0.1139070460966336
6,0.25,16,4,0.22781409219305998,0.1139070460966336
6,0.25,17,4,0.22665593495135944,0.11332796747578279
6,0.25,18,4,0.22436884488328768,0.11218442244174587
6,0.25,19,4,0.22100956828396334,0.11050478414208217
6,0.25,20,4,0.2166591443465341,0.10832957217336557
6,0.25,21,4,0.21141847377090595,0.1057092368855491
6,0.25,22,4,0.20540310703273085,0.10270155351645882
6,0.25,23,4,0.1987377115455608,0.099368855772870773
6,0.25,24,4,0.19155065444620403,0.095775327223189127
6,0.25,25,4,0.18396906711230548,0.091984533556236411
6,0.25,26,4,0.17611465666191817,0.088057328331039172
6,0.25,27,4,0.16810041806709392,0.084050209033623396
6,0.25,28,4,0.16002829515052402,0.080014147575334787
6,0.25,29,4,0.15198775163249875,0.075993875816318487
6,0.25,30,4,0.14405515074374386,0.07202757537193745
6,0.25,31,4,0.13629380468553318,0.068146902342828566
6,0.25,0,5,0.14191470965281408,0.070957354826471572
6,0.25,1,5,0.15022753845110914,0.075113769225622878
6,0.25,2,5,0.15874569743102016,0.07937284871558227
6,0.25,3,5,0.16740204790960037,0.083701023954876302
6,0.25,4,5,0.17611465666191817,0.088057328331039172
6,0.25,5,5,0.18478657209603677,0.092393286048102416
6,0.25,6,5,0.19330635253546324,0.096653176267819524
6,0.25,7,5,0.20154952054071751,0.1007747602704504
6,0.25,8,5,0.20938107781109622,0.10469053890564331
6,0.25,9,5,0.2166591443465341,0.10832957217336557
6,0.25,10,5,0.22323968333797028,0.11161984166908666
6,0.25,11,5,0.22898214631805958,0.11449107315913391
6,0.25,12,5,0.23375573561406804,0.11687786780714032
6,0.25,13,5,0.23744585407899743,0.1187229270396067
6,0.25,14,5,0.23996022017517696,0.1199801100876976
6,0.25,15,5,0.24123409306425658,0.120617046532238
6,0.25,16,5,0.24123409306425658,0.120617046532238
6,0.25,17,5,0.23996022017517696,0.1199801100876976
6,0.25,18,5,0.23744585407899743,0.1187229270396067
6,0.25,19,5,0.23375573561406804,0.11687786780714032
6,0.25,20,5,0.22898214631805958,0.11449107315913391
6,0.25,21,5,0.22323968333797028,0.11161984166908666
6,0.25,22,5,0.2166591443465341,0.10832957217336557
6,0.25,23,5,0.20938107781109622,0.10469053890564331
6,0.25,24,5,0.20154952054071751,0.1007747602704504
6,0.25,25,5,0.19330635253546324,0.096653176267819524
6,0.25,26,5,0.18478657209603677,0.092393286048102416
6,0.25,27,5,0.17611465666191817,0.088057328331039172
6,0.25,28,5,0.16740204790960037,0.083701023954876302
6,0.25,29,5,0.15874569743102016,0.07937284871558227
6,0.25,30,5,0.15022753845110914,0.075113769225622878
6,0.25,31,5,0.14191470965281408,0.070957354826471572
6,0.25,0,6,0.14736832876504108,0.073684164382587555
6,0.25,1,6,0.15623131236065912,0.078115656180400603
6,0.25,2,6,0.16533568557553596,0.082667842787843171
6,0.25,3,6,0.17461071751199622,0.08730535875607752
6,0.25,4,6,0.18396906711230548,0.091984533556236411
6,0.25,5,6,0.19330635253546324,0.096653176267819524
6,0.25,6,6,0.20250155543340004,0.10125077771679211
6,0.25,7,6,0.21141847377090595,0.1057092368855491
6,0.25,8,6,0.21990839621008587,0.10995419810514294
6,0.25,9,6,0.22781409219305998,0.1139070460966336
6,0.25,10,6,0.23497509359928101,0.11748754679974736
6,0.25,11,6,0.24123409306425658,0.120617046532238
6,0.25,12,6,0.24644411714827882,0.12322205857425148
6,0.25,13,6,0.25047597498219326,0.12523798749121054
6,0.25,14,6,0.25322536569516885,0.12661268284769958
6,0.25,15,6,0.25461898072022693,0.12730949036022926
6,0.25,16,6,0.25461898072022693,0.12730949036022926
6,0.25,17,6,0.25322536569516885,0.12661268284769958
6,0.25,18,6,0.25047597498219326,0.12523798749121054
6,0.25,19,6,0.24644411714827882,0.12322205857425148
6,0.25,20,6,0.24123409306425658,0.120617046532238
6,0.25,21,6,0.23497509359928101,0.11748754679974736
6,0.25,22,6,0.22781409219305998,0.1139070460966336
6,0.25,23,6,0.21990839621008587,0.10995419810514294
6,0.25,24,6,0.21141847377090595,0.1057092368855491
6,0.25,25,6,0.20250155543340004,0.10125077771679211
6,0.25,26,6,0.19330635253546324,0.096653176267819524
6,0.25,27,6,0.18396906711230548,0.091984533556236411
6,0.25,28,6,0.17461071751199622,0.08730535875607752
6,0.25,29,6,0.16533568557553596,0.082667842787843171
6,0.25,30,6,0.15623131236065912,0.078115656180400603
6,0.25,31,6,0.14736832876504108,0.073684164382587555
6,0.25,0,7,0.15258214131878073,0.076291070659459753
6,0.25,1,7,0.16198485405553587,0.080992427027841596
6,0.25,2,7,0.1716662710889808,0.085833135544568465
6,0.25,3,7,0.18155236672356129,0.090776183361863202
6,0.25,4,7,0.19155065444620403,0.095775327223189127
6,0.25,5,7,0.20154952054071751,0.1007747602704504
6,0.25,6,7,0.21141847377090595,0.1057092368855491
6,0.25,7,7,0.22100956828396334,0.11050478414208217
6,0.25,8,7,0.23016021613395743,0.11508010806708338
6,0.25,9,7,0.23869751941174028,0.11934875970597868
6,0.25,10,7,0.24644411714827882,0.12322205857425148
6,0.25,11,7,0.25322536569516885,0.12661268284769958
6,0.25,12,7,0.25887747185433219,0.1294387359272838
6,0.25,13,7,0.26325600596010912,0.13162800298017427
6,0.25,14,7,0.26624407532637273,0.13312203766330744
6,0.25,15,7,0.26775937450094717,0.13387968725059535
6,0.25,16,7,0.26775937450094717,0.13387968725059535
6,0.25,17,7,0.26624407532637273,0.13312203766330744
6,0.25,18,7,0.26325600596010912,0.13162800298017427
6,0.25,19,7,0.25887747185433219,0.1294387359272838
6,0.25,20,7,0.25322536569516885,0.12661268284769958
6,0.25,21,7,0.24644411714827882,0.12322205857425148
6,0.25,22,7,0.23869751941174028,0.11934875970597868
6,0.25,23,7,0.23016021613395743,0.11508010806708338
6,0.25,24,7,0.22100956828396334,0.11050478414208217
6,0.25,25,7,0.21141847377090595,0.1057092368855491
6,0.25,26,7,0.20154952054071751,0.1007747602704504
6,0.25,27,7,0.19155065444620403,0.095775327223189127
6,0.25,28,7,0.18155236672356129,0.090776183361863202
6,0.25,29,7,0.1716662710889808,0.085833135544568465
6,0.25,30,7,0.16198485405553587,0.080992427027841596
6,0.25,31,7,0.15258214131878073,0.076291070659459753
6,0.25,0,8,0.1574801416124616,0.078740070806302409
6,0.25,1,8,0.16740204790960037,0.083701023954876302
6,0.25,2,8,0.17764030975582609,0.088820154877993829
6,0.25,3,8,0.18811795548105686,0.094058977740613989
6,0.25,4,8,0.1987377115455608,0.099368855772870773
6,0.25,5,8,0.20938107781109622,0.10469053890564331
6,0.25,6,8,0.21990839621008587,0.10995419810514294
6,0.25,7,8,0.23016021613395743,0.11508010806708338
6,0.25,8,8,0.23996022017517696,0.1199801100876976
6,0.25,9,8,0.24911988071267116,0.12455994035644886
6,0.25,10,8,0.25744486644284204,0.12872243322153809
6,0.25,11,8,0.26474301468211975,0.13237150734118025
6,0.25,12,8,0.27083345093217198,0.13541672546620917
6,0.25,13,8,0.27555620730656949,0.13777810365341003
6,0.25,14,8,0.27878151160153614,0.13939075580089483
6,0.25,15,8,0.28041783526299946,0.14020891763162724
6,0.25,16,8,0.28041783526299946,0.14020891763162724
6,0.25,17,8,0.27878151160153614,0.13939075580089483
6,0.25,18,8,0.27555620730656949,0.13777810365341003
6,0.25,19,8,0.27083345093217198,0.13541672546620917
6,0.25,20,8,0.26474301468211975,0.13237150734118025
6,0.25,21,8,0.25744486644284204,0.12872243322153809
6,0.25,22,8,0.24911988071267116,0.12455994035644886
6,0.25,23,8,0.23996022017517696,0.1199801100876976
6,0.25,24,8,0.23016021613395743,0.11508010806708338
6,0.25,25,8,0.21990839621008587,0.10995419810514294
6,0.25,26,8,0.20938107781109622,0.10469053890564331
6,0.25,27,8,0.1987377115455608,0.099368855772870773
6,0.25,28,8,0.18811795548105686,0.094058977740613989
6,0.25,29,8,0.17764030975582609,0.088820154877993829
6,0.25,30,8,0.16740204790960037,0.083701023954876302
6,0.25,31,8,0.1574801416124616,0.078740070806302409
6,0.25,0,9,0.16198485405553587,0.080992427027841596
6,0.25,1,9,0.17239458432988855,0.086197292165022671
6,0.25,2,9,0.1831575722049838,0.091578786102575194
6,0.25,3,9,0.19419428489882729,0.097097142449501947
6,0.25,4,9,0.20540310703273085,0.10270155351645882
6,0.25,5,9,0.2166591443465341,0.10832957217336557
6,0.25,6,9,0.22781409219305998,0.1139070460966336
6,0.25,7,9,0.23869751941174028,0.11934875970597868
6,0.25,8,9,0.24911988071267116,0.12455994035644886
6,0.25,9,9,0.25887747185433219,0.1294387359272838
6,0.25,10,9,0.26775937450094717,0.13387968725059535
6,0.25,11,9,0.27555620730656949,0.13777810365341003
6,0.25,12,9,0.28207022928671849,0.1410351146434875
6,0.25,13,9,0.28712607167550808,0.1435630358378846
6,0.25,14,9,0.29058115904054066,0.14529057952040247
6,0.25,15,9,0.2923347750676602,0.14616738753396305
6,0.25,16,9,0.2923347750676602,0.14616738753396305
6,0.25,17,9,0.29058115904054066,0.14529057952040247
6,0.25,18,9,0.28712607167550808,0.1435630358378846
6,0.25,19,9,0.28207022928671849,0.1410351146434875
6,0.25,20,9,0.27555620730656949,0.13777810365341003
6,0.25,21,9,0.26775937450094717,0.13387968725059535
6,0.25,22,9,0.25887747185433219,0.1294387359272838
6,0.25,23,9,0.24911988071267116,0.12455994035644886
6,0.25,24,9,0.23869751941174028,0.11934875970597868
6,0.25,25,9,0.22781409219305998,0.1139070460966336
6,0.25,26,9,0.2166591443465341,0.10832957217336557
6,0.25,27,9,0.20540310703273085,0.10270155351645882
6,0.25,28,9,0.19419428489882729,0.097097142449501947
6,0.25,29,9,0.1831575722049838,0.091578786102575194
6,0.25,30,9,0.17239458432988855,0.086197292165022671
6,0.25,31,9,0.16198485405553587,0.080992427027841596
6,0.25,0,10,0.16601972786487612,0.083009863932513556
6,0.25,1,10,0.17687474164244535,0.08843737082130311
6,0.25,2,10,0.18811795548105686,0.094058977740613989
6,0.25,3,10,0.19966767909925942,0.099833839549720499
6,0.25,4,10,0.21141847377090595,0.1057092368855491
6,0.25,5,10,0.22323968333797028,0.11161984166908666
6,0.25,6,10,0.23497509359928101,0.11748754679974736
6,0.25,7,10,0.24644411714827882,0.12322205857425148
6,0.25,8,10,0.25744486644284204,0.12872243322153809
6,0.25,9,10,0.26775937450094717,0.13387968725059535
6,0.25,10,10,0.27716104034109013,0.1385805201706711
6,0.25,11,10,0.28542411969148263,0.1427120598458711
6,0.25,12,10,0.2923347750676602,0.14616738753396305
6,0.25,13,10,0.29770288898363545,0.14885144449195312
6,0.25,14,10,0.30137359192853508,0.1506867959644046
6,0.25,15,10,0.30323732821333632,0.15161866410680605
6,0.25,16,10,0.30323732821333632,0.15161866410680605
6,0.25,17,10,0.30137359192853508,0.1506867959644046
6,0.25,18,10,0.29770288898363545,0.14885144449195312
6,0.25,19,10,0.2923347750676602,0.14616738753396305
6,0.25,20,10,0.28542411969148263,0.1427120598458711
6,0.25,21,10,0.27716104034109013,0.1385805201706711
6,0.25,22,10,0.26775937450094717,0.13387968725059535
6,0.25,23,10,0.25744486644284204,0.12872243322153809
6,0.25,24,10,0.24644411714827882,0.12322205857425148
6,0.25,25,10,0.23497509359928101,0.11748754679974736
6,0.25,26,10,0.22323968333797028,0.11161984166908666
6,0.25,27,10,0.21141847377090595,0.1057092368855491
6,0.25,28,10,0.19966767909925942,0.099833839549720499
6,0.25,29,10,0.18811795548105686,0.094058977740613989
6,0.25,30,10,0.17687474164244535,0.08843737082130311
6,0.25,31,10,0.16601972786487612,0.083009863932513556
6,0.25,0,11,0.16951181402039089,0.084755907010272524
6,0.25,1,11,0.18075853521695825,0.090379267608561326
6,0.25,2,11,0.19242516623023362,0.096212583115204309
6,0.25,3,11,0.2044282646891076,0.10221413234464677
6,0.25,4,11,0.2166591443465341,0.10832957217336557
6,0.25,5,11,0.22898214631805958,0.11449107315913391
6,0.25,6,11,0.24123409306425658,0.120617046532238
6,0.25,7,11,0.25322536569516885,0.12661268284769958
6,0.25,8,11,0.26474301468211975,0.13237150734118025
6,0.25,9,11,0.27555620730656949,0.13777810365341003
6,0.25,10,11,0.28542411969148263,0.1427120598458711
6,0.25,11,11,0.29410610037089713,0.14705305018558232
6,0.25,12,11,0.30137359192853508,0.1506867959644046
6,0.25,13,11,0.30702294798122803,0.15351147399075366
6,0.25,14,11,0.31088799479556362,0.15544399739792317
6,0.25,15,11,0.31285103511693246,0.15642551755860848
6,0.25,16,11,0.31285103511693246,0.15642551755860848
6,0.25,17,11,0.31088799479556362,0.15544399739792317
6,0.25,18,11,0.30702294798122803,0.15351147399075366
6,0.25,19,11,0.30137359192853508,0.1506867959644046
6,0.25,20,11,0.29410610037089713,0.14705305018558232
6,0.25,21,11,0.28542411969148263,0.1427120598458711
6,0.25,22,11,0.27555620730656949,0.13777810365341003
6,0.25,23,11,0.26474301468211975,0.13237150734118025
6,0.25,24,11,0.25322536569516885,0.12661268284769958
6,0.25,25,11,0.24123409306425658,0.120617046532238
6,0.25,26,11,0.22898214631805958,0.11449107315913391
6,0.25,27,11,0.2166591443465341,0.10832957217336557
6,0.25,28,11,0.2044282646891076,0.10221413234464677
6,0.25,29,11,0.19242516623023362,0.096212583115204309
6,0.25,30,11,0.18075853521695825,0.090379267608561326
6,0.25,31,11,0.16951181402039089,0.084755907010272524
6,0.25,0,12,0.17239458432988855,0.086197292165022671
6,0.25,1,12,0.18396906711230548,0.091984533556236411
6,0.25,2,12,0.19599067890854777,0.097995339454363006
6,0.25,3,12,0.20837461830620554,0.10418730915319753
6,0.25,4,12,0.22100956828396334,0.11050478414208217
6,0.25,5,12,0.23375573561406804,0.11687786780714032
6,0.25,6,12,0.24644411714827882,0.12322205857425148
6,0.25,7,12,0.25887747185433219,0.1294387359272838
6,0.25,8,12,0.27083345093217198,0.13541672546620917
6,0.25,9,12,0.28207022928671849,0.1410351146434875
6,0.25,10,12,0.2923347750676602,0.14616738753396305
6,0.25,11,12,0.30137359192853508,0.1506867959644046
6,0.25,12,12,0.30894539802655319,0.15447269901341709
6,0.25,13,12,0.31483482146588621,0.15741741073308627
6,0.25,14,12,0.31886587117492238,0.15943293558760621
6,0.25,15,12,0.32091376892318041,0.16045688446173614
6,0.25,16,12,0.32091376892318041,0.16045688446173614
6,0.25,17,12,0.31886587117492238,0.15943293558760621
6,0.25,18,12,0.31483482146588621,0.15741741073308627
6,0.25,19,12,0.30894539802655319,0.15447269901341709
6,0.25,20,12,0.30137359192853508,0.1506867959644046
6,0.25,21,12,0.2923347750676602,0.14616738753396305
6,0.25,22,12,0.28207022928671849,0.1410351146434875
6,0.25,23,12,0.27083345093217198,0.13541672546620917
6,0.25,24,12,0.25887747185433219,0.1294387359272838
6,0.25,25,12,0.24644411714827882,0.12322205857425148
6,0.25,26,12,0.23375573561406804,0.11687786780714032
6,0.25,27,12,0.22100956828396334,0.11050478414208217
6,0.25,28,12,0.20837461830620554,0.10418730915319753
6,0.25,29,12,0.19599067890854777,0.097995339454363006
6,0.25,30,12,0.18396906711230548,0.091984533556236411
6,0.25,31,12,0.17239458432988855,0.086197292165022671
6,0.25,0,13,0.17461071751199622,0.08730535875607752
6,0.25,1,13,0.18643986313697705,0.093219931568573305
6,0.25,2,13,0.1987377115455608,0.099368855772870773
6,0.25,3,13,0.21141847377090595,0.1057092368855491
6,0.25,4,13,0.22436884488328768,0.11218442244174587
6,0.25,5,13,0.23744585407899743,0.1187229270396067
6,0.25,6,13,0.25047597498219326,0.12523798749121054
6,0.25,7,13,0.26325600596010912,0.13162800298017427
6,0.25,8,13,0.27555620730656949,0.13777810365341003
6,0.25,9,13,0.28712607167550808,0.1435630358378846
6,0.25,10,13,0.29770288898363545,0.14885144449195312
6,0.25,11,13,0.30702294798122803,0.15351147399075366
6,0.25,12,13,0.31483482146588621,0.15741741073308627
6,0.25,13,13,0.32091376892318041,0.16045688446173614
6,0.25,14,13,0.32507594243924171,0.16253797121976868
6,0.25,15,13,0.32719089022279441,0.16359544511154597
6,0.25,16,13,0.32719089022279441,0.16359544511154597
6,0.25,17,13,0.32507594243924171,0.16253797121976868
6,0.25,18,13,0.32091376892318041,0.16045688446173614
6,0.25,19,13,0.31483482146588621,0.15741741073308627
6,0.25,20,13,0.30702294798122803,0.15351147399075366
6,0.25,21,13,0.29770288898363545,0.14885144449195312
6,0.25,22,13,0.28712607167550808,0.1435630358378846
6,0.25,23,13,0.27555620730656949,0.13777810365341003
6,0.25,24,13,0.26325600596010912,0.13162800298017427
6,0.25,25,13,0.25047597498219326,0.12523798749121054
6,0.25,26,13,0.23744585407899743,0.1187229270396067
6,0.25,27,13,0.22436884488328768,0.11218442244174587
6,0.25,28,13,0.21141847377090595,0.1057092368855491
6,0.25,29,13,0.1987377115455608,0.099368855772870773
6,0.25,30,13,0.18643986313697705,0.093219931568573305
6,0.25,31,13,0.17461071751199622,0.08730535875607752
6,0.25,0,14,0.17611465666191817,0.088057328331039172
6,0.25,1,14,0.18811795548105686,0.094058977740613989
6,0.25,2,14,0.20060492211894981,0.10030246105956613
6,0.25,3,14,0.21348912710000029,0.10674456355009723
6,0.25,4,14,0.22665593495135944,0.11332796747578279
6,0.25,5,14,0.23996022017517696,0.1199801100876976
6,0.25,6,14,0.25322536569516885,0.12661268284769958
6,0.25,7,14,0.26624407532637273,0.13312203766330744
6,0.25,8,14,0.27878151160153614,0.13939075580089483
6,0.25,9,14,0.29058115904054066,0.14529057952040247
6,0.25,10,14,0.30137359192853508,0.1506867959644046
6,0.25,11,14,0.31088799479556362,0.15544399739792317
6,0.25,12,14,0.31886587117492238,0.15943293558760621
6,0.25,13,14,0.32507594243924171,0.16253797121976868
6,0.25,14,14,0.32932887101416386,0.16466443550723167
6,0.25,15,14,0.33149023752952017,0.16574511876491083
6,0.25,16,14,0.33149023752952017,0.16574511876491083
6,0.25,17,14,0.32932887101416386,0.16466443550723167
6,0.25,18,14,0.32507594243924171,0.16253797121976868
6,0.25,19,14,0.31886587117492238,0.15943293558760621
6,0.25,20,14,0.31088799479556362,0.15544399739792317
6,0.25,21,14,0.30137359192853508,0.1506867959644046
6,0.25,22,14,0.29058115904054066,0.14529057952040247
6,0.25,23,14,0.27878151160153614,0.13939075580089483
6,0.25,24,14,0.26624407532637273,0.13312203766330744
6,0.25,25,14,0.25322536569516885,0.12661268284769958
6,0.25,26,14,0.23996022017517696,0.1199801100876976
6,0.25,27,14,0.22665593495135944,0.11332796747578279
6,0.25,28,14,0.21348912710000029,0.10674456355009723
6,0.25,29,14,0.20060492211894981,0.10030246105956613
6,0.25,30,14,0.18811795548105686,0.094058977740613989
6,0.25,31,14,0.17611465666191817,0.088057328331039172
6,0.25,0,15,0.17687474164244535,0.08843737082130311
6,0.25,1,15,0.18896646534151823,0.094483232670845047
6,0.25,2,15,0.20154952054071751,0.1007747602704504
6,0.25,3,15,0.21453716346660262,0.10726858173339887
6,0.25,4,15,0.22781409219305998,0.1139070460966336
6,0.25,5,15,0.24123409306425658,0.120617046532238
6,0.25,6,15,0.25461898072022693,0.12730949036022926
6,0.25,7,15,0.26775937450094717,0.13387968725059535
6,0.25,8,15,0.28041783526299946,0.14020891763162724
6,0.25,9,15,0.2923347750676602,0.14616738753396305
6,0.25,10,15,0.30323732821333632,0.15161866410680605
6,0.25,11,15,0.31285103511693246,0.15642551755860848
6,0.25,12,15,0.32091376892318041,0.16045688446173614
6,0.25,13,15,0.32719089022279441,0.16359544511154597
6,0.25,14,15,0.33149023752952017,0.16574511876491083
6,0.25,15,15,0.3336753494601028,0.16683767473020314
6,0.25,16,15,0.3336753494601028,0.16683767473020314
6,0.25,17,15,0.33149023752952017,0.16574511876491083
6,0.25,18,15,0.32719089022279441,0.16359544511154597
6,0.25,19,15,0.32091376892318041,0.16045688446173614
6,0.25,20,15,0.31285103511693246,0.15642551755860848
6,0.25,21,15,0.30323732821333632,0.15161866410680605
6,0.25,22,15,0.2923347750676602,0.14616738753396305
6,0.25,23,15,0.28041783526299946,0.14020891763162724
6,0.25,24,15,0.26775937450094717,0.13387968725059535
6,0.25,25,15,0.25461898072022693,0.12730949036022926
6,0.25,26,15,0.24123409306425658,0.120617046532238
6,0.25,27,15,0.22781409219305998,0.1139070460966336
6,0.25,28,15,0.21453716346660262,0.10726858173339887
6,0.25,29,15,0.20154952054071751,0.1007747602704504
6,0.25,30,15,0.18896646534151823,0.094483232670845047
6,0.25,31,15,0.17687474164244535,0.08843737082130311
6,0.25,0,16,0.17687474164244535,0.08843737082130311
6,0.25,1,16,0.18896646534151823,0.094483232670845047
6,0.25,2,16,0.20154952054071751,0.1007747602704504
6,0.25,3,16,0.21453716346660262,0.10726858173339887
6,0.25,4,16,0.22781409219305998,0.1139070460966336
6,0.25,5,16,0.24123409306425658,0.120617046532238
6,0.25,6,16,0.25461898072022693,0.12730949036022926
6,0.25,7,16,0.26775937450094717,0.13387968725059535
6,0.25,8,16,0.28041783526299946,0.14020891763162724
6,0.25,9,16,0.2923347750676602,0.14616738753396305
6,0.25,10,16,0.30323732821333632,0.15161866410680605
6,0.25,11,16,0.31285103511693246,0.15642551755860848
6,0.25,12,16,0.32091376892318041,0.16045688446173614
6,0.25,13,16,0.32719089022279441,0.16359544511154597
6,0.25,14,16,0.33149023752952017,0.16574511876491083
6,0.25,15,16,0.3336753494601028,0.16683767473020314
6,0.25,16,16,0.3336753494601028,0.16683767473020314
6,0.25,17,16,0.33149023752952017,0.16574511876491083
6,0.25,18,16,0.32719089022279441,0.16359544511154597
6,0.25,19,16,0.32091376892318041,0.16045688446173614
6,0.25,20,16,0.31285103511693246,0.15642551755860848
6,0.25,21,16,0.30323732821333632,0.15161866410680605
6,0.25,22,16,0.2923347750676602,0.14616738753396305
6,0.25,23,16,0.28041783526299946,0.14020891763162724
6,0.25,24,16,0.26775937450094717,0.13387968725059535
6,0.25,25,16,0.25461898072022693,0.12730949036022926
6,0.25,26,16,0.24123409306425658,0.120617046532238
6,0.25,27,16,0.22781409219305998,0.1139070460966336
6,0.25,28,16,0.21453716346660262,0.10726858173339887
6,0.25,29,16,0.20154952054071751,0.1007747602704504
6,0.25,30,16,0.18896646534151823,0.094483232670845047
6,0.25,31,16,0.17687474164244535,0.08843737082130311
6,0.25,0,17,0.17611465666191817,0.088057328331039172
6,0.25,1,17,0.18811795548105686,0.094058977740613989
6,0.25,2,17,0.20060492211894981,0.10030246105956613
6,0.25,3,17,0.21348912710000029,0.10674456355009723
6,0.25,4,17,0.22665593495135944,0.11332796747578279
6,0.25,5,17,0.23996022017517696,0.1199801100876976
6,0.25,6,17,0.25322536569516885,0.12661268284769958
6,0.25,7,17,0.26624407532637273,0.13312203766330744
6,0.25,8,17,0.27878151160153614,0.13939075580089483
6,0.25,9,17,0.29058115904054066,0.14529057952040247
6,0.25,10,17,0.30137359192853508,0.1506867959644046
6,0.25,11,17,0.31088799479556362,0.15544399739792317
6,0.25,12,17,0.31886587117492238,0.15943293558760621
6,0.25,13,17,0.32507594243924171,0.16253797121976868
6,0.25,14,17,0.32932887101416386,0.16466443550723167
6,0.25,15,17,0.33149023752952017,0.16574511876491083
6,0.25,16,17,0.33149023752952017,0.16574511876491083
6,0.25,17,17,0.32932887101416386,0.16466443550723167
6,0.25,18,17,0.32507594243924171,0.16253797121976868
6,0.25,19,17,0.31886587117492238,0.15943293558760621
6,0.25,20,17,0.31088799479556362,0.15544399739792317
6,0.25,21,17,0.30137359192853508,0.1506867959644046
6,0.25,22,17,0.29058115904054066,0.14529057952040247
6,0.25,23,17,0.27878151160153614,0.13939075580089483
6,0.25,24,17,0.26624407532637273,0.13312203766330744
6,0.25,25,17,0.25322536569516885,0.12661268284769958
6,0.25,26,17,0.23996022017517696,0.1199801100876976
6,0.25,27,17,0.22665593495135944,0.11332796747578279
6,0.25,28,17,0.21348912710000029,0.10674456355009723
6,0.25,29,17,0.20060492211894981,0.10030246105956613
6,0.25,30,17,0.18811795548105686,0.094058977740613989
6,0.25,31,17,0.17611465666191817,0.088057328331039172
6,0.25,0,18,0.17461071751199622,0.08730535875607752
6,0.25,1,18,0.18643986313697705,0.093219931568573305
6,0.25,2,18,0.1987377115455608,0.099368855772870773
6,0.25,3,18,0.21141847377090595,0.1057092368855491
6,0.25,4,18,0.22436884488328768,0.11218442244174587
6,0.25,5,18,0.23744585407899743,0.1187229270396067
6,0.25,6,18,0.25047597498219326,0.12523798749121054
6,0.25,7,18,0.26325600596010912,0.13162800298017427
6,0.25,8,18,0.27555620730656949,0.13777810365341003
6,0.25,9,18,0.28712607167550808,0.1435630358378846
6,0.25,10,18,0.29770288898363545,0.14885144449195312
6,0.25,11,18,0.30702294798122803,0.15351147399075366
6,0.25,12,18,0.31483482146588621,0.15741741073308627
6,0.25,13,18,0.32091376892318041,0.16045688446173614
6,0.25,14,18,0.32507594243924171,0.16253797121976868
6,0.25,15,18,0.32719089022279441,0.16359544511154597
6,0.25,16,18,0.32719089022279441,0.16359544511154597
6,0.25,17,18,0.32507594243924171,0.16253797121976868
6,0.25,18,18,0.32091376892318041,0.16045688446173614
6,0.25,19,18,0.31483482146588621,0.15741741073308627
6,0.25,20,18,0.30702294798122803,0.15351147399075366
6,0.25,21,18,0.29770288898363545,0.14885144449195312
6,0.25,22,18,0.28712607167550808,0.1435630358378846
6,0.25,23,18,0.27555620730656949,0.13777810365341003
6,0.25,24,18,0.26325600596010912,0.13162800298017427
6,0.25,25,18,0.25047597498219326,0.12523798749121054
6,0.25,26,18,0.23744585407899743,0.1187229270396067
6,0.25,27,18,0.22436884488328768,0.11218442244174587
6,0.25,28,18,0.21141847377090595,0.1057092368855491
6,0.25,29,18,0.1987377115455608,0.099368855772870773
6,0.25,30,18,0.18643986313697705,0.093219931568573305
6,0.25,31,18,0.17461071751199622,0.08730535875607752
6,0.25,0,19,0.17239458432988855,0.086197292165022671
6,0.25,1,19,0.18396906711230548,0.091984533556236411
6,0.25,2,19,0.19599067890854777,0.097995339454363006
6,0.25,3,19,0.20837461830620554,0.10418730915319753
6,0.25,4,19,0.22100956828396334,0.11050478414208217
6,0.25,5,19,0.23375573561406804,0.11687786780714032
6,0.25,6,19,0.24644411714827882,0.12322205857425148
6,0.25,7,19,0.25887747185433219,0.1294387359272838
6,0.25,8,19,0.27083345093217198,0.13541672546620917
6,0.25,9,19,0.28207022928671849,0.1410351146434875
6,0.25,10,19,0.2923347750676602,0.14616738753396305
6,0.25,11,19,0.30137359192853508,0.1506867959644046
6,0.25,12,19,0.30894539802655319,0.15447269901341709
6,0.25,13,19,0.31483482146588621,0.15741741073308627
6,0.25,14,19,0.31886587117492238,0.15943293558760621
6,0.25,15,19,0.32091376892318041,0.16045688446173614
6,0.25,16,19,0.32091376892318041,0.16045688446173614
6,0.25,17,19,0.31886587117492238,0.15943293558760621
6,0.25,18,19,0.31483482146588621,0.15741741073308627
6,0.25,19,19,0.30894539802655319,0.15447269901341709
6,0.25,20,19,0.30137359192853508,0.1506867959644046
6,0.25,21,19,0.2923347750676602,0.14616738753396305
6,0.25,22,19,0.28207022928671849,0.1410351146434875
6,0.25,23,19,0.27083345093217198,0.13541672546620917
6,0.25,24,19,0.25887747185433219,0.1294387359272838
6,0.25,25,19,0.24644411714827882,0.12322205857425148
6,0.25,26,19,0.23375573561406804,0.11687786780714032
6,0.25,27,19,0.22100956828396334,0.11050478414208217
6,0.25,28,19,0.20837461830620554,0.10418730915319753
6,0.25,29,19,0.19599067890854777,0.097995339454363006
6,0.25,30,19,0.18396906711230548,0.091984533556236411
6,0.25,31,19,0.17239458432988855,0.086197292165022671
6,0.25,0,20,0.16951181402039089,0.084755907010272524
6,0.25,1,20,0.18075853521695825,0.090379267608561326
6,0.25,2,20,0.19242516623023362,0.096212583115204309
6,0.25,3,20,0.2044282646891076,0.10221413234464677
6,0.25,4,20,0.2166591443465341,0.10832957217336557
6,0.25,5,20,0.22898214631805958,0.11449107315913391
6,0.25,6,20,0.24123409306425658,0.120617046532238
6,0.25,7,20,0.25322536569516885,0.12661268284769958
6,0.25,8,20,0.26474301468211975,0.13237150734118025
6,0.25,9,20,0.27555620730656949,0.13777810365341003
6,0.25,10,20,0.28542411969148263,0.1427120598458711
6,0.25,11,20,0.29410610037089713,0.14705305018558232
6,0.25,12,20,0.30137359192853508,0.1506867959644046
6,0.25,13,20,0.30702294798122803,0.15351147399075366
6,0.25,14,20,0.31088799479556362,0.15544399739792317
6,0.25,15,20,0.31285103511693246,0.15642551755860848
6,0.25,16,20,0.31285103511693246,0.15642551755860848
6,0.25,17,20,0.31088799479556362,0.15544399739792317
6,0.25,18,20,0.30702294798122803,0.15351147399075366
6,0.25,19,20,0.30137359192853508,0.1506867959644046
6,0.25,20,20,0.29410610037089713,0.14705305018558232
6,0.25,21,20,0.28542411969148263,0.1427120598458711
6,0.25,22,20,0.27555620730656949,0.13777810365341003
6,0.25,23,20,0.26474301468211975,0.13237150734118025
6,0.25,24,20,0.25322536569516885,0.12661268284769958
6,0.25,25,20,0.24123409306425658,0.120617046532238
6,0.25,26,20,0.22898214631805958,0.11449107315913391
6,0.25,27,20,0.2166591443465341,0.10832957217336557
6,0.25,28,20,0.2044282646891076,0.10221413234464677
6,0.25,29,20,0.19242516623023362,0.096212583115204309
6,0.25,30,20,0.18075853521695825,0.090379267608561326
6,0.25,31,20,0.16951181402039089,0.084755907010272524
6,0.25,0,21,0.16601972786487612,0.083009863932513556
6,0.25,1,21,0.17687474164244535,0.08843737082130311
6,0.25,2,21,0.18811795548105686,0.094058977740613989
6,0.25,3,21,0.19966767909925942,0.099833839549720499
6,0.25,4,21,0.21141847377090595,0.1057092368855491
6,0.25,5,21,0.22323968333797028,0.11161984166908666
6,0.25,6,21,0.23497509359928101,0.11748754679974736
6,0.25,7,21,0.24644411714827882,0.12322205857425148
6,0.25,8,21,0.25744486644284204,0.12872243322153809
6,0.25,9,21,0.26775937450094717,0.13387968725059535
6,0.25,10,21,0.27716104034109013,0.1385805201706711
6,0.25,11,21,0.28542411969148263,0.1427120598458711
6,0.25,12,21,0.2923347750676602,0.14616738753396305
6,0.25,13,21,0.29770288898363545,0.14885144449195312
6,0.25,14,21,0.30137359192853508,0.1506867959644046
6,0.25,15,21,0.30323732821333632,0.15161866410680605
6,0.25,16,21,0.30323732821333632,0.15161866410680605
6,0.25,17,21,0.30137359192853508,0.1506867959644046
6,0.25,18,21,0.29770288898363545,0.14885144449195312
6,0.25,19,21,0.2923347750676602,0.14616738753396305
6,0.25,20,21,0.28542411969148263,0.1427120598458711
6,0.25,21,21,0.27716104034109013,0.1385805201706711
6,0.25,22,21,0.26775937450094717,0.13387968725059535
6,0.25,23,21,0.25744486644284204,0.12872243322153809
6,0.25,24,21,0.24644411714827882,0.12322205857425148
6,0.25,25,21,0.23497509359928101,0.11748754679974736
6,0.25,26,21,0.22323968333797028,0.11161984166908666
6,0.25,27,21,0.21141847377090595,0.1057092368855491
6,0.25,28,21,0.19966767909925942,0.099833839549720499
6,0.25,29,21,0.18811795548105686,0.094058977740613989
6,0.25,30,21,0.17687474164244535,0.08843737082130311
6,0.25,31,21,0.16601972786487612,0.083009863932513556
6,0.25,0,22,0.16198485405553587,0.080992427027841596
6,0.25,1,22,0.17239458432988855,0.086197292165022671
6,0.25,2,22,0.1831575722049838,0.091578786102575194
6,0.25,3,22,0.19419428489882729,0.097097142449501947
6,0.25,4,22,0.20540310703273085,0.10270155351645882
6,0.25,5,22,0.2166591443465341,0.10832957217336557
6,0.25,6,22,0.22781409219305998,0.1139070460966336
6,0.25,7,22,0.23869751941174028,0.11934875970597868
6,0.25,8,22,0.24911988071267116,0.12455994035644886
6,0.25,9,22,0.25887747185433219,0.1294387359272838
6,0.25,10,22,0.26775937450094717,0.13387968725059535
6,0.25,11,22,0.27555620730656949,0.13777810365341003
6,0.25,12,22,0.28207022928671849,0.1410351146434875
6,0.25,13,22,0.28712607167550808,0.1435630358378846
6,0.25,14,22,0.29058115904054066,0.14529057952040247
6,0.25,15,22,0.2923347750676602,0.14616738753396305
6,0.25,16,22,0.2923347750676602,0.14616738753396305
6,0.25,17,22,0.29058115904054066,0.14529057952040247
6,0.25,18,22,0.28712607167550808,0.1435630358378846
6,0.25,19,22,0.28207022928671849,0.1410351146434875
6,0.25,20,22,0.27555620730656949,0.13777810365341003
6,0.25,21,22,0.26775937450094717,0.13387968725059535
6,0.25,22,22,0.25887747185433219,0.1294387359272838
6,0.25,23,22,0.24911988071267116,0.12455994035644886
6,0.25,24,22,0.23869751941174028,0.11934875970597868
6,0.25,25,22,0.22781409219305998,0.1139070460966336
6,0.25,26,22,0.2166591443465341,0.10832957217336557
6,0.25,27,22,0.20540310703273085,0.10270155351645882
6,0.25,28,22,0.19419428489882729,0.097097142449501947
6,0.25,29,22,0.1831575722049838,0.091578786102575194
6,0.25,30,22,0.17239458432988855,0.086197292165022671
6,0.25,31,22,0.16198485405553587,0.080992427027841596
6,0.25,0,23,0.1574801416124616,0.078740070806302409
6,0.25,1,23,0.16740204790960037,0.083701023954876302
6,0.25,2,23,0.17764030975582609,0.088820154877993829
6,0.25,3,23,0.18811795548105686,0.094058977740613989
6,0.25,4,23,0.1987377115455608,0.099368855772870773
6,0.25,5,23,0.20938107781109622,0.10469053890564331
6,0.25,6,23,0.21990839621008587,0.10995419810514294
6,0.25,7,23,0.23016021613395743,0.11508010806708338
6,0.25,8,23,0.23996022017517696,0.1199801100876976
6,0.25,9,23,0.24911988071267116,0.12455994035644886
6,0.25,10,23,0.25744486644284204,0.12872243322153809
6,0.25,11,23,0.26474301468211975,0.13237150734118025
6,0.25,12,23,0.27083345093217198,0.13541672546620917
6,0.25,13,23,0.27555620730656949,0.13777810365341003
6,0.25,14,23,0.27878151160153614,0.13939075580089483
6,0.25,15,23,0.28041783526299946,0.14020891763162724
6,0.25,16,23,0.28041783526299946,0.14020891763162724
6,0.25,17,23,0.27878151160153614,0.13939075580089483
6,0.25,18,23,0.27555620730656949,0.13777810365341003
6,0.25,19,23,0.27083345093217198,0.13541672546620917
6,0.25,20,23,0.26474301468211975,0.13237150734118025
6,0.25,21,23,0.25744486644284204,0.12872243322153809
6,0.25,22,23,0.24911988071267116,0.12455994035644886
6,0.25,23,23,0.23996022017517696,0.1199801100876976
6,0.25,24,23,0.23016021613395743,0.11508010806708338
6,0.25,25,23,0.21990839621008587,0.10995419810514294
6,0.25,26,23,0.20938107781109622,0.10469053890564331
6,0.25,27,23,0.1987377115455608,0.099368855772870773
6,0.25,28,23,0.18811795548105686,0.094058977740613989
6,0.25,29,23,0.17764030975582609,0.088820154877993829
6,0.25,30,23,0.16740204790960037,0.083701023954876302
6,0.25,31,23,0.1574801416124616,0.078740070806302409
6,0.25,0,24,0.15258214131878073,0.076291070659459753
6,0.25,1,24,0.16198485405553587,0.080992427027841596
6,0.25,2,24,0.1716662710889808,0.085833135544568465
6,0.25,3,24,0.18155236672356129,0.090776183361863202
6,0.25,4,24,0.19155065444620403,0.095775327223189127
6,0.25,5,24,0.20154952054071751,0.1007747602704504
6,0.25,6,24,0.21141847377090595,0.1057092368855491
6,0.25,7,24,0.22100956828396334,0.11050478414208217
6,0.25,8,24,0.23016021613395743,0.11508010806708338
6,0.25,9,24,0.23869751941174028,0.11934875970597868
6,0.25,10,24,0.24644411714827882,0.12322205857425148
6,0.25,11,24,0.25322536569516885,0.12661268284769958
6,0.25,12,24,0.25887747185433219,0.1294387359272838
6,0.25,13,24,0.26325600596010912,0.13162800298017427
6,0.25,14,24,0.26624407532637273,0.13312203766330744
6,0.25,15,24,0.26775937450094717,0.13387968725059535
6,0.25,16,24,0.26775937450094717,0.13387968725059535
6,0.25,17,24,0.26624407532637273,0.13312203766330744
6,0.25,18,24,0.26325600596010912,0.13162800298017427
6,0.25,19,24,0.25887747185433219,0.1294387359272838
6,0.25,20,24,0.25322536569516885,0.12661268284769958
6,0.25,21,24,0.24644411714827882,0.12322205857425148
6,0.25,22,24,0.23869751941174028,0.11934875970597868
6,0.25,23,24,0.23016021613395743,0.11508010806708338
6,0.25,24,24,0.22100956828396334,0.11050478414208217
6,0.25,25,24,0.21141847377090595,0.1057092368855491
6,0.25,26,24,0.20154952054071751,0.1007747602704504
6,0.25,27,24,0.19155065444620403,0.095775327223189127
6,0.25,28,24,0.18155236672356129,0.090776183361863202
6,0.25,29,24,0.1716662710889808,0.085833135544568465
6,0.25,30,24,0.16198485405553587,0.080992427027841596
6,0.25,31,24,0.15258214131878073,0.076291070659459753
6,0.25,0,25,0.14736832876504108,0.073684164382587555
6,0.25,1,25,0.15623131236065912,0.078115656180400603
6,0.25,2,25,0.16533568557553596,0.082667842787843171
6,0.25,3,25,0.17461071751199622,0.08730535875607752
6,0.25,4,25,0.18396906711230548,0.091984533556236411
6,0.25,5,25,0.19330635253546324,0.096653176267819524
6,0.25,6,25,0.20250155543340004,0.10125077771679211
6,0.25,7,25,0.21141847377090595,0.1057092368855491
6,0.25,8,25,0.21990839621008587,0.10995419810514294
6,0.25,9,25,0.22781409219305998,0.1139070460966336
6,0.25,10,25,0.23497509359928101,0.11748754679974736
6,0.25,11,25,0.24123409306425658,0.120617046532238
6,0.25,12,25,0.24644411714827882,0.12322205857425148
6,0.25,13,25,0.25047597498219326,0.12523798749121054
6,0.25,14,25,0.25322536569516885,0.12661268284769958
6,0.25,15,25,0.25461898072022693,0.12730949036022926
6,0.25,16,25,0.25461898072022693,0.12730949036022926
6,0.25,17,25,0.25322536569516885,0.12661268284769958
6,0.25,18,25,0.25047597498219326,0.12523798749121054
6,0.25,19,25,0.24644411714827882,0.12322205857425148
6,0.25,20,25,0.24123409306425658,0.120617046532238
6,0.25,21,25,0.23497509359928101,0.11748754679974736
6,0.25,22,25,0.22781409219305998,0.1139070460966336
6,0.25,23,25,0.21990839621008587,0.10995419810514294
6,0.25,24,25,0.21141847377090595,0.1057092368855491
6,0.25,25,25,0.20250155543340004,0.10125077771679211
6,0.25,26,25,0.19330635253546324,0.096653176267819524
6,0.25,27,25,0.18396906711230548,0.091984533556236411
6,0.25,28,25,0.17461071751199622,0.08730535875607752
6,0.25,29,25,0.16533568557553596,0.082667842787843171
6,0.25,30,25,0.15623131236065912,0.078115656180400603
6,0.25,31,25,0.14736832876504108,0.073684164382587555
6,0.25,0,26,0.14191470965281408,0.070957354826471572
6,0.25,1,26,0.15022753845110914,0.075113769225622878
6,0.25,2,26,0.15874569743102016,0.07937284871558227
6,0.25,3,26,0.16740204790960037,0.083701023954876302
6,0.25,4,26,0.17611465666191817,0.088057328331039172
6,0.25,5,26,0.18478657209603677,0.092393286048102416
6,0.25,6,26,0.19330635253546324,0.096653176267819524
6,0.25,7,26,0.20154952054071751,0.1007747602704504
6,0.25,8,26,0.20938107781109622,0.10469053890564331
6,0.25,9,26,0.2166591443465341,0.10832957217336557
6,0.25,10,26,0.22323968333797028,0.11161984166908666
6,0.25,11,26,0.22898214631805958,0.11449107315913391
6,0.25,12,26,0.23375573561406804,0.11687786780714032
6,0.25,13,26,0.23744585407899743,0.1187229270396067
6,0.25,14,26,0.23996022017517696,0.1199801100876976
6,0.25,15,26,0.24123409306425658,0.120617046532238
6,0.25,16,26,0.24123409306425658,0.120617046532238
6,0.25,17,26,0.23996022017517696,0.1199801100876976
6,0.25,18,26,0.23744585407899743,0.1187229270396067
6,0.25,19,26,0.23375573561406804,0.11687786780714032
6,0.25,20,26,0.22898214631805958,0.11449107315913391
6,0.25,21,26,0.22323968333797028,0.11161984166908666
6,0.25,22,26,0.2166591443465341,0.10832957217336557
6,0.25,23,26,0.20938107781109622,0.10469053890564331
6,0.25,24,26,0.20154952054071751,0.1007747602704504
6,0.25,25,26,0.19330635253546324,0.096653176267819524
6,0.25,26,26,0.18478657209603677,0.092393286048102416
6,0.25,27,26,0.17611465666191817,0.088057328331039172
6,0.25,28,26,0.16740204790960037,0.083701023954876302
6,0.25,29,26,0.15874569743102016,0.07937284871558227
6,0.25,30,26,0.15022753845110914,0.075113769225622878
6,0.25,31,26,0.14191470965281408,0.070957354826471572
6,0.25,0,27,0.13629380468553318,0.068146902342828566
6,0.25,1,27,0.14405515074374386,0.07202757537193745
6,0.25,2,27,0.15198775163249875,0.075993875816318487
6,0.25,3,27,0.16002829515052402,0.080014147575334787
6,0.25,4,27,0.16810041806709392,0.084050209033623396
6,0.25,5,27,0.17611465666191817,0.088057328331039172
6,0.25,6,27,0.18396906711230548,0.091984533556236411
6,0.25,7,27,0.19155065444620403,0.095775327223189127
6,0.25,8,27,0.1987377115455608,0.099368855772870773
6,0.25,9,27,0.20540310703273085,0.10270155351645882
6,0.25,10,27,0.21141847377090595,0.1057092368855491
6,0.25,11,27,0.2166591443465341,0.10832957217336557
6,0.25,12,27,0.22100956828396334,0.11050478414208217
6,0.25,13,27,0.22436884488328768,0.11218442244174587
6,0.25,14,27,0.22665593495135944,0.11332796747578279
6,0.25,15,27,0.22781409219305998,0.1139070460966336
6,0.25,16,27,0.22781409219305998,0.1139070460966336
6,0.25,17,27,0.22665593495135944,0.11332796747578279
6,0.25,18,27,0.22436884488328768,0.11218442244174587
6,0.25,19,27,0.22100956828396334,0.11050478414208217
6,0.25,20,27,0.2166591443465341,0.10832957217336557
6,0.25,21,27,0.21141847377090595,0.1057092368855491
6,0.25,22,27,0.20540310703273085,0.10270155351645882
6,0.25,23,27,0.1987377115455608,0.099368855772870773
6,0.25,24,27,0.19155065444620403,0.095775327223189127
6,0.25,25,27,0.18396906711230548,0.091984533556236411
6,0.25,26,27,0.17611465666191817,0.088057328331039172
6,0.25,27,27,0.16810041806709392,0.084050209033623396
6,0.25,28,27,0.16002829515052402,0.080014147575334787
6,0.25,29,27,0.15198775163249875,0.075993875816318487
6,0.25,30,27,0.14405515074374386,0.07202757537193745
6,0.25,31,27,0.13629380468553318,0.068146902342828566
6,0.25,0,28,0.13057306706682573,0.065286533533472246
6,0.25,1,28,0.1377895013340886,0.068894750667106958
6,0.25,2,28,0.14514563333725441,0.07257281666869321
6,0.25,3,28,0.15258214131878073,0.076291070659459753
6,0.25,4,28,0.16002829515052402,0.080014147575334787
6,0.25,5,28,0.16740204790960037,0.083701023954876302
6,0.25,6,28,0.17461071751199622,0.08730535875607752
6,0.25,7,28,0.18155236672356129,0.090776183361863202
6,0.25,8,28,0.18811795548105686,0.094058977740613989
6,0.25,9,28,0.19419428489882729,0.097097142449501947
6,0.25,10,28,0.19966767909925942,0.099833839549720499
6,0.25,11,28,0.2044282646891076,0.10221413234464677
6,0.25,12,28,0.20837461830620554,0.10418730915319753
6,0.25,13,28,0.21141847377090595,0.1057092368855491
6,0.25,14,28,0.21348912710000029,0.10674456355009723
6,0.25,15,28,0.21453716346660262,0.10726858173339887
6,0.25,16,28,0.21453716346660262,0.10726858173339887
6,0.25,17,28,0.21348912710000029,0.10674456355009723
6,0.25,18,28,0.21141847377090595,0.1057092368855491
6,0.25,19,28,0.20837461830620554,0.10418730915319753
6,0.25,20,28,0.2044282646891076,0.10221413234464677
6,0.25,21,28,0.19966767909925942,0.099833839549720499
6,0.25,22,28,0.19419428489882729,0.097097142449501947
6,0.25,23,28,0.18811795548105686,0.094058977740613989
6,0.25,24,28,0.18155236672356129,0.090776183361863202
6,0.25,25,28,0.17461071751199622,0.08730535875607752
6,0.25,26,28,0.16740204790960037,0.083701023954876302
6,0.25,27,28,0.16002829515052402,0.080014147575334787
6,0.25,28,28,0.15258214131878073,0.076291070659459753
6,0.25,29,28,0.14514563333725441,0.07257281666869321
6,0.25,30,28,0.1377895013340886,0.068894750667106958
6,0.25,31,28,0.13057306706682573,0.065286533533472246
6,0.25,0,29,0.12481374509719603,0.06240687254865477
6,0.25,1,29,0.13149844659092788,0.06574922329552374
6,0.25,2,29,0.13829415600444489,0.069147078002285339
6,0.25,3,29,0.14514563333725441,0.07257281666869321
6,0.25,4,29,0.15198775163249875,0.075993875816318487
6,0.25,5,29,0.15874569743102016,0.07937284871558227
6,0.25,6,29,0.16533568557553596,0.082667842787843171
6,0.25,7,29,0.1716662710889808,0.085833135544568465
6,0.25,8,29,0.17764030975582609,0.088820154877993829
6,0.25,9,29,0.1831575722049838,0.091578786102575194
6,0.25,10,29,0.18811795548105686,0.094058977740613989
6,0.25,11,29,0.19242516623023362,0.096212583115204309
6,0.25,12,29,0.19599067890854777,0.097995339454363006
6,0.25,13,29,0.1987377115455608,0.099368855772870773
6,0.25,14,29,0.20060492211894981,0.10030246105956613
6,0.25,15,29,0.20154952054071751,0.1007747602704504
6,0.25,16,29,0.20154952054071751,0.1007747602704504
6,0.25,17,29,0.20060492211894981,0.10030246105956613
6,0.25,18,29,0.1987377115455608,0.099368855772870773
6,0.25,19,29,0.19599067890854777,0.097995339454363006
6,0.25,20,29,0.19242516623023362,0.096212583115204309
6,0.25,21,29,0.18811795548105686,0.094058977740613989
6,0.25,22,29,0.1831575722049838,0.091578786102575194
6,0.25,23,29,0.17764030975582609,0.088820154877993829
6,0.25,24,29,0.1716662710889808,0.085833135544568465
6,0.25,25,29,0.16533568557553596,0.082667842787843171
6,0.25,26,29,0.15874569743102016,0.07937284871558227
6,0.25,27,29,0.15198775163249875,0.075993875816318487
6,0.25,28,29,0.14514563333725441,0.07257281666869321
6,0.25,29,29,0.13829415600444489,0.069147078002285339
6,0.25,30,29,0.13149844659092788,0.06574922329552374
6,0.25,31,29,0.12481374509719603,0.06240687254865477
6,0.25,0,30,0.11907016918056107,0.059535084590334679
6,0.25,1,30,0.1252416233713492,0.062620811685731539
6,0.25,2,30,0.13149844659092788,0.06574922329552374
6,0.25,3,30,0.1377895013340886,0.068894750667106958
6,0.25,4,30,0.14405515074374386,0.07202757537193745
6,0.25,5,30,0.15022753845110914,0.075113769225622878
6,0.25,6,30,0.15623131236065912,0.078115656180400603
6,0.25,7,30,0.16198485405553587,0.080992427027841596
6,0.25,8,30,0.16740204790960037,0.083701023954876302
6,0.25,9,30,0.17239458432988855,0.086197292165022671
6,0.25,10,30,0.17687474164244535,0.08843737082130311
6,0.25,11,30,0.18075853521695825,0.090379267608561326
6,0.25,12,30,0.18396906711230548,0.091984533556236411
6,0.25,13,30,0.18643986313697705,0.093219931568573305
6,0.25,14,30,0.18811795548105686,0.094058977740613989
6,0.25,15,30,0.18896646534151823,0.094483232670845047
6,0.25,16,30,0.18896646534151823,0.094483232670845047
6,0.25,17,30,0.18811795548105686,0.094058977740613989
6,0.25,18,30,0.18643986313697705,0.093219931568573305
6,0.25,19,30,0.18396906711230548,0.091984533556236411
6,0.25,20,30,0.18075853521695825,0.090379267608561326
6,0.25,21,30,0.17687474164244535,0.08843737082130311
6,0.25,22,30,0.17239458432988855,0.086197292165022671
6,0.25,23,30,0.16740204790960037,0.083701023954876302
6,0.25,24,30,0.16198485405553587,0.080992427027841596
6,0.25,25,30,0.15623131236065912,0.078115656180400603
6,0.25,26,30,0.15022753845110914,0.075113769225622878
6,0.25,27,30,0.14405515074374386,0.07202757537193745
6,0.25,28,30,0.1377895013340886,0.068894750667106958
6,0.25,29,30,0.13149844659092788,0.06574922329552374
6,0.25,30,30,0.1252416233713492,0.062620811685731539
6,0.25,31,30,0.11907016918056107,0.059535084590334679
6,0.25,0,31,0.11338941848691671,0.056694709243509916
6,0.25,1,31,0.11907016918056107,0.059535084590334679
6,0.25,2,31,0.12481374509719603,0.06240687254865477
6,0.25,3,31,0.13057306706682573,0.065286533533472246
6,0.25,4,31,0.13629380468553318,0.068146902342828566
6,0.25,5,31,0.14191470965281408,0.070957354826471572
6,0.25,6,31,0.14736832876504108,0.073684164382587555
6,0.25,7,31,0.15258214131878073,0.076291070659459753
6,0.25,8,31,0.1574801416124616,0.078740070806302409
6,0.25,9,31,0.16198485405553587,0.080992427027841596
6,0.25,10,31,0.16601972786487612,0.083009863932513556
6,0.25,11,31,0.16951181402039089,0.084755907010272524
6,0.25,12,31,0.17239458432988855,0.086197292165022671
6,0.25,13,31,0.17461071751199622,0.08730535875607752
6,0.25,14,31,0.17611465666191817,0.088057328331039172
6,0.25,15,31,0.17687474164244535,0.08843737082130311
6,0.25,16,31,0.17687474164244535,0.08843737082130311
6,0.25,17,31,0.17611465666191817,0.088057328331039172
6,0.25,18,31,0.17461071751199622,0.08730535875607752
6,0.25,19,31,0.17239458432988855,0.086197292165022671
6,0.25,20,31,0.16951181402039089,0.084755907010272524
6,0.25,21,31,0.16601972786487612,0.083009863932513556
6,0.25,22,31,0.16198485405553587,0.080992427027841596
6,0.25,23,31,0.1574801416124616,0.078740070806302409
6,0.25,24,31,0.15258214131878073,0.076291070659459753
6,0.25,25,31,0.14736832876504108,0.073684164382587555
6,0.25,26,31,0.14191470965281408,0.070957354826471572
6,0.25,27,31,0.13629380468553318,0.068146902342828566
6,0.25,28,31,0.13057306706682573,0.065286533533472246
6,0.25,29,31,0.12481374509719603,0.06240687254865477
6,0.25,30,31,0.11907016918056107,0.059535084590334679
6,0.25,31,31,0.11338941848691671,0.056694709243509916
6,0.90000000000000002,0,0,0.11338941848691671,0.056702245262932278
6,0.90000000000000002,1,0,0.11907016918056107,0.059542998160397417
6,0.90000000000000002,2,0,0.12481374509719603,0.062415167844810111
6,0.90000000000000002,3,0,0.13057306706682573,0.065295211602224901
6,0.90000000000000002,4,0,0.13629380468553318,0.068155960619808595
6,0.90000000000000002,5,0,0.14191470965281408,0.070966786676661245
6,0.90000000000000002,6,0,0.14736832876504108,0.073693958687934866
6,0.90000000000000002,7,0,0.15258214131878073,0.076301211482085254
6,0.90000000000000002,8,0,0.1574801416124616,0.078750537156881364
6,0.90000000000000002,9,0,0.16198485405553587,0.081003192767913124
6,0.90000000000000002,10,0,0.16601972786487612,0.083020897835944588
6,0.90000000000000002,11,0,0.16951181402039089,0.084767173002636045
6,0.90000000000000002,12,0,0.17239458432988855,0.08620874975033492
6,0.90000000000000002,13,0,0.17461071751199622,0.087316963628702157
6,0.90000000000000002,14,0,0.17611465666191817,0.08806903315756423
6,0.90000000000000002,15,0,0.17687474164244535,0.088449126164139594
6,0.90000000000000002,16,0,0.17687474164244535,0.088449126164139594
6,0.90000000000000002,17,0,0.17611465666191817,0.08806903315756423
6,0.90000000000000002,18,0,0.17461071751199622,0.087316963628702157
6,0.90000000000000002,19,0,0.17239458432988855,0.08620874975033492
6,0.90000000000000002,20,0,0.16951181402039089,0.084767173002636045
6,0.90000000000000002,21,0,0.16601972786487612,0.083020897835944588
6,0.90000000000000002,22,0,0.16198485405553587,0.081003192767913124
6,0.90000000000000002,23,0,0.1574801416124616,0.078750537156881364
6,0.90000000000000002,24,0,0.15258214131878073,0.076301211482085254
6,0.90000000000000002,25,0,0.14736832876504108,0.073693958687934866
6,0.90000000000000002,26,0,0.14191470965281408,0.070966786676661245
6,0.90000000000000002,27,0,0.13629380468553318,0.068155960619808595
6,0.90000000000000002,28,0,0.13057306706682573,0.065295211602224901
6,0.90000000000000002,29,0,0.12481374509719603,0.062415167844810111
6,0.90000000000000002,30,0,0.11907016918056107,0.059542998160397417
6,0.90000000000000002,31,0,0.11338941848691671,0.056702245262932278
6,0.90000000000000002,0,1,0.11907016918056107,0.059542998160397417
6,0.90000000000000002,1,1,0.1252416233713492,0.062629135419275728
6,0.90000000000000002,2,1,0.13149844659092788,0.065757962866294484
6,0.90000000000000002,3,1,0.1377895013340886,0.068903908350179219
6,0.90000000000000002,4,1,0.14405515074374386,0.072037149478837215
6,0.90000000000000002,5,1,0.15022753845110914,0.075123753558046916
6,0.90000000000000002,6,1,0.15623131236065912,0.078126039532039962
6,0.90000000000000002,7,1,0.16198485405553587,0.081003192767913124
6,0.90000000000000002,8,1,0.16740204790960037,0.083712149729231841
6,0.90000000000000002,9,1,0.17239458432988855,0.08620874975033492
6,0.90000000000000002,10,1,0.17687474164244535,0.088449126164139594
6,0.90000000000000002,11,1,0.18075853521695825,0.090391281073753507
6,0.90000000000000002,12,1,0.18396906711230548,0.091996760397870955
6,0.90000000000000002,13,1,0.18643986313697705,0.09323232262276912
6,0.90000000000000002,14,1,0.18811795548105686,0.094071480323175194
6,0.90000000000000002,15,1,0.18896646534151823,0.094495791646558941
6,0.90000000000000002,16,1,0.18896646534151823,0.094495791646558941
6,0.90000000000000002,17,1,0.18811795548105686,0.094071480323175194
6,0.90000000000000002,18,1,0.18643986313697705,0.09323232262276912
6,0.90000000000000002,19,1,0.18396906711230548,0.091996760397870955
6,0.90000000000000002,20,1,0.18075853521695825,0.090391281073753507
6,0.90000000000000002,21,1,0.17687474164244535,0.088449126164139594
6,0.90000000000000002,22,1,0.17239458432988855,0.08620874975033492
6,0.90000000000000002,23,1,0.16740204790960037,0.083712149729231841
6,0.90000000000000002,24,1,0.16198485405553587,0.081003192767913124
6,0.90000000000000002,25,1,0.15623131236065912,0.078126039532039962
6,0.90000000000000002,26,1,0.15022753845110914,0.075123753558046916
6,0.90000000000000002,27,1,0.14405515074374386,0.072037149478837215
6,0.90000000000000002,28,1,0.1377895013340886,0.068903908350179219
6,0.90000000000000002,29,1,0.13149844659092788,0.065757962866294484
6,0.90000000000000002,30,1,0.1252416233713492,0.062629135419275728
6,0.90000000000000002,31,1,0.11907016918056107,0.059542998160397417
6,0.90000000000000002,0,2,0.12481374509719603,0.062415167844810111
6,0.90000000000000002,1,2,0.13149844659092788,0.065757962866294484
6,0.90000000000000002,2,2,0.13829415600444489,0.069156269225413181
6,0.90000000000000002,3,2,0.14514563333725441,0.072582463250592102
6,0.90000000000000002,4,2,0.15198775163249875,0.076003977134973685
6,0.90000000000000002,5,2,0.15874569743102016,0.079383399176771868
6,0.90000000000000002,6,2,0.16533568557553596,0.082678831228866448
6,0.90000000000000002,7,2,0.1716662710889808,0.085844544725163563
6,0.90000000000000002,8,2,0.17764030975582609,0.088831961101558415
6,0.90000000000000002,9,2,0.1831575722049838,0.091590959011122644
6,0.90000000000000002,10,2,0.18811795548105686,0.094071480323175194
6,0.90000000000000002,11,2,0.19242516623023362,0.096225371961019143
6,0.90000000000000002,12,2,0.19599067890854777,0.09800836526913978
6,0.90000000000000002,13,2,0.1987377115455608,0.099382064159280623
6,0.90000000000000002,14,2,0.20060492211894981,0.10031579354340354
6,0.90000000000000002,15,2,0.20154952054071751,0.10078815553362074
6,0.90000000000000002,16,2,0.20154952054071751,0.10078815553362074
6,0.90000000000000002,17,2,0.20060492211894981,0.10031579354340354
6,0.90000000000000002,18,2,0.1987377115455608,0.099382064159280623
6,0.90000000000000002,19,2,0.19599067890854777,0.09800836526913978
6,0.90000000000000002,20,2,0.19242516623023362,0.096225371961019143
6,0.90000000000000002,21,2,0.18811795548105686,0.094071480323175194
6,0.90000000000000002,22,2,0.1831575722049838,0.091590959011122644
6,0.90000000000000002,23,2,0.17764030975582609,0.088831961101558415
6,0.90000000000000002,24,2,0.1716662710889808,0.085844544725163563
6,0.90000000000000002,25,2,0.16533568557553596,0.082678831228866448
6,0.90000000000000002,26,2,0.15874569743102016,0.079383399176771868
6,0.90000000000000002,27,2,0.15198775163249875,0.076003977134973685
6,0.90000000000000002,28,2,0.14514563333725441,0.072582463250592102
6,0.90000000000000002,29,2,0.13829415600444489,0.069156269225413181
6,0.90000000000000002,30,2,0.13149844659092788,0.065757962866294484
6,0.90000000000000002,31,2,0.12481374509719603,0.062415167844810111
6,0.90000000000000002,0,3,0.13057306706682573,0.065295211602224901
6,0.90000000000000002,1,3,0.1377895013340886,0.068903908350179219
6,0.90000000000000002,2,3,0.14514563333725441,0.072582463250592102
6,0.90000000000000002,3,3,0.15258214131878073,0.076301211482085254
6,0.90000000000000002,4,3,0.16002829515052402,0.080024783279763603
6,0.90000000000000002,5,3,0.16740204790960037,0.083712149729231841
6,0.90000000000000002,6,3,0.17461071751199622,0.087316963628702157
6,0.90000000000000002,7,3,0.18155236672356129,0.090788249586208139
6,0.90000000000000002,8,3,0.18811795548105686,0.094071480323175194
6,0.90000000000000002,9,3,0.19419428489882729,0.097110048873419091
6,0.90000000000000002,10,3,0.19966767909925942,0.099847109743075313
6,0.90000000000000002,11,3,0.2044282646891076,0.10222771893318153
6,0.90000000000000002,12,3,0.20837461830620554,0.10420115802191596
6,0.90000000000000002,13,3,0.21141847377090595,0.10572328805316109
6,0.90000000000000002,14,3,0.21348912710000029,0.10675875233622699
6,0.90000000000000002,15,3,0.21453716346660262,0.10728284017349211
6,0.90000000000000002,16,3,0.21453716346660262,0.10728284017349211
6,0.90000000000000002,17,3,0.21348912710000029,0.10675875233622699
6,0.90000000000000002,18,3,0.21141847377090595,0.10572328805316109
6,0.90000000000000002,19,3,0.20837461830620554,0.10420115802191596
6,0.90000000000000002,20,3,0.2044282646891076,0.10222771893318153
6,0.90000000000000002,21,3,0.19966767909925942,0.099847109743075313
6,0.90000000000000002,22,3,0.19419428489882729,0.097110048873419091
6,0.90000000000000002,23,3,0.18811795548105686,0.094071480323175194
6,0.90000000000000002,24,3,0.18155236672356129,0.090788249586208139
6,0.90000000000000002,25,3,0.17461071751199622,0.087316963628702157
6,0.90000000000000002,26,3,0.16740204790960037,0.083712149729231841
6,0.90000000000000002,27,3,0.16002829515052402,0.080024783279763603
6,0.90000000000000002,28,3,0.15258214131878073,0.076301211482085254
6,0.90000000000000002,29,3,0.14514563333725441,0.072582463250592102
6,0.90000000000000002,30,3,0.1377895013340886,0.068903908350179219
6,0.90000000000000002,31,3,0.13057306706682573,0.065295211602224901
6,0.90000000000000002,0,4,0.13629380468553318,0.068155960619808595
6,0.90000000000000002,1,4,0.14405515074374386,0.072037149478837215
6,0.90000000000000002,2,4,0.15198775163249875,0.076003977134973685
6,0.90000000000000002,3,4,0.16002829515052402,0.080024783279763603
6,0.90000000000000002,4,4,0.16810041806709392,0.084061381222636858
6,0.90000000000000002,5,4,0.17611465666191817,0.08806903315756423
6,0.90000000000000002,6,4,0.18396906711230548,0.091996760397870955
6,0.90000000000000002,7,4,0.19155065444620403,0.095788057947727059
6,0.90000000000000002,8,4,0.1987377115455608,0.099382064159280623
6,0.90000000000000002,9,4,0.20540310703273085,0.10271520489437987
6,0.90000000000000002,10,4,0.21141847377090595,0.10572328805316109
6,0.90000000000000002,11,4,0.2166591443465341,0.10834397164327746
6,0.90000000000000002,12,4,0.22100956828396334,0.11051947274725663
6,0.90000000000000002,13,4,0.22436884488328768,0.11219933430914387
6,0.90000000000000002,14,4,0.22665593495135944,0.11334303134638712
6,0.90000000000000002,15,4,0.22781409219305998,0.11392218693998886
6,0.90000000000000002,16,4,0.22781409219305998,0.11392218693998886
6,0.90000000000000002,17,4,0.22665593495135944,0.11334303134638712
6,0.90000000000000002,18,4,0.22436884488328768,0.11219933430914387
6,0.90000000000000002,19,4,0.22100956828396334,0.11051947274725663
6,0.90000000000000002,20,4,0.2166591443465341,0.10834397164327746
6,0.90000000000000002,21,4,0.21141847377090595,0.10572328805316109
6,0.90000000000000002,22,4,0.20540310703273085,0.10271520489437987
6,0.90000000000000002,23,4,0.1987377115455608,0.099382064159280623
6,0.90000000000000002,24,4,0.19155065444620403,0.095788057947727059
6,0.90000000000000002,25,4,0.18396906711230548,0.091996760397870955
6,0.90000000000000002,26,4,0.17611465666191817,0.08806903315756423
6,0.90000000000000002,27,4,0.16810041806709392,0.084061381222636858
6,0.90000000000000002,28,4,0.16002829515052402,0.080024783279763603
6,0.90000000000000002,29,4,0.15198775163249875,0.076003977134973685
6,0.90000000000000002,30,4,0.14405515074374386,0.072037149478837215
6,0.90000000000000002,31,4,0.13629380468553318,0.068155960619808595
6,0.90000000000000002,0,5,0.14191470965281408,0.070966786676661245
6,0.90000000000000002,1,5,0.15022753845110914,0.075123753558046916
6,0.90000000000000002,2,5,0.15874569743102016,0.079383399176771868
6,0.90000000000000002,3,5,0.16740204790960037,0.083712149729231841
6,0.90000000000000002,4,5,0.17611465666191817,0.08806903315756423
6,0.90000000000000002,5,5,0.18478657209603677,0.092405567222262147
6,0.90000000000000002,6,5,0.19330635253546324,0.09666602367850928
6,0.90000000000000002,7,5,0.20154952054071751,0.10078815553362074
6,0.90000000000000002,8,5,0.20938107781109622,0.10470445466506881
6,0.90000000000000002,9,5,0.2166591443465341,0.10834397164327746
6,0.90000000000000002,10,5,0.22323968333797028,0.11163467849082828
6,0.90000000000000002,11,5,0.22898214631805958,0.11450629163300083
6,0.90000000000000002,12,5,0.23375573561406804,0.11689340354043171
6,0.90000000000000002,13,5,0.23744585407899743,0.11873870802333496
6,0.90000000000000002,14,5,0.23996022017517696,0.11999605817971505
6,0.90000000000000002,15,5,0.24123409306425658,0.12063307928763023
6,0.90000000000000002,16,5,0.24123409306425658,0.12063307928763023
6,0.90000000000000002,17,5,0.23996022017517696,0.11999605817971505
6,0.90000000000000002,18,5,0.23744585407899743,0.11873870802333496
6,0.90000000000000002,19,5,0.23375573561406804,0.11689340354043171
6,0.90000000000000002,20,5,0.22898214631805958,0.11450629163300083
6,0.90000000000000002,21,5,0.22323968333797028,0.11163467849082828
6,0.90000000000000002,22,5,0.2166591443465341,0.10834397164327746
6,0.90000000000000002,23,5,0.20938107781109622,0.10470445466506881
6,0.90000000000000002,24,5,0.20154952054071751,0.10078815553362074
6,0.90000000000000002,25,5,0.19330635253546324,0.09666602367850928
6,0.90000000000000002,26,5,0.18478657209603677,0.092405567222262147
6,0.90000000000000002,27,5,0.17611465666191817,0.08806903315756423
6,0.90000000000000002,28,5,0.16740204790960037,0.083712149729231841
6,0.90000000000000002,29,5,0.15874569743102016,0.079383399176771868
6,0.90000000000000002,30,5,0.15022753845110914,0.075123753558046916
6,0.90000000000000002,31,5,0.14191470965281408,0.070966786676661245
6,0.90000000000000002,0,6,0.14736832876504108,0.073693958687934866
6,0.90000000000000002,1,6,0.15623131236065912,0.078126039532039962
6,0.90000000000000002,2,6,0.16533568557553596,0.082678831228866448
6,0.90000000000000002,3,6,0.17461071751199622,0.087316963628702157
6,0.90000000000000002,4,6,0.18396906711230548,0.091996760397870955
6,0.90000000000000002,5,6,0.19330635253546324,0.09666602367850928
6,0.90000000000000002,6,6,0.20250155543340004,0.10126423625353363
6,0.90000000000000002,7,6,0.21141847377090595,0.10572328805316109
6,0.90000000000000002,8,6,0.21990839621008587,0.10996881352488047
6,0.90000000000000002,9,6,0.22781409219305998,0.11392218693998886
6,0.90000000000000002,10,6,0.23497509359928101,0.11750316357327673
6,0.90000000000000002,11,6,0.24123409306425658,0.12063307928763023
6,0.90000000000000002,12,6,0.24644411714827882,0.12323843759513491
6,0.90000000000000002,13,6,0.25047597498219326,0.12525463447500751
6,0.90000000000000002,14,6,0.25322536569516885,0.12662951255985067
6,0.90000000000000002,15,6,0.25461898072022693,0.12732641269398504
6,0.90000000000000002,16,6,0.25461898072022693,0.12732641269398504
6,0.90000000000000002,17,6,0.25322536569516885,0.12662951255985067
6,0.90000000000000002,18,6,0.25047597498219326,0.12525463447500751
6,0.90000000000000002,19,6,0.24644411714827882,0.12323843759513491
6,0.90000000000000002,20,6,0.24123409306425658,0.12063307928763023
6,0.90000000000000002,21,6,0.23497509359928101,0.11750316357327673
6,0.90000000000000002,22,6,0.22781409219305998,0.11392218693998886
6,0.90000000000000002,23,6,0.21990839621008587,0.10996881352488047
6,0.90000000000000002,24,6,0.21141847377090595,0.10572328805316109
6,0.90000000000000002,25,6,0.20250155543340004,0.10126423625353363
6,0.90000000000000002,26,6,0.19330635253546324,0.09666602367850928
6,0.90000000000000002,27,6,0.18396906711230548,0.091996760397870955
6,0.90000000000000002,28,6,0.17461071751199622,0.087316963628702157
6,0.90000000000000002,29,6,0.16533568557553596,0.082678831228866448
6,0.90000000000000002,30,6,0.15623131236065912,0.078126039532039962
6,0.90000000000000002,31,6,0.14736832876504108,0.073693958687934866
6,0.90000000000000002,0,7,0.15258214131878073,0.076301211482085254
6,0.90000000000000002,1,7,0.16198485405553587,0.081003192767913124
6,0.90000000000000002,2,7,0.1716662710889808,0.085844544725163563
6,0.90000000000000002,3,7,0.18155236672356129,0.090788249586208139
6,0.90000000000000002,4,7,0.19155065444620403,0.095788057947727059
6,0.90000000000000002,5,7,0.20154952054071751,0.10078815553362074
6,0.90000000000000002,6,7,0.21141847377090595,0.10572328805316109
6,0.90000000000000002,7,7,0.22100956828396334,0.11051947274725663
6,0.90000000000000002,8,7,0.23016021613395743,0.11509540483711878
6,0.90000000000000002,9,7,0.23869751941174028,0.11936462387713645
6,0.90000000000000002,10,7,0.24644411714827882,0.12323843759513491
6,0.90000000000000002,11,7,0.25322536569516885,0.12662951255985067
6,0.90000000000000002,12,7,0.25887747185433219,0.12945594128631943
6,0.90000000000000002,13,7,0.26325600596010912,0.13164549934271358
6,0.90000000000000002,14,7,0.26624407532637273,0.13313973261711814
6,0.90000000000000002,15,7,0.26775937450094717,0.13389748291330961
6,0.90000000000000002,16,7,0.26775937450094717,0.13389748291330961
6,0.90000000000000002,17,7,0.26624407532637273,0.13313973261711814
6,0.90000000000000002,18,7,0.26325600596010912,0.13164549934271358
6,0.90000000000000002,19,7,0.25887747185433219,0.12945594128631943
6,0.90000000000000002,20,7,0.25322536569516885,0.12662951255985067
6,0.90000000000000002,21,7,0.24644411714827882,0.12323843759513491
6,0.90000000000000002,22,7,0.23869751941174028,0.11936462387713645
6,0.90000000000000002,23,7,0.23016021613395743,0.11509540483711878
6,0.90000000000000002,24,7,0.22100956828396334,0.11051947274725663
6,0.90000000000000002,25,7,0.21141847377090595,0.10572328805316109
6,0.90000000000000002,26,7,0.20154952054071751,0.10078815553362074
6,0.90000000000000002,27,7,0.19155065444620403,0.095788057947727059
6,0.90000000000000002,28,7,0.18155236672356129,0.090788249586208139
6,0.90000000000000002,29,7,0.1716662710889808,0.085844544725163563
6,0.90000000000000002,30,7,0.16198485405553587,0.081003192767913124
6,0.90000000000000002,31,7,0.15258214131878073,0.076301211482085254
6,0.90000000000000002,0,8,0.1574801416124616,0.078750537156881364
6,0.90000000000000002,1,8,0.16740204790960037,0.083712149729231841
6,0.90000000000000002,2,8,0.17764030975582609,0.088831961101558415
6,0.90000000000000002,3,8,0.18811795548105686,0.094071480323175194
6,0.90000000000000002,4,8,0.1987377115455608,0.099382064159280623
6,0.90000000000000002,5,8,0.20938107781109622,0.10470445466506881
6,0.90000000000000002,6,8,0.21990839621008587,0.10996881352488047
6,0.90000000000000002,7,8,0.23016021613395743,0.11509540483711878
6,0.90000000000000002,8,8,0.23996022017517696,0.11999605817971505
6,0.90000000000000002,9,8,0.24911988071267116,0.12457649721232307
6,0.90000000000000002,10,8,0.25744486644284204,0.12873954336761337
6,0.90000000000000002,11,8,0.26474301468211975,0.13238910253240008
6,0.90000000000000002,12,8,0.27083345093217198,0.13543472543634469
6,0.90000000000000002,13,8,0.27555620730656949,0.13779641750454294
6,0.90000000000000002,14,8,0.27878151160153614,0.13940928401026445
6,0.90000000000000002,15,8,0.28041783526299946,0.14022755459335717
6,0.90000000000000002,16,8,0.28041783526299946,0.14022755459335717
6,0.90000000000000002,17,8,0.27878151160153614,0.13940928401026445
6,0.90000000000000002,18,8,0.27555620730656949,0.13779641750454294
6,0.90000000000000002,19,8,0.27083345093217198,0.13543472543634469
6,0.90000000000000002,20,8,0.26474301468211975,0.13238910253240008
6,0.90000000000000002,21,8,0.25744486644284204,0.12873954336761337
6,0.90000000000000002,22,8,0.24911988071267116,0.12457649721232307
6,0.90000000000000002,23,8,0.23996022017517696,0.11999605817971505
6,0.90000000000000002,24,8,0.23016021613395743,0.11509540483711878
6,0.90000000000000002,25,8,0.21990839621008587,0.10996881352488047
6,0.90000000000000002,26,8,0.20938107781109622,0.10470445466506881
6,0.90000000000000002,27,8,0.1987377115455608,0.099382064159280623
6,0.90000000000000002,28,8,0.18811795548105686,0.094071480323175194
6,0.90000000000000002,29,8,0.17764030975582609,0.088831961101558415
6,0.90000000000000002,30,8,0.16740204790960037,0.083712149729231841
6,0.90000000000000002,31,8,0.1574801416124616,0.078750537156881364
6,0.90000000000000002,0,9,0.16198485405553587,0.081003192767913124
6,0.90000000000000002,1,9,0.17239458432988855,0.08620874975033492
6,0.90000000000000002,2,9,0.1831575722049838,0.091590959011122644
6,0.90000000000000002,3,9,0.19419428489882729,0.097110048873419091
6,0.90000000000000002,4,9,0.20540310703273085,0.10271520489437987
6,0.90000000000000002,5,9,0.2166591443465341,0.10834397164327746
6,0.90000000000000002,6,9,0.22781409219305998,0.11392218693998886
6,0.90000000000000002,7,9,0.23869751941174028,0.11936462387713645
6,0.90000000000000002,8,9,0.24911988071267116,0.12457649721232307
6,0.90000000000000002,9,9,0.25887747185433219,0.12945594128631943
6,0.90000000000000002,10,9,0.26775937450094717,0.13389748291330961
6,0.90000000000000002,11,9,0.27555620730656949,0.13779641750454294
6,0.90000000000000002,12,9,0.28207022928671849,0.1410538614256365
6,0.90000000000000002,13,9,0.28712607167550808,0.14358211863839357
6,0.90000000000000002,14,9,0.29058115904054066,0.14530989195085256
6,0.90000000000000002,15,9,0.2923347750676602,0.14618681651218818
6,0.90000000000000002,16,9,0.2923347750676602,0.14618681651218818
6,0.90000000000000002,17,9,0.29058115904054066,0.14530989195085256
6,0.90000000000000002,18,9,0.28712607167550808,0.14358211863839357
6,0.90000000000000002,19,9,0.28207022928671849,0.1410538614256365
6,0.90000000000000002,20,9,0.27555620730656949,0.13779641750454294
6,0.90000000000000002,21,9,0.26775937450094717,0.13389748291330961
6,0.90000000000000002,22,9,0.25887747185433219,0.12945594128631943
6,0.90000000000000002,23,9,0.24911988071267116,0.12457649721232307
6,0.90000000000000002,24,9,0.23869751941174028,0.11936462387713645
6,0.90000000000000002,25,9,0.22781409219305998,0.11392218693998886
6,0.90000000000000002,26,9,0.2166591443465341,0.10834397164327746
6,0.90000000000000002,27,9,0.20540310703273085,0.10271520489437987
6,0.90000000000000002,28,9,0.19419428489882729,0.097110048873419091
6,0.90000000000000002,29,9,0.1831575722049838,0.091590959011122644
6,0.90000000000000002,30,9,0.17239458432988855,0.08620874975033492
6,0.90000000000000002,31,9,0.16198485405553587,0.081003192767913124
6,0.90000000000000002,0,10,0.16601972786487612,0.083020897835944588
6,0.90000000000000002,1,10,0.17687474164244535,0.088449126164139594
6,0.90000000000000002,2,10,0.18811795548105686,0.094071480323175194
6,0.90000000000000002,3,10,0.19966767909925942,0.099847109743075313
6,0.90000000000000002,4,10,0.21141847377090595,0.10572328805316109
6,0.90000000000000002,5,10,0.22323968333797028,0.11163467849082828
6,0.90000000000000002,6,10,0.23497509359928101,0.11750316357327673
6,0.90000000000000002,7,10,0.24644411714827882,0.12323843759513491
6,0.90000000000000002,8,10,0.25744486644284204,0.12873954336761337
6,0.90000000000000002,9,10,0.26775937450094717,0.13389748291330961
6,0.90000000000000002,10,10,0.27716104034109013,0.13859894068125317
6,0.90000000000000002,11,10,0.28542411969148263,0.14273102953226963
6,0.90000000000000002,12,10,0.2923347750676602,0.14618681651218818
6,0.90000000000000002,13,10,0.29770288898363545,0.1488712302425409
6,0.90000000000000002,14,10,0.30137359192853508,0.15070682567504665
6,0.90000000000000002,15,10,0.30323732821333632,0.15163881768396956
6,0.90000000000000002,16,10,0.30323732821333632,0.15163881768396956
6,0.90000000000000002,17,10,0.30137359192853508,0.15070682567504665
6,0.90000000000000002,18,10,0.29770288898363545,0.1488712302425409
6,0.90000000000000002,19,10,0.2923347750676602,0.14618681651218818
6,0.90000000000000002,20,10,0.28542411969148263,0.14273102953226963
6,0.90000000000000002,21,10,0.27716104034109013,0.13859894068125317
6,0.90000000000000002,22,10,0.26775937450094717,0.13389748291330961
6,0.90000000000000002,23,10,0.25744486644284204,0.12873954336761337
6,0.90000000000000002,24,10,0.24644411714827882,0.12323843759513491
6,0.90000000000000002,25,10,0.23497509359928101,0.11750316357327673
6,0.90000000000000002,26,10,0.22323968333797028,0.11163467849082828
6,0.90000000000000002,27,10,0.21141847377090595,0.10572328805316109
6,0.90000000000000002,28,10,0.19966767909925942,0.099847109743075313
6,0.90000000000000002,29,10,0.18811795548105686,0.094071480323175194
6,0.90000000000000002,30,10,0.17687474164244535,0.088449126164139594
6,0.90000000000000002,31,10,0.16601972786487612,0.083020897835944588
6,0.90000000000000002,0,11,0.16951181402039089,0.084767173002636045
6,0.90000000000000002,1,11,0.18075853521695825,0.090391281073753507
6,0.90000000000000002,2,11,0.19242516623023362,0.096225371961019143
6,0.90000000000000002,3,11,0.2044282646891076,0.10222771893318153
6,0.90000000000000002,4,11,0.2166591443465341,0.10834397164327746
6,0.90000000000000002,5,11,0.22898214631805958,0.11450629163300083
6,0.90000000000000002,6,11,0.24123409306425658,0.12063307928763023
6,0.90000000000000002,7,11,0.25322536569516885,0.12662951255985067
6,0.90000000000000002,8,11,0.26474301468211975,0.13238910253240008
6,0.90000000000000002,9,11,0.27555620730656949,0.13779641750454294
6,0.90000000000000002,10,11,0.28542411969148263,0.14273102953226963
6,0.90000000000000002,11,11,0.29410610037089713,0.14707259688856578
6,0.90000000000000002,12,11,0.30137359192853508,0.15070682567504665
6,0.90000000000000002,13,11,0.30702294798122803,0.15353187916550429
6,0.90000000000000002,14,11,0.31088799479556362,0.15546465944909357
6,0.90000000000000002,15,11,0.31285103511693246,0.15644631007618559
6,0.90000000000000002,16,11,0.31285103511693246,0.15644631007618559
6,0.90000000000000002,17,11,0.31088799479556362,0.15546465944909357
6,0.90000000000000002,18,11,0.30702294798122803,0.15353187916550429
6,0.90000000000000002,19,11,0.30137359192853508,0.15070682567504665
6,0.90000000000000002,20,11,0.29410610037089713,0.14707259688856578
6,0.90000000000000002,21,11,0.28542411969148263,0.14273102953226963
6,0.90000000000000002,22,11,0.27555620730656949,0.13779641750454294
6,0.90000000000000002,23,11,0.26474301468211975,0.13238910253240008
6,0.90000000000000002,24,11,0.25322536569516885,0.12662951255985067
6,0.90000000000000002,25,11,0.24123409306425658,0.12063307928763023
6,0.90000000000000002,26,11,0.22898214631805958,0.11450629163300083
6,0.90000000000000002,27,11,0.2166591443465341,0.10834397164327746
6,0.90000000000000002,28,11,0.2044282646891076,0.10222771893318153
6,0.90000000000000002,29,11,0.19242516623023362,0.096225371961019143
6,0.90000000000000002,30,11,0.18075853521695825,0.090391281073753507
6,0.90000000000000002,31,11,0.16951181402039089,0.084767173002636045
6,0.90000000000000002,0,12,0.17239458432988855,0.08620874975033492
6,0.90000000000000002,1,12,0.18396906711230548,0.091996760397870955
6,0.90000000000000002,2,12,0.19599067890854777,0.09800836526913978
6,0.90000000000000002,3,12,0.20837461830620554,0.10420115802191596
6,0.90000000000000002,4,12,0.22100956828396334,0.11051947274725663
6,0.90000000000000002,5,12,0.23375573561406804,0.11689340354043171
6,0.90000000000000002,6,12,0.24644411714827882,0.12323843759513491
6,0.90000000000000002,7,12,0.25887747185433219,0.12945594128631943
6,0.90000000000000002,8,12,0.27083345093217198,0.13543472543634469
6,0.90000000000000002,9,12,0.28207022928671849,0.1410538614256365
6,0.90000000000000002,10,12,0.2923347750676602,0.14618681651218818
6,0.90000000000000002,11,12,0.30137359192853508,0.15070682567504665
6,0.90000000000000002,12,12,0.30894539802655319,0.15449323195688788
6,0.90000000000000002,13,12,0.31483482146588621,0.15743833509588012
6,0.90000000000000002,14,12,0.31886587117492238,0.1594541278596045
6,0.90000000000000002,15,12,0.32091376892318041,0.16047821283988448
6,0.90000000000000002,16,12,0.32091376892318041,0.16047821283988448
6,0.90000000000000002,17,12,0.31886587117492238,0.1594541278596045
6,0.90000000000000002,18,12,0.31483482146588621,0.15743833509588012
6,0.90000000000000002,19,12,0.30894539802655319,0.15449323195688788
6,0.90000000000000002,20,12,0.30137359192853508,0.15070682567504665
6,0.90000000000000002,21,12,0.2923347750676602,0.14618681651218818
6,0.90000000000000002,22,12,0.28207022928671849,0.1410538614256365
6,0.90000000000000002,23,12,0.27083345093217198,0.13543472543634469
6,0.90000000000000002,24,12,0.25887747185433219,0.12945594128631943
6,0.90000000000000002,25,12,0.24644411714827882,0.12323843759513491
6,0.90000000000000002,26,12,0.23375573561406804,0.11689340354043171
6,0.90000000000000002,27,12,0.22100956828396334,0.11051947274725663
6,0.90000000000000002,28,12,0.20837461830620554,0.10420115802191596
6,0.90000000000000002,29,12,0.19599067890854777,0.09800836526913978
6,0.90000000000000002,30,12,0.18396906711230548,0.091996760397870955
6,0.90000000000000002,31,12,0.17239458432988855,0.08620874975033492
6,0.90000000000000002,0,13,0.17461071751199622,0.087316963628702157
6,0.90000000000000002,1,13,0.18643986313697705,0.09323232262276912
6,0.90000000000000002,2,13,0.1987377115455608,0.099382064159280623
6,0.90000000000000002,3,13,0.21141847377090595,0.10572328805316109
6,0.90000000000000002,4,13,0.22436884488328768,0.11219933430914387
6,0.90000000000000002,5,13,0.23744585407899743,0.11873870802333496
6,0.90000000000000002,6,13,0.25047597498219326,0.12525463447500751
6,0.90000000000000002,7,13,0.26325600596010912,0.13164549934271358
6,0.90000000000000002,8,13,0.27555620730656949,0.13779641750454294
6,0.90000000000000002,9,13,0.28712607167550808,0.14358211863839357
6,0.90000000000000002,10,13,0.29770288898363545,0.1488712302425409
6,0.90000000000000002,11,13,0.30702294798122803,0.15353187916550429
6,0.90000000000000002,12,13,0.31483482146588621,0.15743833509588012
6,0.90000000000000002,13,13,0.32091376892318041,0.16047821283988448
6,0.90000000000000002,14,13,0.32507594243924171,0.16255957622179315
6,0.90000000000000002,15,13,0.32719089022279441,0.1636171906759597
6,0.90000000000000002,16,13,0.32719089022279441,0.1636171906759597
6,0.90000000000000002,17,13,0.32507594243924171,0.16255957622179315
6,0.90000000000000002,18,13,0.32091376892318041,0.16047821283988448
6,0.90000000000000002,19,13,0.31483482146588621,0.15743833509588012
6,0.90000000000000002,20,13,0.30702294798122803,0.15353187916550429
6,0.90000000000000002,21,13,0.29770288898363545,0.1488712302425409
6,0.90000000000000002,22,13,0.28712607167550808,0.14358211863839357
6,0.90000000000000002,23,13,0.27555620730656949,0.13779641750454294
6,0.90000000000000002,24,13,0.26325600596010912,0.13164549934271358
6,0.90000000000000002,25,13,0.25047597498219326,0.12525463447500751
6,0.90000000000000002,26,13,0.23744585407899743,0.11873870802333496
6,0.90000000000000002,27,13,0.22436884488328768,0.11219933430914387
6,0.90000000000000002,28,13,0.21141847377090595,0.10572328805316109
6,0.90000000000000002,29,13,0.1987377115455608,0.099382064159280623
6,0.90000000000000002,30,13,0.18643986313697705,0.09323232262276912
6,0.90000000000000002,31,13,0.17461071751199622,0.087316963628702157
6,0.90000000000000002,0,14,0.17611465666191817,0.08806903315756423
6,0.90000000000000002,1,14,0.18811795548105686,0.094071480323175194
6,0.90000000000000002,2,14,0.20060492211894981,0.10031579354340354
6,0.90000000000000002,3,14,0.21348912710000029,0.10675875233622699
6,0.90000000000000002,4,14,0.22665593495135944,0.11334303134638712
6,0.90000000000000002,5,14,0.23996022017517696,0.11999605817971505
6,0.90000000000000002,6,14,0.25322536569516885,0.12662951255985067
6,0.90000000000000002,7,14,0.26624407532637273,0.13313973261711814
6,0.90000000000000002,8,14,0.27878151160153614,0.13940928401026445
6,0.90000000000000002,9,14,0.29058115904054066,0.14530989195085256
6,0.90000000000000002,10,14,0.30137359192853508,0.15070682567504665
6,0.90000000000000002,11,14,0.31088799479556362,0.15546465944909357
6,0.90000000000000002,12,14,0.31886587117492238,0.1594541278596045
6,0.90000000000000002,13,14,0.32507594243924171,0.16255957622179315
6,0.90000000000000002,14,14,0.32932887101416386,0.16468632316484053
6,0.90000000000000002,15,14,0.33149023752952017,0.16576715006996276
6,0.90000000000000002,16,14,0.33149023752952017,0.16576715006996276
6,0.90000000000000002,17,14,0.32932887101416386,0.16468632316484053
6,0.90000000000000002,18,14,0.32507594243924171,0.16255957622179315
6,0.90000000000000002,19,14,0.31886587117492238,0.1594541278596045
6,0.90000000000000002,20,14,0.31088799479556362,0.15546465944909357
6,0.90000000000000002,21,14,0.30137359192853508,0.15070682567504665
6,0.90000000000000002,22,14,0.29058115904054066,0.14530989195085256
6,0.90000000000000002,23,14,0.27878151160153614,0.13940928401026445
6,0.90000000000000002,24,14,0.26624407532637273,0.13313973261711814
6,0.90000000000000002,25,14,0.25322536569516885,0.12662951255985067
6,0.90000000000000002,26,14,0.23996022017517696,0.11999605817971505
6,0.90000000000000002,27,14,0.22665593495135944,0.11334303134638712
6,0.90000000000000002,28,14,0.21348912710000029,0.10675875233622699
6,0.90000000000000002,29,14,0.20060492211894981,0.10031579354340354
6,0.90000000000000002,30,14,0.18811795548105686,0.094071480323175194
6,0.90000000000000002,31,14,0.17611465666191817,0.08806903315756423
6,0.90000000000000002,0,15,0.17687474164244535,0.088449126164139594
6,0.90000000000000002,1,15,0.18896646534151823,0.094495791646558941
6,0.90000000000000002,2,15,0.20154952054071751,0.10078815553362074
6,0.90000000000000002,3,15,0.21453716346660262,0.10728284017349211
6,0.90000000000000002,4,15,0.22781409219305998,0.11392218693998886
6,0.90000000000000002,5,15,0.24123409306425658,0.12063307928763023
6,0.90000000000000002,6,15,0.25461898072022693,0.12732641269398504
6,0.90000000000000002,7,15,0.26775937450094717,0.13389748291330961
6,0.90000000000000002,8,15,0.28041783526299946,0.14022755459335717
6,0.90000000000000002,9,15,0.2923347750676602,0.14618681651218818
6,0.90000000000000002,10,15,0.30323732821333632,0.15163881768396956
6,0.90000000000000002,11,15,0.31285103511693246,0.15644631007618559
6,0.90000000000000002,12,15,0.32091376892318041,0.16047821283988448
6,0.90000000000000002,13,15,0.32719089022279441,0.1636171906759597
6,0.90000000000000002,14,15,0.33149023752952017,0.16576715006996276
6,0.90000000000000002,15,15,0.3336753494601028,0.16685985126085168
6,0.90000000000000002,16,15,0.3336753494601028,0.16685985126085168
6,0.90000000000000002,17,15,0.33149023752952017,0.16576715006996276
6,0.90000000000000002,18,15,0.32719089022279441,0.1636171906759597
6,0.90000000000000002,19,15,0.32091376892318041,0.16047821283988448
6,0.90000000000000002,20,15,0.31285103511693246,0.15644631007618559
6,0.90000000000000002,21,15,0.30323732821333632,0.15163881768396956
6,0.90000000000000002,22,15,0.2923347750676602,0.14618681651218818
6,0.90000000000000002,23,15,0.28041783526299946,0.14022755459335717
6,0.90000000000000002,24,15,0.26775937450094717,0.13389748291330961
6,0.90000000000000002,25,15,0.25461898072022693,0.12732641269398504
6,0.90000000000000002,26,15,0.24123409306425658,0.12063307928763023
6,0.90000000000000002,27,15,0.22781409219305998,0.11392218693998886
6,0.90000000000000002,28,15,0.21453716346660262,0.10728284017349211
6,0.90000000000000002,29,15,0.20154952054071751,0.10078815553362074
6,0.90000000000000002,30,15,0.18896646534151823,0.094495791646558941
6,0.90000000000000002,31,15,0.17687474164244535,0.088449126164139594
6,0.90000000000000002,0,16,0.17687474164244535,0.088449126164139594
6,0.90000000000000002,1,16,0.18896646534151823,0.094495791646558941
6,0.90000000000000002,2,16,0.20154952054071751,0.10078815553362074
6,0.90000000000000002,3,16,0.21453716346660262,0.10728284017349211
6,0.90000000000000002,4,16,0.22781409219305998,0.11392218693998886
6,0.90000000000000002,5,16,0.24123409306425658,0.12063307928763023
6,0.90000000000000002,6,16,0.25461898072022693,0.12732641269398504
6,0.90000000000000002,7,16,0.26775937450094717,0.13389748291330961
6,0.90000000000000002,8,16,0.28041783526299946,0.14022755459335717
6,0.90000000000000002,9,16,0.2923347750676602,0.14618681651218818
6,0.90000000000000002,10,16,0.30323732821333632,0.15163881768396956
6,0.90000000000000002,11,16,0.31285103511693246,0.15644631007618559
6,0.90000000000000002,12,16,0.32091376892318041,0.16047821283988448
6,0.90000000000000002,13,16,0.32719089022279441,0.1636171906759597
6,0.90000000000000002,14,16,0.33149023752952017,0.16576715006996276
6,0.90000000000000002,15,16,0.3336753494601028,0.16685985126085168
6,0.90000000000000002,16,16,0.3336753494601028,0.16685985126085168
6,0.90000000000000002,17,16,0.33149023752952017,0.16576715006996276
6,0.90000000000000002,18,16,0.32719089022279441,0.1636171906759597
6,0.90000000000000002,19,16,0.32091376892318041,0.16047821283988448
6,0.90000000000000002,20,16,0.31285103511693246,0.15644631007618559
6,0.90000000000000002,21,16,0.30323732821333632,0.15163881768396956
6,0.90000000000000002,22,16,0.2923347750676602,0.14618681651218818
6,0.90000000000000002,23,16,0.28041783526299946,0.14022755459335717
6,0.90000000000000002,24,16,0.26775937450094717,0.13389748291330961
6,0.90000000000000002,25,16,0.25461898072022693,0.12732641269398504
6,0.90000000000000002,26,16,0.24123409306425658,0.12063307928763023
6,0.90000000000000002,27,16,0.22781409219305998,0.11392218693998886
6,0.90000000000000002,28,16,0.21453716346660262,0.10728284017349211
6,0.90000000000000002,29,16,0.20154952054071751,0.10078815553362074
6,0.90000000000000002,30,16,0.18896646534151823,0.094495791646558941
6,0.90000000000000002,31,16,0.17687474164244535,0.088449126164139594
6,0.90000000000000002,0,17,0.17611465666191817,0.08806903315756423
6,0.90000000000000002,1,17,0.18811795548105686,0.094071480323175194
6,0.90000000000000002,2,17,0.20060492211894981,0.10031579354340354
6,0.90000000000000002,3,17,0.21348912710000029,0.10675875233622699
6,0.90000000000000002,4,17,0.22665593495135944,0.11334303134638712
6,0.90000000000000002,5,17,0.23996022017517696,0.11999605817971505
6,0.90000000000000002,6,17,0.25322536569516885,0.12662951255985067
6,0.90000000000000002,7,17,0.26624407532637273,0.13313973261711814
6,0.90000000000000002,8,17,0.27878151160153614,0.13940928401026445
6,0.90000000000000002,9,17,0.29058115904054066,0.14530989195085256
6,0.90000000000000002,10,17,0.30137359192853508,0.15070682567504665
6,0.90000000000000002,11,17,0.31088799479556362,0.15546465944909357
6,0.90000000000000002,12,17,0.31886587117492238,0.1594541278596045
6,0.90000000000000002,13,17,0.32507594243924171,0.16255957622179315
6,0.90000000000000002,14,17,0.32932887101416386,0.16468632316484053
6,0.90000000000000002,15,17,0.33149023752952017,0.16576715006996276
6,0.90000000000000002,16,17,0.33149023752952017,0.16576715006996276
6,0.90000000000000002,17,17,0.32932887101416386,0.16468632316484053
6,0.90000000000000002,18,17,0.32507594243924171,0.16255957622179315
6,0.90000000000000002,19,17,0.31886587117492238,0.1594541278596045
6,0.90000000000000002,20,17,0.31088799479556362,0.15546465944909357
6,0.90000000000000002,21,17,0.30137359192853508,0.15070682567504665
6,0.90000000000000002,22,17,0.29058115904054066,0.14530989195085256
6,0.90000000000000002,23,17,0.27878151160153614,0.13940928401026445
6,0.90000000000000002,24,17,0.26624407532637273,0.13313973261711814
6,0.90000000000000002,25,17,0.25322536569516885,0.12662951255985067
6,0.90000000000000002,26,17,0.23996022017517696,0.11999605817971505
6,0.90000000000000002,27,17,0.22665593495135944,0.11334303134638712
6,0.90000000000000002,28,17,0.21348912710000029,0.10675875233622699
6,0.90000000000000002,29,17,0.20060492211894981,0.10031579354340354
6,0.90000000000000002,30,17,0.18811795548105686,0.094071480323175194
6,0.90000000000000002,31,17,0.17611465666191817,0.08806903315756423
6,0.90000000000000002,0,18,0.17461071751199622,0.087316963628702157
6,0.90000000000000002,1,18,0.18643986313697705,0.09323232262276912
6,0.90000000000000002,2,18,0.1987377115455608,0.099382064159280623
6,0.90000000000000002,3,18,0.21141847377090595,0.10572328805316109
6,0.90000000000000002,4,18,0.22436884488328768,0.11219933430914387
6,0.90000000000000002,5,18,0.23744585407899743,0.11873870802333496
6,0.90000000000000002,6,18,0.25047597498219326,0.12525463447500751
6,0.90000000000000002,7,18,0.26325600596010912,0.13164549934271358
6,0.90000000000000002,8,18,0.27555620730656949,0.13779641750454294
6,0.90000000000000002,9,18,0.28712607167550808,0.14358211863839357
6,0.90000000000000002,10,18,0.29770288898363545,0.1488712302425409
6,0.90000000000000002,11,18,0.30702294798122803,0.15353187916550429
6,0.90000000000000002,12,18,0.31483482146588621,0.15743833509588012
6,0.90000000000000002,13,18,0.32091376892318041,0.16047821283988448
6,0.90000000000000002,14,18,0.32507594243924171,0.16255957622179315
6,0.90000000000000002,15,18,0.32719089022279441,0.1636171906759597
6,0.90000000000000002,16,18,0.32719089022279441,0.1636171906759597
6,0.90000000000000002,17,18,0.32507594243924171,0.16255957622179315
6,0.90000000000000002,18,18,0.32091376892318041,0.16047821283988448
6,0.90000000000000002,19,18,0.31483482146588621,0.15743833509588012
6,0.90000000000000002,20,18,0.30702294798122803,0.15353187916550429
6,0.90000000000000002,21,18,0.29770288898363545,0.1488712302425409
6,0.90000000000000002,22,18,0.28712607167550808,0.14358211863839357
6,0.90000000000000002,23,18,0.27555620730656949,0.13779641750454294
6,0.90000000000000002,24,18,0.26325600596010912,0.13164549934271358
6,0.90000000000000002,25,18,0.25047597498219326,0.12525463447500751
6,0.90000000000000002,26,18,0.23744585407899743,0.11873870802333496
6,0.90000000000000002,27,18,0.22436884488328768,0.11219933430914387
6,0.90000000000000002,28,18,0.21141847377090595,0.10572328805316109
6,0.90000000000000002,29,18,0.1987377115455608,0.099382064159280623
6,0.90000000000000002,30,18,0.18643986313697705,0.09323232262276912
6,0.90000000000000002,31,18,0.17461071751199622,0.087316963628702157
6,0.90000000000000002,0,19,0.17239458432988855,0.08620874975033492
6,0.90000000000000002,1,19,0.18396906711230548,0.091996760397870955
6,0.90000000000000002,2,19,0.19599067890854777,0.09800836526913978
6,0.90000000000000002,3,19,0.20837461830620554,0.10420115802191596
6,0.90000000000000002,4,19,0.22100956828396334,0.11051947274725663
6,0.90000000000000002,5,19,0.23375573561406804,0.11689340354043171
6,0.90000000000000002,6,19,0.24644411714827882,0.12323843759513491
6,0.90000000000000002,7,19,0.25887747185433219,0.12945594128631943
6,0.90000000000000002,8,19,0.27083345093217198,0.13543472543634469
6,0.90000000000000002,9,19,0.28207022928671849,0.1410538614256365
6,0.90000000000000002,10,19,0.2923347750676602,0.14618681651218818
6,0.90000000000000002,11,19,0.30137359192853508,0.15070682567504665
6,0.90000000000000002,12,19,0.30894539802655319,0.15449323195688788
6,0.90000000000000002,13,19,0.31483482146588621,0.15743833509588012
6,0.90000000000000002,14,19,0.31886587117492238,0.1594541278596045
6,0.90000000000000002,15,19,0.32091376892318041,0.16047821283988448
6,0.90000000000000002,16,19,0.32091376892318041,0.16047821283988448
6,0.90000000000000002,17,19,0.31886587117492238,0.1594541278596045
6,0.90000000000000002,18,19,0.31483482146588621,0.15743833509588012
6,0.90000000000000002,19,19,0.30894539802655319,0.15449323195688788
6,0.90000000000000002,20,19,0.30137359192853508,0.15070682567504665
6,0.90000000000000002,21,19,0.2923347750676602,0.14618681651218818
6,0.90000000000000002,22,19,0.28207022928671849,0.1410538614256365
6,0.90000000000000002,23,19,0.27083345093217198,0.13543472543634469
6,0.90000000000000002,24,19,0.25887747185433219,0.12945594128631943
6,0.90000000000000002,25,19,0.24644411714827882,0.12323843759513491
6,0.90000000000000002,26,19,0.23375573561406804,0.11689340354043171
6,0.90000000000000002,27,19,0.22100956828396334,0.11051947274725663
6,0.90000000000000002,28,19,0.20837461830620554,0.10420115802191596
6,0.90000000000000002,29,19,0.19599067890854777,0.09800836526913978
6,0.90000000000000002,30,19,0.18396906711230548,0.091996760397870955
6,0.90000000000000002,31,19,0.17239458432988855,0.08620874975033492
6,0.90000000000000002,0,20,0.16951181402039089,0.084767173002636045
6,0.90000000000000002,1,20,0.18075853521695825,0.090391281073753507
6,0.90000000000000002,2,20,0.19242516623023362,0.096225371961019143
6,0.90000000000000002,3,20,0.2044282646891076,0.10222771893318153
6,0.90000000000000002,4,20,0.2166591443465341,0.10834397164327746
6,0.90000000000000002,5,20,0.22898214631805958,0.11450629163300083
6,0.90000000000000002,6,20,0.24123409306425658,0.12063307928763023
6,0.90000000000000002,7,20,0.25322536569516885,0.12662951255985067
6,0.90000000000000002,8,20,0.26474301468211975,0.13238910253240008
6,0.90000000000000002,9,20,0.27555620730656949,0.13779641750454294
6,0.90000000000000002,10,20,0.28542411969148263,0.14273102953226963
6,0.90000000000000002,11,20,0.29410610037089713,0.14707259688856578
6,0.90000000000000002,12,20,0.30137359192853508,0.15070682567504665
6,0.90000000000000002,13,20,0.30702294798122803,0.15353187916550429
6,0.90000000000000002,14,20,0.31088799479556362,0.15546465944909357
6,0.90000000000000002,15,20,0.31285103511693246,0.15644631007618559
6,0.90000000000000002,16,20,0.31285103511693246,0.15644631007618559
6,0.90000000000000002,17,20,0.31088799479556362,0.15546465944909357
6,0.90000000000000002,18,20,0.30702294798122803,0.15353187916550429
6,0.90000000000000002,19,20,0.30137359192853508,0.15070682567504665
6,0.90000000000000002,20,20,0.29410610037089713,0.14707259688856578
6,0.90000000000000002,21,20,0.28542411969148263,0.14273102953226963
6,0.90000000000000002,22,20,0.27555620730656949,0.13779641750454294
6,0.90000000000000002,23,20,0.26474301468211975,0.13238910253240008
6,0.90000000000000002,24,20,0.25322536569516885,0.12662951255985067
6,0.90000000000000002,25,20,0.24123409306425658,0.12063307928763023
6,0.90000000000000002,26,20,0.22898214631805958,0.11450629163300083
6,0.90000000000000002,27,20,0.2166591443465341,0.10834397164327746
6,0.90000000000000002,28,20,0.2044282646891076,0.10222771893318153
6,0.90000000000000002,29,20,0.19242516623023362,0.096225371961019143
6,0.90000000000000002,30,20,0.18075853521695825,0.090391281073753507
6,0.90000000000000002,31,20,0.16951181402039089,0.084767173002636045
6,0.90000000000000002,0,21,0.16601972786487612,0.083020897835944588
6,0.90000000000000002,1,21,0.17687474164244535,0.088449126164139594
6,0.90000000000000002,2,21,0.18811795548105686,0.094071480323175194
6,0.90000000000000002,3,21,0.19966767909925942,0.099847109743075313
6,0.90000000000000002,4,21,0.21141847377090595,0.10572328805316109
6,0.90000000000000002,5,21,0.22323968333797028,0.11163467849082828
6,0.90000000000000002,6,21,0.23497509359928101,0.11750316357327673
6,0.90000000000000002,7,21,0.24644411714827882,0.12323843759513491
6,0.90000000000000002,8,21,0.25744486644284204,0.12873954336761337
6,0.90000000000000002,9,21,0.26775937450094717,0.13389748291330961
6,0.90000000000000002,10,21,0.27716104034109013,0.13859894068125317
6,0.90000000000000002,11,21,0.28542411969148263,0.14273102953226963
6,0.90000000000000002,12,21,0.2923347750676602,0.14618681651218818
6,0.90000000000000002,13,21,0.29770288898363545,0.1488712302425409
6,0.90000000000000002,14,21,0.30137359192853508,0.15070682567504665
6,0.90000000000000002,15,21,0.30323732821333632,0.15163881768396956
6,0.90000000000000002,16,21,0.30323732821333632,0.15163881768396956
6,0.90000000000000002,17,21,0.30137359192853508,0.15070682567504665
6,0.90000000000000002,18,21,0.29770288898363545,0.1488712302425409
6,0.90000000000000002,19,21,0.2923347750676602,0.14618681651218818
6,0.90000000000000002,20,21,0.28542411969148263,0.14273102953226963
6,0.90000000000000002,21,21,0.27716104034109013,0.13859894068125317
6,0.90000000000000002,22,21,0.26775937450094717,0.13389748291330961
6,0.90000000000000002,23,21,0.25744486644284204,0.12873954336761337
6,0.90000000000000002,24,21,0.24644411714827882,0.12323843759513491
6,0.90000000000000002,25,21,0.23497509359928101,0.11750316357327673
6,0.90000000000000002,26,21,0.22323968333797028,0.11163467849082828
6,0.90000000000000002,27,21,0.21141847377090595,0.10572328805316109
6,0.90000000000000002,28,21,0.19966767909925942,0.099847109743075313
6,0.90000000000000002,29,21,0.18811795548105686,0.094071480323175194
6,0.90000000000000002,30,21,0.17687474164244535,0.088449126164139594
6,0.90000000000000002,31,21,0.16601972786487612,0.083020897835944588
6,0.90000000000000002,0,22,0.16198485405553587,0.081003192767913124
6,0.90000000000000002,1,22,0.17239458432988855,0.08620874975033492
6,0.90000000000000002,2,22,0.1831575722049838,0.091590959011122644
6,0.90000000000000002,3,22,0.19419428489882729,0.097110048873419091
6,0.90000000000000002,4,22,0.20540310703273085,0.10271520489437987
6,0.90000000000000002,5,22,0.2166591443465341,0.10834397164327746
6,0.90000000000000002,6,22,0.22781409219305998,0.11392218693998886
6,0.90000000000000002,7,22,0.23869751941174028,0.11936462387713645
6,0.90000000000000002,8,22,0.24911988071267116,0.12457649721232307
6,0.90000000000000002,9,22,0.25887747185433219,0.12945594128631943
6,0.90000000000000002,10,22,0.26775937450094717,0.13389748291330961
6,0.90000000000000002,11,22,0.27555620730656949,0.13779641750454294
6,0.90000000000000002,12,22,0.28207022928671849,0.1410538614256365
6,0.90000000000000002,13,22,0.28712607167550808,0.14358211863839357
6,0.90000000000000002,14,22,0.29058115904054066,0.14530989195085256
6,0.90000000000000002,15,22,0.2923347750676602,0.14618681651218818
6,0.90000000000000002,16,22,0.2923347750676602,0.14618681651218818
6,0.90000000000000002,17,22,0.29058115904054066,0.14530989195085256
6,0.90000000000000002,18,22,0.28712607167550808,0.14358211863839357
6,0.90000000000000002,19,22,0.28207022928671849,0.1410538614256365
6,0.90000000000000002,20,22,0.27555620730656949,0.13779641750454294
6,0.90000000000000002,21,22,0.26775937450094717,0.13389748291330961
6,0.90000000000000002,22,22,0.25887747185433219,0.12945594128631943
6,0.90000000000000002,23,22,0.24911988071267116,0.12457649721232307
6,0.90000000000000002,24,22,0.23869751941174028,0.11936462387713645
6,0.90000000000000002,25,22,0.22781409219305998,0.11392218693998886
6,0.90000000000000002,26,22,0.2166591443465341,0.10834397164327746
6,0.90000000000000002,27,22,0.20540310703273085,0.10271520489437987
6,0.90000000000000002,28,22,0.19419428489882729,0.097110048873419091
6,0.90000000000000002,29,22,0.1831575722049838,0.091590959011122644
6,0.90000000000000002,30,22,0.17239458432988855,0.08620874975033492
6,0.90000000000000002,31,22,0.16198485405553587,0.081003192767913124
6,0.90000000000000002,0,23,0.1574801416124616,0.078750537156881364
6,0.90000000000000002,1,23,0.16740204790960037,0.083712149729231841
6,0.90000000000000002,2,23,0.17764030975582609,0.088831961101558415
6,0.90000000000000002,3,23,0.18811795548105686,0.094071480323175194
6,0.90000000000000002,4,23,0.1987377115455608,0.099382064159280623
6,0.90000000000000002,5,23,0.20938107781109622,0.10470445466506881
6,0.90000000000000002,6,23,0.21990839621008587,0.10996881352488047
6,0.90000000000000002,7,23,0.23016021613395743,0.11509540483711878
6,0.90000000000000002,8,23,0.23996022017517696,0.11999605817971505
6,0.90000000000000002,9,23,0.24911988071267116,0.12457649721232307
6,0.90000000000000002,10,23,0.25744486644284204,0.12873954336761337
6,0.90000000000000002,11,23,0.26474301468211975,0.13238910253240008
6,0.90000000000000002,12,23,0.27083345093217198,0.13543472543634469
6,0.90000000000000002,13,23,0.27555620730656949,0.13779641750454294
6,0.90000000000000002,14,23,0.27878151160153614,0.13940928401026445
6,0.90000000000000002,15,23,0.28041783526299946,0.14022755459335717
6,0.90000000000000002,16,23,0.28041783526299946,0.14022755459335717
6,0.90000000000000002,17,23,0.27878151160153614,0.13940928401026445
6,0.90000000000000002,18,23,0.27555620730656949,0.13779641750454294
6,0.90000000000000002,19,23,0.27083345093217198,0.13543472543634469
6,0.90000000000000002,20,23,0.26474301468211975,0.13238910253240008
6,0.90000000000000002,21,23,0.25744486644284204,0.12873954336761337
6,0.90000000000000002,22,23,0.24911988071267116,0.12457649721232307
6,0.90000000000000002,23,23,0.23996022017517696,0.11999605817971505
6,0.90000000000000002,24,23,0.23016021613395743,0.11509540483711878
6,0.90000000000000002,25,23,0.21990839621008587,0.10996881352488047
6,0.90000000000000002,26,23,0.20938107781109622,0.10470445466506881
6,0.90000000000000002,27,23,0.1987377115455608,0.099382064159280623
6,0.90000000000000002,28,23,0.18811795548105686,0.094071480323175194
6,0.90000000000000002,29,23,0.17764030975582609,0.088831961101558415
6,0.90000000000000002,30,23,0.16740204790960037,0.083712149729231841
6,0.90000000000000002,31,23,0.1574801416124616,0.078750537156881364
6,0.90000000000000002,0,24,0.15258214131878073,0.076301211482085254
6,0.90000000000000002,1,24,0.16198485405553587,0.081003192767913124
6,0.90000000000000002,2,24,0.1716662710889808,0.085844544725163563
6,0.90000000000000002,3,24,0.18155236672356129,0.090788249586208139
6,0.90000000000000002,4,24,0.19155065444620403,0.095788057947727059
6,0.90000000000000002,5,24,0.20154952054071751,0.10078815553362074
6,0.90000000000000002,6,24,0.21141847377090595,0.10572328805316109
6,0.90000000000000002,7,24,0.22100956828396334,0.11051947274725663
6,0.90000000000000002,8,24,0.23016021613395743,0.11509540483711878
6,0.90000000000000002,9,24,0.23869751941174028,0.11936462387713645
6,0.90000000000000002,10,24,0.24644411714827882,0.12323843759513491
6,0.90000000000000002,11,24,0.25322536569516885,0.12662951255985067
6,0.90000000000000002,12,24,0.25887747185433219,0.12945594128631943
6,0.90000000000000002,13,24,0.26325600596010912,0.13164549934271358
6,0.90000000000000002,14,24,0.26624407532637273,0.13313973261711814
6,0.90000000000000002,15,24,0.26775937450094717,0.13389748291330961
6,0.90000000000000002,16,24,0.26775937450094717,0.13389748291330961
6,0.90000000000000002,17,24,0.26624407532637273,0.13313973261711814
6,0.90000000000000002,18,24,0.26325600596010912,0.13164549934271358
6,0.90000000000000002,19,24,0.25887747185433219,0.12945594128631943
6,0.90000000000000002,20,24,0.25322536569516885,0.12662951255985067
6,0.90000000000000002,21,24,0.24644411714827882,0.12323843759513491
6,0.90000000000000002,22,24,0.23869751941174028,0.11936462387713645
6,0.90000000000000002,23,24,0.23016021613395743,0.11509540483711878
6,0.90000000000000002,24,24,0.22100956828396334,0.11051947274725663
6,0.90000000000000002,25,24,0.21141847377090595,0.10572328805316109
6,0.90000000000000002,26,24,0.20154952054071751,0.10078815553362074
6,0.90000000000000002,27,24,0.19155065444620403,0.095788057947727059
6,0.90000000000000002,28,24,0.18155236672356129,0.090788249586208139
6,0.90000000000000002,29,24,0.1716662710889808,0.085844544725163563
6,0.90000000000000002,30,24,0.16198485405553587,0.081003192767913124
6,0.90000000000000002,31,24,0.15258214131878073,0.076301211482085254
6,0.90000000000000002,0,25,0.14736832876504108,0.073693958687934866
6,0.90000000000000002,1,25,0.15623131236065912,0.078126039532039962
6,0.90000000000000002,2,25,0.16533568557553596,0.082678831228866448
6,0.90000000000000002,3,25,0.17461071751199622,0.087316963628702157
6,0.90000000000000002,4,25,0.18396906711230548,0.091996760397870955
6,0.90000000000000002,5,25,0.19330635253546324,0.09666602367850928
6,0.90000000000000002,6,25,0.20250155543340004,0.10126423625353363
6,0.90000000000000002,7,25,0.21141847377090595,0.10572328805316109
6,0.90000000000000002,8,25,0.21990839621008587,0.10996881352488047
6,0.90000000000000002,9,25,0.22781409219305998,0.11392218693998886
6,0.90000000000000002,10,25,0.23497509359928101,0.11750316357327673
6,0.90000000000000002,11,25,0.24123409306425658,0.12063307928763023
6,0.90000000000000002,12,25,0.24644411714827882,0.12323843759513491
6,0.90000000000000002,13,25,0.25047597498219326,0.12525463447500751
6,0.90000000000000002,14,25,0.25322536569516885,0.12662951255985067
6,0.90000000000000002,15,25,0.25461898072022693,0.12732641269398504
6,0.90000000000000002,16,25,0.25461898072022693,0.12732641269398504
6,0.90000000000000002,17,25,0.25322536569516885,0.12662951255985067
6,0.90000000000000002,18,25,0.25047597498219326,0.12525463447500751
6,0.90000000000000002,19,25,0.24644411714827882,0.12323843759513491
6,0.90000000000000002,20,25,0.24123409306425658,0.12063307928763023
6,0.90000000000000002,21,25,0.23497509359928101,0.11750316357327673
6,0.90000000000000002,22,25,0.22781409219305998,0.11392218693998886
6,0.90000000000000002,23,25,0.21990839621008587,0.10996881352488047
6,0.90000000000000002,24,25,0.21141847377090595,0.10572328805316109
6,0.90000000000000002,25,25,0.20250155543340004,0.10126423625353363
6,0.90000000000000002,26,25,0.19330635253546324,0.09666602367850928
6,0.90000000000000002,27,25,0.18396906711230548,0.091996760397870955
6,0.90000000000000002,28,25,0.17461071751199622,0.087316963628702157
6,0.90000000000000002,29,25,0.16533568557553596,0.082678831228866448
6,0.90000000000000002,30,25,0.15623131236065912,0.078126039532039962
6,0.90000000000000002,31,25,0.14736832876504108,0.073693958687934866
6,0.90000000000000002,0,26,0.14191470965281408,0.070966786676661245
6,0.90000000000000002,1,26,0.15022753845110914,0.075123753558046916
6,0.90000000000000002,2,26,0.15874569743102016,0.079383399176771868
6,0.90000000000000002,3,26,0.16740204790960037,0.083712149729231841
6,0.90000000000000002,4,26,0.17611465666191817,0.08806903315756423
6,0.90000000000000002,5,26,0.18478657209603677,0.092405567222262147
6,0.90000000000000002,6,26,0.19330635253546324,0.09666602367850928
6,0.90000000000000002,7,26,0.20154952054071751,0.10078815553362074
6,0.90000000000000002,8,26,0.20938107781109622,0.10470445466506881
6,0.90000000000000002,9,26,0.2166591443465341,0.10834397164327746
6,0.90000000000000002,10,26,0.22323968333797028,0.11163467849082828
6,0.90000000000000002,11,26,0.22898214631805958,0.11450629163300083
6,0.90000000000000002,12,26,0.23375573561406804,0.11689340354043171
6,0.90000000000000002,13,26,0.23744585407899743,0.11873870802333496
6,0.90000000000000002,14,26,0.23996022017517696,0.11999605817971505
6,0.90000000000000002,15,26,0.24123409306425658,0.12063307928763023
6,0.90000000000000002,16,26,0.24123409306425658,0.12063307928763023
6,0.90000000000000002,17,26,0.23996022017517696,0.11999605817971505
6,0.90000000000000002,18,26,0.23744585407899743,0.11873870802333496
6,0.90000000000000002,19,26,0.23375573561406804,0.11689340354043171
6,0.90000000000000002,20,26,0.22898214631805958,0.11450629163300083
6,0.90000000000000002,21,26,0.22323968333797028,0.11163467849082828
6,0.90000000000000002,22,26,0.2166591443465341,0.10834397164327746
6,0.90000000000000002,23,26,0.20938107781109622,0.10470445466506881
6,0.90000000000000002,24,26,0.20154952054071751,0.10078815553362074
6,0.90000000000000002,25,26,0.19330635253546324,0.09666602367850928
6,0.90000000000000002,26,26,0.18478657209603677,0.092405567222262147
6,0.90000000000000002,27,26,0.17611465666191817,0.08806903315756423
6,0.90000000000000002,28,26,0.16740204790960037,0.083712149729231841
6,0.90000000000000002,29,26,0.15874569743102016,0.079383399176771868
6,0.90000000000000002,30,26,0.15022753845110914,0.075123753558046916
6,0.90000000000000002,31,26,0.14191470965281408,0.070966786676661245
6,0.90000000000000002,0,27,0.13629380468553318,0.068155960619808595
6,0.90000000000000002,1,27,0.14405515074374386,0.072037149478837215
6,0.90000000000000002,2,27,0.15198775163249875,0.076003977134973685
6,0.90000000000000002,3,27,0.16002829515052402,0.080024783279763603
6,0.90000000000000002,4,27,0.16810041806709392,0.084061381222636858
6,0.90000000000000002,5,27,0.17611465666191817,0.08806903315756423
6,0.90000000000000002,6,27,0.18396906711230548,0.091996760397870955
6,0.90000000000000002,7,27,0.19155065444620403,0.095788057947727059
6,0.90000000000000002,8,27,0.1987377115455608,0.099382064159280623
6,0.90000000000000002,9,27,0.20540310703273085,0.10271520489437987
6,0.90000000000000002,10,27,0.21141847377090595,0.10572328805316109
6,0.90000000000000002,11,27,0.2166591443465341,0.10834397164327746
6,0.90000000000000002,12,27,0.22100956828396334,0.11051947274725663
6,0.90000000000000002,13,27,0.22436884488328768,0.11219933430914387
6,0.90000000000000002,14,27,0.22665593495135944,0.11334303134638712
6,0.90000000000000002,15,27,0.22781409219305998,0.11392218693998886
6,0.90000000000000002,16,27,0.22781409219305998,0.11392218693998886
6,0.90000000000000002,17,27,0.22665593495135944,0.11334303134638712
6,0.90000000000000002,18,27,0.22436884488328768,0.11219933430914387
6,0.90000000000000002,19,27,0.22100956828396334,0.11051947274725663
6,0.90000000000000002,20,27,0.2166591443465341,0.10834397164327746
6,0.90000000000000002,21,27,0.21141847377090595,0.10572328805316109
6,0.90000000000000002,22,27,0.20540310703273085,0.10271520489437987
6,0.90000000000000002,23,27,0.1987377115455608,0.099382064159280623
6,0.90000000000000002,24,27,0.19155065444620403,0.095788057947727059
6,0.90000000000000002,25,27,0.18396906711230548,0.091996760397870955
6,0.90000000000000002,26,27,0.17611465666191817,0.08806903315756423
6,0.90000000000000002,27,27,0.16810041806709392,0.084061381222636858
6,0.90000000000000002,28,27,0.16002829515052402,0.080024783279763603
6,0.90000000000000002,29,27,0.15198775163249875,0.076003977134973685
6,0.90000000000000002,30,27,0.14405515074374386,0.072037149478837215
6,0.90000000000000002,31,27,0.13629380468553318,0.068155960619808595
6,0.90000000000000002,0,28,0.13057306706682573,0.065295211602224901
6,0.90000000000000002,1,28,0.1377895013340886,0.068903908350179219
6,0.90000000000000002,2,28,0.14514563333725441,0.072582463250592102
6,0.90000000000000002,3,28,0.15258214131878073,0.076301211482085254
6,0.90000000000000002,4,28,0.16002829515052402,0.080024783279763603
6,0.90000000000000002,5,28,0.16740204790960037,0.083712149729231841
6,0.90000000000000002,6,28,0.17461071751199622,0.087316963628702157
6,0.90000000000000002,7,28,0.18155236672356129,0.090788249586208139
6,0.90000000000000002,8,28,0.18811795548105686,0.094071480323175194
6,0.90000000000000002,9,28,0.19419428489882729,0.097110048873419091
6,0.90000000000000002,10,28,0.19966767909925942,0.099847109743075313
6,0.90000000000000002,11,28,0.2044282646891076,0.10222771893318153
6,0.90000000000000002,12,28,0.20837461830620554,0.10420115802191596
6,0.90000000000000002,13,28,0.21141847377090595,0.10572328805316109
6,0.90000000000000002,14,28,0.21348912710000029,0.10675875233622699
6,0.90000000000000002,15,28,0.21453716346660262,0.10728284017349211
6,0.90000000000000002,16,28,0.21453716346660262,0.10728284017349211
6,0.90000000000000002,17,28,0.21348912710000029,0.10675875233622699
6,0.90000000000000002,18,28,0.21141847377090595,0.10572328805316109
6,0.90000000000000002,19,28,0.20837461830620554,0.10420115802191596
6,0.90000000000000002,20,28,0.2044282646891076,0.10222771893318153
6,0.90000000000000002,21,28,0.19966767909925942,0.099847109743075313
6,0.90000000000000002,22,28,0.19419428489882729,0.097110048873419091
6,0.90000000000000002,23,28,0.18811795548105686,0.094071480323175194
6,0.90000000000000002,24,28,0.18155236672356129,0.090788249586208139
6,0.90000000000000002,25,28,0.17461071751199622,0.087316963628702157
6,0.90000000000000002,26,28,0.16740204790960037,0.083712149729231841
6,0.90000000000000002,27,28,0.16002829515052402,0.080024783279763603
6,0.90000000000000002,28,28,0.15258214131878073,0.076301211482085254
6,0.90000000000000002,29,28,0.14514563333725441,0.072582463250592102
6,0.90000000000000002,30,28,0.1377895013340886,0.068903908350179219
6,0.90000000000000002,31,28,0.13057306706682573,0.065295211602224901
6,0.90000000000000002,0,29,0.12481374509719603,0.062415167844810111
6,0.90000000000000002,1,29,0.13149844659092788,0.065757962866294484
6,0.90000000000000002,2,29,0.13829415600444489,0.069156269225413181
6,0.90000000000000002,3,29,0.14514563333725441,0.072582463250592102
6,0.90000000000000002,4,29,0.15198775163249875,0.076003977134973685
6,0.90000000000000002,5,29,0.15874569743102016,0.079383399176771868
6,0.90000000000000002,6,29,0.16533568557553596,0.082678831228866448
6,0.90000000000000002,7,29,0.1716662710889808,0.085844544725163563
6,0.90000000000000002,8,29,0.17764030975582609,0.088831961101558415
6,0.90000000000000002,9,29,0.1831575722049838,0.091590959011122644
6,0.90000000000000002,10,29,0.18811795548105686,0.094071480323175194
6,0.90000000000000002,11,29,0.19242516623023362,0.096225371961019143
6,0.90000000000000002,12,29,0.19599067890854777,0.09800836526913978
6,0.90000000000000002,13,29,0.1987377115455608,0.099382064159280623
6,0.90000000000000002,14,29,0.20060492211894981,0.10031579354340354
6,0.90000000000000002,15,29,0.20154952054071751,0.10078815553362074
6,0.90000000000000002,16,29,0.20154952054071751,0.10078815553362074
6,0.90000000000000002,17,29,0.20060492211894981,0.10031579354340354
6,0.90000000000000002,18,29,0.1987377115455608,0.099382064159280623
6,0.90000000000000002,19,29,0.19599067890854777,0.09800836526913978
6,0.90000000000000002,20,29,0.19242516623023362,0.096225371961019143
6,0.90000000000000002,21,29,0.18811795548105686,0.094071480323175194
6,0.90000000000000002,22,29,0.1831575722049838,0.091590959011122644
6,0.90000000000000002,23,29,0.17764030975582609,0.088831961101558415
6,0.90000000000000002,24,29,0.1716662710889808,0.085844544725163563
6,0.90000000000000002,25,29,0.16533568557553596,0.082678831228866448
6,0.90000000000000002,26,29,0.15874569743102016,0.079383399176771868
6,0.90000000000000002,27,29,0.15198775163249875,0.076003977134973685
6,0.90000000000000002,28,29,0.14514563333725441,0.072582463250592102
6,0.90000000000000002,29,29,0.13829415600444489,0.069156269225413181
6,0.90000000000000002,30,29,0.13149844659092788,0.065757962866294484
6,0.90000000000000002,31,29,0.12481374509719603,0.062415167844810111
6,0.90000000000000002,0,30,0.11907016918056107,0.059542998160397417
6,0.90000000000000002,1,30,0.1252416233713492,0.062629135419275728
6,0.90000000000000002,2,30,0.13149844659092788,0.065757962866294484
6,0.90000000000000002,3,30,0.1377895013340886,0.068903908350179219
6,0.90000000000000002,4,30,0.14405515074374386,0.072037149478837215
6,0.90000000000000002,5,30,0.15022753845110914,0.075123753558046916
6,0.90000000000000002,6,30,0.15623131236065912,0.078126039532039962
6,0.90000000000000002,7,30,0.16198485405553587,0.081003192767913124
6,0.90000000000000002,8,30,0.16740204790960037,0.083712149729231841
6,0.90000000000000002,9,30,0.17239458432988855,0.08620874975033492
6,0.90000000000000002,10,30,0.17687474164244535,0.088449126164139594
6,0.90000000000000002,11,30,0.18075853521695825,0.090391281073753507
6,0.90000000000000002,12,30,0.18396906711230548,0.091996760397870955
6,0.90000000000000002,13,30,0.18643986313697705,0.09323232262276912
6,0.90000000000000002,14,30,0.18811795548105686,0.094071480323175194
6,0.90000000000000002,15,30,0.18896646534151823,0.094495791646558941
6,0.90000000000000002,16,30,0.18896646534151823,0.094495791646558941
6,0.90000000000000002,17,30,0.18811795548105686,0.094071480323175194
6,0.90000000000000002,18,30,0.18643986313697705,0.09323232262276912
6,0.90000000000000002,19,30,0.18396906711230548,0.091996760397870955
6,0.90000000000000002,20,30,0.18075853521695825,0.090391281073753507
6,0.90000000000000002,21,30,0.17687474164244535,0.088449126164139594
6,0.90000000000000002,22,30,0.17239458432988855,0.08620874975033492
6,0.90000000000000002,23,30,0.16740204790960037,0.083712149729231841
6,0.90000000000000002,24,30,0.16198485405553587,0.081003192767913124
6,0.90000000000000002,25,30,0.15623131236065912,0.078126039532039962
6,0.90000000000000002,26,30,0.15022753845110914,0.075123753558046916
6,0.90000000000000002,27,30,0.14405515074374386,0.072037149478837215
6,0.90000000000000002,28,30,0.1377895013340886,0.068903908350179219
6,0.90000000000000002,29,30,0.13149844659092788,0.065757962866294484
6,0.90000000000000002,30,30,0.1252416233713492,0.062629135419275728
6,0.90000000000000002,31,30,0.11907016918056107,0.059542998160397417
6,0.90000000000000002,0,31,0.11338941848691671,0.056702245262932278
6,0.90000000000000002,1,31,0.11907016918056107,0.059542998160397417
6,0.90000000000000002,2,31,0.12481374509719603,0.062415167844810111
6,0.90000000000000002,3,31,0.13057306706682573,0.065295211602224901
6,0.90000000000000002,4,31,0.13629380468553318,0.068155960619808595
6,0.90000000000000002,5,31,0.14191470965281408,0.070966786676661245
6,0.90000000000000002,6,31,0.14736832876504108,0.073693958687934866
6,0.90000000000000002,7,31,0.15258214131878073,0.076301211482085254
6,0.90000000000000002,8,31,0.1574801416124616,0.078750537156881364
6,0.90000000000000002,9,31,0.16198485405553587,0.081003192767913124
6,0.90000000000000002,10,31,0.16601972786487612,0.083020897835944588
6,0.90000000000000002,11,31,0.16951181402039089,0.084767173002636045
6,0.90000000000000002,12,31,0.17239458432988855,0.08620874975033492
6,0.90000000000000002,13,31,0.17461071751199622,0.087316963628702157
6,0.90000000000000002,14,31,0.17611465666191817,0.08806903315756423
6,0.90000000000000002,15,31,0.17687474164244535,0.088449126164139594
6,0.90000000000000002,16,31,0.17687474164244535,0.088449126164139594
6,0.90000000000000002,17,31,0.17611465666191817,0.08806903315756423
6,0.90000000000000002,18,31,0.17461071751199622,0.087316963628702157
6,0.90000000000000002,19,31,0.17239458432988855,0.08620874975033492
6,0.90000000000000002,20,31,0.16951181402039089,0.084767173002636045
6,0.90000000000000002,21,31,0.16601972786487612,0.083020897835944588
6,0.90000000000000002,22,31,0.16198485405553587,0.081003192767913124
6,0.90000000000000002,23,31,0.1574801416124616,0.078750537156881364
6,0.90000000000000002,24,31,0.15258214131878073,0.076301211482085254
6,0.90000000000000002,25,31,0.14736832876504108,0.073693958687934866
6,0.90000000000000002,26,31,0.14191470965281408,0.070966786676661245
6,0.90000000000000002,27,31,0.13629380468553318,0.068155960619808595
6,0.90000000000000002,28,31,0.13057306706682573,0.065295211602224901
6,0.90000000000000002,29,31,0.12481374509719603,0.062415167844810111
6,0.90000000000000002,30,31,0.11907016918056107,0.059542998160397417
6,0.90000000000000002,31,31,0.11338941848691671,0.056702245262932278
6,1.1000000000000001,0,0,0.11338941848691671,0.12472836033560879
6,1.1000000000000001,1,0,0.11907016918056107,0.13097718609861761
6,1.1000000000000001,2,0,0.12481374509719603,0.13729511960691609
6,1.1000000000000001,3,0,0.13057306706682573,0.14363037377350879
6,1.1000000000000001,4,0,0.13629380468553318,0.14992318515408701
6,1.1000000000000001,5,0,0.14191470965281408,0.156106180618096
6,1.1000000000000001,6,0,0.14736832876504108,0.16210516164154573
6,1.1000000000000001,7,0,0.15258214131878073,0.16784035545065937
6,1.1000000000000001,8,0,0.1574801416124616,0.17322815577370834
6,1.1000000000000001,9,0,0.16198485405553587,0.17818333946109005
6,1.1000000000000001,10,0,0.16601972786487612,0.18262170065136435
6,1.1000000000000001,11,0,0.16951181402039089,0.18646299542243058
6,1.1000000000000001,12,0,0.17239458432988855,0.18963404276287804
6,1.1000000000000001,13,0,0.17461071751199622,0.19207178926319649
6,1.1000000000000001,14,0,0.17611465666191817,0.19372612232811062
6,1.1000000000000001,15,0,0.17687474164244535,0.19456221580669053
6,1.1000000000000001,16,0,0.17687474164244535,0.19456221580669053
6,1.1000000000000001,17,0,0.17611465666191817,0.19372612232811062
6,1.1000000000000001,18,0,0.17461071751199622,0.19207178926319649
6,1.1000000000000001,19,0,0.17239458432988855,0.18963404276287804
6,1.1000000000000001,20,0,0.16951181402039089,0.18646299542243058
6,1.1000000000000001,21,0,0.16601972786487612,0.18262170065136435
6,1.1000000000000001,22,0,0.16198485405553587,0.17818333946109005
6,1.1000000000000001,23,0,0.1574801416124616,0.17322815577370834
6,1.1000000000000001,24,0,0.15258214131878073,0.16784035545065937
6,1.1000000000000001,25,0,0.14736832876504108,0.16210516164154573
6,1.1000000000000001,26,0,0.14191470965281408,0.156106180618096
6,1.1000000000000001,27,0,0.13629380468553318,0.14992318515408701
6,1.1000000000000001,28,0,0.13057306706682573,0.14363037377350879
6,1.1000000000000001,29,0,0.12481374509719603,0.13729511960691609
6,1.1000000000000001,30,0,0.11907016918056107,0.13097718609861761
6,1.1000000000000001,31,0,0.11338941848691671,0.12472836033560879
6,1.1000000000000001,0,1,0.11907016918056107,0.13097718609861761
6,1.1000000000000001,1,1,0.1252416233713492,0.13776578570848455
6,1.1000000000000001,2,1,0.13149844659092788,0.14464829125002115
6,1.1000000000000001,3,1,0.1377895013340886,0.15156845146749795
6,1.1000000000000001,4,1,0.14405515074374386,0.1584606658181188
6,1.1000000000000001,5,1,0.15022753845110914,0.1652502922962206
6,1.1000000000000001,6,1,0.15623131236065912,0.17185444359672561
6,1.1000000000000001,7,1,0.16198485405553587,0.17818333946109005
6,1.1000000000000001,8,1,0.16740204790960037,0.184142252700561
6,1.1000000000000001,9,1,0.17239458432988855,0.18963404276287804
6,1.1000000000000001,10,1,0.17687474164244535,0.19456221580669053
6,1.1000000000000001,11,1,0.18075853521695825,0.19883438873865475
6,1.1000000000000001,12,1,0.18396906711230548,0.20236597382353672
6,1.1000000000000001,13,1,0.18643986313697705,0.20508384945067543
6,1.1000000000000001,14,1,0.18811795548105686,0.20692975102916325
6,1.1000000000000001,15,1,0.18896646534151823,0.20786311187567075
6,1.1000000000000001,16,1,0.18896646534151823,0.20786311187567075
6,1.1000000000000001,17,1,0.18811795548105686,0.20692975102916325
6,1.1000000000000001,18,1,0.18643986313697705,0.20508384945067543
6,1.1000000000000001,19,1,0.18396906711230548,0.20236597382353672
6,1.1000000000000001,20,1,0.18075853521695825,0.19883438873865475
6,1.1000000000000001,21,1,0.17687474164244535,0.19456221580669053
6,1.1000000000000001,22,1,0.17239458432988855,0.18963404276287804
6,1.1000000000000001,23,1,0.16740204790960037,0.184142252700561
6,1.1000000000000001,24,1,0.16198485405553587,0.17818333946109005
6,1.1000000000000001,25,1,0.15623131236065912,0.17185444359672561
6,1.1000000000000001,26,1,0.15022753845110914,0.1652502922962206
6,1.1000000000000001,27,1,0.14405515074374386,0.1584606658181188
6,1.1000000000000001,28,1,0.1377895013340886,0.15156845146749795
6,1.1000000000000001,29,1,0.13149844659092788,0.14464829125002115
6,1.1000000000000001,30,1,0.1252416233713492,0.13776578570848455
6,1.1000000000000001,31,1,0.11907016918056107,0.13097718609861761
6,1.1000000000000001,0,2,0.12481374509719603,0.13729511960691609
6,1.1000000000000001,1,2,0.13149844659092788,0.14464829125002115
6,1.1000000000000001,2,2,0.13829415600444489,0.1521235716048899
6,1.1000000000000001,3,2,0.14514563333725441,0.15966019667098039
6,1.1000000000000001,4,2,0.15198775163249875,0.16718652679574919
6,1.1000000000000001,5,2,0.15874569743102016,0.17462026717412274
6,1.1000000000000001,6,2,0.16533568557553596,0.18186925413309019
6,1.1000000000000001,7,2,0.1716662710889808,0.18883289819787949
6,1.1000000000000001,8,2,0.17764030975582609,0.19540434073140936
6,1.1000000000000001,9,2,0.1831575722049838,0.20147332942548285
6,1.1000000000000001,10,2,0.18811795548105686,0.20692975102916325
6,1.1000000000000001,11,2,0.19242516623023362,0.21166768285325768
6,1.1000000000000001,12,2,0.19599067890854777,0.21558974679940324
6,1.1000000000000001,13,2,0.1987377115455608,0.2186114827001176
6,1.1000000000000001,14,2,0.20060492211894981,0.22066541433084552
6,1.1000000000000001,15,2,0.20154952054071751,0.22170447259478998
6,1.1000000000000001,16,2,0.20154952054071751,0.22170447259478998
6,1.1000000000000001,17,2,0.20060492211894981,0.22066541433084552
6,1.1000000000000001,18,2,0.1987377115455608,0.2186114827001176
6,1.1000000000000001,19,2,0.19599067890854777,0.21558974679940324
6,1.1000000000000001,20,2,0.19242516623023362,0.21166768285325768
6,1.1000000000000001,21,2,0.18811795548105686,0.20692975102916325
6,1.1000000000000001,22,2,0.1831575722049838,0.20147332942548285
6,1.1000000000000001,23,2,0.17764030975582609,0.19540434073140936
6,1.1000000000000001,24,2,0.1716662710889808,0.18883289819787949
6,1.1000000000000001,25,2,0.16533568557553596,0.18186925413309019
6,1.1000000000000001,26,2,0.15874569743102016,0.17462026717412274
6,1.1000000000000001,27,2,0.15198775163249875,0.16718652679574919
6,1.1000000000000001,28,2,0.14514563333725441,0.15966019667098039
6,1.1000000000000001,29,2,0.13829415600444489,0.1521235716048899
6,1.1000000000000001,30,2,0.13149844659092788,0.14464829125002115
6,1.1000000000000001,31,2,0.12481374509719603,0.13729511960691609
6,1.1000000000000001,0,3,0.13057306706682573,0.14363037377350879
6,1.1000000000000001,1,3,0.1377895013340886,0.15156845146749795
6,1.1000000000000001,2,3,0.14514563333725441,0.15966019667098039
6,1.1000000000000001,3,3,0.15258214131878073,0.16784035545065937
6,1.1000000000000001,4,3,0.16002829515052402,0.17603112466557702
6,1.1000000000000001,5,3,0.16740204790960037,0.184142252700561
6,1.1000000000000001,6,3,0.17461071751199622,0.19207178926319649
6,1.1000000000000001,7,3,0.18155236672356129,0.19970760339591809
6,1.1000000000000001,8,3,0.18811795548105686,0.20692975102916325
6,1.1000000000000001,9,3,0.19419428489882729,0.21361371338871071
6,1.1000000000000001,10,3,0.19966767909925942,0.21963444700918608
6,1.1000000000000001,11,3,0.2044282646891076,0.22487109115801912
6,1.1000000000000001,12,3,0.20837461830620554,0.22921208013682687
6,1.1000000000000001,13,3,0.21141847377090595,0.2325603211479973
6,1.1000000000000001,14,3,0.21348912710000029,0.23483803981000109
6,1.1000000000000001,15,3,0.21453716346660262,0.23599087981326367
6,1.1000000000000001,16,3,0.21453716346660262,0.23599087981326367
6,1.1000000000000001,17,3,0.21348912710000029,0.23483803981000109
6,1.1000000000000001,18,3,0.21141847377090595,0.2325603211479973
6,1.1000000000000001,19,3,0.20837461830620554,0.22921208013682687
6,1.1000000000000001,20,3,0.2044282646891076,0.22487109115801912
6,1.1000000000000001,21,3,0.19966767909925942,0.21963444700918608
6,1.1000000000000001,22,3,0.19419428489882729,0.21361371338871071
6,1.1000000000000001,23,3,0.18811795548105686,0.20692975102916325
6,1.1000000000000001,24,3,0.18155236672356129,0.19970760339591809
6,1.1000000000000001,25,3,0.17461071751199622,0.19207178926319649
6,1.1000000000000001,26,3,0.16740204790960037,0.184142252700561
6,1.1000000000000001,27,3,0.16002829515052402,0.17603112466557702
6,1.1000000000000001,28,3,0.15258214131878073,0.16784035545065937
6,1.1000000000000001,29,3,0.14514563333725441,0.15966019667098039
6,1.1000000000000001,30,3,0.1377895013340886,0.15156845146749795
6,1.1000000000000001,31,3,0.13057306706682573,0.14363037377350879
6,1.1000000000000001,0,4,0.13629380468553318,0.14992318515408701
6,1.1000000000000001,1,4,0.14405515074374386,0.1584606658181188
6,1.1000000000000001,2,4,0.15198775163249875,0.16718652679574919
6,1.1000000000000001,3,4,0.16002829515052402,0.17603112466557702
6,1.1000000000000001,4,4,0.16810041806709392,0.18491045987380392
6,1.1000000000000001,5,4,0.17611465666191817,0.19372612232811062
6,1.1000000000000001,6,4,0.18396906711230548,0.20236597382353672
6,1.1000000000000001,7,4,0.19155065444620403,0.21070571989082512
6,1.1000000000000001,8,4,0.1987377115455608,0.2186114827001176
6,1.1000000000000001,9,4,0.20540310703273085,0.22594341773600465
6,1.1000000000000001,10,4,0.21141847377090595,0.2325603211479973
6,1.1000000000000001,11,4,0.2166591443465341,0.23832505878118831
6,1.1000000000000001,12,4,0.22100956828396334,0.24311052511236048
6,1.1000000000000001,13,4,0.22436884488328768,0.24680572937161724
6,1.1000000000000001,14,4,0.22665593495135944,0.24932152844649619
6,1.1000000000000001,15,4,0.22781409219305998,0.25059550141236681
6,1.1000000000000001,16,4,0.22781409219305998,0.25059550141236681
6,1.1000000000000001,17,4,0.22665593495135944,0.24932152844649619
6,1.1000000000000001,18,4,0.22436884488328768,0.24680572937161724
6,1.1000000000000001,19,4,0.22100956828396334,0.24311052511236048
6,1.1000000000000001,20,4,0.2166591443465341,0.23832505878118831
6,1.1000000000000001,21,4,0.21141847377090595,0.2325603211479973
6,1.1000000000000001,22,4,0.20540310703273085,0.22594341773600465
6,1.1000000000000001,23,4,0.1987377115455608,0.2186114827001176
6,1.1000000000000001,24,4,0.19155065444620403,0.21070571989082512
6,1.1000000000000001,25,4,0.18396906711230548,0.20236597382353672
6,1.1000000000000001,26,4,0.17611465666191817,0.19372612232811062
6,1.1000000000000001,27,4,0.16810041806709392,0.18491045987380392
6,1.1000000000000001,28,4,0.16002829515052402,0.17603112466557702
6,1.1000000000000001,29,4,0.15198775163249875,0.16718652679574919
6,1.1000000000000001,30,4,0.14405515074374386,0.1584606658181188
6,1.1000000000000001,31,4,0.13629380468553318,0.14992318515408701
6,1.1000000000000001,0,5,0.14191470965281408,0.156106180618096
6,1.1000000000000001,1,5,0.15022753845110914,0.1652502922962206
6,1.1000000000000001,2,5,0.15874569743102016,0.17462026717412274
6,1.1000000000000001,3,5,0.16740204790960037,0.184142252700561
6,1.1000000000000001,4,5,0.17611465666191817,0.19372612232811062
6,1.1000000000000001,5,5,0.18478657209603677,0.20326522930564114
6,1.1000000000000001,6,5,0.19330635253546324,0.21263698778901025
6,1.1000000000000001,7,5,0.20154952054071751,0.22170447259478998
6,1.1000000000000001,8,5,0.20938107781109622,0.2303191855922066
6,1.1000000000000001,9,5,0.2166591443465341,0.23832505878118831
6,1.1000000000000001,10,5,0.22323968333797028,0.24556365167176811
6,1.1000000000000001,11,5,0.22898214631805958,0.25188036094986638
6,1.1000000000000001,12,5,0.23375573561406804,0.25713130917547572
6,1.1000000000000001,13,5,0.23744585407899743,0.26119043948689807
6,1.1000000000000001,14,5,0.23996022017517696,0.26395624219269553
6,1.1000000000000001,15,5,0.24123409306425658,0.26535750237068312
6,1.1000000000000001,16,5,0.24123409306425658,0.26535750237068312
6,1.1000000000000001,17,5,0.23996022017517696,0.26395624219269553
6,1.1000000000000001,18,5,0.23744585407899743,0.26119043948689807
6,1.1000000000000001,19,5,0.23375573561406804,0.25713130917547572
6,1.1000000000000001,20,5,0.22898214631805958,0.25188036094986638
6,1.1000000000000001,21,5,0.22323968333797028,0.24556365167176811
6,1.1000000000000001,22,5,0.2166591443465341,0.23832505878118831
6,1.1000000000000001,23,5,0.20938107781109622,0.2303191855922066
6,1.1000000000000001,24,5,0.20154952054071751,0.22170447259478998
6,1.1000000000000001,25,5,0.19330635253546324,0.21263698778901025
6,1.1000000000000001,26,5,0.18478657209603677,0.20326522930564114
6,1.1000000000000001,27,5,0.17611465666191817,0.19372612232811062
6,1.1000000000000001,28,5,0.16740204790960037,0.184142252700561
6,1.1000000000000001,29,5,0.15874569743102016,0.17462026717412274
6,1.1000000000000001,30,5,0.15022753845110914,0.1652502922962206
6,1.1000000000000001,31,5,0.14191470965281408,0.156106180618096
6,1.1000000000000001,0,6,0.14736832876504108,0.16210516164154573
6,1.1000000000000001,1,6,0.15623131236065912,0.17185444359672561
6,1.1000000000000001,2,6,0.16533568557553596,0.18186925413309019
6,1.1000000000000001,3,6,0.17461071751199622,0.19207178926319649
6,1.1000000000000001,4,6,0.18396906711230548,0.20236597382353672
6,1.1000000000000001,5,6,0.19330635253546324,0.21263698778901025
6,1.1000000000000001,6,6,0.20250155543340004,0.22275171097674079
6,1.1000000000000001,7,6,0.21141847377090595,0.2325603211479973
6,1.1000000000000001,8,6,0.21990839621008587,0.24189923583109527
6,1.1000000000000001,9,6,0.22781409219305998,0.25059550141236681
6,1.1000000000000001,10,6,0.23497509359928101,0.25847260295920998
6,1.1000000000000001,11,6,0.24123409306425658,0.26535750237068312
6,1.1000000000000001,12,6,0.24644411714827882,0.27108852886310758
6,1.1000000000000001,13,6,0.25047597498219326,0.27552357248041348
6,1.1000000000000001,14,6,0.25322536569516885,0.27854790226468668
6,1.1000000000000001,15,6,0.25461898072022693,0.28008087879225058
6,1.1000000000000001,16,6,0.25461898072022693,0.28008087879225058
6,1.1000000000000001,17,6,0.25322536569516885,0.27854790226468668
6,1.1000000000000001,18,6,0.25047597498219326,0.27552357248041348
6,1.1000000000000001,19,6,0.24644411714827882,0.27108852886310758
6,1.1000000000000001,20,6,0.24123409306425658,0.26535750237068312
6,1.1000000000000001,21,6,0.23497509359928101,0.25847260295920998
6,1.1000000000000001,22,6,0.22781409219305998,0.25059550141236681
6,1.1000000000000001,23,6,0.21990839621008587,0.24189923583109527
6,1.1000000000000001,24,6,0.21141847377090595,0.2325603211479973
6,1.1000000000000001,25,6,0.20250155543340004,0.22275171097674079
6,1.1000000000000001,26,6,0.19330635253546324,0.21263698778901025
6,1.1000000000000001,27,6,0.18396906711230548,0.20236597382353672
6,1.1000000000000001,28,6,0.17461071751199622,0.19207178926319649
6,1.1000000000000001,29,6,0.16533568557553596,0.18186925413309019
6,1.1000000000000001,30,6,0.15623131236065912,0.17185444359672561
6,1.1000000000000001,31,6,0.14736832876504108,0.16210516164154573
6,1.1000000000000001,0,7,0.15258214131878073,0.16784035545065937
6,1.1000000000000001,1,7,0.16198485405553587,0.17818333946109005
6,1.1000000000000001,2,7,0.1716662710889808,0.18883289819787949
6,1.1000000000000001,3,7,0.18155236672356129,0.19970760339591809
6,1.1000000000000001,4,7,0.19155065444620403,0.21070571989082512
6,1.1000000000000001,5,7,0.20154952054071751,0.22170447259478998
6,1.1000000000000001,6,7,0.21141847377090595,0.2325603211479973
6,1.1000000000000001,7,7,0.22100956828396334,0.24311052511236048
6,1.1000000000000001,8,7,0.23016021613395743,0.25317623774735398
6,1.1000000000000001,9,7,0.23869751941174028,0.26256727135291513
6,1.1000000000000001,10,7,0.24644411714827882,0.27108852886310758
6,1.1000000000000001,11,7,0.25322536569516885,0.27854790226468668
6,1.1000000000000001,12,7,0.25887747185433219,0.28476521903976637
6,1.1000000000000001,13,7,0.26325600596010912,0.28958160655612097
6,1.1000000000000001,14,7,0.26624407532637273,0.29286848285901101
6,1.1000000000000001,15,7,0.26775937450094717,0.29453531195104288
6,1.1000000000000001,16,7,0.26775937450094717,0.29453531195104288
6,1.1000000000000001,17,7,0.26624407532637273,0.29286848285901101
6,1.1000000000000001,18,7,0.26325600596010912,0.28958160655612097
6,1.1000000000000001,19,7,0.25887747185433219,0.28476521903976637
6,1.1000000000000001,20,7,0.25322536569516885,0.27854790226468668
6,1.1000000000000001,21,7,0.24644411714827882,0.27108852886310758
6,1.1000000000000001,22,7,0.23869751941174028,0.26256727135291513
6,1.1000000000000001,23,7,0.23016021613395743,0.25317623774735398
6,1.1000000000000001,24,7,0.22100956828396334,0.24311052511236048
6,1.1000000000000001,25,7,0.21141847377090595,0.2325603211479973
6,1.1000000000000001,26,7,0.20154952054071751,0.22170447259478998
6,1.1000000000000001,27,7,0.19155065444620403,0.21070571989082512
6,1.1000000000000001,28,7,0.18155236672356129,0.19970760339591809
6,1.1000000000000001,29,7,0.1716662710889808,0.18883289819787949
6,1.1000000000000001,30,7,0.16198485405553587,0.17818333946109005
6,1.1000000000000001,31,7,0.15258214131878073,0.16784035545065937
6,1.1000000000000001,0,8,0.1574801416124616,0.17322815577370834
6,1.1000000000000001,1,8,0.16740204790960037,0.184142252700561
6,1.1000000000000001,2,8,0.17764030975582609,0.19540434073140936
6,1.1000000000000001,3,8,0.18811795548105686,0.20692975102916325
6,1.1000000000000001,4,8,0.1987377115455608,0.2186114827001176
6,1.1000000000000001,5,8,0.20938107781109622,0.2303191855922066
6,1.1000000000000001,6,8,0.21990839621008587,0.24189923583109527
6,1.1000000000000001,7,8,0.23016021613395743,0.25317623774735398
6,1.1000000000000001,8,8,0.23996022017517696,0.26395624219269553
6,1.1000000000000001,9,8,0.24911988071267116,0.2740318687839392
6,1.1000000000000001,10,8,0.25744486644284204,0.28318935308712717
6,1.1000000000000001,11,8,0.26474301468211975,0.29121731615033269
6,1.1000000000000001,12,8,0.27083345093217198,0.29791679602539017
6,1.1000000000000001,13,8,0.27555620730656949,0.30311182803722742
6,1.1000000000000001,14,8,0.27878151160153614,0.30665966276169077
6,1.1000000000000001,15,8,0.28041783526299946,0.30845961878930039
6,1.1000000000000001,16,8,0.28041783526299946,0.30845961878930039
6,1.1000000000000001,17,8,0.27878151160153614,0.30665966276169077
6,1.1000000000000001,18,8,0.27555620730656949,0.30311182803722742
6,1.1000000000000001,19,8,0.27083345093217198,0.29791679602539017
6,1.1000000000000001,20,8,0.26474301468211975,0.29121731615033269
6,1.1000000000000001,21,8,0.25744486644284204,0.28318935308712717
6,1.1000000000000001,22,8,0.24911988071267116,0.2740318687839392
6,1.1000000000000001,23,8,0.23996022017517696,0.26395624219269553
6,1.1000000000000001,24,8,0.23016021613395743,0.25317623774735398
6,1.1000000000000001,25,8,0.21990839621008587,0.24189923583109527
6,1.1000000000000001,26,8,0.20938107781109622,0.2303191855922066
6,1.1000000000000001,27,8,0.1987377115455608,0.2186114827001176
6,1.1000000000000001,28,8,0.18811795548105686,0.20692975102916325
6,1.1000000000000001,29,8,0.17764030975582609,0.19540434073140936
6,1.1000000000000001,30,8,0.16740204790960037,0.184142252700561
6,1.1000000000000001,31,8,0.1574801416124616,0.17322815577370834
6,1.1000000000000001,0,9,0.16198485405553587,0.17818333946109005
6,1.1000000000000001,1,9,0.17239458432988855,0.18963404276287804
6,1.1000000000000001,2,9,0.1831575722049838,0.20147332942548285
6,1.1000000000000001,3,9,0.19419428489882729,0.21361371338871071
6,1.1000000000000001,4,9,0.20540310703273085,0.22594341773600465
6,1.1000000000000001,5,9,0.2166591443465341,0.23832505878118831
6,1.1000000000000001,6,9,0.22781409219305998,0.25059550141236681
6,1.1000000000000001,7,9,0.23869751941174028,0.26256727135291513
6,1.1000000000000001,8,9,0.24911988071267116,0.2740318687839392
6,1.1000000000000001,9,9,0.25887747185433219,0.28476521903976637
6,1.1000000000000001,10,9,0.26775937450094717,0.29453531195104288
6,1.1000000000000001,11,9,0.27555620730656949,0.30311182803722742
6,1.1000000000000001,12,9,0.28207022928671849,0.31027725221539137
6,1.1000000000000001,13,9,0.28712607167550808,0.31583867884305994
6,1.1000000000000001,14,9,0.29058115904054066,0.31963927494459582
6,1.1000000000000001,15,9,0.2923347750676602,0.32156825257442728
6,1.1000000000000001,16,9,0.2923347750676602,0.32156825257442728
6,1.1000000000000001,17,9,0.29058115904054066,0.31963927494459582
6,1.1000000000000001,18,9,0.28712607167550808,0.31583867884305994
6,1.1000000000000001,19,9,0.28207022928671849,0.31027725221539137
6,1.1000000000000001,20,9,0.27555620730656949,0.30311182803722742
6,1.1000000000000001,21,9,0.26775937450094717,0.29453531195104288
6,1.1000000000000001,22,9,0.25887747185433219,0.28476521903976637
6,1.1000000000000001,23,9,0.24911988071267116,0.2740318687839392
6,1.1000000000000001,24,9,0.23869751941174028,0.26256727135291513
6,1.1000000000000001,25,9,0.22781409219305998,0.25059550141236681
6,1.1000000000000001,26,9,0.2166591443465341,0.23832505878118831
6,1.1000000000000001,27,9,0.20540310703273085,0.22594341773600465
6,1.1000000000000001,28,9,0.19419428489882729,0.21361371338871071
6,1.1000000000000001,29,9,0.1831575722049838,0.20147332942548285
6,1.1000000000000001,30,9,0.17239458432988855,0.18963404276287804
6,1.1000000000000001,31,9,0.16198485405553587,0.17818333946109005
6,1.1000000000000001,0,10,0.16601972786487612,0.18262170065136435
6,1.1000000000000001,1,10,0.17687474164244535,0.19456221580669053
6,1.1000000000000001,2,10,0.18811795548105686,0.20692975102916325
6,1.1000000000000001,3,10,0.19966767909925942,0.21963444700918608
6,1.1000000000000001,4,10,0.21141847377090595,0.2325603211479973
6,1.1000000000000001,5,10,0.22323968333797028,0.24556365167176811
6,1.1000000000000001,6,10,0.23497509359928101,0.25847260295920998
6,1.1000000000000001,7,10,0.24644411714827882,0.27108852886310758
6,1.1000000000000001,8,10,0.25744486644284204,0.28318935308712717
6,1.1000000000000001,9,10,0.26775937450094717,0.29453531195104288
6,1.1000000000000001,10,10,0.27716104034109013,0.30487714437520014
6,1.1000000000000001,11,10,0.28542411969148263,0.31396653166063193
6,1.1000000000000001,12,10,0.2923347750676602,0.32156825257442728
6,1.1000000000000001,13,10,0.29770288898363545,0.32747317788200009
6,1.1000000000000001,14,10,0.30137359192853508,0.33151095112138973
6,1.1000000000000001,15,10,0.30323732821333632,0.33356106103467104
6,1.1000000000000001,16,10,0.30323732821333632,0.33356106103467104
6,1.1000000000000001,17,10,0.30137359192853508,0.33151095112138973
6,1.1000000000000001,18,10,0.29770288898363545,0.32747317788200009
6,1.1000000000000001,19,10,0.2923347750676602,0.32156825257442728
6,1.1000000000000001,20,10,0.28542411969148263,0.31396653166063193
6,1.1000000000000001,21,10,0.27716104034109013,0.30487714437520014
6,1.1000000000000001,22,10,0.26775937450094717,0.29453531195104288
6,1.1000000000000001,23,10,0.25744486644284204,0.28318935308712717
6,1.1000000000000001,24,10,0.24644411714827882,0.27108852886310758
6,1.1000000000000001,25,10,0.23497509359928101,0.25847260295920998
6,1.1000000000000001,26,10,0.22323968333797028,0.24556365167176811
6,1.1000000000000001,27,10,0.21141847377090595,0.2325603211479973
6,1.1000000000000001,28,10,0.19966767909925942,0.21963444700918608
6,1.1000000000000001,29,10,0.18811795548105686,0.20692975102916325
6,1.1000000000000001,30,10,0.17687474164244535,0.19456221580669053
6,1.1000000000000001,31,10,0.16601972786487612,0.18262170065136435
6,1.1000000000000001,0,11,0.16951181402039089,0.18646299542243058
6,1.1000000000000001,1,11,0.18075853521695825,0.19883438873865475
6,1.1000000000000001,2,11,0.19242516623023362,0.21166768285325768
6,1.1000000000000001,3,11,0.2044282646891076,0.22487109115801912
6,1.1000000000000001,4,11,0.2166591443465341,0.23832505878118831
6,1.1000000000000001,5,11,0.22898214631805958,0.25188036094986638
6,1.1000000000000001,6,11,0.24123409306425658,0.26535750237068312
6,1.1000000000000001,7,11,0.25322536569516885,0.27854790226468668
6,1.1000000000000001,8,11,0.26474301468211975,0.29121731615033269
6,1.1000000000000001,9,11,0.27555620730656949,0.30311182803722742
6,1.1000000000000001,10,11,0.28542411969148263,0.31396653166063193
6,1.1000000000000001,11,11,0.29410610037089713,0.32351671040798791
6,1.1000000000000001,12,11,0.30137359192853508,0.33151095112138973
6,1.1000000000000001,13,11,0.30702294798122803,0.33772524277935195
6,1.1000000000000001,14,11,0.31088799479556362,0.34197679427512107
6,1.1000000000000001,15,11,0.31285103511693246,0.3441361386286268
6,1.1000000000000001,16,11,0.31285103511693246,0.3441361386286268
6,1.1000000000000001,17,11,0.31088799479556362,0.34197679427512107
6,1.1000000000000001,18,11,0.30702294798122803,0.33772524277935195
6,1.1000000000000001,19,11,0.30137359192853508,0.33151095112138973
6,1.1000000000000001,20,11,0.29410610037089713,0.32351671040798791
6,1.1000000000000001,21,11,0.28542411969148263,0.31396653166063193
6,1.1000000000000001,22,11,0.27555620730656949,0.30311182803722742
6,1.1000000000000001,23,11,0.26474301468211975,0.29121731615033269
6,1.1000000000000001,24,11,0.25322536569516885,0.27854790226468668
6,1.1000000000000001,25,11,0.24123409306425658,0.26535750237068312
6,1.1000000000000001,26,11,0.22898214631805958,0.25188036094986638
6,1.1000000000000001,27,11,0.2166591443465341,0.23832505878118831
6,1.1000000000000001,28,11,0.2044282646891076,0.22487109115801912
6,1.1000000000000001,29,11,0.19242516623023362,0.21166768285325768
6,1.1000000000000001,30,11,0.18075853521695825,0.19883438873865475
6,1.1000000000000001,31,11,0.16951181402039089,0.18646299542243058
6,1.1000000000000001,0,12,0.17239458432988855,0.18963404276287804
6,1.1000000000000001,1,12,0.18396906711230548,0.20236597382353672
6,1.1000000000000001,2,12,0.19599067890854777,0.21558974679940324
6,1.1000000000000001,3,12,0.20837461830620554,0.22921208013682687
6,1.1000000000000001,4,12,0.22100956828396334,0.24311052511236048
6,1.1000000000000001,5,12,0.23375573561406804,0.25713130917547572
6,1.1000000000000001,6,12,0.24644411714827882,0.27108852886310758
6,1.1000000000000001,7,12,0.25887747185433219,0.28476521903976637
6,1.1000000000000001,8,12,0.27083345093217198,0.29791679602539017
6,1.1000000000000001,9,12,0.28207022928671849,0.31027725221539137
6,1.1000000000000001,10,12,0.2923347750676602,0.32156825257442728
6,1.1000000000000001,11,12,0.30137359192853508,0.33151095112138973
6,1.1000000000000001,12,12,0.30894539802655319,0.33983993782920963
6,1.1000000000000001,13,12,0.31483482146588621,0.34631830361247595
6,1.1000000000000001,14,12,0.31886587117492238,0.3507524582924158
6,1.1000000000000001,15,12,0.32091376892318041,0.35300514581549963
6,1.1000000000000001,16,12,0.32091376892318041,0.35300514581549963
6,1.1000000000000001,17,12,0.31886587117492238,0.3507524582924158
6,1.1000000000000001,18,12,0.31483482146588621,0.34631830361247595
6,1.1000000000000001,19,12,0.30894539802655319,0.33983993782920963
6,1.1000000000000001,20,12,0.30137359192853508,0.33151095112138973
6,1.1000000000000001,21,12,0.2923347750676602,0.32156825257442728
6,1.1000000000000001,22,12,0.28207022928671849,0.31027725221539137
6,1.1000000000000001,23,12,0.27083345093217198,0.29791679602539017
6,1.1000000000000001,24,12,0.25887747185433219,0.28476521903976637
6,1.1000000000000001,25,12,0.24644411714827882,0.27108852886310758
6,1.1000000000000001,26,12,0.23375573561406804,0.25713130917547572
6,1.1000000000000001,27,12,0.22100956828396334,0.24311052511236048
6,1.1000000000000001,28,12,0.20837461830620554,0.22921208013682687
6,1.1000000000000001,29,12,0.19599067890854777,0.21558974679940324
6,1.1000000000000001,30,12,0.18396906711230548,0.20236597382353672
6,1.1000000000000001,31,12,0.17239458432988855,0.18963404276287804
6,1.1000000000000001,0,13,0.17461071751199622,0.19207178926319649
6,1.1000000000000001,1,13,0.18643986313697705,0.20508384945067543
6,1.1000000000000001,2,13,0.1987377115455608,0.2186114827001176
6,1.1000000000000001,3,13,0.21141847377090595,0.2325603211479973
6,1.1000000000000001,4,13,0.22436884488328768,0.24680572937161724
6,1.1000000000000001,5,13,0.23744585407899743,0.26119043948689807
6,1.1000000000000001,6,13,0.25047597498219326,0.27552357248041348
6,1.1000000000000001,7,13,0.26325600596010912,0.28958160655612097
6,1.1000000000000001,8,13,0.27555620730656949,0.30311182803722742
6,1.1000000000000001,9,13,0.28712607167550808,0.31583867884305994
6,1.1000000000000001,10,13,0.29770288898363545,0.32747317788200009
6,1.1000000000000001,11,13,0.30702294798122803,0.33772524277935195
6,1.1000000000000001,12,13,0.31483482146588621,0.34631830361247595
6,1.1000000000000001,13,13,0.32091376892318041,0.35300514581549963
6,1.1000000000000001,14,13,0.32507594243924171,0.35758353668316706
6,1.1000000000000001,15,13,0.32719089022279441,0.35990997924507501
6,1.1000000000000001,16,13,0.32719089022279441,0.35990997924507501
6,1.1000000000000001,17,13,0.32507594243924171,0.35758353668316706
6,1.1000000000000001,18,13,0.32091376892318041,0.35300514581549963
6,1.1000000000000001,19,13,0.31483482146588621,0.34631830361247595
6,1.1000000000000001,20,13,0.30702294798122803,0.33772524277935195
6,1.1000000000000001,21,13,0.29770288898363545,0.32747317788200009
6,1.1000000000000001,22,13,0.28712607167550808,0.31583867884305994
6,1.1000000000000001,23,13,0.27555620730656949,0.30311182803722742
6,1.1000000000000001,24,13,0.26325600596010912,0.28958160655612097
6,1.1000000000000001,25,13,0.25047597498219326,0.27552357248041348
6,1.1000000000000001,26,13,0.23744585407899743,0.26119043948689807
6,1.1000000000000001,27,13,0.22436884488328768,0.24680572937161724
6,1.1000000000000001,28,13,0.21141847377090595,0.2325603211479973
6,1.1000000000000001,29,13,0.1987377115455608,0.2186114827001176
6,1.1000000000000001,30,13,0.18643986313697705,0.20508384945067543
6,1.1000000000000001,31,13,0.17461071751199622,0.19207178926319649
6,1.1000000000000001,0,14,0.17611465666191817,0.19372612232811062
6,1.1000000000000001,1,14,0.18811795548105686,0.20692975102916325
6,1.1000000000000001,2,14,0.20060492211894981,0.22066541433084552
6,1.1000000000000001,3,14,0.21348912710000029,0.23483803981000109
6,1.1000000000000001,4,14,0.22665593495135944,0.24932152844649619
6,1.1000000000000001,5,14,0.23996022017517696,0.26395624219269553
6,1.1000000000000001,6,14,0.25322536569516885,0.27854790226468668
6,1.1000000000000001,7,14,0.26624407532637273,0.29286848285901101
6,1.1000000000000001,8,14,0.27878151160153614,0.30665966276169077
6,1.1000000000000001,9,14,0.29058115904054066,0.31963927494459582
6,1.1000000000000001,10,14,0.30137359192853508,0.33151095112138973
6,1.1000000000000001,11,14,0.31088799479556362,0.34197679427512107
6,1.1000000000000001,12,14,0.31886587117492238,0.3507524582924158
6,1.1000000000000001,13,14,0.32507594243924171,0.35758353668316706
6,1.1000000000000001,14,14,0.32932887101416386,0.36226175811558142
6,1.1000000000000001,15,14,0.33149023752952017,0.36463926128247337
6,1.1000000000000001,16,14,0.33149023752952017,0.36463926128247337
6,1.1000000000000001,17,14,0.32932887101416386,0.36226175811558142
6,1.1000000000000001,18,14,0.32507594243924171,0.35758353668316706
6,1.1000000000000001,19,14,0.31886587117492238,0.3507524582924158
6,1.1000000000000001,20,14,0.31088799479556362,0.34197679427512107
6,1.1000000000000001,21,14,0.30137359192853508,0.33151095112138973
6,1.1000000000000001,22,14,0.29058115904054066,0.31963927494459582
6,1.1000000000000001,23,14,0.27878151160153614,0.30665966276169077
6,1.1000000000000001,24,14,0.26624407532637273,0.29286848285901101
6,1.1000000000000001,25,14,0.25322536569516885,0.27854790226468668
6,1.1000000000000001,26,14,0.23996022017517696,0.26395624219269553
6,1.1000000000000001,27,14,0.22665593495135944,0.24932152844649619
6,1.1000000000000001,28,14,0.21348912710000029,0.23483803981000109
6,1.1000000000000001,29,14,0.20060492211894981,0.22066541433084552
6,1.1000000000000001,30,14,0.18811795548105686,0.20692975102916325
6,1.1000000000000001,31,14,0.17611465666191817,0.19372612232811062
6,1.1000000000000001,0,15,0.17687474164244535,0.19456221580669053
6,1.1000000000000001,1,15,0.18896646534151823,0.20786311187567075
6,1.1000000000000001,2,15,0.20154952054071751,0.22170447259478998
6,1.1000000000000001,3,15,0.21453716346660262,0.23599087981326367
6,1.1000000000000001,4,15,0.22781409219305998,0.25059550141236681
6,1.1000000000000001,5,15,0.24123409306425658,0.26535750237068312
6,1.1000000000000001,6,15,0.25461898072022693,0.28008087879225058
6,1.1000000000000001,7,15,0.26775937450094717,0.29453531195104288
6,1.1000000000000001,8,15,0.28041783526299946,0.30845961878930039
6,1.1000000000000001,9,15,0.2923347750676602,0.32156825257442728
6,1.1000000000000001,10,15,0.30323732821333632,0.33356106103467104
6,1.1000000000000001,11,15,0.31285103511693246,0.3441361386286268
6,1.1000000000000001,12,15,0.32091376892318041,0.35300514581549963
6,1.1000000000000001,13,15,0.32719089022279441,0.35990997924507501
6,1.1000000000000001,14,15,0.33149023752952017,0.36463926128247337
6,1.1000000000000001,15,15,0.3336753494601028,0.36704288440611427
6,1.1000000000000001,16,15,0.3336753494601028,0.36704288440611427
6,1.1000000000000001,17,15,0.33149023752952017,0.36463926128247337
6,1.1000000000000001,18,15,0.32719089022279441,0.35990997924507501
6,1.1000000000000001,19,15,0.32091376892318041,0.35300514581549963
6,1.1000000000000001,20,15,0.31285103511693246,0.3441361386286268
6,1.1000000000000001,21,15,0.30323732821333632,0.33356106103467104
6,1.1000000000000001,22,15,0.2923347750676602,0.32156825257442728
6,1.1000000000000001,23,15,0.28041783526299946,0.30845961878930039
6,1.1000000000000001,24,15,0.26775937450094717,0.29453531195104288
6,1.1000000000000001,25,15,0.25461898072022693,0.28008087879225058
6,1.1000000000000001,26,15,0.24123409306425658,0.26535750237068312
6,1.1000000000000001,27,15,0.22781409219305998,0.25059550141236681
6,1.1000000000000001,28,15,0.21453716346660262,0.23599087981326367
6,1.1000000000000001,29,15,0.20154952054071751,0.22170447259478998
6,1.1000000000000001,30,15,0.18896646534151823,0.20786311187567075
6,1.1000000000000001,31,15,0.17687474164244535,0.19456221580669053
6,1.1000000000000001,0,16,0.17687474164244535,0.19456221580669053
6,1.1000000000000001,1,16,0.18896646534151823,0.20786311187567075
6,1.1000000000000001,2,16,0.20154952054071751,0.22170447259478998
6,1.1000000000000001,3,16,0.21453716346660262,0.23599087981326367
6,1.1000000000000001,4,16,0.22781409219305998,0.25059550141236681
6,1.1000000000000001,5,16,0.24123409306425658,0.26535750237068312
6,1.1000000000000001,6,16,0.25461898072022693,0.28008087879225058
6,1.1000000000000001,7,16,0.26775937450094717,0.29453531195104288
6,1.1000000000000001,8,16,0.28041783526299946,0.30845961878930039
6,1.1000000000000001,9,16,0.2923347750676602,0.32156825257442728
6,1.1000000000000001,10,16,0.30323732821333632,0.33356106103467104
6,1.1000000000000001,11,16,0.31285103511693246,0.3441361386286268
6,1.1000000000000001,12,16,0.32091376892318041,0.35300514581549963
6,1.1000000000000001,13,16,0.32719089022279441,0.35990997924507501
6,1.1000000000000001,14,16,0.33149023752952017,0.36463926128247337
6,1.1000000000000001,15,16,0.3336753494601028,0.36704288440611427
6,1.1000000000000001,16,16,0.3336753494601028,0.36704288440611427
6,1.1000000000000001,17,16,0.33149023752952017,0.36463926128247337
6,1.1000000000000001,18,16,0.32719089022279441,0.35990997924507501
6,1.1000000000000001,19,16,0.32091376892318041,0.35300514581549963
6,1.1000000000000001,20,16,0.31285103511693246,0.3441361386286268
6,1.1000000000000001,21,16,0.30323732821333632,0.33356106103467104
6,1.1000000000000001,22,16,0.2923347750676602,0.32156825257442728
6,1.1000000000000001,23,16,0.28041783526299946,0.30845961878930039
6,1.1000000000000001,24,16,0.26775937450094717,0.29453531195104288
6,1.1000000000000001,25,16,0.25461898072022693,0.28008087879225058
6,1.1000000000000001,26,16,0.24123409306425658,0.26535750237068312
6,1.1000000000000001,27,16,0.22781409219305998,0.25059550141236681
6,1.1000000000000001,28,16,0.21453716346660262,0.23599087981326367
6,1.1000000000000001,29,16,0.20154952054071751,0.22170447259478998
6,1.1000000000000001,30,16,0.18896646534151823,0.20786311187567075
6,1.1000000000000001,31,16,0.17687474164244535,0.19456221580669053
6,1.1000000000000001,0,17,0.17611465666191817,0.19372612232811062
6,1.1000000000000001,1,17,0.18811795548105686,0.20692975102916325
6,1.1000000000000001,2,17,0.20060492211894981,0.22066541433084552
6,1.1000000000000001,3,17,0.21348912710000029,0.23483803981000109
6,1.1000000000000001,4,17,0.22665593495135944,0.24932152844649619
6,1.1000000000000001,5,17,0.23996022017517696,0.26395624219269553
6,1.1000000000000001,6,17,0.25322536569516885,0.27854790226468668
6,1.1000000000000001,7,17,0.26624407532637273,0.29286848285901101
6,1.1000000000000001,8,17,0.27878151160153614,0.30665966276169077
6,1.1000000000000001,9,17,0.29058115904054066,0.31963927494459582
6,1.1000000000000001,10,17,0.30137359192853508,0.33151095112138973
6,1.1000000000000001,11,17,0.31088799479556362,0.34197679427512107
6,1.1000000000000001,12,17,0.31886587117492238,0.3507524582924158
6,1.1000000000000001,13,17,0.32507594243924171,0.35758353668316706
6,1.1000000000000001,14,17,0.32932887101416386,0.36226175811558142
6,1.1000000000000001,15,17,0.33149023752952017,0.36463926128247337
6,1.1000000000000001,16,17,0.33149023752952017,0.36463926128247337
6,1.1000000000000001,17,17,0.32932887101416386,0.36226175811558142
6,1.1000000000000001,18,17,0.32507594243924171,0.35758353668316706
6,1.1000000000000001,19,17,0.31886587117492238,0.3507524582924158
6,1.1000000000000001,20,17,0.31088799479556362,0.34197679427512107
6,1.1000000000000001,21,17,0.30137359192853508,0.33151095112138973
6,1.1000000000000001,22,17,0.29058115904054066,0.31963927494459582
6,1.1000000000000001,23,17,0.27878151160153614,0.30665966276169077
6,1.1000000000000001,24,17,0.26624407532637273,0.29286848285901101
6,1.1000000000000001,25,17,0.25322536569516885,0.27854790226468668
6,1.1000000000000001,26,17,0.23996022017517696,0.26395624219269553
6,1.1000000000000001,27,17,0.22665593495135944,0.24932152844649619
6,1.1000000000000001,28,17,0.21348912710000029,0.23483803981000109
6,1.1000000000000001,29,17,0.20060492211894981,0.22066541433084552
6,1.1000000000000001,30,17,0.18811795548105686,0.20692975102916325
6,1.1000000000000001,31,17,0.17611465666191817,0.19372612232811062
6,1.1000000000000001,0,18,0.17461071751199622,0.19207178926319649
6,1.1000000000000001,1,18,0.18643986313697705,0.20508384945067543
6,1.1000000000000001,2,18,0.1987377115455608,0.2186114827001176
6,1.1000000000000001,3,18,0.21141847377090595,0.2325603211479973
6,1.1000000000000001,4,18,0.22436884488328768,0.24680572937161724
6,1.1000000000000001,5,18,0.23744585407899743,0.26119043948689807
6,1.1000000000000001,6,18,0.25047597498219326,0.27552357248041348
6,1.1000000000000001,7,18,0.26325600596010912,0.28958160655612097
6,1.1000000000000001,8,18,0.27555620730656949,0.30311182803722742
6,1.1000000000000001,9,18,0.28712607167550808,0.31583867884305994
6,1.1000000000000001,10,18,0.29770288898363545,0.32747317788200009
6,1.1000000000000001,11,18,0.30702294798122803,0.33772524277935195
6,1.1000000000000001,12,18,0.31483482146588621,0.34631830361247595
6,1.1000000000000001,13,18,0.32091376892318041,0.35300514581549963
6,1.1000000000000001,14,18,0.32507594243924171,0.35758353668316706
6,1.1000000000000001,15,18,0.32719089022279441,0.35990997924507501
6,1.1000000000000001,16,18,0.32719089022279441,0.35990997924507501
6,1.1000000000000001,17,18,0.32507594243924171,0.35758353668316706
6,1.1000000000000001,18,18,0.32091376892318041,0.35300514581549963
6,1.1000000000000001,19,18,0.31483482146588621,0.34631830361247595
6,1.1000000000000001,20,18,0.30702294798122803,0.33772524277935195
6,1.1000000000000001,21,18,0.29770288898363545,0.32747317788200009
6,1.1000000000000001,22,18,0.28712607167550808,0.31583867884305994
6,1.1000000000000001,23,18,0.27555620730656949,0.30311182803722742
6,1.1000000000000001,24,18,0.26325600596010912,0.28958160655612097
6,1.1000000000000001,25,18,0.25047597498219326,0.27552357248041348
6,1.1000000000000001,26,18,0.23744585407899743,0.26119043948689807
6,1.1000000000000001,27,18,0.22436884488328768,0.24680572937161724
6,1.1000000000000001,28,18,0.21141847377090595,0.2325603211479973
6,1.1000000000000001,29,18,0.1987377115455608,0.2186114827001176
6,1.1000000000000001,30,18,0.18643986313697705,0.20508384945067543
6,1.1000000000000001,31,18,0.17461071751199622,0.19207178926319649
6,1.1000000000000001,0,19,0.17239458432988855,0.18963404276287804
6,1.1000000000000001,1,19,0.18396906711230548,0.20236597382353672
6,1.1000000000000001,2,19,0.19599067890854777,0.21558974679940324
6,1.1000000000000001,3,19,0.20837461830620554,0.22921208013682687
6,1.1000000000000001,4,19,0.22100956828396334,0.24311052511236048
6,1.1000000000000001,5,19,0.23375573561406804,0.25713130917547572
6,1.1000000000000001,6,19,0.24644411714827882,0.27108852886310758
6,1.1000000000000001,7,19,0.25887747185433219,0.28476521903976637
6,1.1000000000000001,8,19,0.27083345093217198,0.29791679602539017
6,1.1000000000000001,9,19,0.28207022928671849,0.31027725221539137
6,1.1000000000000001,10,19,0.2923347750676602,0.32156825257442728
6,1.1000000000000001,11,19,0.30137359192853508,0.33151095112138973
6,1.1000000000000001,12,19,0.30894539802655319,0.33983993782920963
6,1.1000000000000001,13,19,0.31483482146588621,0.34631830361247595
6,1.1000000000000001,14,19,0.31886587117492238,0.3507524582924158
6,1.1000000000000001,15,19,0.32091376892318041,0.35300514581549963
6,1.1000000000000001,16,19,0.32091376892318041,0.35300514581549963
6,1.1000000000000001,17,19,0.31886587117492238,0.3507524582924158
6,1.1000000000000001,18,19,0.31483482146588621,0.34631830361247595
6,1.1000000000000001,19,19,0.30894539802655319,0.33983993782920963
6,1.1000000000000001,20,19,0.30137359192853508,0.33151095112138973
6,1.1000000000000001,21,19,0.2923347750676602,0.32156825257442728
6,1.1000000000000001,22,19,0.28207022928671849,0.31027725221539137
6,1.1000000000000001,23,19,0.27083345093217198,0.29791679602539017
6,1.1000000000000001,24,19,0.25887747185433219,0.28476521903976637
6,1.1000000000000001,25,19,0.24644411714827882,0.27108852886310758
6,1.1000000000000001,26,19,0.23375573561406804,0.25713130917547572
6,1.1000000000000001,27,19,0.22100956828396334,0.24311052511236048
6,1.1000000000000001,28,19,0.20837461830620554,0.22921208013682687
6,1.1000000000000001,29,19,0.19599067890854777,0.21558974679940324
6,1.1000000000000001,30,19,0.18396906711230548,0.20236597382353672
6,1.1000000000000001,31,19,0.17239458432988855,0.18963404276287804
6,1.1000000000000001,0,20,0.16951181402039089,0.18646299542243058
6,1.1000000000000001,1,20,0.18075853521695825,0.19883438873865475
6,1.1000000000000001,2,20,0.19242516623023362,0.21166768285325768
6,1.1000000000000001,3,20,0.2044282646891076,0.22487109115801912
6,1.1000000000000001,4,20,0.2166591443465341,0.23832505878118831
6,1.1000000000000001,5,20,0.22898214631805958,0.25188036094986638
6,1.1000000000000001,6,20,0.24123409306425658,0.26535750237068312
6,1.1000000000000001,7,20,0.25322536569516885,0.27854790226468668
6,1.1000000000000001,8,20,0.26474301468211975,0.29121731615033269
6,1.1000000000000001,9,20,0.27555620730656949,0.30311182803722742
6,1.1000000000000001,10,20,0.28542411969148263,0.31396653166063193
6,1.1000000000000001,11,20,0.29410610037089713,0.32351671040798791
6,1.1000000000000001,12,20,0.30137359192853508,0.33151095112138973
6,1.1000000000000001,13,20,0.30702294798122803,0.33772524277935195
6,1.1000000000000001,14,20,0.31088799479556362,0.34197679427512107
6,1.1000000000000001,15,20,0.31285103511693246,0.3441361386286268
6,1.1000000000000001,16,20,0.31285103511693246,0.3441361386286268
6,1.1000000000000001,17,20,0.31088799479556362,0.34197679427512107
6,1.1000000000000001,18,20,0.30702294798122803,0.33772524277935195
6,1.1000000000000001,19,20,0.30137359192853508,0.33151095112138973
6,1.1000000000000001,20,20,0.29410610037089713,0.32351671040798791
6,1.1000000000000001,21,20,0.28542411969148263,0.31396653166063193
6,1.1000000000000001,22,20,0.27555620730656949,0.30311182803722742
6,1.1000000000000001,23,20,0.26474301468211975,0.29121731615033269
6,1.1000000000000001,24,20,0.25322536569516885,0.27854790226468668
6,1.1000000000000001,25,20,0.24123409306425658,0.26535750237068312
6,1.1000000000000001,26,20,0.22898214631805958,0.25188036094986638
6,1.1000000000000001,27,20,0.2166591443465341,0.23832505878118831
6,1.1000000000000001,28,20,0.2044282646891076,0.22487109115801912
6,1.1000000000000001,29,20,0.19242516623023362,0.21166768285325768
6,1.1000000000000001,30,20,0.18075853521695825,0.19883438873865475
6,1.1000000000000001,31,20,0.16951181402039089,0.18646299542243058
6,1.1000000000000001,0,21,0.16601972786487612,0.18262170065136435
6,1.1000000000000001,1,21,0.17687474164244535,0.19456221580669053
6,1.1000000000000001,2,21,0.18811795548105686,0.20692975102916325
6,1.1000000000000001,3,21,0.19966767909925942,0.21963444700918608
6,1.1000000000000001,4,21,0.21141847377090595,0.2325603211479973
6,1.1000000000000001,5,21,0.22323968333797028,0.24556365167176811
6,1.1000000000000001,6,21,0.23497509359928101,0.25847260295920998
6,1.1000000000000001,7,21,0.24644411714827882,0.27108852886310758
6,1.1000000000000001,8,21,0.25744486644284204,0.28318935308712717
6,1.1000000000000001,9,21,0.26775937450094717,0.29453531195104288
6,1.1000000000000001,10,21,0.27716104034109013,0.30487714437520014
6,1.1000000000000001,11,21,0.28542411969148263,0.31396653166063193
6,1.1000000000000001,12,21,0.2923347750676602,0.32156825257442728
6,1.1000000000000001,13,21,0.29770288898363545,0.32747317788200009
6,1.1000000000000001,14,21,0.30137359192853508,0.33151095112138973
6,1.1000000000000001,15,21,0.30323732821333632,0.33356106103467104
6,1.1000000000000001,16,21,0.30323732821333632,0.33356106103467104
6,1.1000000000000001,17,21,0.30137359192853508,0.33151095112138973
6,1.1000000000000001,18,21,0.29770288898363545,0.32747317788200009
6,1.1000000000000001,19,21,0.2923347750676602,0.32156825257442728
6,1.1000000000000001,20,21,0.28542411969148263,0.31396653166063193
6,1.1000000000000001,21,21,0.27716104034109013,0.30487714437520014
6,1.1000000000000001,22,21,0.26775937450094717,0.29453531195104288
6,1.1000000000000001,23,21,0.25744486644284204,0.28318935308712717
6,1.1000000000000001,24,21,0.24644411714827882,0.27108852886310758
6,1.1000000000000001,25,21,0.23497509359928101,0.25847260295920998
6,1.1000000000000001,26,21,0.22323968333797028,0.24556365167176811
6,1.1000000000000001,27,21,0.21141847377090595,0.2325603211479973
6,1.1000000000000001,28,21,0.19966767909925942,0.21963444700918608
6,1.1000000000000001,29,21,0.18811795548105686,0.20692975102916325
6,1.1000000000000001,30,21,0.17687474164244535,0.19456221580669053
6,1.1000000000000001,31,21,0.16601972786487612,0.18262170065136435
6,1.1000000000000001,0,22,0.16198485405553587,0.17818333946109005
6,1.1000000000000001,1,22,0.17239458432988855,0.18963404276287804
6,1.1000000000000001,2,22,0.1831575722049838,0.20147332942548285
6,1.1000000000000001,3,22,0.19419428489882729,0.21361371338871071
6,1.1000000000000001,4,22,0.20540310703273085,0.22594341773600465
6,1.1000000000000001,5,22,0.2166591443465341,0.23832505878118831
6,1.1000000000000001,6,22,0.22781409219305998,0.25059550141236681
6,1.1000000000000001,7,22,0.23869751941174028,0.26256727135291513
6,1.1000000000000001,8,22,0.24911988071267116,0.2740318687839392
6,1.1000000000000001,9,22,0.25887747185433219,0.28476521903976637
6,1.1000000000000001,10,22,0.26775937450094717,0.29453531195104288
6,1.1000000000000001,11,22,0.27555620730656949,0.30311182803722742
6,1.1000000000000001,12,22,0.28207022928671849,0.31027725221539137
6,1.1000000000000001,13,22,0.28712607167550808,0.31583867884305994
6,1.1000000000000001,14,22,0.29058115904054066,0.31963927494459582
6,1.1000000000000001,15,22,0.2923347750676602,0.32156825257442728
6,1.1000000000000001,16,22,0.2923347750676602,0.32156825257442728
6,1.1000000000000001,17,22,0.29058115904054066,0.31963927494459582
6,1.1000000000000001,18,22,0.28712607167550808,0.31583867884305994
6,1.1000000000000001,19,22,0.28207022928671849,0.31027725221539137
6,1.1000000000000001,20,22,0.27555620730656949,0.30311182803722742
6,1.1000000000000001,21,22,0.26775937450094717,0.29453531195104288
6,1.1000000000000001,22,22,0.25887747185433219,0.28476521903976637
6,1.1000000000000001,23,22,0.24911988071267116,0.2740318687839392
6,1.1000000000000001,24,22,0.23869751941174028,0.26256727135291513
6,1.1000000000000001,25,22,0.22781409219305998,0.25059550141236681
6,1.1000000000000001,26,22,0.2166591443465341,0.23832505878118831
6,1.1000000000000001,27,22,0.20540310703273085,0.22594341773600465
6,1.1000000000000001,28,22,0.19419428489882729,0.21361371338871071
6,1.1000000000000001,29,22,0.1831575722049838,0.20147332942548285
6,1.1000000000000001,30,22,0.17239458432988855,0.18963404276287804
6,1.1000000000000001,31,22,0.16198485405553587,0.17818333946109005
6,1.1000000000000001,0,23,0.1574801416124616,0.17322815577370834
6,1.1000000000000001,1,23,0.16740204790960037,0.184142252700561
6,1.1000000000000001,2,23,0.17764030975582609,0.19540434073140936
6,1.1000000000000001,3,23,0.18811795548105686,0.20692975102916325
6,1.1000000000000001,4,23,0.1987377115455608,0.2186114827001176
6,1.1000000000000001,5,23,0.20938107781109622,0.2303191855922066
6,1.1000000000000001,6,23,0.21990839621008587,0.24189923583109527
6,1.1000000000000001,7,23,0.23016021613395743,0.25317623774735398
6,1.1000000000000001,8,23,0.23996022017517696,0.26395624219269553
6,1.1000000000000001,9,23,0.24911988071267116,0.2740318687839392
6,1.1000000000000001,10,23,0.25744486644284204,0.28318935308712717
6,1.1000000000000001,11,23,0.26474301468211975,0.29121731615033269
6,1.1000000000000001,12,23,0.27083345093217198,0.29791679602539017
6,1.1000000000000001,13,23,0.27555620730656949,0.30311182803722742
6,1.1000000000000001,14,23,0.27878151160153614,0.30665966276169077
6,1.1000000000000001,15,23,0.28041783526299946,0.30845961878930039
6,1.1000000000000001,16,23,0.28041783526299946,0.30845961878930039
6,1.1000000000000001,17,23,0.27878151160153614,0.30665966276169077
6,1.1000000000000001,18,23,0.27555620730656949,0.30311182803722742
6,1.1000000000000001,19,23,0.27083345093217198,0.29791679602539017
6,1.1000000000000001,20,23,0.26474301468211975,0.29121731615033269
6,1.1000000000000001,21,23,0.25744486644284204,0.28318935308712717
6,1.1000000000000001,22,23,0.24911988071267116,0.2740318687839392
6,1.1000000000000001,23,23,0.23996022017517696,0.26395624219269553
6,1.1000000000000001,24,23,0.23016021613395743,0.25317623774735398
6,1.1000000000000001,25,23,0.21990839621008587,0.24189923583109527
6,1.1000000000000001,26,23,0.20938107781109622,0.2303191855922066
6,1.1000000000000001,27,23,0.1987377115455608,0.2186114827001176
6,1.1000000000000001,28,23,0.18811795548105686,0.20692975102916325
6,1.1000000000000001,29,23,0.17764030975582609,0.19540434073140936
6,1.1000000000000001,30,23,0.16740204790960037,0.184142252700561
6,1.1000000000000001,31,23,0.1574801416124616,0.17322815577370834
6,1.1000000000000001,0,24,0.15258214131878073,0.16784035545065937
6,1.1000000000000001,1,24,0.16198485405553587,0.17818333946109005
6,1.1000000000000001,2,24,0.1716662710889808,0.18883289819787949
6,1.1000000000000001,3,24,0.18155236672356129,0.19970760339591809
6,1.1000000000000001,4,24,0.19155065444620403,0.21070571989082512
6,1.1000000000000001,5,24,0.20154952054071751,0.22170447259478998
6,1.1000000000000001,6,24,0.21141847377090595,0.2325603211479973
6,1.1000000000000001,7,24,0.22100956828396334,0.24311052511236048
6,1.1000000000000001,8,24,0.23016021613395743,0.25317623774735398
6,1.1000000000000001,9,24,0.23869751941174028,0.26256727135291513
6,1.1000000000000001,10,24,0.24644411714827882,0.27108852886310758
6,1.1000000000000001,11,24,0.25322536569516885,0.27854790226468668
6,1.1000000000000001,12,24,0.25887747185433219,0.28476521903976637
6,1.1000000000000001,13,24,0.26325600596010912,0.28958160655612097
6,1.1000000000000001,14,24,0.26624407532637273,0.29286848285901101
6,1.1000000000000001,15,24,0.26775937450094717,0.29453531195104288
6,1.1000000000000001,16,24,0.26775937450094717,0.29453531195104288
6,1.1000000000000001,17,24,0.26624407532637273,0.29286848285901101
6,1.1000000000000001,18,24,0.26325600596010912,0.28958160655612097
6,1.1000000000000001,19,24,0.25887747185433219,0.28476521903976637
6,1.1000000000000001,20,24,0.25322536569516885,0.27854790226468668
6,1.1000000000000001,21,24,0.24644411714827882,0.27108852886310758
6,1.1000000000000001,22,24,0.23869751941174028,0.26256727135291513
6,1.1000000000000001,23,24,0.23016021613395743,0.25317623774735398
6,1.1000000000000001,24,24,0.22100956828396334,0.24311052511236048
6,1.1000000000000001,25,24,0.21141847377090595,0.2325603211479973
6,1.1000000000000001,26,24,0.20154952054071751,0.22170447259478998
6,1.1000000000000001,27,24,0.19155065444620403,0.21070571989082512
6,1.1000000000000001,28,24,0.18155236672356129,0.19970760339591809
6,1.1000000000000001,29,24,0.1716662710889808,0.18883289819787949
6,1.1000000000000001,30,24,0.16198485405553587,0.17818333946109005
6,1.1000000000000001,31,24,0.15258214131878073,0.16784035545065937
6,1.1000000000000001,0,25,0.14736832876504108,0.16210516164154573
6,1.1000000000000001,1,25,0.15623131236065912,0.17185444359672561
6,1.1000000000000001,2,25,0.16533568557553596,0.18186925413309019
6,1.1000000000000001,3,25,0.17461071751199622,0.19207178926319649
6,1.1000000000000001,4,25,0.18396906711230548,0.20236597382353672
6,1.1000000000000001,5,25,0.19330635253546324,0.21263698778901025
6,1.1000000000000001,6,25,0.20250155543340004,0.22275171097674079
6,1.1000000000000001,7,25,0.21141847377090595,0.2325603211479973
6,1.1000000000000001,8,25,0.21990839621008587,0.24189923583109527
6,1.1000000000000001,9,25,0.22781409219305998,0.25059550141236681
6,1.1000000000000001,10,25,0.23497509359928101,0.25847260295920998
6,1.1000000000000001,11,25,0.24123409306425658,0.26535750237068312
6,1.1000000000000001,12,25,0.24644411714827882,0.27108852886310758
6,1.1000000000000001,13,25,0.25047597498219326,0.27552357248041348
6,1.1000000000000001,14,25,0.25322536569516885,0.27854790226468668
6,1.1000000000000001,15,25,0.25461898072022693,0.28008087879225058
6,1.1000000000000001,16,25,0.25461898072022693,0.28008087879225058
6,1.1000000000000001,17,25,0.25322536569516885,0.27854790226468668
6,1.1000000000000001,18,25,0.25047597498219326,0.27552357248041348
6,1.1000000000000001,19,25,0.24644411714827882,0.27108852886310758
6,1.1000000000000001,20,25,0.24123409306425658,0.26535750237068312
6,1.1000000000000001,21,25,0.23497509359928101,0.25847260295920998
6,1.1000000000000001,22,25,0.22781409219305998,0.25059550141236681
6,1.1000000000000001,23,25,0.21990839621008587,0.24189923583109527
6,1.1000000000000001,24,25,0.21141847377090595,0.2325603211479973
6,1.1000000000000001,25,25,0.20250155543340004,0.22275171097674079
6,1.1000000000000001,26,25,0.19330635253546324,0.21263698778901025
6,1.1000000000000001,27,25,0.18396906711230548,0.20236597382353672
6,1.1000000000000001,28,25,0.17461071751199622,0.19207178926319649
6,1.1000000000000001,29,25,0.16533568557553596,0.18186925413309019
6,1.1000000000000001,30,25,0.15623131236065912,0.17185444359672561
6,1.1000000000000001,31,25,0.14736832876504108,0.16210516164154573
6,1.1000000000000001,0,26,0.14191470965281408,0.156106180618096
6,1.1000000000000001,1,26,0.15022753845110914,0.1652502922962206
6,1.1000000000000001,2,26,0.15874569743102016,0.17462026717412274
6,1.1000000000000001,3,26,0.16740204790960037,0.184142252700561
6,1.1000000000000001,4,26,0.17611465666191817,0.19372612232811062
6,1.1000000000000001,5,26,0.18478657209603677,0.20326522930564114
6,1.1000000000000001,6,26,0.19330635253546324,0.21263698778901025
6,1.1000000000000001,7,26,0.20154952054071751,0.22170447259478998
6,1.1000000000000001,8,26,0.20938107781109622,0.2303191855922066
6,1.1000000000000001,9,26,0.2166591443465341,0.23832505878118831
6,1.1000000000000001,10,26,0.22323968333797028,0.24556365167176811
6,1.1000000000000001,11,26,0.22898214631805958,0.25188036094986638
6,1.1000000000000001,12,26,0.23375573561406804,0.25713130917547572
6,1.1000000000000001,13,26,0.23744585407899743,0.26119043948689807
6,1.1000000000000001,14,26,0.23996022017517696,0.26395624219269553
6,1.1000000000000001,15,26,0.24123409306425658,0.26535750237068312
6,1.1000000000000001,16,26,0.24123409306425658,0.26535750237068312
6,1.1000000000000001,17,26,0.23996022017517696,0.26395624219269553
6,1.1000000000000001,18,26,0.23744585407899743,0.26119043948689807
6,1.1000000000000001,19,26,0.23375573561406804,0.25713130917547572
6,1.1000000000000001,20,26,0.22898214631805958,0.25188036094986638
6,1.1000000000000001,21,26,0.22323968333797028,0.24556365167176811
6,1.1000000000000001,22,26,0.2166591443465341,0.23832505878118831
6,1.1000000000000001,23,26,0.20938107781109622,0.2303191855922066
6,1.1000000000000001,24,26,0.20154952054071751,0.22170447259478998
6,1.1000000000000001,25,26,0.19330635253546324,0.21263698778901025
6,1.1000000000000001,26,26,0.18478657209603677,0.20326522930564114
6,1.1000000000000001,27,26,0.17611465666191817,0.19372612232811062
6,1.1000000000000001,28,26,0.16740204790960037,0.184142252700561
6,1.1000000000000001,29,26,0.15874569743102016,0.17462026717412274
6,1.1000000000000001,30,26,0.15022753845110914,0.1652502922962206
6,1.1000000000000001,31,26,0.14191470965281408,0.156106180618096
6,1.1000000000000001,0,27,0.13629380468553318,0.14992318515408701
6,1.1000000000000001,1,27,0.14405515074374386,0.1584606658181188
6,1.1000000000000001,2,27,0.15198775163249875,0.16718652679574919
6,1.1000000000000001,3,27,0.16002829515052402,0.17603112466557702
6,1.1000000000000001,4,27,0.16810041806709392,0.18491045987380392
6,1.1000000000000001,5,27,0.17611465666191817,0.19372612232811062
6,1.1000000000000001,6,27,0.18396906711230548,0.20236597382353672
6,1.1000000000000001,7,27,0.19155065444620403,0.21070571989082512
6,1.1000000000000001,8,27,0.1987377115455608,0.2186114827001176
6,1.1000000000000001,9,27,0.20540310703273085,0.22594341773600465
6,1.1000000000000001,10,27,0.21141847377090595,0.2325603211479973
6,1.1000000000000001,11,27,0.2166591443465341,0.23832505878118831
6,1.1000000000000001,12,27,0.22100956828396334,0.24311052511236048
6,1.1000000000000001,13,27,0.22436884488328768,0.24680572937161724
6,1.1000000000000001,14,27,0.22665593495135944,0.24932152844649619
6,1.1000000000000001,15,27,0.22781409219305998,0.25059550141236681
6,1.1000000000000001,16,27,0.22781409219305998,0.25059550141236681
6,1.1000000000000001,17,27,0.22665593495135944,0.24932152844649619
6,1.1000000000000001,18,27,0.22436884488328768,0.24680572937161724
6,1.1000000000000001,19,27,0.22100956828396334,0.24311052511236048
6,1.1000000000000001,20,27,0.2166591443465341,0.23832505878118831
6,1.1000000000000001,21,27,0.21141847377090595,0.2325603211479973
6,1.1000000000000001,22,27,0.20540310703273085,0.22594341773600465
6,1.1000000000000001,23,27,0.1987377115455608,0.2186114827001176
6,1.1000000000000001,24,27,0.19155065444620403,0.21070571989082512
6,1.1000000000000001,25,27,0.18396906711230548,0.20236597382353672
6,1.1000000000000001,26,27,0.17611465666191817,0.19372612232811062
6,1.1000000000000001,27,27,0.16810041806709392,0.18491045987380392
6,1.1000000000000001,28,27,0.16002829515052402,0.17603112466557702
6,1.1000000000000001,29,27,0.15198775163249875,0.16718652679574919
6,1.1000000000000001,30,27,0.14405515074374386,0.1584606658181188
6,1.1000000000000001,31,27,0.13629380468553318,0.14992318515408701
6,1.1000000000000001,0,28,0.13057306706682573,0.14363037377350879
6,1.1000000000000001,1,28,0.1377895013340886,0.15156845146749795
6,1.1000000000000001,2,28,0.14514563333725441,0.15966019667098039
6,1.1000000000000001,3,28,0.15258214131878073,0.16784035545065937
6,1.1000000000000001,4,28,0.16002829515052402,0.17603112466557702
6,1.1000000000000001,5,28,0.16740204790960037,0.184142252700561
6,1.1000000000000001,6,28,0.17461071751199622,0.19207178926319649
6,1.1000000000000001,7,28,0.18155236672356129,0.19970760339591809
6,1.1000000000000001,8,28,0.18811795548105686,0.20692975102916325
6,1.1000000000000001,9,28,0.19419428489882729,0.21361371338871071
6,1.1000000000000001,10,28,0.19966767909925942,0.21963444700918608
6,1.1000000000000001,11,28,0.2044282646891076,0.22487109115801912
6,1.1000000000000001,12,28,0.20837461830620554,0.22921208013682687
6,1.1000000000000001,13,28,0.21141847377090595,0.2325603211479973
6,1.1000000000000001,14,28,0.21348912710000029,0.23483803981000109
6,1.1000000000000001,15,28,0.21453716346660262,0.23599087981326367
6,1.1000000000000001,16,28,0.21453716346660262,0.23599087981326367
6,1.1000000000000001,17,28,0.21348912710000029,0.23483803981000109
6,1.1000000000000001,18,28,0.21141847377090595,0.2325603211479973
6,1.1000000000000001,19,28,0.20837461830620554,0.22921208013682687
6,1.1000000000000001,20,28,0.2044282646891076,0.22487109115801912
6,1.1000000000000001,21,28,0.19966767909925942,0.21963444700918608
6,1.1000000000000001,22,28,0.19419428489882729,0.21361371338871071
6,1.1000000000000001,23,28,0.18811795548105686,0.20692975102916325
6,1.1000000000000001,24,28,0.18155236672356129,0.19970760339591809
6,1.1000000000000001,25,28,0.17461071751199622,0.19207178926319649
6,1.1000000000000001,26,28,0.16740204790960037,0.184142252700561
6,1.1000000000000001,27,28,0.16002829515052402,0.17603112466557702
6,1.1000000000000001,28,28,0.15258214131878073,0.16784035545065937
6,1.1000000000000001,29,28,0.14514563333725441,0.15966019667098039
6,1.1000000000000001,30,28,0.1377895013340886,0.15156845146749795
6,1.1000000000000001,31,28,0.13057306706682573,0.14363037377350879
6,1.1000000000000001,0,29,0.12481374509719603,0.13729511960691609
6,1.1000000000000001,1,29,0.13149844659092788,0.14464829125002115
6,1.1000000000000001,2,29,0.13829415600444489,0.1521235716048899
6,1.1000000000000001,3,29,0.14514563333725441,0.15966019667098039
6,1.1000000000000001,4,29,0.15198775163249875,0.16718652679574919
6,1.1000000000000001,5,29,0.15874569743102016,0.17462026717412274
6,1.1000000000000001,6,29,0.16533568557553596,0.18186925413309019
6,1.1000000000000001,7,29,0.1716662710889808,0.18883289819787949
6,1.1000000000000001,8,29,0.17764030975582609,0.19540434073140936
6,1.1000000000000001,9,29,0.1831575722049838,0.20147332942548285
6,1.1000000000000001,10,29,0.18811795548105686,0.20692975102916325
6,1.1000000000000001,11,29,0.19242516623023362,0.21166768285325768
6,1.1000000000000001,12,29,0.19599067890854777,0.21558974679940324
6,1.1000000000000001,13,29,0.1987377115455608,0.2186114827001176
6,1.1000000000000001,14,29,0.20060492211894981,0.22066541433084552
6,1.1000000000000001,15,29,0.20154952054071751,0.22170447259478998
6,1.1000000000000001,16,29,0.20154952054071751,0.22170447259478998
6,1.1000000000000001,17,29,0.20060492211894981,0.22066541433084552
6,1.1000000000000001,18,29,0.1987377115455608,0.2186114827001176
6,1.1000000000000001,19,29,0.19599067890854777,0.21558974679940324
6,1.1000000000000001,20,29,0.19242516623023362,0.21166768285325768
6,1.1000000000000001,21,29,0.18811795548105686,0.20692975102916325
6,1.1000000000000001,22,29,0.1831575722049838,0.20147332942548285
6,1.1000000000000001,23,29,0.17764030975582609,0.19540434073140936
6,1.1000000000000001,24,29,0.1716662710889808,0.18883289819787949
6,1.1000000000000001,25,29,0.16533568557553596,0.18186925413309019
6,1.1000000000000001,26,29,0.15874569743102016,0.17462026717412274
6,1.1000000000000001,27,29,0.15198775163249875,0.16718652679574919
6,1.1000000000000001,28,29,0.14514563333725441,0.15966019667098039
6,1.1000000000000001,29,29,0.13829415600444489,0.1521235716048899
6,1.1000000000000001,30,29,0.13149844659092788,0.14464829125002115
6,1.1000000000000001,31,29,0.12481374509719603,0.13729511960691609
6,1.1000000000000001,0,30,0.11907016918056107,0.13097718609861761
6,1.1000000000000001,1,30,0.1252416233713492,0.13776578570848455
6,1.1000000000000001,2,30,0.13149844659092788,0.14464829125002115
6,1.1000000000000001,3,30,0.1377895013340886,0.15156845146749795
6,1.1000000000000001,4,30,0.14405515074374386,0.1584606658181188
6,1.1000000000000001,5,30,0.15022753845110914,0.1652502922962206
6,1.1000000000000001,6,30,0.15623131236065912,0.17185444359672561
6,1.1000000000000001,7,30,0.16198485405553587,0.17818333946109005
6,1.1000000000000001,8,30,0.16740204790960037,0.184142252700561
6,1.1000000000000001,9,30,0.17239458432988855,0.18963404276287804
6,1.1000000000000001,10,30,0.17687474164244535,0.19456221580669053
6,1.1000000000000001,11,30,0.18075853521695825,0.19883438873865475
6,1.1000000000000001,12,30,0.18396906711230548,0.20236597382353672
6,1.1000000000000001,13,30,0.18643986313697705,0.20508384945067543
6,1.1000000000000001,14,30,0.18811795548105686,0.20692975102916325
6,1.1000000000000001,15,30,0.18896646534151823,0.20786311187567075
6,1.1000000000000001,16,30,0.18896646534151823,0.20786311187567075
6,1.1000000000000001,17,30,0.18811795548105686,0.20692975102916325
6,1.1000000000000001,18,30,0.18643986313697705,0.20508384945067543
6,1.1000000000000001,19,30,0.18396906711230548,0.20236597382353672
6,1.1000000000000001,20,30,0.18075853521695825,0.19883438873865475
6,1.1000000000000001,21,30,0.17687474164244535,0.19456221580669053
6,1.1000000000000001,22,30,0.17239458432988855,0.18963404276287804
6,1.1000000000000001,23,30,0.16740204790960037,0.184142252700561
6,1.1000000000000001,24,30,0.16198485405553587,0.17818333946109005
6,1.1000000000000001,25,30,0.15623131236065912,0.17185444359672561
6,1.1000000000000001,26,30,0.15022753845110914,0.1652502922962206
6,1.1000000000000001,27,30,0.14405515074374386,0.1584606658181188
6,1.1000000000000001,28,30,0.1377895013340886,0.15156845146749795
6,1.1000000000000001,29,30,0.13149844659092788,0.14464829125002115
6,1.1000000000000001,30,30,0.1252416233713492,0.13776578570848455
6,1.1000000000000001,31,30,0.11907016918056107,0.13097718609861761
6,1.1000000000000001,0,31,0.11338941848691671,0.12472836033560879
6,1.1000000000000001,1,31,0.11907016918056107,0.13097718609861761
6,1.1000000000000001,2,31,0.12481374509719603,0.13729511960691609
6,1.1000000000000001,3,31,0.13057306706682573,0.14363037377350879
6,1.1000000000000001,4,31,0.13629380468553318,0.14992318515408701
6,1.1000000000000001,5,31,0.14191470965281408,0.156106180618096
6,1.1000000000000001,6,31,0.14736832876504108,0.16210516164154573
6,1.1000000000000001,7,31,0.15258214131878073,0.16784035545065937
6,1.1000000000000001,8,31,0.1574801416124616,0.17322815577370834
6,1.1000000000000001,9,31,0.16198485405553587,0.17818333946109005
6,1.1000000000000001,10,31,0.16601972786487612,0.18262170065136435
6,1.1000000000000001,11,31,0.16951181402039089,0.18646299542243058
6,1.1000000000000001,12,31,0.17239458432988855,0.18963404276287804
6,1.1000000000000001,13,31,0.17461071751199622,0.19207178926319649
6,1.1000000000000001,14,31,0.17611465666191817,0.19372612232811062
6,1.1000000000000001,15,31,0.17687474164244535,0.19456221580669053
6,1.1000000000000001,16,31,0.17687474164244535,0.19456221580669053
6,1.1000000000000001,17,31,0.17611465666191817,0.19372612232811062
6,1.1000000000000001,18,31,0.17461071751199622,0.19207178926319649
6,1.1000000000000001,19,31,0.17239458432988855,0.18963404276287804
6,1.1000000000000001,20,31,0.16951181402039089,0.18646299542243058
6,1.1000000000000001,21,31,0.16601972786487612,0.18262170065136435
6,1.1000000000000001,22,31,0.16198485405553587,0.17818333946109005
6,1.1000000000000001,23,31,0.1574801416124616,0.17322815577370834
6,1.1000000000000001,24,31,0.15258214131878073,0.16784035545065937
6,1.1000000000000001,25,31,0.14736832876504108,0.16210516164154573
6,1.1000000000000001,26,31,0.14191470965281408,0.156106180618096
6,1.1000000000000001,27,31,0.13629380468553318,0.14992318515408701
6,1.1000000000000001,28,31,0.13057306706682573,0.14363037377350879
6,1.1000000000000001,29,31,0.12481374509719603,0.13729511960691609
6,1.1000000000000001,30,31,0.11907016918056107,0.13097718609861761
6,1.1000000000000001,31,31,0.11338941848691671,0.12472836033560879
