scenario,eta,budget,iteration,shoulder,elbow,joint_x,joint_y,end_x,end_y,objective,target_error,length_error,gradient_norm
regular,0.050000000000000003,10,0,0.20000000000000001,0.40000000000000002,0.98006657784124163,0.19866933079506122,1.8054021927509198,0.7633118041900967,0.35234699706186851,0.83946053756191363,0,1.2282496974678121
regular,0.050000000000000003,10,1,0.25210451942804118,0.4325055741911647,0.96838960999941204,0.24944250488877528,1.7430552814629507,0.88181351739325786,0.28304959799046936,0.75239563793322106,1.1102230246251565e-16,1.0280827213131043
regular,0.050000000000000003,10,2,0.29516660763152586,0.46057765577076448,0.9567536895639126,0.29089925662648292,1.6845149958126062,0.97672976129013156,0.23455114175097327,0.68491042005648195,1.1102230246251565e-16,0.85880232841010251
regular,0.050000000000000003,10,3,0.33055586935764958,0.4848974779881749,0.94586207178845905,0.32456885425444626,1.6314004823067401,1.0526053146766348,0.20071694409470586,0.63358810609844285,0,0.71725687081140332
regular,0.050000000000000003,10,4,0.35949562773915483,0.50607845841013632,0.9360743819798375,0.35180214809046478,1.5842774565535271,1.1132696615887201,0.17710508123654098,0.59515557837684929,0,0.59987549252922767
regular,0.050000000000000003,10,5,0.3830460174873952,0.52465278636699475,0.92753049891213779,0.37374747301861555,1.5430914247144611,1.1618367741929092,0.16056971853977495,0.56669165961707069,1.1102230246251565e-16,0.50318113679956211
regular,0.050000000000000003,10,6,0.40210875001347279,0.54107199370829084,0.9202377607783927,0.39135976241505666,1.5074541713041396,1.200789739132782,0.14891312765749085,0.54573460153721398,1.1102230246251565e-16,0.42402743982766766
regular,0.050000000000000003,10,7,0.41744197162204066,0.55571407311729426,0.91412901458379237,0.40542341409452987,1.4768223584857649,1.2320891269001453,0.14061246218859952,0.53030644383903069,1.1102230246251565e-16,0.35967701098759924
regular,0.050000000000000003,10,8,0.42967863320132166,0.5688929575153221,0.90909967117036383,0.41657866949465416,1.4506033903924958,1.2572770232866657,0.13461744107222973,0.51887848495043565,2.2204460492503131e-16,0.30779499618689982
regular,0.050000000000000003,10,9,0.43934495155661318,0.58086821069211914,0.90503048007433506,0.42534671755688741,1.4282147821748499,1.2775662820093807,0.13020547029078258,0.51030475265429887,1.1102230246251565e-16,0.26640104578157808
regular,0.050000000000000003,10,10,0.44687737656488663,0.59185394537299196,0.90180094368972141,0.43215166083254591,1.4091149065609396,1.2939129636745221,0.12687991849315366,0.50374580592428497,1.1102230246251565e-16,0.2338048553010697
regular,0.050000000000000003,40,0,0.20000000000000001,0.40000000000000002,0.98006657784124163,0.19866933079506122,1.8054021927509198,0.7633118041900967,0.35234699706186851,0.83946053756191363,0,1.2282496974678121
regular,0.050000000000000003,40,1,0.25210451942804118,0.4325055741911647,0.96838960999941204,0.24944250488877528,1.7430552814629507,0.88181351739325786,0.28304959799046936,0.75239563793322106,1.1102230246251565e-16,1.0280827213131043
regular,0.050000000000000003,40,2,0.29516660763152586,0.46057765577076448,0.9567536895639126,0.29089925662648292,1.6845149958126062,0.97672976129013156,0.23455114175097327,0.68491042005648195,1.1102230246251565e-16,0.85880232841010251
regular,0.050000000000000003,40,3,0.33055586935764958,0.4848974779881749,0.94586207178845905,0.32456885425444626,1.6314004823067401,1.0526053146766348,0.20071694409470586,0.63358810609844285,0,0.71725687081140332
regular,0.050000000000000003,40,4,0.35949562773915483,0.50607845841013632,0.9360743819798375,0.35180214809046478,1.5842774565535271,1.1132696615887201,0.17710508123654098,0.59515557837684929,0,0.59987549252922767
regular,0.050000000000000003,40,5,0.3830460174873952,0.52465278636699475,0.92753049891213779,0.37374747301861555,1.5430914247144611,1.1618367741929092,0.16056971853977495,0.56669165961707069,1.1102230246251565e-16,0.50318113679956211
regular,0.050000000000000003,40,6,0.40210875001347279,0.54107199370829084,0.9202377607783927,0.39135976241505666,1.5074541713041396,1.200789739132782,0.14891312765749085,0.54573460153721398,1.1102230246251565e-16,0.42402743982766766
regular,0.050000000000000003,40,7,0.41744197162204066,0.55571407311729426,0.91412901458379237,0.40542341409452987,1.4768223584857649,1.2320891269001453,0.14061246218859952,0.53030644383903069,1.1102230246251565e-16,0.35967701098759924
regular,0.050000000000000003,40,8,0.42967863320132166,0.5688929575153221,0.90909967117036383,0.41657866949465416,1.4506033903924958,1.2572770232866657,0.13461744107222973,0.51887848495043565,2.2204460492503131e-16,0.30779499618689982
regular,0.050000000000000003,40,9,0.43934495155661318,0.58086821069211914,0.90503048007433506,0.42534671755688741,1.4282147821748499,1.2775662820093807,0.13020547029078258,0.51030475265429887,1.1102230246251565e-16,0.26640104578157808
regular,0.050000000000000003,40,10,0.44687737656488663,0.59185394537299196,0.90180094368972141,0.43215166083254591,1.4091149065609396,1.2939129636745221,0.12687991849315366,0.50374580592428497,1.1102230246251565e-16,0.2338048553010697
regular,0.050000000000000003,40,11,0.45263747370920748,0.60202660760044613,0.89929676164842554,0.43733892404936353,1.392816679769816,1.3070734182586343,0.12429951405321218,0.49859705986540309,0,0.20854178629594561
regular,0.050000000000000003,40,12,0.45692463678476658,0.61153157600346164,0.897413559685315,0.44119032502190209,1.3788914269617258,1.3176485746396227,0.1222296651978384,0.49442828640327285,1.1102230246251565e-16,0.18932104119227874
regular,0.050000000000000003,40,13,0.45998677940087174,0.62048866393391955,0.89605836670717309,0.44393626057585489,1.3669673566648295,1.3261180576999283,0.12050901420777296,0.49093586996220384,0,0.17499454224398459
regular,0.050000000000000003,40,14,0.4620292443491168,0.62899666378542074,0.89514977405997009,0.44576550113303359,1.3567252999509816,1.3328664164174426,0.11902649540185405,0.48790674396211015,0,0.16454727220237458
regular,0.050000000000000003,40,15,0.46322218852579372,0.63713708122953494,0.89461736387653734,0.44683304740204161,1.3478932721849022,1.3382033133113476,0.11770560498314597,0.48519193106057723,1.1102230246251565e-16,0.15710142583670508
regular,0.050000000000000003,40,16,0.46370668646947144,0.64497719645460572,0.89440076919191502,0.44726643521385623,1.3402407448150866,1.342379118699198,0.1164936126767822,0.48268750279405864,1.1102230246251565e-16,0.15192255818896555
regular,0.050000000000000003,40,17,0.46359976777526585,0.6525725718639932,0.89444858522281989,0.4471708044952129,1.3335731102856125,1.3455970126438714,0.11535415752699282,0.48032105414398152,1.1102230246251565e-16,0.1484185514017872
regular,0.050000000000000003,40,18,0.46299857265735289,0.65996910689268806,0.89471726046839894,0.44663298559323089,1.3277265824380227,1.3480224281137247,0.11426216165333938,0.47804217733028409,1.1102230246251565e-16,0.14612863714734137
regular,0.050000000000000003,40,19,0.4619837803735678,0.66720472318344859,0.89517003940668194,0.4457248036049144,1.322563634047577,1.3497904623155714,0.1132003327684602,0.47581578949938219,1.1102230246251565e-16,0.14470500007855577
regular,0.050000000000000003,40,20,0.46062243896016808,0.67431074824500725,0.89577599336638014,0.44450575891485922,1.3179689930946139,1.3510117274448383,0.11215675668670605,0.47361747578970531,1.1102230246251565e-16,0.14389138705848253
regular,0.050000000000000003,40,21,0.45897030224265684,0.68131305303990775,0.89650915478276694,0.44302520852733512,1.3138461758791544,1.3517769957731118,0.11112323843456254,0.47143024602705019,1.1102230246251565e-16,0.14350243885279498
regular,0.050000000000000003,40,22,0.45707376124795895,0.68823298852712012,0.89734775743678563,0.44132414643113721,1.3101145133765228,1.3521609074322429,0.11009415806512916,0.46924227871139057,1.1102230246251565e-16,0.1434058473021495
regular,0.050000000000000003,40,23,0.45497144154517294,0.69508815770580534,0.89827357817689213,0.43943666067965109,1.3067066182884339,1.3522249448645676,0.10906568074338739,0.46704535270867942,1.1102230246251565e-16,0.14350803882257818
regular,0.050000000000000003,40,24,0.45269552521636625,0.70189305284688042,0.89927137194945461,0.43739112884481973,1.3035662385839077,1.3520198299104651,0.1080352109290874,0.46483375722743586,1.1102230246251565e-16,0.14374323482731882
regular,0.050000000000000003,40,25,0.45027284565003839,0.70865958206173285,0.90032839038347157,0.43521120099269867,1.3006464456307918,1.3515874635852014,0.10700101491035199,0.46260353416365507,1.1102230246251565e-16,0.14406536335459938
regular,0.050000000000000003,40,26,0.44772579475231788,0.71539750488858778,0.90143397384073698,0.43291660952855293,1.2979081093049936,1.3509625015774582,0.10596195955159168,0.46035195134069257,1.1102230246251565e-16,0.14444221055193926
regular,0.050000000000000003,40,27,0.44507307513869465,0.72211479296669823,0.90257920721689533,0.43052383755109386,1.2953186175598224,1.3501736380531599,0.10491733133241504,0.45807713615157664,1.1102230246251565e-16,0.14485125494456366
regular,0.050000000000000003,40,28,0.44233032411402778,0.7288179289465383,0.90375663052641031,0.4280466712632508,1.2928508031705397,1.3492446547686319,0.10386671090104552,0.45577782065617345,1.1102230246251565e-16,0.14527673021595106
regular,0.050000000000000003,40,29,0.43951063153412318,0.73551215441409068,0.90495999621858103,0.42549665714793317,1.2904820453715506,1.348195280543945,0.10280988603815808,0.45345316414853271,0,0.14570756817228067
regular,0.050000000000000003,40,30,0.43662496977550347,0.74220167568033535,0.90618406612834701,0.42288348075456389,1.288193518691338,1.3470418969108655,0.1017467912135932,0.45110262959462605,0,0.14613596455604627
regular,0.050000000000000003,40,31,0.43368255086452712,0.74888983471658321,0.90742444189323468,0.42021528084394022,1.2859695653876784,1.3457981185621946,0.10067746556458561,0.44872589754678882,0,0.14655638201525506
regular,0.050000000000000003,40,32,0.43069112320580133,0.75557925123344871,0.90867742352812042,0.41749891014264562,1.2837971714802343,1.3444752715976411,0.099602023641225071,0.4463228061419785,1.1102230246251565e-16,0.14696485825193259
regular,0.050000000000000003,40,33,0.42765721819993097,0.76227194085107486,0.90993989162475886,0.4147401519384421,1.2816655294913168,1.3430827881200949,0.098520635003940885,0.44389330926235165,1.1102230246251565e-16,0.14735852647765807
regular,0.050000000000000003,40,34,0.42458635526849209,0.76896941344679937,0.91120920932797222,0.41194390010763793,1.2795656736779955,1.3416285322122836,0.097433509960275375,0.44143744734735718,2.2204460492503131e-16,0.147735283243842
regular,0.050000000000000003,40,35,0.42148321234177766,0.77567275505857991,0.91248314083698956,0.4091143088285506,1.2774901758166126,1.3401190695120739,0.096340889560246779,0.43895532702143342,0,0.14809355843925801
regular,0.050000000000000003,40,36,0.4183517676570046,0.78238269613985711,0.91375978369461108,0.40625491714239914,1.2754328915323287,1.3385598903496683,0.095243038545719486,0.4364471068656991,0,0.14843215606420418
regular,0.050000000000000003,40,37,0.4151954177161376,0.78909966848128144,0.91503751256649823,0.40336875262731436,1.2733887487975881,1.3369555945931004,0.094140240348350293,0.43391298747179785,1.1102230246251565e-16,0.14875014402023676
regular,0.050000000000000003,40,38,0.41201707542636201,0.79582385271835632,0.9163149325864437,0.40045841771537427,1.2713535715968678,1.3353100448785438,0.093032793507413752,0.43135320447960918,1.1102230246251565e-16,0.14904677784395262
regular,0.050000000000000003,40,39,0.40881925176227824,0.80255521801653962,0.9175908406593557,0.39752616157689163,1.2693239329085968,1.3336264937084354,0.091921009070769527,0.42876802369292777,2.2204460492503131e-16,0.14932144795100566
regular,0.050000000000000003,40,40,0.40560412372228632,0.80929355525445812,0.9188641933797731,0.39457393999672469,1.2672970321221202,1.3319076889282082,0.090805208675478991,0.42615773764060411,1.1102230246251565e-16,0.14957364316790775
regular,0.050000000000000003,200,0,0.20000000000000001,0.40000000000000002,0.98006657784124163,0.19866933079506122,1.8054021927509198,0.7633118041900967,0.35234699706186851,0.83946053756191363,0,1.2282496974678121
regular,0.050000000000000003,200,1,0.25210451942804118,0.4325055741911647,0.96838960999941204,0.24944250488877528,1.7430552814629507,0.88181351739325786,0.28304959799046936,0.75239563793322106,1.1102230246251565e-16,1.0280827213131043
regular,0.050000000000000003,200,2,0.29516660763152586,0.46057765577076448,0.9567536895639126,0.29089925662648292,1.6845149958126062,0.97672976129013156,0.23455114175097327,0.68491042005648195,1.1102230246251565e-16,0.85880232841010251
regular,0.050000000000000003,200,3,0.33055586935764958,0.4848974779881749,0.94586207178845905,0.32456885425444626,1.6314004823067401,1.0526053146766348,0.20071694409470586,0.63358810609844285,0,0.71725687081140332
regular,0.050000000000000003,200,4,0.35949562773915483,0.50607845841013632,0.9360743819798375,0.35180214809046478,1.5842774565535271,1.1132696615887201,0.17710508123654098,0.59515557837684929,0,0.59987549252922767
regular,0.050000000000000003,200,5,0.3830460174873952,0.52465278636699475,0.92753049891213779,0.37374747301861555,1.5430914247144611,1.1618367741929092,0.16056971853977495,0.56669165961707069,1.1102230246251565e-16,0.50318113679956211
regular,0.050000000000000003,200,6,0.40210875001347279,0.54107199370829084,0.9202377607783927,0.39135976241505666,1.5074541713041396,1.200789739132782,0.14891312765749085,0.54573460153721398,1.1102230246251565e-16,0.42402743982766766
regular,0.050000000000000003,200,7,0.41744197162204066,0.55571407311729426,0.91412901458379237,0.40542341409452987,1.4768223584857649,1.2320891269001453,0.14061246218859952,0.53030644383903069,1.1102230246251565e-16,0.35967701098759924
regular,0.050000000000000003,200,8,0.42967863320132166,0.5688929575153221,0.90909967117036383,0.41657866949465416,1.4506033903924958,1.2572770232866657,0.13461744107222973,0.51887848495043565,2.2204460492503131e-16,0.30779499618689982
regular,0.050000000000000003,200,9,0.43934495155661318,0.58086821069211914,0.90503048007433506,0.42534671755688741,1.4282147821748499,1.2775662820093807,0.13020547029078258,0.51030475265429887,1.1102230246251565e-16,0.26640104578157808
regular,0.050000000000000003,200,10,0.44687737656488663,0.59185394537299196,0.90180094368972141,0.43215166083254591,1.4091149065609396,1.2939129636745221,0.12687991849315366,0.50374580592428497,1.1102230246251565e-16,0.2338048553010697
regular,0.050000000000000003,200,11,0.45263747370920748,0.60202660760044613,0.89929676164842554,0.43733892404936353,1.392816679769816,1.3070734182586343,0.12429951405321218,0.49859705986540309,0,0.20854178629594561
regular,0.050000000000000003,200,12,0.45692463678476658,0.61153157600346164,0.897413559685315,0.44119032502190209,1.3788914269617258,1.3176485746396227,0.1222296651978384,0.49442828640327285,1.1102230246251565e-16,0.18932104119227874
regular,0.050000000000000003,200,13,0.45998677940087174,0.62048866393391955,0.89605836670717309,0.44393626057585489,1.3669673566648295,1.3261180576999283,0.12050901420777296,0.49093586996220384,0,0.17499454224398459
regular,0.050000000000000003,200,14,0.4620292443491168,0.62899666378542074,0.89514977405997009,0.44576550113303359,1.3567252999509816,1.3328664164174426,0.11902649540185405,0.48790674396211015,0,0.16454727220237458
regular,0.050000000000000003,200,15,0.46322218852579372,0.63713708122953494,0.89461736387653734,0.44683304740204161,1.3478932721849022,1.3382033133113476,0.11770560498314597,0.48519193106057723,1.1102230246251565e-16,0.15710142583670508
regular,0.050000000000000003,200,16,0.46370668646947144,0.64497719645460572,0.89440076919191502,0.44726643521385623,1.3402407448150866,1.342379118699198,0.1164936126767822,0.48268750279405864,1.1102230246251565e-16,0.15192255818896555
regular,0.050000000000000003,200,17,0.46359976777526585,0.6525725718639932,0.89444858522281989,0.4471708044952129,1.3335731102856125,1.3455970126438714,0.11535415752699282,0.48032105414398152,1.1102230246251565e-16,0.1484185514017872
regular,0.050000000000000003,200,18,0.46299857265735289,0.65996910689268806,0.89471726046839894,0.44663298559323089,1.3277265824380227,1.3480224281137247,0.11426216165333938,0.47804217733028409,1.1102230246251565e-16,0.14612863714734137
regular,0.050000000000000003,200,19,0.4619837803735678,0.66720472318344859,0.89517003940668194,0.4457248036049144,1.322563634047577,1.3497904623155714,0.1132003327684602,0.47581578949938219,1.1102230246251565e-16,0.14470500007855577
regular,0.050000000000000003,200,20,0.46062243896016808,0.67431074824500725,0.89577599336638014,0.44450575891485922,1.3179689930946139,1.3510117274448383,0.11215675668670605,0.47361747578970531,1.1102230246251565e-16,0.14389138705848253
regular,0.050000000000000003,200,21,0.45897030224265684,0.68131305303990775,0.89650915478276694,0.44302520852733512,1.3138461758791544,1.3517769957731118,0.11112323843456254,0.47143024602705019,1.1102230246251565e-16,0.14350243885279498
regular,0.050000000000000003,200,22,0.45707376124795895,0.68823298852712012,0.89734775743678563,0.44132414643113721,1.3101145133765228,1.3521609074322429,0.11009415806512916,0.46924227871139057,1.1102230246251565e-16,0.1434058473021495
regular,0.050000000000000003,200,23,0.45497144154517294,0.69508815770580534,0.89827357817689213,0.43943666067965109,1.3067066182884339,1.3522249448645676,0.10906568074338739,0.46704535270867942,1.1102230246251565e-16,0.14350803882257818
regular,0.050000000000000003,200,24,0.45269552521636625,0.70189305284688042,0.89927137194945461,0.43739112884481973,1.3035662385839077,1.3520198299104651,0.1080352109290874,0.46483375722743586,1.1102230246251565e-16,0.14374323482731882
regular,0.050000000000000003,200,25,0.45027284565003839,0.70865958206173285,0.90032839038347157,0.43521120099269867,1.3006464456307918,1.3515874635852014,0.10700101491035199,0.46260353416365507,1.1102230246251565e-16,0.14406536335459938
regular,0.050000000000000003,200,26,0.44772579475231788,0.71539750488858778,0.90143397384073698,0.43291660952855293,1.2979081093049936,1.3509625015774582,0.10596195955159168,0.46035195134069257,1.1102230246251565e-16,0.14444221055193926
regular,0.050000000000000003,200,27,0.44507307513869465,0.72211479296669823,0.90257920721689533,0.43052383755109386,1.2953186175598224,1.3501736380531599,0.10491733133241504,0.45807713615157664,1.1102230246251565e-16,0.14485125494456366
regular,0.050000000000000003,200,28,0.44233032411402778,0.7288179289465383,0.90375663052641031,0.4280466712632508,1.2928508031705397,1.3492446547686319,0.10386671090104552,0.45577782065617345,1.1102230246251565e-16,0.14527673021595106
regular,0.050000000000000003,200,29,0.43951063153412318,0.73551215441409068,0.90495999621858103,0.42549665714793317,1.2904820453715506,1.348195280543945,0.10280988603815808,0.45345316414853271,0,0.14570756817228067
regular,0.050000000000000003,200,30,0.43662496977550347,0.74220167568033535,0.90618406612834701,0.42288348075456389,1.288193518691338,1.3470418969108655,0.1017467912135932,0.45110262959462605,0,0.14613596455604627
regular,0.050000000000000003,200,31,0.43368255086452712,0.74888983471658321,0.90742444189323468,0.42021528084394022,1.2859695653876784,1.3457981185621946,0.10067746556458561,0.44872589754678882,0,0.14655638201525506
regular,0.050000000000000003,200,32,0.43069112320580133,0.75557925123344871,0.90867742352812042,0.41749891014264562,1.2837971714802343,1.3444752715976411,0.099602023641225071,0.4463228061419785,1.1102230246251565e-16,0.14696485825193259
regular,0.050000000000000003,200,33,0.42765721819993097,0.76227194085107486,0.90993989162475886,0.4147401519384421,1.2816655294913168,1.3430827881200949,0.098520635003940885,0.44389330926235165,1.1102230246251565e-16,0.14735852647765807
regular,0.050000000000000003,200,34,0.42458635526849209,0.76896941344679937,0.91120920932797222,0.41194390010763793,1.2795656736779955,1.3416285322122836,0.097433509960275375,0.44143744734735718,2.2204460492503131e-16,0.147735283243842
regular,0.050000000000000003,200,35,0.42148321234177766,0.77567275505857991,0.91248314083698956,0.4091143088285506,1.2774901758166126,1.3401190695120739,0.096340889560246779,0.43895532702143342,0,0.14809355843925801
regular,0.050000000000000003,200,36,0.4183517676570046,0.78238269613985711,0.91375978369461108,0.40625491714239914,1.2754328915323287,1.3385598903496683,0.095243038545719486,0.4364471068656991,0,0.14843215606420418
regular,0.050000000000000003,200,37,0.4151954177161376,0.78909966848128144,0.91503751256649823,0.40336875262731436,1.2733887487975881,1.3369555945931004,0.094140240348350293,0.43391298747179785,1.1102230246251565e-16,0.14875014402023676
regular,0.050000000000000003,200,38,0.41201707542636201,0.79582385271835632,0.9163149325864437,0.40045841771537427,1.2713535715968678,1.3353100448785438,0.093032793507413752,0.43135320447960918,1.1102230246251565e-16,0.14904677784395262
regular,0.050000000000000003,200,39,0.40881925176227824,0.80255521801653962,0.9175908406593557,0.39752616157689163,1.2693239329085968,1.3336264937084354,0.091921009070769527,0.42876802369292777,2.2204460492503131e-16,0.14932144795100566
regular,0.050000000000000003,200,40,0.40560412372228632,0.80929355525445812,0.9188641933797731,0.39457393999672469,1.2672970321221202,1.3319076889282082,0.090805208675478991,0.42615773764060411,1.1102230246251565e-16,0.14957364316790775
regular,0.050000000000000003,200,41,0.40237359088198194,0.81603850480163909,0.92013408044717337,0.3916034652548861,1.2652705928169719,1.330155961298241,0.089685723097116643,0.42352266314122233,2.2204460492503131e-16,0.14980292555143196
regular,0.050000000000000003,200,42,0.39912932245791849,0.8227895798013739,0.92139970264651638,0.38861624768260927,1.2632427775083668,1.3283732972273281,0.08856289112113333,0.4208631395623364,1.1102230246251565e-16,0.15000891303285288
regular,0.050000000000000003,200,43,0.39587279647197043,0.82954618571529914,0.92266035361895848,0.38561363028261664,1.2612121165279986,1.326561399200308,0.087437058634349821,0.4181795275580808,0,0.15019126748788181
regular,0.050000000000000003,200,44,0.39260533233835498,0.83630763675849817,0.92391540477828027,0.38259681756829417,1.2591774486809084,1.3247217359937822,0.08630857786578025,0.41547220813378177,0,0.150349686569139
regular,0.050000000000000003,200,45,0.38932811797271127,0.84307316974786528,0.92516429283745849,0.37956689958236006,1.2571378717126527,1.3228555844126166,0.085177806727662425,0.41274158193150934,0,0.15048389814744159
regular,0.050000000000000003,200,46,0.38604223233771306,0.84984195579839428,0.92640650950046577,0.37652487189449174,1.2550927009490322,1.3209640639820692,0.084045108222679119,0.40998806866219684,2.2204460492503131e-16,0.15059365656095744
regular,0.050000000000000003,200,47,0.38274866418606124,0.85661311022887532,0.92764159294981463,0.37347165224355433,1.2530414347440628,1.3190481657845148,0.082910849893898519,0.40721210663215435,1.1102230246251565e-16,0.15067874011568105
regular,0.050000000000000003,200,48,0.37944832763403863,0.86338570097765865,0.92886912082306727,0.37040809437886485,1.2509837255996876,1.3171087764265761,0.081775403301329749,0.40441415232736294,0,0.1507389494501194
regular,0.050000000000000003,200,49,0.37614207509269421,0.87015875577857149,0.930088704423639,0.36733499956246574,1.2489193560105387,1.3151466979544368,0.080639143514143183,0.40159468002986093,1.1102230246251565e-16,0.15077410649459907
regular,0.050000000000000003,200,50,0.37283070799549928,0.87693126830500712,0.93129998395449876,0.36425312611747118,1.2468482182451575,1.3131626643960406,0.07950244861121801,0.39875418144821506,0,0.15078405383718832
regular,0.050000000000000003,200,51,0.3695149856879551,0.88370220345520567,0.93250262459929789,0.36116319734355679,1.2447702974067765,1.3111573554937013,0.078365699185217699,0.39589316534948593,0,0.15076865436490677
regular,0.050000000000000003,200,52,0.36619563278360884,0.8904705019226139,0.93369631330528169,0.35806590806739097,1.24268565722646,1.309131408095207,0.077229277847182115,0.39301215718392762,0,0.1507277910883052
regular,0.050000000000000003,200,53,0.36287334524017151,0.89723508417095865,0.93488075614708499,0.35496193005145577,1.2405944281327601,1.3070854255923625,0.076093568729886138,0.3901116986963763,0,0.1506613670849381
regular,0.050000000000000003,200,54,0.35954879536719137,0.90399485391347389,0.93605567617104823,0.35185191644776037,1.2384967972181442,1.3050199857302851,0.074958956989107969,0.38719234752021631,0,0.1505693055163741
regular,0.050000000000000003,200,55,0.35622263594158432,0.91074870117889628,0.93722081163672566,0.34873650545217821,1.2363929997858418,1.302935647056314,0.073825828302588339,0.38425467675120972,1.1102230246251565e-16,0.15045154968674651
regular,0.050000000000000003,200,56,0.35289550357806071,0.91749550503282984,0.93837591458639535,0.34561632328949116,1.2342833122135723,1.3008329542321857,0.072694568366913279,0.38129927449947576,0,0.15030806312019165
regular,0.050000000000000003,200,57,0.34956802147713006,0.92423413601139992,0.93952074968510224,0.3424919866378533,1.2321680459145956,1.2987124423956073,0.071565562392875412,0.37832674341863654,1.1102230246251565e-16,0.15013882964107453
regular,0.050000000000000003,200,58,0.34624080165307947,0.93096345831438287,0.94065509328350216,0.33936410458356636,1.230047542213208,1.2965746407261998,0.0704391946001061,0.37533770021170559,1.1102230246251565e-16,0.14994385344552563
regular,0.050000000000000003,200,59,0.34291444672742988,0.93768233179688276,0.94177873266384338,0.33623328018220483,1.2279221679823271,1.2944200753448896,0.069315847711927295,0.37233277511368051,0,0.1497231591560706
regular,0.050000000000000003,200,60,0.33958955135930174,0.94438961379186293,0.94289146543612634,0.33310011168973541,1.225792311916293,1.2922492716543392,0.068195902451498161,0.36931261135113747,0,0.14947679185346827
regular,0.050000000000000003,200,61,0.33626670337239944,0.95108416079020064,0.94399309905704587,0.32996519351694409,1.2236583813332158,1.290062756210127,0.067079737040404874,0.36627786457935146,0,0.14920481708153469
regular,0.050000000000000003,200,62,0.33294648462855386,0.95776483000023138,0.94508345044893693,0.32682911695185862,1.2215207994188957,1.2878610581975496,0.065967726700899815,0.3632292022976672,1.1102230246251565e-16,0.14890732082194694
regular,0.050000000000000003,200,63,0.32962947168962115,0.9644304808048324,0.94616234569978364,0.32369247068766233,1.2193800028390929,1.2856447105765805,0.064860243163029407,0.36016730324400464,0,0.14858440943690973
regular,0.050000000000000003,200,64,0.32631623630274675,0.97107997613082908,0.94722961982853948,0.32055584118758568,1.2172364396592188,1.283414250947257,0.063757654177904091,0.35709285676950775,0,0.1482362095782338
regular,0.050000000000000003,200,65,0.32300734573834483,0.97771218374278734,0.94828511660265724,0.31741981291325327,1.2150905675207728,1.2811702221792525,0.062660323038369159,0.35400656219445753,0,0.14786286806188489
regular,0.050000000000000003,200,66,0.31970336300542085,0.98432597747099326,0.94932868839693252,0.31428496843877196,1.2129428520324135,1.2789131728422953,0.061568608108327226,0.35090912814666769,1.1102230246251565e-16,0.14746455170746225
regular,0.050000000000000003,200,67,0.31640484696492677,0.99092023838153587,0.95036019608459799,0.31115188846935266,1.2107937653406684,1.2766436574682103,0.06048286236194262,0.3478012718836509,1.1102230246251565e-16,0.14704144714237974
regular,0.050000000000000003,200,68,0.31311235235854967,0.99749385589484552,0.95137950895313983,0.30802115178033251,1.2086437848512568,1.2743622366704543,0.059403432933935969,0.34468371859992453,0,0.14659376057079135
regular,0.050000000000000003,200,69,0.30982642976758978,1.0040457288577422,0.95238650463857533,0.3048933350900227,1.2064933920769456,1.2720694771429497,0.058330660682140614,0.34155720072087664,0,0.14612171750752212
regular,0.050000000000000003,200,70,0.3065476255142896,1.0105747665729734,0.95338106907300257,0.30176901287776159,1.2043430715920094,1.2697659515566244,0.057264879763454048,0.33842245718466746,1.1102230246251565e-16,0.14562556247745814
regular,0.050000000000000003,200,71,0.30327648151605885,1.0170798897893336,0.95436309644111506,0.29864875715684286,1.2021933100768087,1.2674522383692539,0.056206417224270375,0.33528023271368201,0,0.14510555868101782
regular,0.050000000000000003,200,72,0.30001353510143658,1.0235600316547273,0.9553324891421241,0.29553313721055607,1.2000445954388845,1.2651289215618511,0.055155592606428584,0.33213127707708767,1.1102230246251565e-16,0.1445619876264817
regular,0.050000000000000003,200,73,0.29675931879528827,1.0300141386339381,0.95628915775415158,0.29242271929837355,1.1978974159993609,1.2627965903128997,0.054112717569655085,0.32897634434607936,0,0.14399514873009253
regular,0.050000000000000003,200,74,0.29351436007961135,1.0364411713923778,0.95723302099868091,0.28931806633831042,1.1957522597354491,1.2604558386200977,0.053078095531416541,0.32581619214341251,0,0.14340535888496386
regular,0.050000000000000003,200,75,0.29027918113537893,1.0428401056466976,0.95816400570309257,0.28621973757063657,1.1936096135715024,1.2581072648779248,0.052052021325034857,0.32265158088884316,1.1102230246251565e-16,0.14279295199995265
regular,0.050000000000000003,200,76,0.28705429857005782,1.0492099329828222,0.95908204675968389,0.2831282882074051,1.1914699627124654,1.2557514714182121,0.051034780876846722,0.31948327304210067,1.1102230246251565e-16,0.14215827850975521
regular,0.050000000000000003,200,77,0.28384022313477048,1.0555496616417179,0.95998708707988345,0.28004426907166002,1.1893337900146981,1.2533890640199505,0.050026650903118183,0.31631203234501903,1.1102230246251565e-16,0.14150170485758198
regular,0.050000000000000003,200,78,0.28063745943450785,1.0618583172730143,0.96087907754263602,0.27696822622967587,1.1872015753901191,1.2510206513937816,0.049027898627350429,0.31313862306445184,1.1102230246251565e-16,0.14082361295185888
regular,0.050000000000000003,200,79,0.27744650563432471,1.0681349436564416,0.96175797693616139,0.27390070061915139,1.1850737952403914,1.24864684464595,0.048038781518534752,0.30996380923757777,1.1102230246251565e-16,0.14012439959847692
regular,0.050000000000000003,200,80,0.27426785316404678,1.0743786033909466,0.96262375189247762,0.27084222767591021,1.1829509219185395,1.2462682567259387,0.047059547050838181,0.30678835392119491,1.1102230246251565e-16,0.13940447591018912
regular,0.050000000000000003,200,81,0.27110198642367683,1.0805883785512649,0.96347637681424503,0.26779333696134949,1.1808334232159063,1.2438855018615427,0.046090432485119813,0.3036130184465739,1.1102230246251565e-16,0.1386642666948133
regular,0.050000000000000003,200,82,0.26794938249139499,1.0867633713116807,0.96431583379362629,0.26475455179260532,1.1787217618728156,1.2414991949847252,0.045131664672596862,0.30043856168140887,0,0.13790420982395316
regular,0.050000000000000003,200,83,0.26481051083579954,1.0929027045366833,0.96514211252297655,0.26172638887717481,1.1766163951116568,1.2391099511512715,0.044183459880900167,0.29726573930037808,0,0.13712475558400147
regular,0.050000000000000003,200,84,0.26168583303381882,1.0990055223382189,0.96595521019728037,0.25870935795353045,1.1745177741914001,1.2367183849569618,0.043246023642676455,0.29409530306577986,1.1102230246251565e-16,0.13632636601122056
regular,0.050000000000000003,200,85,0.25857580249554074,1.1050709905992471,0.96675513140834024,0.25570396143908819,1.1724263439827933,1.2343251099527273,0.042319550626815146,0.29092800011966929,1.1102230246251565e-16,0.13550951421273102
regular,0.050000000000000003,200,86,0.25548086419704402,1.1110982974633385,0.96754188803079744,0.25271069408673608,1.1703425425636682,1.2319307380610409,0.041404224532297147,0.28776457228886654,0,0.13467468367525495
regular,0.050000000000000003,200,87,0.25240145442217538,1.1170866537900794,0.96831549910012971,0.24973004265099305,1.1682668008339476,1.2295358789955984,0.040500218004586683,0.28460575540416144,2.2204460492503131e-16,0.13382236756347898
regular,0.050000000000000003,200,88,0.24933800051409283,1.123035293576097,0.96907599068282979,0.24676248556474686,1.1661995421500413,1.2271411396861804,0.039607692574410144,0.28145227863497624,1.1102230246251565e-16,0.13295306800990367
regular,0.050000000000000003,200,89,0.24629092063728586,1.1289434743415674,0.96982339573901311,0.24380849262740967,1.164141181978424,1.2247471237104222,0.038726798618690945,0.27830486384068442,1.1102230246251565e-16,0.13206729539804207
regular,0.050000000000000003,200,90,0.24326062355068595,1.1348104774821264,0.97055775397774502,0.24086852470523223,1.1620921275682368,1.2223544307340952,0.037857675343340544,0.27516422493972775,0,0.13116556764082404
regular,0.050000000000000003,200,91,0.24024750839239303,1.1406356085861629,0.97127911170541736,0.23794303344442641,1.1600527776428118,1.2199636559613658,0.037000450787534722,0.27203106729759646,0,0.13024840945604077
regular,0.050000000000000003,200,92,0.23725196447646532,1.1464181977175398,0.97198752166752711,0.23503246099766398,1.1580235221100341,1.2175753895963872,0.036155241849040065,0.26890608713467262,1.1102230246251565e-16,0.1293163516406394
regular,0.050000000000000003,200,93,0.23427437110214766,1.1521575996638522,0.97268304288424068,0.23213723976444273,1.1560047417914869,1.215190216317467,0.035322154330093385,0.26578997095486273,1.1102230246251565e-16,0.12836993034564759
regular,0.050000000000000003,200,94,0.23131509737584866,1.1578531941504009,0.97336574048014479,0.2292577921457401,1.1539968081703136,1.2128087147649553,0.034501283003278239,0.2626833949958704,2.2204460492503131e-16,0.12740968635346664
regular,0.050000000000000003,200,95,0.22837450204611656,1.1635043860201288,0.97403568550860409,0.22639453031330892,1.1520000831577371,1.2104314570438972,0.033692711696788266,0.25958702470188399,1.1102230246251565e-16,0.12643616435922811
regular,0.050000000000000003,200,96,0.22545293335180855,1.1691106053798332,0.97469295477115647,0.22354785599390642,1.150014918878163,1.2080590082424025,0.032896513398416968,0.25650151421937833,0,0.12544991225785776
regular,0.050000000000000003,200,97,0.22255072888359656,1.1746713077130329,0.9753376306323901,0.22071816026869079,1.1480416574727732,1.2056919259665981,0.032112750377567195,0.25342750591665142,0,0.12445148043843599
regular,0.050000000000000003,200,98,0.2196682154589053,1.1801859739599394,0.97596980083075013,0.21790582338796269,1.1460806309214984,1.203330759892939,0.031341474324531521,0.25036562992763811,0,0.12344142108738139
regular,0.050000000000000003,200,99,0.21680570901033328,1.185654110565042,0.97658955828573124,0.21511121460137833,1.1441321608832287,1.2009760513385739,0.030582726506256999,0.24731650372046343,1.1102230246251565e-16,0.12242028750191869
regular,0.050000000000000003,200,100,0.21396351448756601,1.1910752494928765,0.97719700090191108,0.21233469200370977,1.1421965585541001,1.1986283328503806,0.0298365379377756,0.24428073169112458,1.1102230246251565e-16,0.12138863341522507
regular,0.050000000000000003,200,101,0.21114192577275198,1.1964489482126108,0.97779223137028071,0.20957660239618245,1.1402741245436607,1.1962881278132085,0.029102929568452455,0.24125890478261089,0,0.120347012334574
regular,0.050000000000000003,200,102,0.20834122560927459,1.201774789652134,0.97837535696732636,0.20683728116337402,1.1383651487686937,1.1939559500777832,0.028381912482179132,0.23825160012969118,2.2204460492503131e-16,0.11929597689372008
regular,0.050000000000000003,200,103,0.20556168554382012,1.2070523821223897,0.9789464893523131,0.2041170521656179,1.1364699103644373,1.1916323036086713,0.027673488110621775,0.2352593807295334,0,0.11823607822069179
regular,0.050000000000000003,200,104,0.20280356588160842,1.2122813592127435,0.97950574436321058,0.20141622764681297,1.1345886776129237,1.1893176821526077,0.026977648458615649,0.2322827951382351,2.2204460492503131e-16,0.11716786532207485
regular,0.050000000000000003,200,105,0.20006711565462421,1.2174613796582212,0.98005324181170117,0.19873510815750486,1.1327217078881173,1.1870125689274418,0.026294376340789953,0.22932237719328635,0,0.11609188448479249
regular,0.050000000000000003,200,106,0.19735257260265798,1.2225921271794991,0.98058910527769394,0.19607398249306737,1.1308692476175051,1.1847174363318747,0.025623645628496009,0.22637864576190048,2.2204460492503131e-16,0.11500867869629759
regular,0.050000000000000003,200,107,0.19466016316693951,1.227673310296562,0.98111346190376203,0.19343312764677945,1.1290315322597746,1.1824327456761059,0.024965421506113996,0.22345210451510183,1.1102230246251565e-16,0.11391878708401676
regular,0.050000000000000003,200,108,0.19199010249612294,1.2327046621169868,0.98162644218990858,0.19081280877756118,1.1272087862981737,1.1801589469334357,0.024319660735809458,0.220543241727374,0,0.11282274437479417
regular,0.050000000000000003,200,109,0.18934259446435983,1.2376859400998341,0.98212817978905131,0.18821327919210376,1.1254012232491273,1.1778964785128194,0.023686311929819744,0.21765253010162663,1.1102230246251565e-16,0.11172108037500307
regular,0.050000000000000003,200,110,0.18671783170117523,1.2426169257961623,0.98261881130360607,0.18563478034109931,1.1236090456856718,1.1756457670523026,0.023065315829357121,0.21478042661917365,1.1102230246251565e-16,0.11061431947190967
regular,0.050000000000000003,200,111,0.1841159956328437,1.2474974245672013,0.98309847608352963,0.18307754182925279,1.1218324452752257,1.1734072272332183,0.022456605589226946,0.21192737241435777,1.1102230246251565e-16,0.10950298015678656
regular,0.050000000000000003,200,112,0.18153725653494407,1.2523272652812423,0.98356731602617242,0.18054178143873337,1.1200716028312181,1.1711812616149708,0.021860107067275432,0.20909379267340975,1.1102230246251565e-16,0.10838757457019789
regular,0.050000000000000003,200,113,0.17898177359575643,1.2571062999903175,0.98402547537827179,0.17802770516570207,1.1183266883780618,1.1689682604901801,0.021275739117798152,0.2062800965570753,1.1102230246251565e-16,0.10726860806979242
regular,0.050000000000000003,200,114,0.17644969499015051,1.261834403587756,0.9844731005403996,0.17553550726953288,1.1165978612289502,1.1667686017599224,0.020703413888062558,0.20348667714650293,0,0.10614657882086727
regular,0.050000000000000003,200,115,0.17394115796360191,1.2665114734477079,0.98491033987416476,0.17306537033432576,1.1148852700759457,1.1645826508287416,0.02014303711711923,0.20071391141183628,1.1102230246251565e-16,0.10502197740988523
regular,0.050000000000000003,200,116,0.17145628892596212,1.2711374290477417,0.98533734351244906,0.17061746534229694,1.1131890530918034,1.1624107605190876,0.019594508436103761,0.19796216020292243,1.1102230246251565e-16,0.10389528648105843
regular,0.050000000000000003,200,117,0.16899520355459791,1.2757122115756123,0.98575426317294101,0.16819195175861462,1.1115093380429841,1.1602532710047739,0.019057721669257011,0.19523176826150507,0,0.10276698039603703
regular,0.050000000000000003,200,118,0.1665580069065084,1.280235783521303,0.98616125197521054,0.16578897762723943,1.1098462424132836,1.1581105097630355,0.018532565134922404,0.1925230642542467,0,0.1016375249166768
regular,0.050000000000000003,200,119,0.16414479353902081,1.2847081282554385,0.98655846426155414,0.16340867967731654,1.1081998735375131,1.1559827915447169,0.018018921945808227,0.18983636082588723,0,0.10050737691079163
regular,0.050000000000000003,200,120,0.16175564763866063,1.2891292495951567,0.98694605542181757,0.16105118343965857,1.1065703287446556,1.1538704183621005,0.01751667030783589,0.18717195467182518,1.1102230246251565e-16,0.099376984080735892
regular,0.050000000000000003,200,121,0.15939064315778839,1.2934991713585196,0.98732418172238878,0.15871660337285234,1.1049576955099232,1.1517736794938567,0.017025683816928837,0.1845301266293872,0,0.09824678471460456
regular,0.050000000000000003,200,122,0.15704984395859173,1.2978179369085274,0.98769300013953343,0.15640504299851563,1.1033620516151446,1.1496928515065694,0.016545831753129826,0.18191114178702647,2.2204460492503131e-16,0.097117207459781252
regular,0.050000000000000003,200,123,0.15473330396402049,1.3020856086877903,0.98805266819722981,0.15411659504522821,1.1017834653169025,1.1476281982922782,0.016076979371470661,0.17931524961068238,1.1102230246251565e-16,0.095988671118515098
regular,0.050000000000000003,200,124,0.1524410673152517,1.3063022677448861,0.98840334380964145,0.15185134160065802,1.1002219955218602,1.1455799711214449,0.015618988189052252,0.17674268408651178,1.1102230246251565e-16,0.094861584465155413
regular,0.050000000000000003,200,125,0.15017316853527246,1.3104680132534197,0.9887451851283493,0.14960935427140326,1.0986776919687096,1.1435484087107557,0.015171716267830844,0.17419366387920568,0,0.09373634608463495
regular,0.050000000000000003,200,126,0.14792963269817017,1.3145829620247755,0.98907835039444869,0.1473906943500716,1.0971505954161827,1.1415337373051397,0.014735018492639557,0.17166839250508265,0,0.092613344231743222
regular,0.050000000000000003,200,127,0.1457104756037223,1.3186472480155285,0.98940299779559948,0.14519541298911962,1.0956407378365796,1.139536170773384,0.014308746844012159,0.16916705851915828,0,0.091492956710699902
regular,0.050000000000000003,200,128,0.14351570395688207,1.3226610218304551,0.98971928532810372,0.14302355138097922,1.0941481426142743,1.1375559107167148,0.013892750665411272,0.16668983571538651,0,0.090375550774503516
regular,0.050000000000000003,200,129,0.14134531555176005,1.3266244502220623,0.99002737066406798,0.14087514094400092,1.0926728247486652,1.1355931465897049,0.01348687692449701,0.16423688333926098,0,0.089261483043495182
regular,0.050000000000000003,200,130,0.13919929945970808,1.3305377155875167,0.99032741102369404,0.13875020351375092,1.0912147910610586,1.1336480558328703,0.013090970468109295,0.1618083463119829,1.1102230246251565e-16,0.088151099442558084
regular,0.050000000000000003,200,131,0.13707763622111749,1.3344010154638326,0.99061956305272758,0.136648751539204,1.0897740404049758,1.1317208040163111,0.012704874270668843,0.159404355465394,0,0.087044735156341868
regular,0.050000000000000003,200,132,0.13498029804055073,1.3382145620221468,0.99090398270507984,0.13457078828338218,1.0883505638793962,1.1298115449937558,0.01232842967573658,0.15702502778688868,2.2204460492503131e-16,0.085942714601885212
regular,0.050000000000000003,200,133,0.13290724898483275,1.341978581561873,0.99118082513062611,0.13251630802799746,1.086944345044456,1.1279204210663722,0.011961476630503698,0.15467046667352949,1.1102230246251565e-16,0.084845351417991863
regular,0.050000000000000003,200,134,0.13085844518373693,1.3456933140054983,0.99145024456817099,0.13048529628166522,1.0855553601391461,1.1260475631557032,0.011603853913014989,0.15234076219459444,0,0.083752948470698418
regular,0.050000000000000003,200,135,0.12883383503290907,1.3493590123947556,0.99171239424355861,0.12847772999126586,1.0841835783005582,1.1241930909851077,0.011255399351960724,0.15003599136181109,0,0.082665797874165892
regular,0.050000000000000003,200,136,0.12683335939868159,1.3529759423888656,0.99196742627289747,0.12649357775604117,1.0828289617842519,1.1223571132690746,0.01091595003889911,0.14775621840653008,1.1102230246251565e-16,0.081584181026311167
regular,0.050000000000000003,200,137,0.12485695182444045,1.3565443817655143,0.99221549157085587,0.1245328000440243,1.0814914661853303,1.1205397279098077,0.010585342532802655,0.14550149506312748,0,0.080508368658498183
regular,0.050000000000000003,200,138,0.12290453873821658,1.3600646199251951,0.99245673976397519,0.12259534941041257,1.0801710406598266,1.1187410222004679,0.010263413056845791,0.14327186085792137,1.1102230246251565e-16,0.079438620898594936
regular,0.050000000000000003,200,139,0.12097603966118452,1.3635369573995146,0.99269131910894259,0.12068117071750512,1.0788676281460245,1.1169610730344921,0.0099499976873797004,0.14106734340292723,1.1102230246251565e-16,0.078375187346710909
regular,0.050000000000000003,200,140,0.11907136741676114,1.3669617053640228,0.99291937641574868,0.1187902013558392,1.0775811655853496,1.1151999471204028,0.009644932535062517,0.13888795869377962,2.2204460492503131e-16,0.077318307162923317
regular,0.050000000000000003,200,141,0.11719042834000848,1.3703391851561009,0.99314105697565769,0.11692237146617217,1.0763115841424886,1.1134577012015465,0.0093480539181377657,0.13673371141117882,1.1102230246251565e-16,0.07626820916630947
regular,0.050000000000000003,200,142,0.11533312248705559,1.3736697277984007,0.99335650449390089,0.1150776041619683,1.0750588094244131,1.1117343822802137,0.0090591985278756521,0.13460459522524224,1.1102230246251565e-16,0.075225111944606807
regular,0.050000000000000003,200,143,0.11349934384426556,1.376953673528303,0.99356586102700539,0.11325581575206388,1.073822761697995,1.1100300278455986,0.0087782035862110728,0.13250059310215237,1.1102230246251565e-16,0.07418922397382538
regular,0.050000000000000003,200,144,0.11168898053688538,1.3801913713338259,0.99376926692465839,0.11145691596319635,1.0726033561059254,1.1083446661050866,0.0085049069956332612,0.13042167761252929,2.2204460492503131e-16,0.073160743747153451
regular,0.050000000000000003,200,145,0.10990191503692731,1.383383178496383,0.9939668607760066,0.10968080816209733,1.0714005028806652,1.1066783162183651,0.0082391474813986922,0.12836781124097033,0,0.072139859912502602
regular,0.050000000000000003,200,146,0.10813802437004232,1.3865294601407634,0.99415877936028108,0.10792738957686261,1.0702141075561684,1.1050309885338696,0.0079807647261555172,0.12633894669622284,1.1102230246251565e-16,0.071126751418051776
regular,0.050000000000000003,200,147,0.10639718032115726,1.3896305887926699,0.99434515760163877,0.10619655151732606,1.0690440711771407,1.1034026848271046,0.0077295994970837988,0.12433502722148573,0,0.070121587665165006
regular,0.050000000000000003,200,148,0.10467924963865907,1.3926869439441272,0.99452612852810207,0.10448817959417725,1.067890290505612,1.1017933985403823,0.0074854937656687473,0.12235598690435011,2.2204460492503131e-16,0.069124528668068258
regular,0.050000000000000003,200,149,0.10298409423692056,1.3956989116270404,0.99470182323448075,0.10280215393657727,1.0667526582246141,1.1002031150235538,0.0072482908202378482,0.12040175098592086,1.1102230246251565e-16,0.068135725219690441
regular,0.050000000000000003,200,150,0.10131157139697358,1.3986668839951544,0.99487237084915436,0.10113834940803904,1.0656310631387793,1.098631811775318,0.0070178353714040959,0.11847223616868297,0,0.067155319063088276
regular,0.050000000000000003,200,151,0.099661533965146654,1.4015912589146429,0.99503789850459068,0.099496635820353105,1.0645253903716791,1.0970794586847112,0.0067939736505670699,0.11656735092269249,0,0.066183443067889272
regular,0.050000000000000003,200,152,0.098033830549495049,1.4044724395635224,0.99519853131147651,0.097876878145352175,1.0634355215597504,1.0955460182724071,0.006576553501634351,0.11468699578970888,0,0.065220221411210644
regular,0.050000000000000003,200,153,0.096428305713862211,1.407310834040068,0.99535439233633483,0.096278936724320627,1.0623613350426639,1.094031445931464,0.0063654244661326071,0.11283106368489669,1.1102230246251565e-16,0.064265769762525723
regular,0.050000000000000003,200,154,0.094844800169422205,1.4101068549803781,0.99550560258249898,0.094702667474868468,1.0613027060500013,1.0925356901671859,0.0061604378618851452,0.11099944019575185,0,0.063320195471969001
regular,0.050000000000000003,200,155,0.093283150963562975,1.4128609191852144,0.99565228097431935,0.093147922095100658,1.0602595068841332,1.0910586928357708,0.0059614468554390785,0.10919200387793127,1.1102230246251565e-16,0.062383597761592316
regular,0.050000000000000003,200,156,0.091743191665981091,1.4155734472562196,0.99579454434447146,0.091614548264926085,1.0592316070991898,1.089600389381449,0.0057683065284300358,0.10740862654768504,1.1102230246251565e-16,0.061456067919102325
regular,0.050000000000000003,200,157,0.09022475255186814,1.418244863241596,0.99593250742424044,0.090102389844361572,1.0582188736760363,1.0881607090718239,0.0055808739380765254,0.10564917357061082,0,0.060537689493628907
regular,0.050000000000000003,200,158,0.088727660782078763,1.4208755942913038,0.99606628283665377,0.088611287068697864,1.057221171193182,1.0867395752311468,0.0053990081719996145,0.10391350414647381,0,0.059628538493095615
regular,0.050000000000000003,200,159,0.087251740580180523,1.4234660703218212,0.99619598109233631,0.087141076740406803,1.0562383619935503,1.0853369054712794,0.0052225703975658346,0.10220147158985368,1.1102230246251565e-16,0.058728683582781147
regular,0.050000000000000003,200,160,0.085796813406294067,1.4260167236904902,0.99632171058796182,0.085691592417678597,1.0552703063470599,1.0839526119201084,0.0050514239059530862,0.10051292360640085,1.1102230246251565e-16,0.057838186284681632
regular,0.050000000000000003,200,161,0.084362698127641647,1.4285279888794515,0.99644357760717894,0.084262664599489431,1.0543168626089794,1.0825866014471943,0.0048854341511402307,0.098847702564503037,0,0.05695710117730278
regular,0.050000000000000003,200,162,0.082949211185730898,1.431000302189158,0.99656168632388731,0.082854120907110348,1.0533778873740132,1.0812387758864583,0.0047244687840215195,0.097205645762183171,0,0.056085476095530516
regular,0.050000000000000003,200,163,0.081556166760108642,1.433434101441438,0.99667613880774619,0.081465786261977105,1.0524532356261069,1.0799090322557168,0.0045683976818465385,0.095586585689065584,1.1102230246251565e-16,0.055223352330247957
regular,0.050000000000000003,200,164,0.080183376928628147,1.4358298256920687,0.99678703503179489,0.08009748305985169,1.0515427608839514,1.0785972629728988,0.0044170929731855999,0.093990350283266841,1.1102230246251565e-16,0.05437076482738501
regular,0.050000000000000003,200,165,0.078830651824180781,1.4381879149528018,0.99689447288207012,0.078749031341214165,1.0506463153421852,1.077303356068789,0.0042704290586190238,0.092416763183083006,0,0.053527742386106303
regular,0.050000000000000003,200,166,0.077497799787850596,1.4405088099227723,0.99699854816910694,0.077420248957833296,1.0497637500082988,1.0760271953961551,0.0041282826273468035,0.090865643973361054,1.1102230246251565e-16,0.052694307855860344
regular,0.050000000000000003,200,167,0.076184627518457781,1.4427929517292104,0.99709935464121158,0.076110951735472498,1.0488949148352511,1.0747686608351348,0.0039905326699129383,0.089336808426459233,1.1102230246251565e-16,0.05187047833203192
regular,0.050000000000000003,200,168,0.074890940218463597,1.4450407816773645,0.99719698399939716,0.074820953632695752,1.0480396588498184,1.0735276284947668,0.0038570604872356896,0.08783006873771293,0,0.051056265349955408
regular,0.050000000000000003,200,169,0.073616541736216179,1.4472527410095308,0.99729152591387804,0.073550066895746016,1.0471978302767029,1.0723039709105664,0.0037277496961322411,0.086345233755341019,1.1102230246251565e-16,0.050251675077066085
regular,0.050000000000000003,200,170,0.072361234704523006,1.44942927067308,0.99738306804201771,0.072298102209476356,1.0463692766584272,1.071097557238057,0.0036024862315222742,0.084882109204734948,0,0.04945670850297966
regular,0.050000000000000003,200,171,0.071124820675541517,1.4515708110973564,0.99747169604763197,0.071064868844320173,1.0455538449710615,1.0699082534421787,0.0034811583454916954,0.083440497907091793,1.1102230246251565e-16,0.048671361627309444
regular,0.050000000000000003,200,172,0.069907100251985654,1.4536778019793244,0.99755749362154955,0.069850174799294992,1.0447513817358189,1.068735922482511,0.0033636566033933778,0.082020199992360154,2.2204460492503131e-16,0.0478956256450438
regular,0.050000000000000003,200,173,0.06870787321465105,1.455750682077823,0.99764054250333567,0.068653826941039192,1.0439617331265729,1.0675804244942557,0.0032498738771579087,0.080621013106483702,0,0.047129487129323966
regular,0.050000000000000003,200,174,0.06752693864626691,1.4577898890162866,0.99772092250408817,0.067475631138888131,1.0431847450733447,1.0664416169649278,0.003139705335981974,0.079242732612927649,0,0.046372928211470474
regular,0.050000000000000003,200,175,0.066364095051687749,1.4597958590937832,0.9977987115302186,0.066315392396001177,1.0424202633618223,1.065319354906731,0.0030330484345589227,0.077885151788501028,0,0.045625926758130798
regular,0.050000000000000003,200,176,0.065219140474442314,1.4617690271042147,0.99787398560813201,0.065172914976556889,1.0416681337289708,1.0642134910245822,0.002929802899009746,0.076548062013479426,1.1102230246251565e-16,0.044888456545423373
regular,0.050000000000000003,200,177,0.064091872609661746,1.4637098261635222,0.99794681890972547,0.064048002529038209,1.0409282019547965,1.0631238758797728,0.0028298707106687825,0.075231252956052541,0,0.044160487429972348
regular,0.050000000000000003,200,178,0.062982088913412934,1.4656186875447315,0.99801728377862509,0.062940458205634708,1.0402003139503329,1.0620503580492568,0.0027331560878731502,0.073934512751125239,1.1102230246251565e-16,0.043441985516737135
regular,0.050000000000000003,200,179,0.061889586708466733,1.4674960405206736,0.99808545075708821,0.061850084777792726,1.0394843158419218,1.0609927842805653,0.0026395654659001062,0.072657628173511221,1.1102230246251565e-16,0.042732913323554195
regular,0.050000000000000003,200,180,0.060814163286534557,1.4693423122142106,0.99815138861349506,0.060776684747949124,1.0387800540518572,1.0599509996423511,0.0025490074751910738,0.071400384805560727,1.1102230246251565e-16,0.042033229942316133
regular,0.050000000000000003,200,181,0.059755616007009869,1.471157927455794,0.99821516437036462,0.05972006045748729,1.03808737537547,1.0589248476705813,0.002461392917996583,0.070162567199277756,1.1102230246251565e-16,0.04134289119672873
regular,0.050000000000000003,200,182,0.058713742392254305,1.4729433086481833,0.99827684333282463,0.058680014190958224,1.0374061270547281,1.057914170510392,0.0023766347435706134,0.068943959032980021,1.1102230246251565e-16,0.040661849796591085
regular,0.050000000000000003,200,183,0.057688340219471106,1.4746988756381478,0.99833648911747486,0.057656348276612576,1.036736156848433,1.0569188090536359,0.0022946480220384672,0.067744343262570159,0,0.039990055488558968
regular,0.050000000000000003,200,184,0.056679207609210962,1.4764250455949754,0.99839416368158185,0.056648865183292374,1.0360773130990866,1.055938603072148,0.002215349917056427,0.066563502267480298,1.1102230246251565e-16,0.039327455203354476
regular,0.050000000000000003,200,185,0.05568614311055789,1.4781222328956127,0.99844992735254867,0.055657367613734111,1.0354294447965147,1.0549733913467729,0.0021386596573773641,0.06540121799137022,0,0.038673993199400146
regular,0.050000000000000003,200,186,0.054708945783044978,1.4797908490162557,0.99850383885760419,0.054681658594337178,1.0347924016383248,1.0540230117921872,0.002064498507430648,0.064257272077651223,0,0.038029611202857402
regular,0.050000000000000003,200,187,0.053747415275351859,1.4814313024302168,0.99855595535366015,0.053721541561454152,1.0341660340872783,1.0530873015775684,0.0019927897370203757,0.063131445999919503,0,0.037394248544060739
regular,0.050000000000000003,200,188,0.052801351900837352,1.4830439985118886,0.99860633245728736,0.052776820444261102,1.033550193425665,1.0521660972431581,0.0019234585902410826,0.062023521187386361,2.2204460492503131e-16,0.036767842290345937
regular,0.050000000000000003,200,189,0.051870556709962698,1.4846293394466292,0.99865502427476327,0.051847299744268292,1.0329447318067553,1.0512592348127716,0.0018564322537049452,0.060933279145388937,1.1102230246251565e-16,0.036150327375273593
regular,0.050000000000000003,200,190,0.050954831559661878,1.4861877241463921,0.99870208343214906,0.050932784611532875,1.0323495023034164,1.0503665499023107,0.0017916398241703483,0.059860501571075204,0,0.035541636724259668
regular,0.050000000000000003,200,191,0.050053979179717163,1.4877195481709282,0.99874756110535212,0.05003308091763712,1.0317643589539749,1.0494878778243422,0.0017290122756569908,0.058804970464357703,1.1102230246251565e-16,0.034941701376628706
regular,0.050000000000000003,200,192,0.0491678032361988,1.4892252036543849,0.99879150705013753,0.049147995325496331,1.0311891568054043,1.0486230536888028,0.001668482426128151,0.057766468234229984,1.1102230246251565e-16,0.034350450604110357
regular,0.050000000000000003,200,193,0.048296108392028879,1.4907050792371321,0.99883396963204962,0.048277335356062101,1.0306237519539219,1.0477719124998943,0.0016099849038164462,0.056744777800542073,1.1102230246251565e-16,0.033767812025803992
regular,0.050000000000000003,200,194,0.047438700364730253,1.4921595600026458,0.99887499585621142,0.047420909451987382,1.0300680015830721,1.0469342892492386,0.0015534561132654098,0.05573968269133598,0,0.033193711719643311
regular,0.050000000000000003,200,195,0.046595385981421926,1.4935890274192811,0.99891463139696801,0.046578527038320251,1.0295217639993839,1.0461100190053609,0.0014988342011550326,0.054750967135842134,0,0.032628074330395877
regular,0.050000000000000003,200,196,0.045765973231123074,1.4949938592867715,0.9989529206273452,0.045749998580294438,1.0289848986656673,1.0452989369995724,0.0014460590219751185,0.053778416153232304,1.1102230246251565e-16,0.032070823174232849
regular,0.050000000000000003,200,197,0.044950271314427817,1.4963744296872878,0.9989899066482949,0.044935135638284211,1.0284572662320453,1.0445008787083245,0.0013950721036072573,0.052821815637239457,1.1102230246251565e-16,0.031521880339915695
regular,0.050000000000000003,200,198,0.044148090690613852,1.497731108940902,0.9990256313177015,0.044133750919992595,1.0279387285647816,1.0437156799321075,0.0013458166128715039,0.051880952436737397,2.2204460492503131e-16,0.030981166786639862
regular,0.050000000000000003,200,199,0.043359243122247558,1.4990642635652935,0.99906013527912518,0.043345658329941097,1.0274291487729903,1.0429431768709712,0.0012982373210911737,0.050955614432389558,0,0.030448602438586932
regular,0.050000000000000003,200,200,0.042583541717348516,1.5003742562395461,0.99909345799026061,0.042570673016329663,1.0269283912333012,1.0421832061967393,0.0012522805697251784,0.050045590609466853,1.1102230246251565e-16,0.029924106276234579
regular,0.20000000000000001,10,0,0.20000000000000001,0.40000000000000002,0.98006657784124163,0.19866933079506122,1.8054021927509198,0.7633118041900967,0.35234699706186851,0.83946053756191363,0,1.2282496974678121
regular,0.20000000000000001,10,1,0.40841807771216465,0.53002229676465873,0.91775024399652616,0.39715801596381856,1.5087970394324408,1.2037952861199501,0.15020347298996453,0.54809392076534569,1.1102230246251565e-16,0.42083736927176835
regular,0.20000000000000001,10,2,0.4694184283746628,0.58801471759769153,0.89183152321797698,0.45236769800097681,1.3829412012784357,1.3234654445916523,0.12563692874072332,0.50127223888965433,0,0.18456764425537836
regular,0.20000000000000001,10,3,0.48131357971201949,0.62295915902834798,0.88638757394624157,0.46294391534363655,1.3361716702588129,1.3560812321680338,0.11990261789345259,0.48969912781922043,0,0.14149550910959946
regular,0.20000000000000001,10,4,0.47733166733017529,0.65097671669690116,0.88822394407772642,0.45941073688694739,1.3164130589267282,1.36309988804725,0.11597937627964734,0.48162096357955048,0,0.13856557472216122
regular,0.20000000000000001,10,5,0.46799430150607091,0.67706944249146239,0.89247484761516627,0.45109715846398951,1.3054629299607379,1.3618335878663317,0.11211557344421051,0.47353051315456013,1.1102230246251565e-16,0.14056182920432628
regular,0.20000000000000001,10,6,0.45672016992495212,0.70282209420467956,0.89750374972607594,0.44100682446832179,1.2972628909514117,1.3576270451741395,0.10813116488838842,0.46504013781261594,1.1102230246251565e-16,0.14288918013938814
regular,0.20000000000000001,10,7,0.44464733908040655,0.72872459345543239,0.90276241493617948,0.43013953803224986,1.2898071782335148,1.3522004640041239,0.10401668370019616,0.4561067500052946,1.1102230246251565e-16,0.14501170449751574
regular,0.20000000000000001,10,8,0.43216868192628471,0.75490509943375295,0.90805955269420158,0.41884107816784943,1.2824344404393404,1.3461185142277454,0.09978361951875267,0.44672949201670731,1.1102230246251565e-16,0.14684498891267639
regular,0.20000000000000001,10,9,0.4194318671686037,0.78136850020876825,0.91332045503947579,0.40724163147507997,1.274932119855952,1.3395704382104809,0.095447876517472802,0.43691618536619309,0,0.14835624655786225
regular,0.20000000000000001,10,10,0.40650420349769789,0.80807540095972452,0.91850867319848251,0.39540083113109825,1.2672396362917193,1.3326237050410683,0.091027776180289011,0.42667968355732383,0,0.14952065964296923
regular,0.20000000000000001,40,0,0.20000000000000001,0.40000000000000002,0.98006657784124163,0.19866933079506122,1.8054021927509198,0.7633118041900967,0.35234699706186851,0.83946053756191363,0,1.2282496974678121
regular,0.20000000000000001,40,1,0.40841807771216465,0.53002229676465873,0.91775024399652616,0.39715801596381856,1.5087970394324408,1.2037952861199501,0.15020347298996453,0.54809392076534569,1.1102230246251565e-16,0.42083736927176835
regular,0.20000000000000001,40,2,0.4694184283746628,0.58801471759769153,0.89183152321797698,0.45236769800097681,1.3829412012784357,1.3234654445916523,0.12563692874072332,0.50127223888965433,0,0.18456764425537836
regular,0.20000000000000001,40,3,0.48131357971201949,0.62295915902834798,0.88638757394624157,0.46294391534363655,1.3361716702588129,1.3560812321680338,0.11990261789345259,0.48969912781922043,0,0.14149550910959946
regular,0.20000000000000001,40,4,0.47733166733017529,0.65097671669690116,0.88822394407772642,0.45941073688694739,1.3164130589267282,1.36309988804725,0.11597937627964734,0.48162096357955048,0,0.13856557472216122
regular,0.20000000000000001,40,5,0.46799430150607091,0.67706944249146239,0.89247484761516627,0.45109715846398951,1.3054629299607379,1.3618335878663317,0.11211557344421051,0.47353051315456013,1.1102230246251565e-16,0.14056182920432628
regular,0.20000000000000001,40,6,0.45672016992495212,0.70282209420467956,0.89750374972607594,0.44100682446832179,1.2972628909514117,1.3576270451741395,0.10813116488838842,0.46504013781261594,1.1102230246251565e-16,0.14288918013938814
regular,0.20000000000000001,40,7,0.44464733908040655,0.72872459345543239,0.90276241493617948,0.43013953803224986,1.2898071782335148,1.3522004640041239,0.10401668370019616,0.4561067500052946,1.1102230246251565e-16,0.14501170449751574
regular,0.20000000000000001,40,8,0.43216868192628471,0.75490509943375295,0.90805955269420158,0.41884107816784943,1.2824344404393404,1.3461185142277454,0.09978361951875267,0.44672949201670731,1.1102230246251565e-16,0.14684498891267639
regular,0.20000000000000001,40,9,0.4194318671686037,0.78136850020876825,0.91332045503947579,0.40724163147507997,1.274932119855952,1.3395704382104809,0.095447876517472802,0.43691618536619309,0,0.14835624655786225
regular,0.20000000000000001,40,10,0.40650420349769789,0.80807540095972452,0.91850867319848251,0.39540083113109825,1.2672396362917193,1.3326237050410683,0.091027776180289011,0.42667968355732383,0,0.14952065964296923
regular,0.20000000000000001,40,11,0.39342738974782809,0.83496878394799812,0.92360057608396906,0.38335619971165258,1.2593494610194886,1.3253077304522503,0.086543631211546582,0.41603757333093505,1.1102230246251565e-16,0.15031694985879307
regular,0.20000000000000001,40,12,0.38023573586127579,0.86198336675675991,0.92857717051740307,0.3711393786623749,1.2512738652137068,1.3176418050893126,0.082017435839916469,0.40501218707568903,0,0.15072736912766921
regular,0.20000000000000001,40,13,0.36696214788615461,0.88904923926131196,0.93342157611144316,0.35878149513266333,1.2430335615714969,1.3096444812981169,0.077472508424253239,0.39363055883468506,0,0.15073817456833841
regular,0.20000000000000001,40,14,0.35363996394083058,0.91609363435188007,0.93811835692283108,0.34631481112480256,1.234653659830194,1.3013367030883525,0.072933074349931154,0.38192427089655129,1.1102230246251565e-16,0.15034010028158393
regular,0.20000000000000001,40,15,0.34030335528919892,0.94304211667983862,0.94265345707838666,0.33377306640615312,1.2261620529993595,1.2927427614637803,0.068423799303162447,0.36992918052828017,1.1102230246251565e-16,0.14952874044532938
regular,0.20000000000000001,40,16,0.32698721359631477,0.96981960982579418,0.94701432092755511,0.32119133854779108,1.2175885919942862,1.2838904420254598,0.063969289219733425,0.35768502685947989,1.1102230246251565e-16,0.14830481184521421
regular,0.20000000000000001,40,17,0.31372684359008007,0.99635138843099758,0.95119005304796134,0.30860570795533965,1.2089644981901553,1.2748108287405868,0.059593576548475774,0.34523492450352056,1.1102230246251565e-16,0.14667427655231641
regular,0.20000000000000001,40,18,0.30055757747999379,1.0225640602941928,0.95517156521848579,0.29605283480836325,1.2003218349461058,1.2655379276553214,0.055319614289828761,0.33262475641427763,1.1102230246251565e-16,0.14464831355577923
regular,0.20000000000000001,40,19,0.28751435893815069,1.0483865279270694,0.95895168916227502,0.28356949386846847,1.1916929872341431,1.2561081759638502,0.051168799575139888,0.31990248381386438,1.1102230246251565e-16,0.14224313623623266
regular,0.20000000000000001,40,20,0.27463132119220929,1.0737509070972646,0.96252524581857513,0.27119209273482042,1.1831101432781921,1.2465598710690908,0.047160547296483363,0.30711739545809957,1.1102230246251565e-16,0.13947966084776736
regular,0.20000000000000001,40,21,0.26194137563402953,1.0985933770497223,0.96588906739655633,0.25895619220982297,1.1746047876754109,1.2369325457626474,0.04331193156037217,0.29431932169115971,0,0.13638303917453859
regular,0.20000000000000001,40,22,0.24947582401658222,1.1228549383731843,0.96904197180894081,0.24689604466787241,1.1662072202690654,1.2272663139027453,0.039637408752255403,0.2815578404245046,1.1102230246251565e-16,0.13298207562998141
regular,0.20000000000000001,40,23,0.23726400528984623,1.1464820579805266,0.97198469161506595,0.23504416450098303,1.1579461154559123,1.2176012106021674,0.036148631121570601,0.26888150223312351,1.1102230246251565e-16,0.12930855470867869
regular,0.20000000000000001,40,24,0.2253329862605952,1.1694271855190159,0.97471976167456342,0.22343094280131026,1.149848134964818,1.2079765501089197,0.032854354473821144,0.25633710021696487,0,0.12539650846197958
regular,0.20000000000000001,40,25,0.21370730323177486,1.191649131146967,0.97725137136574103,0.21208431616642132,1.1419376044040492,1.1984303227217539,0.029760438259709886,0.24396900729277021,0,0.12128145532329081
regular,0.20000000000000001,40,26,0.20240875956823393,1.2131133005298356,0.97958518842066478,0.2010294969074207,1.1342362605609764,1.1889986492020923,0.026869931524804946,0.23181859944708899,1.1102230246251565e-16,0.11699964114773936
regular,0.20000000000000001,40,27,0.19145628184001073,1.2337917886941276,0.98172816213950975,0.19028876914358475,1.1267630729146871,1.1797153074254505,0.024183234188899234,0.21992377856384349,0,0.11258731094685417
regular,0.20000000000000001,40,28,0.18086583493785807,1.2536633396618411,0.98368831396881107,0.17988135245543904,1.119534139383086,1.1706113417650967,0.021698320208470834,0.20831860314657852,0,0.10808003584923764
regular,0.20000000000000001,40,29,0.17065039446145591,1.2727131832790466,0.98547452319695394,0.16982333211233461,1.1125626532089608,1.1617147612566998,0.019411007452876092,0.19703302998673136,0,0.10351211476749916
regular,0.20000000000000001,40,30,0.16081997285190811,1.2909327641502997,0.98709631490221028,0.16012765253533359,1.1058589352710517,1.1530503282775721,0.01731525858129666,0.18609276493886945,0,0.098916064608384369
regular,0.20000000000000001,40,31,0.15138169425060402,1.3083193799955,0.98856365637237831,0.15080416870787861,1.0994305240977593,1.1446394355608731,0.015403497720861531,0.17551921673059923,0,0.094322207118974474
regular,0.20000000000000001,40,32,0.14233991195798126,1.3248757480514657,0.98988676709986678,0.14185974876819052,1.0932823145093771,1.1365000660567506,0.013666929116861806,0.16532954434620453,2.2204460492503131e-16,0.089758355043706425
regular,0.20000000000000001,40,33,0.13369636164850657,1.3406095184213949,0.99107594624113338,0.13329842002905379,1.0874167351078989,1.1286468275731303,0.012095845910777642,0.15553678607183344,1.1102230246251565e-16,0.085249595503610942
regular,0.20000000000000001,40,34,0.1254503431554603,1.3555327526671443,0.99214142020510232,0.12512155015584844,1.0818339547130051,1.1210910523262456,0.010679919548723866,0.14615005678222548,1.1102230246251565e-16,0.080818164616774602
regular,0.20000000000000001,40,35,0.1175989236328122,1.3696613846164996,0.99309321187668809,0.11732805514642929,1.0765321082172077,1.1138409504857099,0.0094084627978301156,0.13717479941906324,1.1102230246251565e-16,0.076483404462111562
regular,0.20000000000000001,40,36,0.11013715517911177,1.3830146785123127,0.99394103194530614,0.10991462603084226,1.0715075330923154,1.1069018064398037,0.0082706617545209218,0.12861307674199324,0,0.072261791553311722
regular,0.20000000000000001,40,37,0.10305830050961409,1.3956146974530883,0.99469419193112119,0.10287596676820954,1.0667550088079798,1.1002762067275951,0.0072557744183144217,0.12046389017721802,1.1102230246251565e-16,0.068167024965226697
regular,0.20000000000000001,40,38,0.096354060925691043,1.4074857927397817,0.99536153780225034,0.09620503658301563,1.0622679926109602,1.0939642892612005,0.0063532952800805726,0.11272351378555029,0,0.064210162016792485
regular,0.20000000000000001,40,39,0.090014801595642985,1.4186541223998208,0.9959514025569518,0.08989329087779846,1.0580388463638444,1.0879640044655312,0.0055530868844289628,0.10538583286598785,1.1102230246251565e-16,0.060399789809203151
regular,0.20000000000000001,40,40,0.084029769975305618,1.4291472049241984,0.99647157579641887,0.083930915816532586,1.054059050374631,1.0822713801731085,0.0048454804614975235,0.09844267836154727,1.1102230246251565e-16,0.056742221782787886
regular,0.20000000000000001,200,0,0.20000000000000001,0.40000000000000002,0.98006657784124163,0.19866933079506122,1.8054021927509198,0.7633118041900967,0.35234699706186851,0.83946053756191363,0,1.2282496974678121
regular,0.20000000000000001,200,1,0.40841807771216465,0.53002229676465873,0.91775024399652616,0.39715801596381856,1.5087970394324408,1.2037952861199501,0.15020347298996453,0.54809392076534569,1.1102230246251565e-16,0.42083736927176835
regular,0.20000000000000001,200,2,0.4694184283746628,0.58801471759769153,0.89183152321797698,0.45236769800097681,1.3829412012784357,1.3234654445916523,0.12563692874072332,0.50127223888965433,0,0.18456764425537836
regular,0.20000000000000001,200,3,0.48131357971201949,0.62295915902834798,0.88638757394624157,0.46294391534363655,1.3361716702588129,1.3560812321680338,0.11990261789345259,0.48969912781922043,0,0.14149550910959946
regular,0.20000000000000001,200,4,0.47733166733017529,0.65097671669690116,0.88822394407772642,0.45941073688694739,1.3164130589267282,1.36309988804725,0.11597937627964734,0.48162096357955048,0,0.13856557472216122
regular,0.20000000000000001,200,5,0.46799430150607091,0.67706944249146239,0.89247484761516627,0.45109715846398951,1.3054629299607379,1.3618335878663317,0.11211557344421051,0.47353051315456013,1.1102230246251565e-16,0.14056182920432628
regular,0.20000000000000001,200,6,0.45672016992495212,0.70282209420467956,0.89750374972607594,0.44100682446832179,1.2972628909514117,1.3576270451741395,0.10813116488838842,0.46504013781261594,1.1102230246251565e-16,0.14288918013938814
regular,0.20000000000000001,200,7,0.44464733908040655,0.72872459345543239,0.90276241493617948,0.43013953803224986,1.2898071782335148,1.3522004640041239,0.10401668370019616,0.4561067500052946,1.1102230246251565e-16,0.14501170449751574
regular,0.20000000000000001,200,8,0.43216868192628471,0.75490509943375295,0.90805955269420158,0.41884107816784943,1.2824344404393404,1.3461185142277454,0.09978361951875267,0.44672949201670731,1.1102230246251565e-16,0.14684498891267639
regular,0.20000000000000001,200,9,0.4194318671686037,0.78136850020876825,0.91332045503947579,0.40724163147507997,1.274932119855952,1.3395704382104809,0.095447876517472802,0.43691618536619309,0,0.14835624655786225
regular,0.20000000000000001,200,10,0.40650420349769789,0.80807540095972452,0.91850867319848251,0.39540083113109825,1.2672396362917193,1.3326237050410683,0.091027776180289011,0.42667968355732383,0,0.14952065964296923
regular,0.20000000000000001,200,11,0.39342738974782809,0.83496878394799812,0.92360057608396906,0.38335619971165258,1.2593494610194886,1.3253077304522503,0.086543631211546582,0.41603757333093505,1.1102230246251565e-16,0.15031694985879307
regular,0.20000000000000001,200,12,0.38023573586127579,0.86198336675675991,0.92857717051740307,0.3711393786623749,1.2512738652137068,1.3176418050893126,0.082017435839916469,0.40501218707568903,0,0.15072736912766921
regular,0.20000000000000001,200,13,0.36696214788615461,0.88904923926131196,0.93342157611144316,0.35878149513266333,1.2430335615714969,1.3096444812981169,0.077472508424253239,0.39363055883468506,0,0.15073817456833841
regular,0.20000000000000001,200,14,0.35363996394083058,0.91609363435188007,0.93811835692283108,0.34631481112480256,1.234653659830194,1.3013367030883525,0.072933074349931154,0.38192427089655129,1.1102230246251565e-16,0.15034010028158393
regular,0.20000000000000001,200,15,0.34030335528919892,0.94304211667983862,0.94265345707838666,0.33377306640615312,1.2261620529993595,1.2927427614637803,0.068423799303162447,0.36992918052828017,1.1102230246251565e-16,0.14952874044532938
regular,0.20000000000000001,200,16,0.32698721359631477,0.96981960982579418,0.94701432092755511,0.32119133854779108,1.2175885919942862,1.2838904420254598,0.063969289219733425,0.35768502685947989,1.1102230246251565e-16,0.14830481184521421
regular,0.20000000000000001,200,17,0.31372684359008007,0.99635138843099758,0.95119005304796134,0.30860570795533965,1.2089644981901553,1.2748108287405868,0.059593576548475774,0.34523492450352056,1.1102230246251565e-16,0.14667427655231641
regular,0.20000000000000001,200,18,0.30055757747999379,1.0225640602941928,0.95517156521848579,0.29605283480836325,1.2003218349461058,1.2655379276553214,0.055319614289828761,0.33262475641427763,1.1102230246251565e-16,0.14464831355577923
regular,0.20000000000000001,200,19,0.28751435893815069,1.0483865279270694,0.95895168916227502,0.28356949386846847,1.1916929872341431,1.2561081759638502,0.051168799575139888,0.31990248381386438,1.1102230246251565e-16,0.14224313623623266
regular,0.20000000000000001,200,20,0.27463132119220929,1.0737509070972646,0.96252524581857513,0.27119209273482042,1.1831101432781921,1.2465598710690908,0.047160547296483363,0.30711739545809957,1.1102230246251565e-16,0.13947966084776736
regular,0.20000000000000001,200,21,0.26194137563402953,1.0985933770497223,0.96588906739655633,0.25895619220982297,1.1746047876754109,1.2369325457626474,0.04331193156037217,0.29431932169115971,0,0.13638303917453859
regular,0.20000000000000001,200,22,0.24947582401658222,1.1228549383731843,0.96904197180894081,0.24689604466787241,1.1662072202690654,1.2272663139027453,0.039637408752255403,0.2815578404245046,1.1102230246251565e-16,0.13298207562998141
regular,0.20000000000000001,200,23,0.23726400528984623,1.1464820579805266,0.97198469161506595,0.23504416450098303,1.1579461154559123,1.2176012106021674,0.036148631121570601,0.26888150223312351,1.1102230246251565e-16,0.12930855470867869
regular,0.20000000000000001,200,24,0.2253329862605952,1.1694271855190159,0.97471976167456342,0.22343094280131026,1.149848134964818,1.2079765501089197,0.032854354473821144,0.25633710021696487,0,0.12539650846197958
regular,0.20000000000000001,200,25,0.21370730323177486,1.191649131146967,0.97725137136574103,0.21208431616642132,1.1419376044040492,1.1984303227217539,0.029760438259709886,0.24396900729277021,0,0.12128145532329081
regular,0.20000000000000001,200,26,0.20240875956823393,1.2131133005298356,0.97958518842066478,0.2010294969074207,1.1342362605609764,1.1889986492020923,0.026869931524804946,0.23181859944708899,1.1102230246251565e-16,0.11699964114773936
regular,0.20000000000000001,200,27,0.19145628184001073,1.2337917886941276,0.98172816213950975,0.19028876914358475,1.1267630729146871,1.1797153074254505,0.024183234188899234,0.21992377856384349,0,0.11258731094685417
regular,0.20000000000000001,200,28,0.18086583493785807,1.2536633396618411,0.98368831396881107,0.17988135245543904,1.119534139383086,1.1706113417650967,0.021698320208470834,0.20831860314657852,0,0.10808003584923764
regular,0.20000000000000001,200,29,0.17065039446145591,1.2727131832790466,0.98547452319695394,0.16982333211233461,1.1125626532089608,1.1617147612566998,0.019411007452876092,0.19703302998673136,0,0.10351211476749916
regular,0.20000000000000001,200,30,0.16081997285190811,1.2909327641502997,0.98709631490221028,0.16012765253533359,1.1058589352710517,1.1530503282775721,0.01731525858129666,0.18609276493886945,0,0.098916064608384369
regular,0.20000000000000001,200,31,0.15138169425060402,1.3083193799955,0.98856365637237831,0.15080416870787861,1.0994305240977593,1.1446394355608731,0.015403497720861531,0.17551921673059923,0,0.094322207118974474
regular,0.20000000000000001,200,32,0.14233991195798126,1.3248757480514657,0.98988676709986678,0.14185974876819052,1.0932823145093771,1.1365000660567506,0.013666929116861806,0.16532954434620453,2.2204460492503131e-16,0.089758355043706425
regular,0.20000000000000001,200,33,0.13369636164850657,1.3406095184213949,0.99107594624113338,0.13329842002905379,1.0874167351078989,1.1286468275731303,0.012095845910777642,0.15553678607183344,1.1102230246251565e-16,0.085249595503610942
regular,0.20000000000000001,200,34,0.1254503431554603,1.3555327526671443,0.99214142020510232,0.12512155015584844,1.0818339547130051,1.1210910523262456,0.010679919548723866,0.14615005678222548,1.1102230246251565e-16,0.080818164616774602
regular,0.20000000000000001,200,35,0.1175989236328122,1.3696613846164996,0.99309321187668809,0.11732805514642929,1.0765321082172077,1.1138409504857099,0.0094084627978301156,0.13717479941906324,1.1102230246251565e-16,0.076483404462111562
regular,0.20000000000000001,200,36,0.11013715517911177,1.3830146785123127,0.99394103194530614,0.10991462603084226,1.0715075330923154,1.1069018064398037,0.0082706617545209218,0.12861307674199324,0,0.072261791553311722
regular,0.20000000000000001,200,37,0.10305830050961409,1.3956146974530883,0.99469419193112119,0.10287596676820954,1.0667550088079798,1.1002762067275951,0.0072557744183144217,0.12046389017721802,1.1102230246251565e-16,0.068167024965226697
regular,0.20000000000000001,200,38,0.096354060925691043,1.4074857927397817,0.99536153780225034,0.09620503658301563,1.0622679926109602,1.0939642892612005,0.0063532952800805726,0.11272351378555029,0,0.064210162016792485
regular,0.20000000000000001,200,39,0.090014801595642985,1.4186541223998208,0.9959514025569518,0.08989329087779846,1.0580388463638444,1.0879640044655312,0.0055530868844289628,0.10538583286598785,1.1102230246251565e-16,0.060399789809203151
regular,0.20000000000000001,200,40,0.084029769975305618,1.4291472049241984,0.99647157579641887,0.083930915816532586,1.054059050374631,1.0822713801731085,0.0048454804614975235,0.09844267836154727,1.1102230246251565e-16,0.056742221782787886
regular,0.20000000000000001,200,41,0.078387304015610115,1.4389935122120887,0.99692928811796744,0.078307052636416907,1.050319401303567,1.0768807834214946,0.0042213485035260939,0.091884149922890332,1.1102230246251565e-16,0.053241709635022859
regular,0.20000000000000001,200,42,0.073075027592024597,1.4482221039244694,0.99733120809179432,0.073010008671153828,1.0468101922697564,1.0717851736230648,0.0036721526262125581,0.085698922119389093,1.1102230246251565e-16,0.049900662297076417
regular,0.20000000000000001,200,43,0.068080031321362908,1.4568623039316191,0.99768344962150879,0.068027452923994106,1.0435213741731058,1.0669763428441952,0.0031899702553493258,0.079874529799546554,1.1102230246251565e-16,0.046719865082652155
regular,0.20000000000000001,200,44,0.063389037587145022,1.4649434183052175,0.99799158760390694,0.063346594792722935,1.040442697987499,1.062445140096038,0.0027675036710609322,0.074397629949628535,0,0.043698693511959166
regular,0.20000000000000001,200,45,0.058988549165437228,1.4724944933436805,0.99826067997336176,0.058954345209843849,1.0375638383699766,1.0581816775722299,0.0023980747791023226,0.069254238557684283,2.2204460492503131e-16,0.040835317611823692
regular,0.20000000000000001,200,46,0.054864981324986559,1.4795441114073449,0.99849529442007423,0.054837460015662212,1.0348744993777428,1.0541755176551419,0.0020756087100253892,0.064429941952874506,0,0.038126893659235495
regular,0.20000000000000001,200,47,0.051004777669506729,1.4861202218491125,0.99869953829200719,0.050982665831944704,1.0323645034046003,1.0504158402483075,0.0017946090142846218,0.05991008286231328,0,0.035569741347742642
regular,0.20000000000000001,200,48,0.047394510300765288,1.4922500040237101,0.99887709041395023,0.047376769055740987,1.0300238646584705,1.0468915905837466,0.001550126858251933,0.055679922023148219,1.1102230246251565e-16,0.033159505206681199
regular,0.20000000000000001,200,49,0.044020965115710069,1.4979597592116729,0.99903123377356218,0.044006748855988966,1.0278428486204718,1.043591608110026,0.001337726258460299,0.051724776625139697,2.2204460492503131e-16,0.030891299795685039
regular,0.20000000000000001,200,50,0.04087121321779922,1.5032748282708934,0.99916488822622385,0.04085983524046076,1.0258120189715336,1.0405047374047454,0.0011534470378070948,0.048030137160060139,1.1102230246251565e-16,0.02875983874215654
regular,0.20000000000000001,200,51,0.037932669531156871,1.5082195319000999,0.99928064255352422,0.037923573378780086,1.0239222734614981,1.0376199222898859,0.00099376686033187419,0.044581764440898349,0,0.026759548102743506
regular,0.20000000000000001,200,52,0.035193139765479317,1.5128171305395517,0.99938078537173725,0.035185875429916198,1.022164870142771,1.0349262844767579,0.00085556340789866238,0.041365768647485868,0,0.024884664828950909
regular,0.20000000000000001,200,53,0.03264085689868193,1.5170898011229013,0.99946733452592929,0.032635061140345104,1.0205314453085201,1.0324131881450014,0.00073607750609000575,0.038368672275438609,1.1102230246251565e-16,0.023129321319921809
regular,0.20000000000000001,200,54,0.030264508331385682,1.5210586281127707,0.99954206472278473,0.030259888461663682,1.0190140243745394,1.0300702918818923,0.00063287778838888608,0.035577458829682766,2.2204460492503131e-16,0.021487617169587393
regular,0.20000000000000001,200,55,0.028053254829915105,1.5247436064868327,0.99960653325211191,0.028049575392410972,1.0176050268325947,1.0278875893870947,0.00054382730579978728,0.032979609027391069,0,0.019953679276877249
regular,0.20000000000000001,200,56,0.025996742319015106,1.5281636545800459,0.99966210372509623,0.025993814185587851,1.0162972662877396,1.0258554402951783,0.00046705234065551186,0.030563126170452912,1.1102230246251565e-16,0.018521711500698968
regular,0.20000000000000001,200,57,0.02408510751752738,1.5313366349238782,0.99970996781879673,0.024082778987079282,1.015083946477596,1.0239645923931431,0.00040091356495423647,0.028316552224952687,1.1102230246251565e-16,0.017186035018197786
regular,0.20000000000000001,200,58,0.022308978334417969,1.5342793814489422,0.9997511650633264,0.022307127885982544,1.0139586540613361,1.0222061964205877,0.00034397959133688962,0.026228976012680694,2.2204460492503131e-16,0.015941120495625891
regular,0.20000000000000001,200,59,0.020659469862567642,1.5370077316294608,0.99978660074280457,0.020658000269818635,1.0129153488624332,1.0205718145422344,0.00029500289489922123,0.024290034783804704,1.1102230246251565e-16,0.014781613114389724
regular,0.20000000000000001,200,60,0.019128176726607389,1.5395365623439019,0.99981706200554821,0.019127010288951932,1.0119483521535375,1.0190534234811155,0.0002528980327678339,0.022489910305193924,1.1102230246251565e-16,0.013702351417170246
regular,0.20000000000000001,200,61,0.017707162461091792,1.5418798284046782,0.9998432322949784,0.017706237147680423,1.0110523334848753,1.0176434131995136,0.00021672205239483308,0.020819320468969831,0,0.012698380855662808
regular,0.20000000000000001,200,62,0.016388946518164145,1.5440506028706305,0.99986570422201271,0.016388212856154463,1.0102222964795511,1.0163345819164211,0.0001856569558500572,0.019269507302993358,1.1102230246251565e-16,0.011764962836403532
regular,0.20000000000000001,200,63,0.015166489430790138,1.5460611183993462,0.99988499100375205,0.015165907998756709,1.0094535639499191,1.0151201281567466,0.00015899407341582561,0.017832222150692585,1.1102230246251565e-16,0.01089757997725618
regular,0.20000000000000001,200,64,0.014033176589424653,1.5479228090229527,0.99990153659328784,0.014032716001609869,1.0087417626284083,1.0139936404399841,0.00013612019330749701,0.016499708682731158,0,0.010091938206491883
regular,0.20000000000000001,200,65,0.012982801027109499,1.5496463518418688,0.99991572462249501,0.012982436314907841,1.00808280775325,1.0129490851353249,0.00011650529350894506,0.015264684307835853,1.1102230246251565e-16,0.0093439662603814911
regular,0.20000000000000001,200,66,0.012009545550694519,1.5512417082273307,0.99992788627458118,0.012009256864949873,1.0074728877038441,1.0119807929365685,9.9691725011597339e-05,0.014120320464606838,0,0.0086498130646939057
regular,0.20000000000000001,200,67,0.011107964504149645,1.5527181642065855,0.99993830719663135,0.011107736076053485,1.006908448841306,1.011083444343736,8.5284701956817927e-05,0.013060222200010069,1.1102230246251565e-16,0.0080058434208960649
regular,0.20000000000000001,200,68,0.010272965403663657,1.5540843697758113,0.99994723355496373,0.010272784713739916,1.0063861806763876,1.0102520544788522,7.2943962334410587e-05,0.012078407373028167,1.1102230246251565e-16,0.0074086323593379848
regular,0.20000000000000001,200,69,0.009499790643170733,1.5553483769463488,0.99995487732821464,0.0094996477574291627,1.0059030014587491,1.0094819575106206,6.2376472227604677e-05,0.01116928576298455,0,0.0068549584691828588
regular,0.20000000000000001,200,70,0.0087839994327964278,1.5565176763809334,0.99996142092504237,0.0087838864729817192,1.0054560442579095,1.0087687909162588,5.3330056538664998e-05,0.010327638310733486,0,0.0063417964681073769
regular,0.20000000000000001,200,71,0.0081214501011265573,1.5575992325194763,0.99996702120539582,0.0081213608223853449,1.0050426435864548,1.008108479768147,4.5587849245231351e-05,0.0095485966764997827,1.1102230246251565e-16,0.0058663092335012913
regular,0.20000000000000001,200,72,0.0075082828647881159,1.5585995171295766,0.99997181297663018,0.007508212319274025,1.0046603225997601,1.0074972211976285,3.8963466210002718e-05,0.0088276232599723819,1.1102230246251565e-16,0.0054258394806512168
regular,0.20000000000000001,200,73,0.006940903145214436,1.5595245412463477,0.99997591202847003,0.0069408474143658212,1.0043067808930874,1.0069314691578286,3.3296813173496164e-05,0.0081604917956574364,2.2204460492503131e-16,0.0050179012417911062
regular,0.20000000000000001,200,74,0.0064159654922662044,1.5603798854901536,0.99997941776400612,0.006415921473900508,1.0039798829060178,1.0064079195812092,2.8450450652428718e-05,0.0075432686088231964,0,0.0046401712724955333
regular,0.20000000000000001,200,75,0.0059303581572279192,1.5611707287702545,0.9999824154775997,0.0059303233963485498,1.0036776469353943,1.0059234960052785,2.4306445952982869e-05,0.0069722945940318484,1.1102230246251565e-16,0.0042904804882560313
regular,0.20000000000000001,200,76,0.0054811883432510731,1.5619018753978309,0.9999849783247815,0.0054811608976798867,1.0033982347509736,1.005475335720998,2.0763650340180563e-05,0.0064441679587330068,1.1102230246251565e-16,0.0039668055138209323
regular,0.20000000000000001,200,77,0.0050657681492461831,1.5625777806439949,0.99998716902396811,0.0050657464829777475,1.0031399418025193,1.0050607764825306,1.7735346564671294e-05,0.0059557277581621026,2.2204460492503131e-16,0.0036672604105886446
regular,0.20000000000000001,200,78,0.0046816012132439326,1.5632025747877298,0.99998904132505562,0.0046815841118494671,1.0029011880028382,1.0046773438037229,1.5147218443018583e-05,0.0055040382344272616,1.1102230246251565e-16,0.0033900886326829484
regular,0.20000000000000001,200,79,0.0043263700530670052,1.5637800857056674,0.9999906412756796,0.0043263565566237063,1.0026805090681248,1.0043227388557094,1.2935600039479672e-05,0.0050863739617687713,0,0.0031336552499707888
regular,0.20000000000000001,200,80,0.003997924095550073,1.5643138600606317,0.99999200831210766,0.0039979134454905356,1.0024765483946629,1.0039948269710164,1.1045967239733757e-05,0.0047002057911827129,0,0.0028964394659110864
regular,0.20000000000000001,200,81,0.0036942683802793832,1.5648071831492572,0.99999317619832795,0.0036942599772906439,1.00228804944938,1.0036916267522045,9.4316391801998996e-06,0.0043431875806140127,1.1102230246251565e-16,0.0026770274494873699
regular,0.20000000000000001,200,82,0.003413552919714488,1.565263097471046,0.99999417383388955,0.0034135462904031342,1.0021138486507317,1.0034112997772151,8.052661144114067e-06,0.0040131436914503989,1.1102230246251565e-16,0.0024741054933270085
regular,0.20000000000000001,200,83,0.003154062694417811,1.5656844200821884,0.99999502594838341,0.0031540574649258622,1.0019528687158881,1.0031521408889381,6.8748442026049406e-06,0.0037080572278768678,0,0.002286453504251669
regular,0.20000000000000001,200,84,0.0029142082598078013,1.5660737587975535,0.99999575369811444,0.0029142041349372906,1.0018041124500443,1.0029125690529128,5.8689401101951622e-06,0.0034260589925438128,0,0.0021129388277337118
regular,0.20000000000000001,200,85,0.0026925169392340987,1.5664335273036405,0.99999637517845585,0.0026925136859355095,1.0016666569538402,1.0026911187643581,5.0099328028320839e-06,0.0031654171298051963,0,0.0019525104039028736
regular,0.20000000000000001,200,86,0.0024876245771305061,1.5667659592441119,0.99999690586357726,0.0024876220114467065,1.0015396482252623,1.0024864319837414,4.2764303336628737e-06,0.0029245274263247638,0,0.001804193249704316
regular,0.20000000000000001,200,87,0.0022982678254346821,1.5670731213379294,0.99999735898366382,0.0022982658021800354,1.0014222961329864,1.0022972505787249,3.6501432556799031e-06,0.0027019042380069295,1.1102230246251565e-16,0.0016670832594361134
regular,0.20000000000000001,200,88,0.0021232769362869849,1.5673569255881987,0.99999774584837275,0.0021232753408906915,1.0013138697388224,1.002122409249468,3.1154373564104047e-06,0.0024961720118655303,2.2204460492503131e-16,0.0015403423140809061
regular,0.20000000000000001,200,89,0.0019615690341578582,1.5676191406376732,0.99999807612407898,0.0019615677762192195,1.0012136929477533,1.0019608289138153,2.6589503003401549e-06,0.0023060573715066824,1.1102230246251565e-16,0.0014231936885035162
regular,0.20000000000000001,200,90,0.0018121418409454545,1.5678614023245503,0.99999835807142345,0.0018121408491428548,1.0011211404649201,1.0018115105287926,2.2692631690037817e-06,0.0021303817352783428,0,0.0013149177446273961
regular,0.20000000000000001,200,91,0.0016740678281709517,1.5680852234897733,0.99999859874878061,0.0016740670462410169,1.0010356340398543,1.001673529324999,1.936619133068232e-06,0.0019680544367817838,1.1102230246251565e-16,0.0012148478980735027
regular,0.20000000000000001,200,92,0.0015464887711420148,1.5682920030845735,0.99999880418647868,0.0015464881547045714,1.0009566389791991,1.0015460294308542,1.6526825687952654e-06,0.0018180663182597412,1.1102230246251565e-16,0.0011223668453681649
regular,0.20000000000000001,200,93,0.0014286106808109786,1.5684830346244909,0.99999897953593486,0.0014286101948623247,1.0008836609101286,1.001428218864219,1.410332864100087e-06,0.0016794837683646049,0,0.0010369030386776052
regular,0.20000000000000001,200,94,0.0013196990899929061,1.5686595140336304,0.99999912919728229,0.0013196987069270325,1.0008162427776279,1.0013193648695697,1.2034879655422659e-06,0.0015514431768790412,1.1102230246251565e-16,0.00095792739503429284
regular,0.20000000000000001,200,95,0.001219074671604544,1.5688225469204671,0.99999925692856451,0.0012190743696513402,1.0007539620597454,1.0012187895796933,1.0269534135523264e-06,0.0014331457801300791,1.1102230246251565e-16,0.00088495022718150008
regular,0.20000000000000001,200,96,0.0011261091676149602,1.5689731553241222,0.9999993659391383,0.0011261089296077005,1.0006964281858479,1.0011258659816902,8.7629321338530536e-07,0.0013238528720256684,1.1102230246251565e-16,0.00081751838341498188
regular,0.20000000000000001,200,97,0.0010402216084465087,1.5691122839677185,0.99999945896955145,0.0010402214208493142,1.0006432801438052,1.0010400141679756,7.4771940650202991e-07,0.0012228813568797505,1.1102230246251565e-16,0.00075521258415191966
regular,0.20000000000000001,200,98,0.00096087480361242922,1.5692408060531866,0.99999953835984146,0.00096087465575295911,1.000594184262894,1.0009606978538623,6.3799765234330343e-07,0.0011295996214086685,0,0.00069764494335481026
regular,0.20000000000000001,200,99,0.00088757208541877177,1.5693595286297464,0.99999960610792249,0.00088757196888289782,1.0005488321600418,1.0008874211442433,5.4436651357312864e-07,0.0010434237045161747,0,0.00064445666339703409
regular,0.20000000000000001,200,100,0.00081985428857845536,1.5694691975662369,0.99999966391949158,0.00081985419673277131,1.0005069388378167,1.0008197255328031,4.6446846720812275e-07,0.00096381374467074574,1.1102230246251565e-16,0.00059531589242968919
regular,0.20000000000000001,200,101,0.00075729694958118427,1.5695705021555149,0.99999971325067882,0.00075729687719638744,1.0004682409233376,1.0007571871181002,3.9629094705251816e-07,0.00089027068586191042,1.1102230246251565e-16,0.00054991573381734553
regular,0.20000000000000001,200,102,0.00069950771062866283,1.56966407937728,0.99999975534449137,0.00069950765358252364,1.0004324950379733,1.0006994140217571,3.3811596585097381e-07,0.00082233322424790038,0,0.0005079723977150062
regular,0.20000000000000001,200,103,0.00064612391387189544,1.5697505178439337,0.99999979126195127,0.00064612386891501315,1.0003994762884008,1.0006460439948517,2.8847707413918527e-07,0.00075957497870741541,0,0.00046922348537517029
regular,0.20000000000000001,200,104,0.00059681037258170976,1.5698303614524101,0.99999982190869485,0.00059681033715279659,1.0003689768702153,1.0005967421994577,2.4612259168375629e-07,0.0007016018695581651,0,0.00043342639728278262
regular,0.20000000000000001,200,105,0.0005512573067332294,1.5699041127633562,0.99999984805769471,0.00055125727881346048,1.0003408047758957,1.00055119915307,2.0998420080920667e-07,0.00064804969070157985,0,0.00040035685671213069
regular,0.20000000000000001,200,106,0.00050917843129837049,1.5699722361275625,0.99999987036866533,0.00050917840929654381,1.0003147825994962,1.0005091288244388,1.7915012241000564e-07,0.00059858186141914732,1.1102230246251565e-16,0.00036980754079436008
regular,0.20000000000000001,200,107,0.00047030918630986632,1.5700351605781613,0.99999988940463669,0.00047030916897186111,1.0002907464309612,1.000470266870066,1.5284220809917115e-07,0.00055288734494320113,1.1102230246251565e-16,0.00034158681165128877
regular,0.20000000000000001,200,108,0.00043440509848889587,1.5700932825058092,0.99999990564610663,0.00043440508482629167,1.000268544833474,1.0004343690013191,1.3039637844627921e-07,0.00051067872179341722,1.1102230246251565e-16,0.00031551754061300485
regular,0.20000000000000001,200,109,0.00040124026491988543,1.5701469681328588,0.99999991950312594,0.00040124025415368966,1.0002480378976981,1.0004012094727843,1.1124591987318881e-07,0.00047169040667197971,1.1102230246251565e-16,0.00029143601896817746
regular,0.20000000000000001,200,110,0.00037060594990264377,1.5701965558013813,0.99999993132561571,0.00037060594141893194,1.0002290963672225,1.0003705796831104,9.4907223504360017e-08,0.00043567699848479497,1.1102230246251565e-16,0.00026919094911988592
regular,0.20000000000000001,200,111,0.00034230928672505879,1.5702423580888409,0.99999994141217663,0.00034230928004000676,1.0002116008299269,1.0003422868801852,8.096760978634105e-08,0.00040241175377054048,1.1102230246251565e-16,0.00024864251041452253
regular,0.20000000000000001,200,112,0.00031617207667339,1.57028466376423,0.99999995001760933,0.00031617207140571124,1.0001954409703575,1.0003161529630493,6.9074934469574764e-08,0.00037168517449469182,0,0.00022966149428874222
regular,0.20000000000000001,200,113,0.00029202967813502737,1.5703237395965459,0.99999995735933389,0.00029202967398424734,1.0001805148785685,1.0002920133734752,5.8928715836479125e-08,0.00034330370180491539,1.1102230246251565e-16,0.00021212850374035348
regular,0.20000000000000001,200,114,0.00026972997915369559,1.570359832026629,0.99999996362286936,0.000269729975883028,1.0001667284112103,1.0002697160706355,5.0272560931898186e-08,0.0003170885079339779,1.1102230246251565e-16,0.00019593321246436408
regular,0.20000000000000001,200,115,0.00024913244726865961,1.5703931687125787,0.999999968966512,0.00024913244469151001,1.0001539946009523,1.0002491205827435,4.2887700934467735e-08,0.00029287437899026857,0,0.00018097367931282728
regular,0.20000000000000001,200,116,0.00023010725091042409,1.5704239599582126,0.99999997352532666,0.00023010724887975265,1.0001422331106204,1.0002300971299849,3.6587473492027573e-08,0.00027050868190144127,0,0.00016715571404057184
regular,0.20000000000000001,200,117,0.00021253444703753458,1.5704524000333444,0.99999997741455449,0.00021253444543747286,1.0001313697286911,1.0002125258134673,3.1212613503158027e-08,0.00024985040925785181,0,0.00015439229057809736
regular,0.20000000000000001,200,118,0.00019630323008229203,1.5704786683940042,0.99999998073252094,0.0001963032288215359,1.0001213359030332,1.0001962958652828,2.6627234046003682e-08,0.00023076929625062204,1.1102230246251565e-16,0.00014260300433436993
regular,0.20000000000000001,200,119,0.00018131123763237225,1.5705029308101286,0.99999998356311759,0.00018131123663897507,1.0001120683100186,1.0001813049551438,2.2715396435063259e-08,0.00021314500432833633,1.1102230246251565e-16,0.00013171357028424115
regular,0.20000000000000001,200,120,0.00016746390860734265,1.5705253404076875,0.99999998597791973,0.00016746390782461186,1.0001035084563366,1.0001674585493727,1.9378183145596542e-08,0.00019686636658198647,1.1102230246251565e-16,0.00012165535882221607
regular,0.20000000000000001,200,121,0.00015467389000010882,1.5705460386316992,0.99999998803799395,0.00015467388938337215,1.0000956023110457,1.0001546693183387,1.6531199956321031e-08,0.00018183069023858998,1.1102230246251565e-16,0.00011236496658380742
regular,0.20000000000000001,200,122,0.00014286048854149306,1.570565156136102,0.99999998979544047,0.00014286048805555026,1.0000882999655789,1.0001428565887125,1.4102444429903288e-08,0.00016794311197487849,0,0.00010378381963201518
regular,0.20000000000000001,200,123,0.00013194916391477633,1.5705828136060109,0.99999999129470907,0.00013194916353189104,1.0000815553195896,1.0001319458371869,1.2030487052160081e-08,0.00015511600208979138,0,9.585780660173522e-05
regular,0.20000000000000001,200,124,0.00012187106039532551,1.5705991225174678,0.9999999925737223,0.00012187106009364273,1.0000753257906845,1.0001218682225468,1.0262919204477052e-08,0.00014326841385648863,1.1102230246251565e-16,8.8536939563164352e-05
regular,0.20000000000000001,200,125,0.00011256257402286422,1.5706141858394169,0.9999999936648335,0.00011256257378516334,1.0000695720462343,1.0001125601532095,8.7550288538820576e-09,0.00013232557465495516,1.1102230246251565e-16,8.1775040533407342e-05
regular,0.20000000000000001,200,126,0.00010396495262781861,1.5706280986822794,0.99999999459564437,0.00010396495244053075,1.0000642577555896,1.0001039628875636,7.4686705719922929e-09,0.00012221841573177336,1.1102230246251565e-16,7.5529451712844607e-05
regular,0.20000000000000001,200,127,9.6023926233009845e-05,1.570640948897174,0.99999999538970274,9.6023926085443559e-05,1.0000593493611574,1.0000960221646384,6.3713013858199775e-09,0.000112883137676271,1.1102230246251565e-16,6.9760767669034904e-05
regular,0.20000000000000001,200,128,8.8689365536794875e-05,1.5706528176295251,0.99999999606709822,8.8689365420526023e-05,1.0000548158669056,1.0000886878628152,5.4351581376730124e-09,0.00010426080891373338,1.1102230246251565e-16,6.4432587818440159e-05
regular,0.20000000000000001,200,129,8.1914966354864634e-05,1.5706637798305196,0.99999999664496919,8.1914966263255554e-05,1.0000506286429696,1.0000819136844636,4.6365555956742724e-09,9.6296994716078984e-05,1.1102230246251565e-16,5.9511287676966565e-05
regular,0.20000000000000001,200,130,7.5657958056049042e-05,1.5706739047296099,0.99999999713793675,7.565795798386976e-05,1.0000467612451505,1.000075656864543,3.955287600251819e-09,8.8941414428283291e-05,1.1102230246251565e-16,5.496580747029191e-05
regular,0.20000000000000001,200,131,6.9878834177535841e-05,1.5706832562710247,0.99999999755847424,6.9878834120665521e-05,1.0000431892481552,1.0000698779013597,3.3741161273224228e-09,8.2147624765691464e-05,1.1102230246251565e-16,5.0767456789909375e-05
regular,0.20000000000000001,200,132,6.4541103536627247e-05,1.5706918935170187,0.99999999791722294,6.4541103491819001e-05,1.0000398900915537,1.000064540307799,2.8783353674766182e-09,7.5872727214416352e-05,1.1102230246251565e-16,4.6889734088553187e-05
regular,0.20000000000000001,200,133,5.9611060287564372e-05,1.5706998710203923,0.9999999982232608,5.9611060252259937e-05,1.0000368429374693,1.0000596103814858,2.4553998111267182e-09,7.007709770141338e-05,0,4.3308159890288102e-05
regular,0.20000000000000001,200,134,5.5057571484259402e-05,1.5707072391686157,0.99999999848433196,5.505757145644307e-05,1.0000340285391223,1.0000550569924342,2.0946069453499797e-09,6.4724136847855759e-05,0,4.0000122680184625e-05
regular,0.20000000000000001,200,135,5.085188082186389e-05,1.5707140445017176,0.99999999870704315,5.0851880799947462e-05,1.0000314291193952,1.0000508513868644,1.786826545999092e-09,5.9780039243866207e-05,1.1102230246251565e-16,3.6944736514353246e-05
regular,0.20000000000000001,200,136,4.6967427328022969e-05,1.5707203300059376,0.9999999988970304,4.6967427310755085e-05,1.0000290282586572,1.0000469670059589,1.5242697247055546e-09,5.5213580298791612e-05,1.1102230246251565e-16,3.4122709461987804e-05
regular,0.20000000000000001,200,137,4.3379677867702047e-05,1.5707261353849822,0.99999999905910175,4.3379677854096759e-05,1.0000268107911454,1.0000433793184196,1.3002918941951296e-09,5.0995919330768605e-05,0,3.1516222058015043e-05
regular,0.20000000000000001,200,138,4.0065972412869373e-05,1.5707314973105944,0.99999999919735894,4.006597240214984e-05,1.0000247627092458,1.0000400656657864,1.1092246720495492e-09,4.7100417663743685e-05,0,2.9108815008826896e-05
regular,0.20000000000000001,200,139,3.7005381104745515e-05,1.5707364496540086,0.99999999931530092,3.7005381096299661e-05,1.0000228710750823,1.0000370051195375,9.4623247370231255e-10,4.3502470589664504e-05,1.1102230246251565e-16,2.6885285448362221e-05
regular,0.20000000000000001,200,140,3.4178572213691161e-05,1.5707410236997494,0.99999999941591255,3.4178572207036735e-05,1.0000211239388443,1.0000341783490843,8.0719016921254061e-10,4.0179352140435033e-05,1.1102230246251565e-16,2.4831591095021399e-05
regular,0.20000000000000001,200,141,3.1567690165709174e-05,1.570745248343117,0.99999999950174046,3.156769016046621e-05,1.0000195102633531,1.0000315674998257,6.8857871067649835e-10,3.7110071696953064e-05,0,2.2934761710619276e-05
regular,0.20000000000000001,200,142,2.9156242871194473e-05,1.5707491502726056,0.99999999957495678,2.9156242867063584e-05,1.0000180198543756,1.0000291560805019,5.8739609097504237e-10,3.4275241530149498e-05,0,2.1182817304015517e-05
regular,0.20000000000000001,200,143,2.692899764592196e-05,1.5707527541384001,0.99999999963741459,2.6928997642667273e-05,1.0000166432962643,1.000026928859137,5.0108138248095178e-10,3.165695444861845e-05,0,1.9564692571004846e-05
regular,0.20000000000000001,200,144,2.4871885071372525e-05,1.5707560827080136,0.99999999969069464,2.487188506880819e-05,1.0000153718925058,1.0000248717669165,4.2744993437786684e-10,2.923867077614394e-05,1.1102230246251565e-16,1.8070167091906556e-05
regular,0.20000000000000001,200,145,2.2971910189236746e-05,1.5707591570100476,0.99999999973614562,2.2971910187216331e-05,1.000014197610805,1.0000229718093974,3.646380897797243e-10,2.700511395198044e-05,1.1102230246251565e-16,1.6689800851062728e-05
regular,0.20000000000000001,200,146,2.1217070470765955e-05,1.5707619964669781,0.99999999977491794,2.1217070469174096e-05,1.0000131130323653,1.0000212169844904,3.1105602433997158e-10,2.4942174096897471e-05,0,1.5414874673267753e-05
regular,0.20000000000000001,200,147,1.9596280045738349e-05,1.5707646190178062,0.99999999980799292,1.959628004448414e-05,1.0000121113050373,1.0000195962067002,2.6534751337232048e-10,2.3036818937184902e-05,1.1102230246251565e-16,1.4237335202394232e-05
regular,0.20000000000000001,200,148,1.8099299713155739e-05,1.5707670412313455,0.99999999983620769,1.8099299712167564e-05,1.0000111861000454,1.0000180992371459,2.2635560974427266e-10,2.1277011526258693e-05,1.1102230246251565e-16,1.3149744076668195e-05
regular,0.20000000000000001,200,149,1.6716672293045657e-05,1.5707692784108618,0.99999999986027643,1.6716672292267084e-05,1.0000103315720179,1.0000167166189202,1.9309336424254381e-10,1.9651634244639493e-05,0,1.2145230980354512e-05
regular,0.20000000000000001,200,150,1.5439662912583055e-05,1.570771344690723,0.99999999988080845,1.543966291196963e-05,1.0000095423220694,1.0000154396173828,1.6471884770198146e-10,1.8150418601342585e-05,1.1102230246251565e-16,1.1217450277637695e-05
regular,0.20000000000000001,200,151,1.4260203849899591e-05,1.5707732531256704,0.99999999989832333,1.426020384941628e-05,1.0000088133636995,1.0000142601650108,1.4051384291793238e-10,1.6763880393150769e-05,0,1.0360540955063598e-05
regular,0.20000000000000001,200,152,1.3170843587636561e-05,1.5707750157732738,0.99999999991326449,1.3170843587255768e-05,1.0000081400912997,1.000013170810456,1.1986566721805976e-10,1.5483259812976062e-05,0,9.5690896203037177e-06
regular,0.20000000000000001,200,153,1.2164699756364052e-05,1.5707766437700912,0.99999999992601007,1.2164699756064029e-05,1.000007518251059,1.0000121646714935,1.0225166576524307e-10,1.4300466129832487e-05,0,8.8380963242980225e-06
regular,0.20000000000000001,200,154,1.1235415669482741e-05,1.5707781474020113,0.99999999993688271,1.1235415669246358e-05,1.0000069439140986,1.0000112353915598,8.7225983255269275e-11,1.3208026594103245e-05,1.1102230246251565e-16,8.1629429930394614e-06
regular,0.20000000000000001,200,155,1.0377120177248479e-05,1.5707795361692274,0.99999999994615774,1.0377120177062237e-05,1.0000064134516498,1.0000103770996105,7.4408279194919799e-11,1.2199039240441831e-05,0,7.5393642667496758e-06
regular,0.20000000000000001,200,156,9.5843905851012104e-06,1.5707808188462467,0.99999999995406974,9.5843905849544721e-06,1.0000059235121346,1.0000095843730405,6.3474101294442239e-11,1.1267129296714602e-05,2.2204460492503131e-16,6.9634205664491057e-06
regular,0.20000000000000001,200,157,8.8522184039063978e-06,1.5707820035373188,0.99999999996081912,8.8522184037907845e-06,1.000005470999993,1.0000088522034376,5.4146673312284825e-11,1.0406408920687754e-05,0,6.4314732161098682e-06
regular,0.20000000000000001,200,158,8.1759777149936988e-06,1.5707830977276311,0.99999999996657674,8.1759777149026089e-06,1.0000050530561271,1.000008175964948,4.6189889526797177e-11,9.611440009363548e-06,1.1102230246251565e-16,5.9401614628921498e-06
regular,0.20000000000000001,200,159,7.5513959508189065e-06,1.5707841083305938,0.99999999997148825,7.5513959507471383e-06,1.0000046670398404,1.0000075513850599,3.9402338597399887e-11,8.877199851011567e-06,1.1102230246251565e-16,5.486381253479381e-06
regular,0.20000000000000001,200,160,6.9745269069077185e-06,1.5707850417315132,0.99999999997567801,6.974526906851174e-06,1.0000043105121545,1.0000069745176166,3.3612205509063222e-11,8.1990493972244401e-06,0,5.0672656290094481e-06
regular,0.20000000000000001,200,161,6.4417258145066599e-06,1.5707859038279313,0.99999999997925204,6.4417258144621093e-06,1.0000039812204029,1.0000064417178893,2.8672922631090346e-11,7.5727039597610506e-06,1.1102230246251565e-16,4.6801666180369454e-06
regular,0.20000000000000001,200,162,5.9496263172220897e-06,1.5707867000668827,0.99999999998230094,5.9496263171869887e-06,1.0000036770839977,1.0000059496195566,2.4459459797198275e-11,6.9942061446883703e-06,1.1102230246251565e-16,4.3226385117357645e-06
regular,0.20000000000000001,200,163,5.4951192054531137e-06,1.5707874354793068,0.99999999998490186,5.4951192054254581e-06,1.0000033961812862,1.0000054951134383,2.0865159514144858e-11,6.4599008528219471e-06,1.1102230246251565e-16,3.9924224157296916e-06
regular,0.20000000000000001,200,164,5.0753327750363787e-06,1.5707881147118314,0.99999999998712052,5.0753327750145896e-06,1.0000031367374107,1.0000050753278553,1.7799037211342116e-11,5.9664121901427688e-06,1.1102230246251565e-16,3.6874319819994547e-06
regular,0.20000000000000001,200,165,4.6876146861130289e-06,1.5707887420561295,0.99999999998901312,4.6876146860958612e-06,1.0000028971130941,1.0000046876104896,1.5183478190852159e-11,5.5106221410748455e-06,0,3.405740229995769e-06
regular,0.20000000000000001,200,166,4.3295152070210958e-06,1.5707893214760322,0.99999999999062761,4.3295152070075695e-06,1.000002675794285,1.000004329511627,1.2952272992023497e-11,5.0896508705457387e-06,1.1102230246251565e-16,3.1455673741380914e-06
regular,0.20000000000000001,200,167,3.998771738630303e-06,1.5707898566325722,0.99999999999200495,3.9987717386196464e-06,1.0000024713825908,1.0000039987686846,1.1048941451598266e-11,4.7008385319213559e-06,1.1102230246251565e-16,2.9052695817751974e-06
regular,0.20000000000000001,200,168,3.6932945198653538e-06,1.5707903509071139,0.99999999999317979,3.6932945198569576e-06,1.0000022825864427,1.0000036932919147,9.4253030180552941e-12,4.3417284618122522e-06,0,2.6833285880920951e-06
regular,0.20000000000000001,200,169,3.4111534254666292e-06,1.5707908074227164,0.99999999999418199,3.4111534254600138e-06,1.0000021082129367,1.0000034111512031,8.0402571582339128e-12,4.0100516600746959e-06,2.2204460492503131e-16,2.4783421051511473e-06
regular,0.20000000000000001,200,170,3.1505657721886629e-06,1.5707912290638655,0.99999999999503697,3.1505657721834507e-06,1.0000019471602959,1.0000031505638765,6.8587429787496614e-12,3.7037124561039187e-06,0,2.2890149639657105e-06
regular,0.20000000000000001,200,171,2.9098850560760562e-06,1.5707916184946977,0.99999999999576628,2.9098850560719498e-06,1.0000017984109091,1.0000029098834389,5.8508517128659463e-12,3.4207752667680308e-06,0,2.1141509311284877e-06
regular,0.20000000000000001,200,172,2.6875905501178245e-06,1.5707919781758328,0.99999999999638844,2.6875905501145889e-06,1.0000016610249021,1.0000026875891705,4.9910696374630728e-12,3.1594523694662886e-06,1.1102230246251565e-16,1.9526451527220156e-06
regular,0.20000000000000001,200,173,2.4822776964217533e-06,1.5707923103799204,0.99999999999691913,2.4822776964192041e-06,1.0000015341341988,1.0000024822765197,4.2576322299896358e-12,2.9180926064776064e-06,0,1.8034771737135106e-06
regular,0.20000000000000001,200,174,2.2926492322461691e-06,1.5707926172059985,0.99999999999737188,2.2926492322441608e-06,1.0000014169370377,1.0000022926482284,3.6319732339400358e-12,2.6951709533682777e-06,0,1.6657044912954729e-06
regular,0.20000000000000001,200,175,2.1175069941115291e-06,1.5707929005927563,0.99999999999775813,2.1175069941099468e-06,1.0000013086929043,1.0000021175061378,3.0982546805790331e-12,2.489278883764948e-06,0,1.5384566003454879e-06
regular,0.20000000000000001,200,176,1.9557443474116591e-06,1.5707931623307829,0.99999999999808753,1.9557443474104122e-06,1.0000012087178538,1.0000019557436168,2.642965972446496e-12,2.299115470108666e-06,0,1.4209294936947923e-06
regular,0.20000000000000001,200,177,1.8063391948064616e-06,1.5707934040738809,0.99999999999836853,1.8063391948054793e-06,1.0000011163801894,1.0000018063385716,2.254581881285868e-12,2.1234791646191717e-06,1.1102230246251565e-16,1.3123805827450726e-06
regular,0.20000000000000001,200,178,1.6683475183654432e-06,1.5707936273495156,0.99999999999860834,1.6683475183646693e-06,1.0000010310964711,1.0000016683469868,1.9232708005045307e-12,1.961260207368992e-06,0,1.2121240056221888e-06
regular,0.20000000000000001,200,179,1.5408974152275827e-06,1.5707938335684657,0.99999999999881284,1.5408974152269728e-06,1.0000009523278286,1.0000015408969618,1.6406458700087778e-12,1.8114336145764645e-06,0,1.1195262938923069e-06
regular,0.20000000000000001,200,180,1.4231835885858638e-06,1.5707940240337379,0.99999999999898725,1.4231835885853834e-06,1.0000008795765574,1.0000014231832017,1.3995526729804464e-12,1.6730527026847938e-06,0,1.0340023703841782e-06
regular,0.20000000000000001,200,181,1.3144622597127902e-06,1.5707941999487991,0.99999999999913614,1.3144622597124115e-06,1.000000812382974,1.0000013144619297,1.1938881306013367e-12,1.5452431074761905e-06,0,9.5501185293619097e-07
regular,0.20000000000000001,200,182,1.2140464685639566e-06,1.5707943624251803,0.99999999999926303,1.2140464685636584e-06,1.0000007503225108,1.0000012140461871,1.0184460073495861e-12,1.4271972585102496e-06,0,8.8205563952902746e-07
regular,0.20000000000000001,200,183,1.1213017332945223e-06,1.5707945124895004,0.99999999999937139,1.1213017332942872e-06,1.0000006930030343,1.0000011213014932,8.6878512210817657e-13,1.3181692775271139e-06,0,8.1467275542569649e-07
regular,0.20000000000000001,200,184,1.0356420415103211e-06,1.5707946510899518,0.99999999999946376,1.035642041510136e-06,1.0000006400623671,1.0000010356418367,7.4111692388958255e-13,1.2174702656653118e-06,0,7.5243744059751341e-07
regular,0.20000000000000001,200,185,9.5652614758525758e-07,1.5707947791022927,0.99999999999954248,9.5652614758511167e-07,1.0000005911659988,1.0000009565259729,6.3220958747054043e-13,1.1244639500406765e-06,1.1102230246251565e-16,6.9495645923487286e-07
regular,0.20000000000000001,200,186,8.8345415277471022e-07,1.5707948973353794,0.99999999999960976,8.8345415277459534e-07,1.0000005460049743,1.0000008834540037,5.3930620435822267e-13,1.0385626647999847e-06,0,6.4186661596404533e-07
regular,0.20000000000000001,200,187,8.1596434689748027e-07,1.5707950065362777,0.99999999999966716,8.1596434689738974e-07,1.0000005042939391,1.0000008159642197,4.6005499243593555e-13,9.592236365268899e-07,0,5.9283246015488789e-07
regular,0.20000000000000001,200,188,7.5363029075850069e-07,1.5707951073949833,0.999999999999716,7.5363029075842933e-07,1.0000004657693384,1.0000007536301823,3.9244976411778925e-13,8.8594555602225266e-07,0,5.4754416720986307e-07
regular,0.20000000000000001,200,189,6.9605812199282681e-07,1.5707952005487809,0.99999999999975775,6.9605812199277059e-07,1.0000004301877514,1.0000006960580294,3.34779140908176e-13,8.1826541037511294e-07,1.1102230246251565e-16,5.0571558071486623e-07
regular,0.20000000000000001,200,190,6.4288406638970443e-07,1.5707952865862713,0.99999999999979339,6.4288406638966017e-07,1.0000003973243523,1.0000006428839874,2.8558323108232803e-13,7.5575555715102488e-07,1.1102230246251565e-16,4.6708240422113352e-07
regular,0.20000000000000001,200,191,5.9377213937563728e-07,1.5707953660510907,0.9999999999998237,5.9377213937560234e-07,1.0000003669714901,1.0000005937720722,2.4361667411617758e-13,6.9802102277249156e-07,0,4.3140053158064255e-07
regular,0.20000000000000001,200,192,5.4841202295710149e-07,1.5707954394453452,0.99999999999984968,5.4841202295707396e-07,1.0000003389373782,1.0000005484119656,2.078171151744084e-13,6.4469700662312433e-07,0,3.9844450442163838e-07
regular,0.20000000000000001,200,193,5.0651710546636463e-07,1.5707955072327837,0.99999999999987177,5.0651710546634293e-07,1.0000003130448794,1.0000005065170565,1.7727831251707223e-13,5.9544657613772917e-07,0,3.6800608765642562e-07
regular,0.20000000000000001,200,194,4.6782267003278077e-07,1.570795569841728,0.99999999999989053,4.6782267003276372e-07,1.0000002891303892,1.0000004678226282,1.5122719669958604e-13,5.4995853789096873e-07,1.1102230246251565e-16,3.3989295375925776e-07
regular,0.20000000000000001,200,195,4.3208422223164387e-07,1.5707956276677788,0.99999999999990663,4.3208422223163043e-07,1.0000002670428023,1.0000004320841867,1.2900430131174564e-13,5.0794547209665263e-07,0,3.1392746803498308e-07
regular,0.20000000000000001,200,196,3.9907594536428045e-07,1.5707956810763162,0.9999999999999204,3.9907594536426986e-07,1.0000002466425555,1.000000399075915,1.1004706804827771e-13,4.6914191466607991e-07,0,2.899455650820123e-07
regular,0.20000000000000001,200,197,3.6858927346619148e-07,1.5707957304048077,0.99999999999993205,3.6858927346618311e-07,1.0000002278007474,1.0000003685892476,9.3875606964040831e-14,4.3330268165346229e-07,0,2.6779571325347515e-07
regular,0.20000000000000001,200,198,3.4043157342791324e-07,1.5707957759649405,0.99999999999994205,3.4043157342790667e-07,1.0000002103983248,1.0000003404315514,8.0080548123466463e-14,4.00201319646666e-07,0,2.4733795695527231e-07
regular,0.20000000000000001,200,199,3.1442492810176451e-07,1.5707958180445911,0.9999999999999506,3.1442492810175932e-07,1.0000001943253281,1.0000003144249092,6.8312678330160679e-14,3.6962867402343308e-07,0,2.2844303178764173e-07
regular,0.20000000000000001,200,200,2.9040501186796723e-07,1.5707958569096445,0.99999999999995781,2.9040501186796316e-07,1.000000179480198,1.0000002904049958,5.8274101544798537e-14,3.4139156856840663e-07,0,2.1099154851032781e-07
regular,2,10,0,0.20000000000000001,0.40000000000000002,0.98006657784124163,0.19866933079506122,1.8054021927509198,0.7633118041900967,0.35234699706186851,0.83946053756191363,0,1.2282496974678121
regular,2,10,1,2.2841807771216467,1.7002229676465865,-0.65439667100789278,0.75615143785738304,-1.3197636026786159,0.0096349636660311155,3.1810630387526273,2.5223255296462539,0,1.708265053242731
regular,2,10,2,-0.37461635556764739,3.8457941679857295,0.93064807184790055,-0.36591551807184247,-0.015528616662490058,-0.6895660612808896,1.9429659233463248,1.9712767047506674,0,1.4377425449374444
regular,2,10,3,0.97345853366915192,1.305890903075432,0.56244326093590868,0.82683588349066062,-0.088292561911685552,1.5861400971381712,0.76397045689272247,1.2360990711854147,1.1102230246251565e-16,1.7325360026663554
regular,2,10,4,-2.3754067844305617,0.41604536402421066,-0.72056059212609658,-0.69339197650022544,-1.0994214583902642,-1.6188456187825198,5.6329614174829503,3.3564747630461786,0,1.0833772770128705
regular,2,10,5,-1.3365584636460512,2.3175235952418309,0.23210172894264325,-0.97269151709153701,0.78832247715344139,-0.14165693341898022,0.67409396365104246,1.1611149500812075,1.1102230246251565e-16,1.037128867460241
regular,2,10,6,0.52340035749879199,3.2357274585112759,0.8661245957859427,0.4998281550439484,0.050816455601957244,-0.079199164302669822,1.0328101185938059,1.4372265782358784,1.1102230246251565e-16,0.35494609975090791
regular,2,10,7,0.78343159730804612,2.5751741380012749,0.70849598518205992,0.7057148425397487,-0.26804894391028566,0.49040111454261037,0.93381957410570238,1.3666159475914967,1.1102230246251565e-16,0.7910118046700475
regular,2,10,8,-0.73346851959774595,2.1259384138645405,0.7428568741310283,-0.66945027041317828,0.92023966880830765,0.31469166251747283,0.23800461392743691,0.68993421994772353,0,0.60707751119023712
regular,2,10,9,0.47762749298392371,2.2120712570807601,0.88808799973264041,0.45967347620988291,-0.01153370546102972,0.89634358916064727,0.5169725443959089,1.0168309047190776,0,1.0537653177775044
regular,2,10,10,-1.33812709625943,1.1421550680993058,0.23057564837624842,-0.97305440257771436,1.2114345079611244,-1.167774451812138,2.3719753125430891,2.1780612078374149,1.1102230246251565e-16,3.1635928913796096
regular,2,40,0,0.20000000000000001,0.40000000000000002,0.98006657784124163,0.19866933079506122,1.8054021927509198,0.7633118041900967,0.35234699706186851,0.83946053756191363,0,1.2282496974678121
regular,2,40,1,2.2841807771216467,1.7002229676465865,-0.65439667100789278,0.75615143785738304,-1.3197636026786159,0.0096349636660311155,3.1810630387526273,2.5223255296462539,0,1.708265053242731
regular,2,40,2,-0.37461635556764739,3.8457941679857295,0.93064807184790055,-0.36591551807184247,-0.015528616662490058,-0.6895660612808896,1.9429659233463248,1.9712767047506674,0,1.4377425449374444
regular,2,40,3,0.97345853366915192,1.305890903075432,0.56244326093590868,0.82683588349066062,-0.088292561911685552,1.5861400971381712,0.76397045689272247,1.2360990711854147,1.1102230246251565e-16,1.7325360026663554
regular,2,40,4,-2.3754067844305617,0.41604536402421066,-0.72056059212609658,-0.69339197650022544,-1.0994214583902642,-1.6188456187825198,5.6329614174829503,3.3564747630461786,0,1.0833772770128705
regular,2,40,5,-1.3365584636460512,2.3175235952418309,0.23210172894264325,-0.97269151709153701,0.78832247715344139,-0.14165693341898022,0.67409396365104246,1.1611149500812075,1.1102230246251565e-16,1.037128867460241
regular,2,40,6,0.52340035749879199,3.2357274585112759,0.8661245957859427,0.4998281550439484,0.050816455601957244,-0.079199164302669822,1.0328101185938059,1.4372265782358784,1.1102230246251565e-16,0.35494609975090791
regular,2,40,7,0.78343159730804612,2.5751741380012749,0.70849598518205992,0.7057148425397487,-0.26804894391028566,0.49040111454261037,0.93381957410570238,1.3666159475914967,1.1102230246251565e-16,0.7910118046700475
regular,2,40,8,-0.73346851959774595,2.1259384138645405,0.7428568741310283,-0.66945027041317828,0.92023966880830765,0.31469166251747283,0.23800461392743691,0.68993421994772353,0,0.60707751119023712
regular,2,40,9,0.47762749298392371,2.2120712570807601,0.88808799973264041,0.45967347620988291,-0.01153370546102972,0.89634358916064727,0.5169725443959089,1.0168309047190776,0,1.0537653177775044
regular,2,40,10,-1.33812709625943,1.1421550680993058,0.23057564837624842,-0.97305440257771436,1.2114345079611244,-1.167774451812138,2.3719753125430891,2.1780612078374149,1.1102230246251565e-16,3.1635928913796096
regular,2,40,11,3.420290823287095,5.3123755457825794,-0.96141439198670409,-0.27510428364683104,-1.7313145819293827,0.36306003494692085,3.9328859322709482,2.8045983428187888,0,3.0617829823431508
regular,2,40,12,-0.76845841046551211,0.84556012754539633,0.71898297092776975,-0.69502768830880246,1.716012105712615,-0.61800233929834403,1.5653024527509631,1.7693515494389254,0,2.86897257852501
regular,2,40,13,3.8995704795564059,4.1822532370828185,-0.72622764685400865,-0.68745429298600602,-0.95210354962662969,0.28670179129754114,2.1597513015015122,2.0783413105173616,0,2.4061713377517977
regular,2,40,14,1.4219597977080642,0.056712383368714647,0.14828762519964234,0.98894427558515674,0.24028151877433046,1.9847038467392426,0.77340691824944985,1.2437097074876033,0,1.9392163458648271
regular,2,40,15,-2.0668848582217603,-1.6374549965165295,-0.47598924324446751,-0.87945110171945273,-1.3217818835969342,-0.34593933097244944,3.6011118988287456,2.6836959212357669,0,2.5695904080343532
regular,2,40,16,-4.0185699634707301,-6.391622085523597,-0.63947793473153447,0.76880945037863002,-1.1919959536295504,1.6023104034632754,2.5838120414242076,2.2732408765567311,2.2204460492503131e-16,3.1687396947371487
regular,2,40,17,-9.6071826776563825,-9.380108816773042,-0.98341033314751225,0.18139491905425317,0.0071191092771982767,0.044094432202268274,0.94978395885460398,1.3782481335772627,0,1.0838065505044825
regular,2,40,18,-9.681133323506522,-7.2137575392457691,-0.96732052296322735,0.25355671131750451,-1.3418309622030873,1.1807794088936407,2.758426725106486,2.3487982991761918,2.2204460492503131e-16,3.2846759249304052
regular,2,40,19,-14.726354065699979,-11.42114763166774,-0.55568538789297028,-0.83139265674062768,-0.027861994258780443,-1.680746802625892,4.1214518495152905,2.871045750076195,1.1102230246251565e-16,2.8225661008560214
regular,2,40,20,-11.420584448965757,-6.8451881895525535,0.41233003915246758,0.91103454314999743,1.2467133781246145,1.462219125341564,0.1372570053885897,0.52394084663936957,2.2204460492503131e-16,0.32982493964781839
regular,2,40,21,-11.851595943399655,-7.3445548433457413,0.75524095168448924,0.65544725561917416,1.6957758295489527,0.31575012062907909,0.47615095120182649,0.97585957104680432,0,1.4388499458333819
regular,2,40,22,-9.0915445255599074,-6.5301392016862074,-0.9449896277358677,-0.32710029573760108,-1.9412698565704394,-0.41327282983828506,5.3242042303645043,3.2631899210326401,1.1102230246251565e-16,1.9151453292380634
regular,2,40,23,-12.147538579024216,-8.8392574042908869,0.91356456721383639,0.40669371956227174,0.37692994752131126,-0.43712100236870932,1.2267665328725197,1.5663757741184072,0,0.85025068194798548
regular,2,40,24,-10.519436679244174,-9.330163803255779,-0.45834981782701256,0.88877187427255167,0.081914990748807592,0.047276813910025028,0.87528077676259752,1.3230878857903563,0,1.2877527459059941
regular,2,40,25,-10.450160325566609,-6.7555901831829619,-0.51877203627672142,0.85491261212904335,-0.59171627917585845,1.8522486324491116,1.6299442224524099,1.8055161159360555,0,2.8808910247774686
regular,2,40,26,-15.338090148816548,-9.806208879375145,-0.93237322018099533,-0.36149713455201982,0.067559989198182735,-0.37305467670668679,1.3773617594850986,1.6597359786936587,1.1102230246251565e-16,1.452197230963256
regular,2,40,27,-14.45686081700681,-7.0387295108472507,-0.31427596199841717,-0.94933167002369068,-1.1939793496070461,-1.4248544873835964,5.346732335743261,3.270086340066042,1.1102230246251565e-16,1.1140511936325979
regular,2,40,28,-13.995110541453709,-9.2184604417567293,0.14157909803853441,-0.98992694629381373,-0.19979076036533544,-0.049997895900475875,1.2709967250267282,1.5943630232959671,0,1.4936857208947183
regular,2,40,29,-14.294696270383428,-12.190772087974324,-0.15687860924673663,-0.98761789268968281,0.059466342653924475,-1.9639348810633876,4.834756769892512,3.109584142580005,0,2.5546361272366278
regular,2,40,30,-10.247893822948804,-9.0717894138051705,-0.6799397496326498,0.73326798434780283,0.21157087202215574,0.28026819243100504,0.56981718233521828,1.0675365870406675,0,1.0011664745743607
regular,2,40,31,-10.385288463766502,-7.0741758495938161,-0.57310171160631729,0.81948424521396968,-0.39337884972746873,1.8032015282369307,1.2933186569149924,1.6083026188593939,0,2.6683937669760525
regular,2,40,32,-14.7784492196953,-10.104264916785356,-0.59822346029315809,-0.80132932777658916,0.37068225833503277,-0.55389911860723751,1.405321645391322,1.6764973279974662,0,1.6361535527875926
regular,2,40,33,-12.92928646581076,-7.4045258733139336,0.93486566721568531,-0.35500166796984423,1.0212975983873933,-1.3512594264209035,2.764437239015114,2.3513558807696948,0,2.3795278981944255
regular,2,40,34,-8.1841724161941656,-7.0405138827510818,-0.32422351055474979,-0.94598050466357608,-1.2097004374928488,-1.4106638504596791,5.3470381116845873,3.2701798457224296,2.2204460492503131e-16,1.1258572109921843
regular,2,40,35,-7.782245590260505,-9.2560663341201064,0.07167453321248117,-0.99742807324075899,-0.16646290860532786,-0.026196608138608579,1.2068575978535931,1.5536135927917167,0,1.3844054518379287
regular,2,40,36,-8.062778191193944,-12.010628963672726,-0.20728274493317184,-0.97828107599655101,0.13274377111066354,-1.9186969246438883,4.6354625522365218,3.0448193878246776,0,2.7344707420289396
regular,2,40,37,-3.9598967996848407,-8.394597265352381,-0.68346014219699747,0.72998783142464774,0.29417786543623503,0.94028268640432522,0.25087552159161686,0.70834387354111683,1.1102230246251565e-16,0.65234977940853667
regular,2,40,38,-5.252106441621021,-8.5746949612416792,0.51389363518465359,0.85785391047468107,0.81930036562559605,-0.094368085176214089,0.61514693185764835,1.109186126723237,1.1102230246251565e-16,1.0445684237771873
regular,2,40,39,-3.424769540017401,-7.5621078707417499,-0.96017263950493292,0.27940741283317816,-0.96886940667812782,1.2793695952384605,1.9772470556483921,1.9885909864265161,1.1102230246251565e-16,2.9868329792812904
regular,2,40,40,-7.9212475438505781,-11.494838543637341,-0.067215194977709128,-0.99773850159453537,0.77655314195206282,-1.5344460510055409,3.2366726419145384,2.5442769668078742,0,3.2312748671082931
regular,2,200,0,0.20000000000000001,0.40000000000000002,0.98006657784124163,0.19866933079506122,1.8054021927509198,0.7633118041900967,0.35234699706186851,0.83946053756191363,0,1.2282496974678121
regular,2,200,1,2.2841807771216467,1.7002229676465865,-0.65439667100789278,0.75615143785738304,-1.3197636026786159,0.0096349636660311155,3.1810630387526273,2.5223255296462539,0,1.708265053242731
regular,2,200,2,-0.37461635556764739,3.8457941679857295,0.93064807184790055,-0.36591551807184247,-0.015528616662490058,-0.6895660612808896,1.9429659233463248,1.9712767047506674,0,1.4377425449374444
regular,2,200,3,0.97345853366915192,1.305890903075432,0.56244326093590868,0.82683588349066062,-0.088292561911685552,1.5861400971381712,0.76397045689272247,1.2360990711854147,1.1102230246251565e-16,1.7325360026663554
regular,2,200,4,-2.3754067844305617,0.41604536402421066,-0.72056059212609658,-0.69339197650022544,-1.0994214583902642,-1.6188456187825198,5.6329614174829503,3.3564747630461786,0,1.0833772770128705
regular,2,200,5,-1.3365584636460512,2.3175235952418309,0.23210172894264325,-0.97269151709153701,0.78832247715344139,-0.14165693341898022,0.67409396365104246,1.1611149500812075,1.1102230246251565e-16,1.037128867460241
regular,2,200,6,0.52340035749879199,3.2357274585112759,0.8661245957859427,0.4998281550439484,0.050816455601957244,-0.079199164302669822,1.0328101185938059,1.4372265782358784,1.1102230246251565e-16,0.35494609975090791
regular,2,200,7,0.78343159730804612,2.5751741380012749,0.70849598518205992,0.7057148425397487,-0.26804894391028566,0.49040111454261037,0.93381957410570238,1.3666159475914967,1.1102230246251565e-16,0.7910118046700475
regular,2,200,8,-0.73346851959774595,2.1259384138645405,0.7428568741310283,-0.66945027041317828,0.92023966880830765,0.31469166251747283,0.23800461392743691,0.68993421994772353,0,0.60707751119023712
regular,2,200,9,0.47762749298392371,2.2120712570807601,0.88808799973264041,0.45967347620988291,-0.01153370546102972,0.89634358916064727,0.5169725443959089,1.0168309047190776,0,1.0537653177775044
regular,2,200,10,-1.33812709625943,1.1421550680993058,0.23057564837624842,-0.97305440257771436,1.2114345079611244,-1.167774451812138,2.3719753125430891,2.1780612078374149,1.1102230246251565e-16,3.1635928913796096
regular,2,200,11,3.420290823287095,5.3123755457825794,-0.96141439198670409,-0.27510428364683104,-1.7313145819293827,0.36306003494692085,3.9328859322709482,2.8045983428187888,0,3.0617829823431508
regular,2,200,12,-0.76845841046551211,0.84556012754539633,0.71898297092776975,-0.69502768830880246,1.716012105712615,-0.61800233929834403,1.5653024527509631,1.7693515494389254,0,2.86897257852501
regular,2,200,13,3.8995704795564059,4.1822532370828185,-0.72622764685400865,-0.68745429298600602,-0.95210354962662969,0.28670179129754114,2.1597513015015122,2.0783413105173616,0,2.4061713377517977
regular,2,200,14,1.4219597977080642,0.056712383368714647,0.14828762519964234,0.98894427558515674,0.24028151877433046,1.9847038467392426,0.77340691824944985,1.2437097074876033,0,1.9392163458648271
regular,2,200,15,-2.0668848582217603,-1.6374549965165295,-0.47598924324446751,-0.87945110171945273,-1.3217818835969342,-0.34593933097244944,3.6011118988287456,2.6836959212357669,0,2.5695904080343532
regular,2,200,16,-4.0185699634707301,-6.391622085523597,-0.63947793473153447,0.76880945037863002,-1.1919959536295504,1.6023104034632754,2.5838120414242076,2.2732408765567311,2.2204460492503131e-16,3.1687396947371487
regular,2,200,17,-9.6071826776563825,-9.380108816773042,-0.98341033314751225,0.18139491905425317,0.0071191092771982767,0.044094432202268274,0.94978395885460398,1.3782481335772627,0,1.0838065505044825
regular,2,200,18,-9.681133323506522,-7.2137575392457691,-0.96732052296322735,0.25355671131750451,-1.3418309622030873,1.1807794088936407,2.758426725106486,2.3487982991761918,2.2204460492503131e-16,3.2846759249304052
regular,2,200,19,-14.726354065699979,-11.42114763166774,-0.55568538789297028,-0.83139265674062768,-0.027861994258780443,-1.680746802625892,4.1214518495152905,2.871045750076195,1.1102230246251565e-16,2.8225661008560214
regular,2,200,20,-11.420584448965757,-6.8451881895525535,0.41233003915246758,0.91103454314999743,1.2467133781246145,1.462219125341564,0.1372570053885897,0.52394084663936957,2.2204460492503131e-16,0.32982493964781839
regular,2,200,21,-11.851595943399655,-7.3445548433457413,0.75524095168448924,0.65544725561917416,1.6957758295489527,0.31575012062907909,0.47615095120182649,0.97585957104680432,0,1.4388499458333819
regular,2,200,22,-9.0915445255599074,-6.5301392016862074,-0.9449896277358677,-0.32710029573760108,-1.9412698565704394,-0.41327282983828506,5.3242042303645043,3.2631899210326401,1.1102230246251565e-16,1.9151453292380634
regular,2,200,23,-12.147538579024216,-8.8392574042908869,0.91356456721383639,0.40669371956227174,0.37692994752131126,-0.43712100236870932,1.2267665328725197,1.5663757741184072,0,0.85025068194798548
regular,2,200,24,-10.519436679244174,-9.330163803255779,-0.45834981782701256,0.88877187427255167,0.081914990748807592,0.047276813910025028,0.87528077676259752,1.3230878857903563,0,1.2877527459059941
regular,2,200,25,-10.450160325566609,-6.7555901831829619,-0.51877203627672142,0.85491261212904335,-0.59171627917585845,1.8522486324491116,1.6299442224524099,1.8055161159360555,0,2.8808910247774686
regular,2,200,26,-15.338090148816548,-9.806208879375145,-0.93237322018099533,-0.36149713455201982,0.067559989198182735,-0.37305467670668679,1.3773617594850986,1.6597359786936587,1.1102230246251565e-16,1.452197230963256
regular,2,200,27,-14.45686081700681,-7.0387295108472507,-0.31427596199841717,-0.94933167002369068,-1.1939793496070461,-1.4248544873835964,5.346732335743261,3.270086340066042,1.1102230246251565e-16,1.1140511936325979
regular,2,200,28,-13.995110541453709,-9.2184604417567293,0.14157909803853441,-0.98992694629381373,-0.19979076036533544,-0.049997895900475875,1.2709967250267282,1.5943630232959671,0,1.4936857208947183
regular,2,200,29,-14.294696270383428,-12.190772087974324,-0.15687860924673663,-0.98761789268968281,0.059466342653924475,-1.9639348810633876,4.834756769892512,3.109584142580005,0,2.5546361272366278
regular,2,200,30,-10.247893822948804,-9.0717894138051705,-0.6799397496326498,0.73326798434780283,0.21157087202215574,0.28026819243100504,0.56981718233521828,1.0675365870406675,0,1.0011664745743607
regular,2,200,31,-10.385288463766502,-7.0741758495938161,-0.57310171160631729,0.81948424521396968,-0.39337884972746873,1.8032015282369307,1.2933186569149924,1.6083026188593939,0,2.6683937669760525
regular,2,200,32,-14.7784492196953,-10.104264916785356,-0.59822346029315809,-0.80132932777658916,0.37068225833503277,-0.55389911860723751,1.405321645391322,1.6764973279974662,0,1.6361535527875926
regular,2,200,33,-12.92928646581076,-7.4045258733139336,0.93486566721568531,-0.35500166796984423,1.0212975983873933,-1.3512594264209035,2.764437239015114,2.3513558807696948,0,2.3795278981944255
regular,2,200,34,-8.1841724161941656,-7.0405138827510818,-0.32422351055474979,-0.94598050466357608,-1.2097004374928488,-1.4106638504596791,5.3470381116845873,3.2701798457224296,2.2204460492503131e-16,1.1258572109921843
regular,2,200,35,-7.782245590260505,-9.2560663341201064,0.07167453321248117,-0.99742807324075899,-0.16646290860532786,-0.026196608138608579,1.2068575978535931,1.5536135927917167,0,1.3844054518379287
regular,2,200,36,-8.062778191193944,-12.010628963672726,-0.20728274493317184,-0.97828107599655101,0.13274377111066354,-1.9186969246438883,4.6354625522365218,3.0448193878246776,0,2.7344707420289396
regular,2,200,37,-3.9598967996848407,-8.394597265352381,-0.68346014219699747,0.72998783142464774,0.29417786543623503,0.94028268640432522,0.25087552159161686,0.70834387354111683,1.1102230246251565e-16,0.65234977940853667
regular,2,200,38,-5.252106441621021,-8.5746949612416792,0.51389363518465359,0.85785391047468107,0.81930036562559605,-0.094368085176214089,0.61514693185764835,1.109186126723237,1.1102230246251565e-16,1.0445684237771873
regular,2,200,39,-3.424769540017401,-7.5621078707417499,-0.96017263950493292,0.27940741283317816,-0.96886940667812782,1.2793695952384605,1.9772470556483921,1.9885909864265161,1.1102230246251565e-16,2.9868329792812904
regular,2,200,40,-7.9212475438505781,-11.494838543637341,-0.067215194977709128,-0.99773850159453537,0.77655314195206282,-1.5344460510055409,3.2366726419145384,2.5442769668078742,0,3.2312748671082931
regular,2,200,41,-3.2992491579353702,-6.9780166534339996,-0.98759793364774928,0.1570042083980418,-1.6457099656051271,0.9099242263235392,3.503947433552848,2.647242880263482,1.1102230246251565e-16,3.2770487266698844
regular,2,200,42,-8.4105175417927036,-11.080592543780856,-0.52824804688811089,-0.84909010179067346,0.27291860299189397,-1.4475314097900878,3.2595286798921572,2.5532444770887714,0,2.9497026075357673
regular,2,200,43,-4.9696175162287402,-6.2886003791704912,0.25440125281680925,0.96709875533227629,0.51403565952699326,1.9328057372125207,0.5531439417939793,1.051802207445848,0,1.5871745864083016
regular,2,200,44,-7.8071576715997946,-7.71157562056377,0.046806854123159908,-0.99890395855011671,-0.93534251576856198,-1.1870066305707283,4.2642743277508579,2.9203678972865244,0,1.8015881799465294
regular,2,200,45,-7.3038294419954619,-11.279423791909569,0.52281697027098972,-0.85244496338277642,1.4875674664055483,-0.58927870375186653,1.3817644162481693,1.6623864871011009,2.2204460492503131e-16,2.6597181505521226
regular,2,200,46,-3.1501371016806328,-7.9562863431248312,-0.99996349642549875,0.0085443441229540295,-0.88934121025056245,1.0024068646968163,1.7848080008743643,1.8893427433233836,0,2.6656403757673997
regular,2,200,47,-6.9336332515753902,-11.712309683762772,0.79581262883048542,-0.60554294628367367,1.7751550219571786,-0.40333395285142948,1.2851057456455259,1.6031879151525101,1.1102230246251565e-16,2.6627136359219445
regular,2,200,48,-2.5766553019581746,-8.6501341867920303,-0.84462214169318173,-0.53536290286274313,-0.61546158622006286,0.43802573474057904,1.4627656056832541,1.7104184316612436,0,1.7871975961670945
regular,2,200,49,-4.683629943879458,-11.537513422237634,-0.028755072321399424,0.99958648741156519,-0.8999427179757673,1.4905366743543951,1.9252042802379079,1.9622457951224703,0,2.4433274294847971
regular,2,200,50,-9.4645887285397823,-12.548368906503519,-0.99920765604170436,0.039800252607779404,-1.99896984792057,0.061607583704596305,4.9372002378487263,3.1423558798610722,0,2.2919706941250975
regular,2,200,51,-13.585743591790115,-14.555506481265464,0.52390013929510815,-0.85177969220131466,-0.46725727327151445,-0.98447100131475218,3.0454845305136673,2.4679888697130168,0,1.8461614887115896
regular,2,200,52,-12.55131613570364,-18.099968190425493,0.99988668347637544,0.01505391001084143,1.7215167777070604,0.70733276069213513,0.30312028673843328,0.77861452174799983,1.1102230246251565e-16,1.2384050509891669
regular,2,200,53,-10.522948101673791,-16.678591604228927,-0.45522614500250391,0.8903758514841692,-0.93289745000360647,0.01183722149767652,2.3562791145239381,2.1708427462734088,1.1102230246251565e-16,1.5478580709661292
regular,2,200,54,-12.412417444676358,-14.226375456889262,0.9881725991550282,0.15334573446690952,1.052872029051285,-0.84455906248072488,1.7025967932178854,1.8453166629160889,0,1.8985988866816152
regular,2,200,55,-8.6175552616123383,-14.093214120213572,-0.69150733455878399,-0.72236943889633509,-1.4435630438950069,-0.063269894021063311,3.5507716085104972,2.6648720826750756,1.1102230246251565e-16,2.7774489249371146
regular,2,200,56,-11.378141561360225,-18.91359308915176,0.37330338082997688,0.92770932185728805,0.80520889238812088,1.8296281813372848,0.36311324743683665,0.85218923653943979,0,1.1552480672204319
regular,2,200,57,-13.426980139258553,-19.981606604507128,0.6519754230837822,-0.75824009897572897,0.24251379010637841,-1.6705674366783092,3.8528578960127793,2.775917108277111,0,1.9549478907346456
regular,2,200,58,-9.6008176856891776,-20.786445657266956,-0.9845449821097656,0.17513188802294483,-0.46858055414565636,1.0317418979315784,1.0788681960495308,1.4689235487591115,1.1102230246251565e-16,1.9685040015854154
regular,2,200,59,-12.601462589843647,-23.335202643761153,0.99938433981158337,-0.035084773611436602,0.80890511816411914,0.94660645387334452,0.019684062315924278,0.19841402327418431,0,0.24098393791379982
regular,2,200,60,-12.876865261262099,-23.730735704206609,0.9521825570757676,-0.30552966795493441,1.413327811838911,0.58179499303980853,0.172867653943058,0.58799260870024206,1.1102230246251565e-16,1.002302001519574
regular,2,200,61,-11.213799623663894,-22.611517274211529,0.21649739036656043,0.97628319660048901,-0.52720656468170446,0.30777408877504708,1.405768301689055,1.6767637291455555,1.1102230246251565e-16,0.97640705937713668
regular,2,200,62,-12.883760930577397,-21.599236574100253,0.9500531040440886,-0.31208828798305166,-0.047171440012787724,-0.38654101614364511,1.5095320071135536,1.7375453991844665,0,1.3481419673886603
regular,2,200,63,-12.205021778315682,-24.208692498258642,0.93542081227310936,0.35353628380452862,1.2169609161654209,1.3130857457398197,0.072547361664398929,0.38091301281105883,1.1102230246251565e-16,0.15378307196223137
regular,2,200,64,-12.397271437464481,-23.96861542428919,0.98573677036574492,0.1682944430125686,1.2210796537123745,1.1402068502068048,0.034267087065248406,0.26179032474577207,0,0.19904354932379342
regular,2,200,65,-12.235525830453341,-23.604868676231902,0.9457682596495649,0.32484211401761504,0.66180883090147791,1.2836784101730432,0.097423353627265244,0.44141443933624386,1.1102230246251565e-16,0.66792189397539747
regular,2,200,66,-13.479264988996471,-24.092302293571898,0.6114580622827418,-0.79127684034693868,1.6033352753182226,-0.66407780630592361,1.5665841999416252,1.7700758175522455,1.1102230246251565e-16,2.8503934800380688
regular,2,200,67,-8.9444388257481791,-20.637693251539371,-0.88683826628401974,-0.46207996002245544,-1.1468150229539076,0.50353491454783927,2.4276461619268037,2.2034727871824531,1.1102230246251565e-16,2.7518628512734038
regular,2,200,68,-12.245138700751673,-25.041825055201279,0.94884717906894078,0.31573569765377096,1.8651096390543254,0.71631415990746172,0.41444617172685716,0.91043524945693655,0,1.2990546361580251
regular,2,200,69,-9.9475477424579459,-23.828875106002407,-0.8664396031121363,0.49928189848910376,-1.5765816799518269,-0.20477650157569982,4.0451297861061803,2.8443381606645088,1.1102230246251565e-16,1.6734917240395111
regular,2,200,70,-12.691158099210201,-21.911872129469323,0.99222414009351101,-0.12446387353643057,-0.0067404113039886138,-0.0789685435432078,1.0888496868541375,1.4757030099949906,1.1102230246251565e-16,1.1259723237405208
regular,2,200,71,-12.546701834731762,-24.159178758074205,0.99980657578979337,0.019667511471669629,1.5457921674749184,0.85746207678720332,0.15910307481539326,0.5640976419298227,0,0.87184554857011276
regular,2,200,72,-11.170041653356332,-23.089008029983844,0.17358361388113555,0.98481913516745034,-0.78220404803212762,0.69076141067380981,1.6359398869752775,1.8088338160125588,0,1.490584288471565
regular,2,200,73,-14.115972570768207,-22.63199915261935,0.021192783664918387,-0.99977540773942419,0.60194810423958334,-0.18569724341844318,0.78216163238427827,1.2507290932766202,1.1102230246251565e-16,0.86792008220737848
regular,2,200,74,-12.540681875452155,-21.902889900417655,0.99967006249140655,0.025685913618699055,0.0061550477078108345,-0.088015077579934056,1.0857522991189668,1.4736025916908309,1.1102230246251565e-16,0.97252815458068809
regular,2,200,75,-12.352341624876665,-23.838806219844102,0.97718309619442656,0.21239867351721856,1.0399740901520549,1.2104253720968774,0.022938382552796958,0.21418862039238667,1.1102230246251565e-16,0.17252706890144981
regular,2,200,76,-12.693244188766311,-23.785441437933475,0.99196233853047167,-0.12653346963218082,1.335207794119244,0.81271226882908898,0.073720479742718434,0.38398041549724493,1.1102230246251565e-16,0.64555381778970089
regular,2,200,77,-11.648253138186002,-23.027185128458576,0.60731682128372111,0.79445974006606324,-0.38573877670811285,0.91210573148558038,0.96399867985509102,1.3885234458626121,0,1.3217623529479405
regular,2,200,78,-14.243942154573389,-23.527806143686451,-0.10657243930072127,-0.99430494074076392,0.89079069304926994,-1.0668775404531488,2.1419547199771585,2.0697607204588451,0,2.8486289692697091
regular,2,200,79,-10.328605687568551,-19.389100021189652,-0.61860706043659264,0.78570051850434586,-0.74568700861996073,1.7775929959280394,1.8260369996904253,1.9110400308159039,0,3.0054463686124291
regular,2,200,80,-15.375165696664551,-22.654534689501901,-0.94513210918682455,-0.32668837779153448,0.00071935722122062895,-0.65128813671589114,1.862657156745505,1.9301073321167945,1.1102230246251565e-16,1.9957488456301118
regular,2,200,81,-14.071150708790327,-18.882055566864494,0.0659682914488188,-0.9978217198093674,0.099478603631439122,-1.9972600915849479,4.8972534209626968,3.1296176830286146,0,2.3231923901860325
regular,2,200,82,-9.8776733183575534,-16.881146047870118,-0.89918394908806043,0.43757082364161398,-0.95443760651168763,-0.56090152617149558,3.1281199660758188,2.5012476750917005,0,1.9062700566332849
regular,2,200,83,-10.664745479037938,-13.150733265194642,-0.32482700496930245,0.94577344900492566,-0.07400061392541174,1.9138055360536439,0.99425893821722433,1.4101481753469911,0,2.358264935069029
regular,2,200,84,-14.64035777899605,-15.68848046622281,-0.4822233168798486,-0.87604832780925801,-0.01715831428729736,0.0092282071579748992,1.0081198909075886,1.4199435840254981,0,0.44048413375495138
regular,2,200,85,-14.693130821886594,-16.567866669380145,-0.52776225795284226,-0.84939213504748068,0.4602602244311168,-0.69508214086745568,1.5823112448094727,1.778938585117245,0,1.9666374450942157
regular,2,200,86,-12.382446091289449,-13.38488262330451,0.98313351238844759,0.18288930208941759,1.7884498344592314,-0.40995605835998816,1.3048146139824119,1.6154346870006302,0,2.2976629336322274
regular,2,200,87,-7.9856343056510095,-12.048819021517254,-0.13127269109461751,-0.99134629699857013,0.2451194125308542,-1.9178067572063398,4.5417204868683703,3.0138747442016798,0,2.8124079590440676
regular,2,200,88,-3.659781966176622,-8.4536061419450803,-0.86871745118669719,0.4953079749041886,0.030428360780558994,0.93295715955068548,0.47228195301709308,0.9718867763449538,1.1102230246251565e-16,0.97318617204375213
regular,2,200,89,-5.4648395637168754,-9.1817080382418119,0.68342977603348298,0.730016260935894,0.195793147624924,-0.14303042660969945,0.97663360878128957,1.3975933663131701,0,0.36843888297709038
regular,2,200,90,-4.7871924152476284,-8.892254787907456,0.074733693269734697,0.99720352741567519,0.51663741337026381,0.10014104232262822,0.52169276693279765,1.0214624485832042,1.1102230246251565e-16,0.92976244211188264
regular,2,200,91,-3.954199673152357,-7.2297398596544769,-0.68760786115385408,0.72608224691106593,-0.50035455391289951,1.7083939077027541,1.3764428579587769,1.6591822431298962,0,2.7311717564946729
regular,2,200,92,-8.3716965963836643,-10.442669611008951,-0.4948958429181961,-0.8689523028695465,0.50448506298109264,-0.83376985093797962,1.8041234595089759,1.8995386068774573,1.1102230246251565e-16,2.2551898831842592
regular,2,200,93,-5.6951867685455202,-6.8122673222326284,0.83205254913928628,0.55469681400817117,1.8303174727444809,0.61357925875628738,0.41937404740406103,0.91583191405853626,1.1102230246251565e-16,1.2920390950540501
regular,2,200,94,-3.2617103405691332,-5.9429845333338491,-0.99279454041052129,0.11982904710904543,-1.9686738543570921,-0.098481659479454919,5.0098432048780648,3.1653888244189101,0,1.9176296509366413
regular,2,200,95,-7.0020947303244077,-6.7907690162542442,0.75252439157727158,-0.65856437808406942,1.0900652402941784,-1.5998752594869512,3.3837315562007944,2.6014348180190079,1.1102230246251565e-16,2.8043336980879499
regular,2,200,96,-1.6222137307621489,-5.2051995944137674,-0.05139475117313054,-0.99867841648443167,0.8041324941946969,-1.5164362096979547,3.1854076386546994,2.5240473999727895,1.1102230246251565e-16,3.2352542443772592
regular,2,200,97,3.0189236770231549,-0.69661626202429083,-0.99248559105495848,0.12236156074637887,-1.6752292188536679,0.85301957835807762,3.5892273088772217,2.6792638201107488,0,3.2580946143369789
regular,2,200,98,-2.0375739174003362,-4.8066715100076998,-0.45001094095749195,-0.89302304170640112,0.39668057283205393,-1.42510713325281,3.1225694694759611,2.4990275986775181,1.1102230246251565e-16,2.9927201355613833
regular,2,200,99,1.6060014947693917,-0.058002911862491402,-0.035197896188343382,0.99938036207637915,-0.012402127054678087,1.9991205047682712,1.0115999249566208,1.4223922981769979,0,2.262138783091491
regular,2,200,100,-2.417043768876507,-2.1278324465157468,-0.74879849632967888,-0.66279771566776835,-0.91552894367968052,0.32320479849052142,2.0636514394304242,2.0315764516406585,0,2.3538688574547062
regular,2,200,101,-4.8945112532169102,-6.1309498887620428,0.18111715342057955,0.98346152783768126,0.21099955875768797,1.9830149490470075,0.79442004316522696,1.2604920016923764,0,1.9517172121766992
regular,2,200,102,-8.4385420337955495,-7.7669957718406044,-0.55183282900409691,-0.833954752269771,-1.4305756369803559,-0.35665916520657637,3.8741110088107336,2.7835628280355857,0,2.5858097341091102
regular,2,200,103,-10.586374977343109,-12.471510791549388,-0.39787487101906799,0.91743969121221258,-0.88085867456880096,1.7930689766456276,2.0832938777092247,2.0412221229984868,0,2.9575869951543745
regular,2,200,104,-15.934230279771967,-14.999301724342027,-0.97451064631834095,0.22434125838153215,-0.088624010312121304,0.68824304555806781,0.64114731723547713,1.13238449056447,1.1102230246251565e-16,0.80986857184650707
regular,2,200,105,-17.487964391512346,-15.456968332991973,0.20768210067453829,0.97819637346465915,0.24946007609993517,-0.020930545785020072,0.80280467834240721,1.2671264170100844,0,0.83739242239656275
regular,2,200,106,-16.947183147742436,-13.871894226605965,-0.32553401073944094,0.94553033153458044,0.50157660156940254,1.5075695072208399,0.2530263443817562,0.71137380382152982,0,1.2255411749205962
regular,2,200,107,-18.959168959045311,-15.271793430412773,0.99399850362317732,-0.10939366889763018,0.046846025310246064,-0.43017736989515953,1.4769549044135559,1.7186942162080816,0,1.1522222898190528
regular,2,200,108,-18.0051221686345,-17.369472991816345,0.66415471252623148,0.74759515637087892,-0.020201466876124896,1.4767430286943259,0.63404747421241803,1.1260972197926944,0,1.5541060737248791
regular,2,200,109,-20.999011159775403,-18.204704374296405,-0.54690167382339416,-0.83719684612949297,-0.48075736422113807,-1.8350069133803906,5.114953285304872,3.1984225128349983,1.1102230246251565e-16,2.1462363948461367
regular,2,200,110,-18.290512061456898,-14.874636013938556,0.84776261198204428,0.53037586080569488,0.6702826044584449,-0.45374854542017606,1.1110491971169922,1.4906704512513771,0,1.1259948951638976
regular,2,200,111,-16.042449761699658,-14.741692747276398,-0.94457901013338819,0.32828416595295701,-0.13760383724801706,0.91886952840839875,0.65036232197104427,1.1404931582180091,0,1.2181276529254623
regular,2,200,112,-18.155396493012489,-15.954456543702232,0.76859172012319088,0.63973960933967078,-0.13286807211772722,0.20687676388748755,0.95621726824265996,1.3829080000077083,1.1102230246251565e-16,0.40726921633905078
regular,2,200,113,-18.834886165022919,-16.403640964559475,0.99989240105152732,0.014669230361941066,0.22295386287827845,0.64424568155846962,0.36518091715279355,0.85461209581048359,1.1102230246251565e-16,0.87386739703507099
regular,2,200,114,-19.6774698023833,-17.934859343647169,0.6764137032303349,-0.73652189518182309,1.6726504476972173,-0.64984808729254318,1.5872286679650649,1.7817006864033391,0,2.8793403384676384
regular,2,200,115,-15.032472732403779,-14.530978417588003,-0.78040032286994254,-0.62528020603925194,-1.0583692500096642,0.33530986029747223,2.339348475601557,2.1630295770523142,1.1102230246251565e-16,2.5722827357064775
regular,2,200,116,-17.819830953018052,-18.855002936439444,0.51505460970513073,0.85715736537784915,1.0347705044549509,1.7114965186093944,0.25371814198667009,0.7123456211512359,0,0.75736772492090965
regular,2,200,117,-19.173282981326938,-19.535143429333417,0.94805641952303688,-0.31810222476612682,1.4804974619113742,-1.1645693159045956,2.4581190671294806,2.2172591490980391,0,2.7481933058574768
regular,2,200,118,-13.883149425694999,-18.043582921336387,0.25129457281529594,-0.96791065583223013,1.1236454184927114,-1.4567910113855067,3.0255551315694293,2.4599004579736268,1.1102230246251565e-16,3.3160882073545617
regular,2,200,119,-8.7222765659385626,-13.878111120777248,-0.76322835337377515,-0.64612884210995858,-1.5833120221215404,-0.073885208459740115,3.9133652222931508,2.7976294330354587,1.1102230246251565e-16,2.8005463048627424
regular,2,200,120,-11.741130193262164,-18.596030280694741,0.67838034523084989,0.73471090042578846,1.150796631609768,1.6160864460157214,0.20115106653456724,0.63427291686555121,1.1102230246251565e-16,0.49142967591819536
regular,2,200,121,-12.671709822074071,-18.912311895608639,0.99445695413484747,-0.10514450234245172,1.9803621944556795,-0.27244918580326372,1.2901184813846724,1.60631160201542,0,2.5028661074173786
regular,2,200,122,-8.1660870615561834,-16.731321628198518,-0.30706302819153525,-0.95168918072963526,0.66537383000607186,-0.71852280918612332,1.5326476596688852,1.7507984805047583,1.1102230246251565e-16,2.1102695114274761
regular,2,200,123,-5.398293783171793,-13.545058925348732,0.63337344895839132,0.77384628586984383,1.628977754469541,0.68018697321134924,0.2489466938606322,0.70561560904026521,0,0.98363761222489443
regular,2,200,124,-3.5007122206554095,-13.026063720812267,-0.93620661473890054,0.35145010245997615,-1.6192954497492358,1.0817853977074556,3.4336987521776092,2.6205719803804701,1.1102230246251565e-16,3.277902964148117
regular,2,200,125,-8.9028739155687937,-16.740258167996558,-0.86687152491737507,-0.49853160309796296,0.0056821096265898818,-0.98704992910438505,2.4685177439351853,2.2219440784750573,0,2.431443966982795
regular,2,200,126,-6.9174098381068436,-12.301157870028929,0.80553144517855035,-0.59255302786211139,1.738215688703586,-0.95324694502752738,2.1800680156537391,2.0880938751185201,0,3.108621684230386
regular,2,200,127,-1.5344845706446169,-9.1901723882906801,0.036303776903857603,-0.99934080061934571,-0.23131164206984173,-0.035814990104893862,1.2945205268113658,1.6090497362178497,0,1.4765993660838665
regular,2,200,128,-1.9254778745745127,-12.117373609245449,-0.34729175200964635,-0.9377571321968553,-0.25311606153643657,-1.9333127254832845,5.0873117045813823,3.1897685510335645,1.1102230246251565e-16,2.2682608589502
regular,2,200,129,1.4349154533191828,-9.0697866984536457,0.13546311737730479,0.99078238974581223,0.35282448495643604,0.014691187099189817,0.69483480202595305,1.1788424848349783,1.1102230246251565e-16,0.91095052395801979
regular,2,200,130,2.1111820490336752,-7.3780459027292258,-0.51446679071070589,0.85751030387735094,0.012030131454386472,1.7076873389416278,0.73845291542615965,1.2152801450086803,0,2.0845904941456408
regular,2,200,131,-1.2801323659408075,-9.8031349014910756,0.2865883984499385,-0.95805380322500644,0.37416902749807546,0.038103630826224588,0.65845451558619839,1.1475665693860191,0,0.63534079075515137
regular,2,200,132,-0.60800157259710574,-10.881500274742967,0.82079121439539571,-0.57122831019771036,1.2948788788331926,0.3092493365531398,0.28204501611709909,0.75105927344930523,0,1.1472421220202573
regular,2,200,133,1.3632575119629999,-9.7072790146350485,0.2060521557294292,0.97854101044322872,-0.26460890952957933,0.09622691577554443,1.2080207409150883,1.5543620819584401,0,0.77901892174683962
regular,2,200,134,0.64158586135275242,-8.3264560895414963,0.80114768049311857,0.59846670253281087,0.96945417796066902,-0.38726800970482023,0.96272278899721586,1.3876042584232839,1.1102230246251565e-16,1.3820919297290764
regular,2,200,135,3.355030236683731,-7.799263495821096,-0.97730853922903016,-0.21182072408057509,-1.2422620611136397,0.75244046006039289,2.5445124382623487,2.2558867162436806,1.1102230246251565e-16,2.9902451109337589
regular,2,200,136,-0.63437480566433413,-12.254699580194973,0.80544239033296383,-0.59267407219712387,1.7538238237163326,-0.90980599555664121,2.1078046489332025,2.0531949001169871,1.1102230246251565e-16,3.0929953363419487
regular,2,200,137,4.6928848328816137,-9.1103736832734281,-0.019502910925385045,-0.99980980014472576,-0.31014720376249399,-0.042978626404437947,1.4021450553315848,1.6746014781622431,0,1.5794851199365285
regular,2,200,138,4.158547678165502,-12.223824627401749,-0.52595816893773406,-0.85051043763593281,-0.73568475191856275,-1.8282705106554777,5.5058578197429995,3.3183905194364933,1.1102230246251565e-16,1.5531846098194977
regular,2,200,139,6.3437191956393324,-10.015985147742573,0.99816838358368143,0.060496925656934125,0.13570188345887479,0.56661107894892315,0.4674185955731765,0.96686979017153751,0,0.91856172955338533
regular,2,200,140,5.4819008046592357,-11.638419018496293,0.69578468912940783,-0.71825042037794407,1.6877731332793378,-0.59192177488136088,1.5036234101011501,1.7341415225414274,0,2.8236046080457657
regular,2,200,141,10.041290620980632,-8.3063121124781407,-0.81589977058725205,-0.5781933624278901,-0.97934533576451765,0.40835899159286038,2.133923520520884,2.0658768213622438,1.1102230246251565e-16,2.4750519416656185
regular,2,200,142,7.2658819662658765,-12.405169911317401,0.5547809558758241,0.83199644890919278,0.96883102351556027,1.7422505571051019,0.27595369730896085,0.74290470089905991,1.1102230246251565e-16,0.84313264429334456
regular,2,200,143,5.7190428990867934,-13.076571075853845,0.84504745805568626,-0.53469130686184085,1.3213576039788566,-1.4139686492804022,2.9652576746718413,2.4352649443836052,1.1102230246251565e-16,2.8695133344596875
regular,2,200,144,11.189695405605312,-11.342100476653483,0.19290423513989588,-0.98121758854246588,1.1813130443906323,-1.1330333512140058,2.2913528487287254,2.1407255072655742,0,3.1122108223010274
regular,2,200,145,15.818388196814588,-7.1805349233553217,-0.99390936025264409,-0.11020065155061307,-1.6999359025715681,0.59798472075044229,3.7256350813725239,2.7297014786868266,1.1102230246251565e-16,3.1784219044349742
regular,2,200,146,11.222546950170567,-11.57231206319447,0.22502886667078159,-0.9743520971213967,1.1644820958330389,-1.3170292487037678,2.6978394495991873,2.3228600687941525,0,3.2640303972658313
regular,2,200,147,16.185569639244179,-7.3315593558508922,-0.88809770861461357,-0.45965471818906961,-1.729584172424214,0.080623479802681752,4.1479414701194557,2.8802574433961476,0,2.886529766474887
regular,2,200,148,12.565154334790387,-11.828314785520046,0.99999926033209641,-0.0012162792689048277,1.7405951811617077,0.67073437520695767,0.32844853701514765,0.81049187166207615,1.1102230246251565e-16,1.3016984104333031
regular,2,200,149,14.704875946699888,-10.345322394971205,-0.53770184378539632,0.84313505868857408,-0.88326179359133206,-0.095261617078193139,2.3731364965227897,2.1785942699469261,0,1.5967532668241708
regular,2,200,150,13.128875593673609,-7.5677862804056915,0.84592184373888024,0.53330688565347961,1.5963438562215408,-0.12765211699454648,0.81361264590772986,1.2756274110473871,1.1102230246251565e-16,1.7822785587143593
regular,2,200,151,16.576867540105784,-6.6636740192618662,-0.64566365647443735,-0.76362192393098549,-1.528741085693758,-1.2328492185371238,5.6900735555987456,3.3734473630394013,0,0.83912416844816851
regular,2,200,152,15.985083805792515,-8.2341228379431897,-0.96184720864505635,-0.27358718395004067,-0.85900867665332747,0.72111087895034831,1.7668462008561014,1.8798117995459553,1.1102230246251565e-16,2.4105798717893872
regular,2,200,153,12.824844694585163,-11.875066401512932,0.96678113719387526,0.2556056195902533,1.5486445522128331,1.0688921412186865,0.15287848589725783,0.55295295622187934,1.1102230246251565e-16,0.62856610255763268
regular,2,200,154,13.784349516573457,-11.06282759566875,0.34554305478543001,0.93840289710206737,-0.56751704125104174,1.3462279343740193,1.2884917285766602,1.605298557014651,1.1102230246251565e-16,1.9408356524806487
regular,2,200,155,9.9568595653233345,-11.709119165193901,-0.86175288146521201,-0.50732826777778139,-1.0422218946974402,-1.4909089382176726,5.1876488028371481,3.2210708787101061,0,1.6224346060195971
regular,2,200,156,10.854233652363799,-8.5908029607097962,-0.14087050726658351,-0.99002802999837103,-0.7794372217941945,-0.22046156042123799,2.3279616233862424,2.1577588481506651,0,2.2202574573387142
regular,2,200,157,9.736282329617886,-12.88828565962126,-0.95187357172412623,-0.30649095166603979,-1.951819381121876,-0.29608046330674614,5.1965311130660821,3.2238272636932899,0,2.1217235167221897
regular,2,200,158,6.4248044939876259,-15.541765878084824,0.98998875188399005,0.14114627569716343,0.036991380431179333,-0.16183228790764598,1.1386199332942804,1.5090526387732672,0,0.83934084674373699
regular,2,200,159,6.8224518306652762,-17.172670174382784,0.85808555728665858,0.51350674423618292,0.25660272221835101,1.3123924676773964,0.32511428323736968,0.80636751328084844,1.1102230246251565e-16,1.1311589136116011
regular,2,200,160,4.7108723397471852,-17.984651704287256,-0.0015166400560755338,-0.99999884990080878,0.75853175214779389,-1.6498653296551604,3.5400465900146325,2.6608444486721252,0,3.2424360807610908
regular,2,200,161,9.5276665033530925,-13.642755697156565,-0.9947116416093551,-0.10270710806376514,-1.5571234769642248,0.72415015135454985,3.3074868077196622,2.5719591006544649,1.1102230246251565e-16,3.2179058838936703
regular,2,200,162,4.9651192467155436,-18.181790356788412,0.25004842281265244,-0.9682333325438166,1.0459503295012775,-1.5736589307219999,3.3129158622331918,2.5740690986192241,1.1102230246251565e-16,3.3083254963570172
regular,2,200,163,10.204337767162098,-14.140669267982307,-0.71122304822974081,-0.70296641147838335,-1.4116942178462157,0.010714287809559964,3.3974776103685076,2.606713490343159,0,2.8020252658514337
regular,2,200,164,7.3595207558505464,-18.968960739510472,0.47455717187766583,0.88022468189631653,1.050588853881486,1.6976520495124552,0.24463880716298578,0.69948381991720976,0,0.74071807370147369
regular,2,200,165,6.0653943645886077,-19.689994679260494,0.97637714954733845,-0.21607327887042005,1.4667927951860043,-1.0875619446101474,2.2879051931110315,2.1391143929724898,1.1102230246251565e-16,2.6278086220191184
regular,2,200,166,11.174103844180912,-18.456057862014244,0.17758269394966589,-0.98410588190985793,0.71892068424584288,-1.8249109605470508,4.0295637583818431,2.8388602496008297,1.1102230246251565e-16,3.0964976305614678
regular,2,200,167,16.2617671337667,-14.924928785345953,-0.85053012702110031,-0.52592632851899612,-0.61870064871191299,0.44683011221367264,1.4630943574469533,1.7106106263243854,0,1.796472709266538
regular,2,200,168,14.130705611915529,-17.817649575647565,0.0064612842798706591,0.99997912568485881,-0.84848382820189172,1.5186975990820828,1.842969831208719,1.9198801166784967,1.1102230246251565e-16,2.4226368551515107
regular,2,200,169,9.3963427573475791,-18.848419040193747,-0.9995957468428861,0.02843137164494082,-1.9992231707865673,0.055726303403785551,4.9434962211332554,3.1443588284841968,0,2.2967483931376793
regular,2,200,170,5.2864438089668733,-20.899989989398581,0.54304136730632313,-0.83970594459851189,-0.45250464974605686,-0.93398281308247422,2.9250296394161572,2.4186895788489093,0,1.8521089938381401
regular,2,200,171,6.249400135639708,-24.476852582949704,0.99942933537662371,-0.033778744627949657,1.8120837999100436,0.5489671015810994,0.43145538676624506,0.92892990776080098,0,1.5167997263158455
regular,2,200,172,8.7756335322975971,-22.797307863504091,-0.79660128737619507,0.60450507768801132,-0.68136525677217719,-0.38883306073748469,2.3779231986390097,2.1807903148349728,1.1102230246251565e-16,1.8534389213758076
regular,2,200,173,8.1905691402282113,-19.136892176971298,-0.33026801223878222,0.94388719669875998,-0.37949935413223379,1.9426745989898433,1.3958269338159559,1.6708243078288967,0,2.6767824473588018
regular,2,200,174,3.5462212339840571,-21.799727058768937,-0.91924868005879268,-0.39367736055070202,-0.091689226135604041,0.16770072080120979,0.94225372830769005,1.3727736363346217,1.1102230246251565e-16,0.27027396004144777
regular,2,200,175,3.0274413401104292,-21.647873591181227,-0.99349181051463442,0.11390356640752584,-0.019626005963524262,0.34102774989756923,0.73694080922109473,1.214035262437706,1.1102230246251565e-16,0.5461772510891636
regular,2,200,176,2.3061338283882424,-20.827535958274868,-0.67083748650202246,0.74160438692314168,0.27580149534536424,1.0639002727903726,0.26427335950334724,0.72701218628486175,0,0.84111529893094339
regular,2,200,177,0.72993627349822576,-21.415329333825746,0.74521689810071823,0.66682214629175574,0.48326824282010089,-0.29825966474639465,0.97624493299282367,1.3973152350080662,1.1102230246251565e-16,0.79746055352360234
regular,2,200,178,2.292992088631217,-21.098107240516306,-0.66103386740522629,0.75035606624008155,0.33797880410344994,0.79478220905146957,0.24019320276904652,0.69309913110470212,0,0.4893936652877931
regular,2,200,179,1.3793852787351777,-20.746898989749237,0.19024436167293299,0.98173676861552772,1.0590764648192112,0.48662993515186531,0.13351942608885678,0.51675802091279976,1.1102230246251565e-16,0.70809836291227979
regular,2,200,180,2.5242783380698697,-19.91333252633828,-0.81543599668898636,0.57884724695193934,-0.70536488758947802,1.5727709618021306,1.6181679872534054,1.798981927231847,0,2.8776094606958869
regular,2,200,181,-2.031993360713348,-23.429428804885411,-0.44502039387720832,-0.89552043473802112,0.50144855971271141,-1.2183152920241964,2.5847381367204627,2.273648229924965,0,2.840322455971513
regular,2,200,182,1.4075343427604676,-18.90843601650139,0.16253767292487226,0.98670233853993028,0.38285724316317948,1.9621300841828393,0.65327974060291427,1.1430483284646491,1.1102230246251565e-16,1.7766891216893592
regular,2,200,183,-1.7510113392788522,-20.536344525904788,-0.17924110796210316,-0.98380517645340615,-1.1356915457456624,-0.69191040078306632,3.7118695914237065,2.7246539565323542,1.1102230246251565e-16,2.2851317798192552
regular,2,200,184,-2.6385736292040445,-25.019595822236774,-0.87613116733318519,-0.48207279287197918,-1.6922322323421306,-1.0599820000068587,5.7458201166070753,3.3899321871114401,1.1102230246251565e-16,0.64454430909511706
regular,2,200,185,-3.9030740938745878,-25.270171240814868,-0.72381461974628925,0.68999449000809765,-1.3462769082067307,1.4726442836224511,2.864203974412558,2.3934092731551608,0,3.2131634903508814
regular,2,200,186,-9.5409164775329511,-28.354391031932359,-0.99326349948490544,0.11587761039562083,-0.012448211274733945,-0.079061791504554862,1.094712865199214,1.4796708182560161,0,1.2574919630535357
regular,2,200,187,-9.4076893170733094,-25.842938330348513,-0.99985399268147557,-0.017087811998960142,-1.7691176357271614,0.62184367688547393,3.9055073426033404,2.7948192580570717,0,3.1561100887939548
regular,2,200,188,-14.18961194229858,-29.963295059650797,-0.052420962978993332,-0.99862507611232909,0.93306044451619508,-1.168408454218969,2.3532380642083339,2.1694414323545743,1.1102230246251565e-16,3.0052167377285004
regular,2,200,189,-9.9866741448282514,-25.666712180956452,-0.84624636165786482,0.53279179365003948,-1.3035218373155077,1.4221168969514566,2.742197764840669,2.3418786325685921,1.1102230246251565e-16,3.2973011565402426
regular,2,200,190,-15.437951613362181,-29.377824363138608,-0.96376778765575899,-0.26674266902226901,-0.29146324117374123,-1.0070173455982061,2.8479979644175275,2.3866285695170615,1.1102230246251565e-16,2.4138605558274104
regular,2,200,191,-14.006843404513251,-24.767095524171513,0.12995494243356501,-0.99151990042413607,0.60583927235928003,-1.8710277767567778,4.1990815870616141,2.8979584493438182,1.1102230246251565e-16,3.0114862712515333
regular,2,200,192,-9.0531093062811365,-21.341206335689446,-0.93172263668302591,-0.36317066001045589,-0.40973001953745591,0.4897793430058513,1.1238319234043082,1.4992210800307659,0,1.2982281001818432
regular,2,200,193,-10.852128031367752,-23.213401952390534,-0.14295481724838538,0.98972921560671367,-1.0243497590944624,0.51734911813419049,2.1654719104558255,2.0810919780037715,1.1102230246251565e-16,1.6305348943287146
regular,2,200,194,-13.935525785825057,-22.151688971259638,0.20027750401303068,-0.9797392109057953,0.15918831556748661,0.019416271785905992,0.8342543683582464,1.2917076823788318,0,0.8914191203468016
regular,2,200,195,-13.655981698261895,-23.912474959274064,0.46283015536913669,-0.88644697939638828,1.4543069018511303,-0.75616320763075096,1.6452519864527504,1.8139746340303387,0,2.850887569265923
regular,2,200,196,-9.2350414792981326,-20.311707359063174,-0.98205396883866425,-0.18860011211085731,-1.2760274534568588,0.7672134629870464,2.6172452703518982,2.2879009027280435,1.1102230246251565e-16,3.0347784586164601
regular,2,200,197,-13.321523312185942,-24.799489372598131,0.72816689260226286,-0.68539986614965465,1.6404790957202537,-1.0948952190439187,2.399399725413851,2.1906162262769127,1.1102230246251565e-16,3.1939359969339107
regular,2,200,198,-7.8507746826575975,-21.501638854070251,0.0032069458198869969,-0.99999485773603269,-0.46981421202441115,-0.11894378984516429,1.7061945113509998,1.8472652821676694,1.1102230246251565e-16,1.8577014161081504
regular,2,200,199,-8.5525155270160909,-25.15016979035131,-0.64309565482350828,-0.76578585697773438,-1.2994395107727765,-1.5202477465106958,5.8195353837475929,3.4116082376930659,2.2204460492503131e-16,0.23508979187163445
regular,2,200,200,-8.1108990555402531,-24.988789081807123,-0.25410036227835719,-0.96717785638940657,-0.36682552898934601,-1.9608040621579439,5.317286360593994,3.2610692604095344,1.1102230246251565e-16,1.8947490257331694
singular,0.050000000000000003,10,0,0,0,1,0,2,0,0.5,1,0,0
singular,0.050000000000000003,10,1,0,0,1,0,2,0,0.5,1,0,0
singular,0.050000000000000003,10,2,0,0,1,0,2,0,0.5,1,0,0
singular,0.050000000000000003,10,3,0,0,1,0,2,0,0.5,1,0,0
singular,0.050000000000000003,10,4,0,0,1,0,2,0,0.5,1,0,0
singular,0.050000000000000003,10,5,0,0,1,0,2,0,0.5,1,0,0
singular,0.050000000000000003,10,6,0,0,1,0,2,0,0.5,1,0,0
singular,0.050000000000000003,10,7,0,0,1,0,2,0,0.5,1,0,0
singular,0.050000000000000003,10,8,0,0,1,0,2,0,0.5,1,0,0
singular,0.050000000000000003,10,9,0,0,1,0,2,0,0.5,1,0,0
singular,0.050000000000000003,10,10,0,0,1,0,2,0,0.5,1,0,0
singular,0.050000000000000003,40,0,0,0,1,0,2,0,0.5,1,0,0
singular,0.050000000000000003,40,1,0,0,1,0,2,0,0.5,1,0,0
singular,0.050000000000000003,40,2,0,0,1,0,2,0,0.5,1,0,0
singular,0.050000000000000003,40,3,0,0,1,0,2,0,0.5,1,0,0
singular,0.050000000000000003,40,4,0,0,1,0,2,0,0.5,1,0,0
singular,0.050000000000000003,40,5,0,0,1,0,2,0,0.5,1,0,0
singular,0.050000000000000003,40,6,0,0,1,0,2,0,0.5,1,0,0
singular,0.050000000000000003,40,7,0,0,1,0,2,0,0.5,1,0,0
singular,0.050000000000000003,40,8,0,0,1,0,2,0,0.5,1,0,0
singular,0.050000000000000003,40,9,0,0,1,0,2,0,0.5,1,0,0
singular,0.050000000000000003,40,10,0,0,1,0,2,0,0.5,1,0,0
singular,0.050000000000000003,40,11,0,0,1,0,2,0,0.5,1,0,0
singular,0.050000000000000003,40,12,0,0,1,0,2,0,0.5,1,0,0
singular,0.050000000000000003,40,13,0,0,1,0,2,0,0.5,1,0,0
singular,0.050000000000000003,40,14,0,0,1,0,2,0,0.5,1,0,0
singular,0.050000000000000003,40,15,0,0,1,0,2,0,0.5,1,0,0
singular,0.050000000000000003,40,16,0,0,1,0,2,0,0.5,1,0,0
singular,0.050000000000000003,40,17,0,0,1,0,2,0,0.5,1,0,0
singular,0.050000000000000003,40,18,0,0,1,0,2,0,0.5,1,0,0
singular,0.050000000000000003,40,19,0,0,1,0,2,0,0.5,1,0,0
singular,0.050000000000000003,40,20,0,0,1,0,2,0,0.5,1,0,0
singular,0.050000000000000003,40,21,0,0,1,0,2,0,0.5,1,0,0
singular,0.050000000000000003,40,22,0,0,1,0,2,0,0.5,1,0,0
singular,0.050000000000000003,40,23,0,0,1,0,2,0,0.5,1,0,0
singular,0.050000000000000003,40,24,0,0,1,0,2,0,0.5,1,0,0
singular,0.050000000000000003,40,25,0,0,1,0,2,0,0.5,1,0,0
singular,0.050000000000000003,40,26,0,0,1,0,2,0,0.5,1,0,0
singular,0.050000000000000003,40,27,0,0,1,0,2,0,0.5,1,0,0
singular,0.050000000000000003,40,28,0,0,1,0,2,0,0.5,1,0,0
singular,0.050000000000000003,40,29,0,0,1,0,2,0,0.5,1,0,0
singular,0.050000000000000003,40,30,0,0,1,0,2,0,0.5,1,0,0
singular,0.050000000000000003,40,31,0,0,1,0,2,0,0.5,1,0,0
singular,0.050000000000000003,40,32,0,0,1,0,2,0,0.5,1,0,0
singular,0.050000000000000003,40,33,0,0,1,0,2,0,0.5,1,0,0
singular,0.050000000000000003,40,34,0,0,1,0,2,0,0.5,1,0,0
singular,0.050000000000000003,40,35,0,0,1,0,2,0,0.5,1,0,0
singular,0.050000000000000003,40,36,0,0,1,0,2,0,0.5,1,0,0
singular,0.050000000000000003,40,37,0,0,1,0,2,0,0.5,1,0,0
singular,0.050000000000000003,40,38,0,0,1,0,2,0,0.5,1,0,0
singular,0.050000000000000003,40,39,0,0,1,0,2,0,0.5,1,0,0
singular,0.050000000000000003,40,40,0,0,1,0,2,0,0.5,1,0,0
singular,0.050000000000000003,200,0,0,0,1,0,2,0,0.5,1,0,0
singular,0.050000000000000003,200,1,0,0,1,0,2,0,0.5,1,0,0
singular,0.050000000000000003,200,2,0,0,1,0,2,0,0.5,1,0,0
singular,0.050000000000000003,200,3,0,0,1,0,2,0,0.5,1,0,0
singular,0.050000000000000003,200,4,0,0,1,0,2,0,0.5,1,0,0
singular,0.050000000000000003,200,5,0,0,1,0,2,0,0.5,1,0,0
singular,0.050000000000000003,200,6,0,0,1,0,2,0,0.5,1,0,0
singular,0.050000000000000003,200,7,0,0,1,0,2,0,0.5,1,0,0
singular,0.050000000000000003,200,8,0,0,1,0,2,0,0.5,1,0,0
singular,0.050000000000000003,200,9,0,0,1,0,2,0,0.5,1,0,0
singular,0.050000000000000003,200,10,0,0,1,0,2,0,0.5,1,0,0
singular,0.050000000000000003,200,11,0,0,1,0,2,0,0.5,1,0,0
singular,0.050000000000000003,200,12,0,0,1,0,2,0,0.5,1,0,0
singular,0.050000000000000003,200,13,0,0,1,0,2,0,0.5,1,0,0
singular,0.050000000000000003,200,14,0,0,1,0,2,0,0.5,1,0,0
singular,0.050000000000000003,200,15,0,0,1,0,2,0,0.5,1,0,0
singular,0.050000000000000003,200,16,0,0,1,0,2,0,0.5,1,0,0
singular,0.050000000000000003,200,17,0,0,1,0,2,0,0.5,1,0,0
singular,0.050000000000000003,200,18,0,0,1,0,2,0,0.5,1,0,0
singular,0.050000000000000003,200,19,0,0,1,0,2,0,0.5,1,0,0
singular,0.050000000000000003,200,20,0,0,1,0,2,0,0.5,1,0,0
singular,0.050000000000000003,200,21,0,0,1,0,2,0,0.5,1,0,0
singular,0.050000000000000003,200,22,0,0,1,0,2,0,0.5,1,0,0
singular,0.050000000000000003,200,23,0,0,1,0,2,0,0.5,1,0,0
singular,0.050000000000000003,200,24,0,0,1,0,2,0,0.5,1,0,0
singular,0.050000000000000003,200,25,0,0,1,0,2,0,0.5,1,0,0
singular,0.050000000000000003,200,26,0,0,1,0,2,0,0.5,1,0,0
singular,0.050000000000000003,200,27,0,0,1,0,2,0,0.5,1,0,0
singular,0.050000000000000003,200,28,0,0,1,0,2,0,0.5,1,0,0
singular,0.050000000000000003,200,29,0,0,1,0,2,0,0.5,1,0,0
singular,0.050000000000000003,200,30,0,0,1,0,2,0,0.5,1,0,0
singular,0.050000000000000003,200,31,0,0,1,0,2,0,0.5,1,0,0
singular,0.050000000000000003,200,32,0,0,1,0,2,0,0.5,1,0,0
singular,0.050000000000000003,200,33,0,0,1,0,2,0,0.5,1,0,0
singular,0.050000000000000003,200,34,0,0,1,0,2,0,0.5,1,0,0
singular,0.050000000000000003,200,35,0,0,1,0,2,0,0.5,1,0,0
singular,0.050000000000000003,200,36,0,0,1,0,2,0,0.5,1,0,0
singular,0.050000000000000003,200,37,0,0,1,0,2,0,0.5,1,0,0
singular,0.050000000000000003,200,38,0,0,1,0,2,0,0.5,1,0,0
singular,0.050000000000000003,200,39,0,0,1,0,2,0,0.5,1,0,0
singular,0.050000000000000003,200,40,0,0,1,0,2,0,0.5,1,0,0
singular,0.050000000000000003,200,41,0,0,1,0,2,0,0.5,1,0,0
singular,0.050000000000000003,200,42,0,0,1,0,2,0,0.5,1,0,0
singular,0.050000000000000003,200,43,0,0,1,0,2,0,0.5,1,0,0
singular,0.050000000000000003,200,44,0,0,1,0,2,0,0.5,1,0,0
singular,0.050000000000000003,200,45,0,0,1,0,2,0,0.5,1,0,0
singular,0.050000000000000003,200,46,0,0,1,0,2,0,0.5,1,0,0
singular,0.050000000000000003,200,47,0,0,1,0,2,0,0.5,1,0,0
singular,0.050000000000000003,200,48,0,0,1,0,2,0,0.5,1,0,0
singular,0.050000000000000003,200,49,0,0,1,0,2,0,0.5,1,0,0
singular,0.050000000000000003,200,50,0,0,1,0,2,0,0.5,1,0,0
singular,0.050000000000000003,200,51,0,0,1,0,2,0,0.5,1,0,0
singular,0.050000000000000003,200,52,0,0,1,0,2,0,0.5,1,0,0
singular,0.050000000000000003,200,53,0,0,1,0,2,0,0.5,1,0,0
singular,0.050000000000000003,200,54,0,0,1,0,2,0,0.5,1,0,0
singular,0.050000000000000003,200,55,0,0,1,0,2,0,0.5,1,0,0
singular,0.050000000000000003,200,56,0,0,1,0,2,0,0.5,1,0,0
singular,0.050000000000000003,200,57,0,0,1,0,2,0,0.5,1,0,0
singular,0.050000000000000003,200,58,0,0,1,0,2,0,0.5,1,0,0
singular,0.050000000000000003,200,59,0,0,1,0,2,0,0.5,1,0,0
singular,0.050000000000000003,200,60,0,0,1,0,2,0,0.5,1,0,0
singular,0.050000000000000003,200,61,0,0,1,0,2,0,0.5,1,0,0
singular,0.050000000000000003,200,62,0,0,1,0,2,0,0.5,1,0,0
singular,0.050000000000000003,200,63,0,0,1,0,2,0,0.5,1,0,0
singular,0.050000000000000003,200,64,0,0,1,0,2,0,0.5,1,0,0
singular,0.050000000000000003,200,65,0,0,1,0,2,0,0.5,1,0,0
singular,0.050000000000000003,200,66,0,0,1,0,2,0,0.5,1,0,0
singular,0.050000000000000003,200,67,0,0,1,0,2,0,0.5,1,0,0
singular,0.050000000000000003,200,68,0,0,1,0,2,0,0.5,1,0,0
singular,0.050000000000000003,200,69,0,0,1,0,2,0,0.5,1,0,0
singular,0.050000000000000003,200,70,0,0,1,0,2,0,0.5,1,0,0
singular,0.050000000000000003,200,71,0,0,1,0,2,0,0.5,1,0,0
singular,0.050000000000000003,200,72,0,0,1,0,2,0,0.5,1,0,0
singular,0.050000000000000003,200,73,0,0,1,0,2,0,0.5,1,0,0
singular,0.050000000000000003,200,74,0,0,1,0,2,0,0.5,1,0,0
singular,0.050000000000000003,200,75,0,0,1,0,2,0,0.5,1,0,0
singular,0.050000000000000003,200,76,0,0,1,0,2,0,0.5,1,0,0
singular,0.050000000000000003,200,77,0,0,1,0,2,0,0.5,1,0,0
singular,0.050000000000000003,200,78,0,0,1,0,2,0,0.5,1,0,0
singular,0.050000000000000003,200,79,0,0,1,0,2,0,0.5,1,0,0
singular,0.050000000000000003,200,80,0,0,1,0,2,0,0.5,1,0,0
singular,0.050000000000000003,200,81,0,0,1,0,2,0,0.5,1,0,0
singular,0.050000000000000003,200,82,0,0,1,0,2,0,0.5,1,0,0
singular,0.050000000000000003,200,83,0,0,1,0,2,0,0.5,1,0,0
singular,0.050000000000000003,200,84,0,0,1,0,2,0,0.5,1,0,0
singular,0.050000000000000003,200,85,0,0,1,0,2,0,0.5,1,0,0
singular,0.050000000000000003,200,86,0,0,1,0,2,0,0.5,1,0,0
singular,0.050000000000000003,200,87,0,0,1,0,2,0,0.5,1,0,0
singular,0.050000000000000003,200,88,0,0,1,0,2,0,0.5,1,0,0
singular,0.050000000000000003,200,89,0,0,1,0,2,0,0.5,1,0,0
singular,0.050000000000000003,200,90,0,0,1,0,2,0,0.5,1,0,0
singular,0.050000000000000003,200,91,0,0,1,0,2,0,0.5,1,0,0
singular,0.050000000000000003,200,92,0,0,1,0,2,0,0.5,1,0,0
singular,0.050000000000000003,200,93,0,0,1,0,2,0,0.5,1,0,0
singular,0.050000000000000003,200,94,0,0,1,0,2,0,0.5,1,0,0
singular,0.050000000000000003,200,95,0,0,1,0,2,0,0.5,1,0,0
singular,0.050000000000000003,200,96,0,0,1,0,2,0,0.5,1,0,0
singular,0.050000000000000003,200,97,0,0,1,0,2,0,0.5,1,0,0
singular,0.050000000000000003,200,98,0,0,1,0,2,0,0.5,1,0,0
singular,0.050000000000000003,200,99,0,0,1,0,2,0,0.5,1,0,0
singular,0.050000000000000003,200,100,0,0,1,0,2,0,0.5,1,0,0
singular,0.050000000000000003,200,101,0,0,1,0,2,0,0.5,1,0,0
singular,0.050000000000000003,200,102,0,0,1,0,2,0,0.5,1,0,0
singular,0.050000000000000003,200,103,0,0,1,0,2,0,0.5,1,0,0
singular,0.050000000000000003,200,104,0,0,1,0,2,0,0.5,1,0,0
singular,0.050000000000000003,200,105,0,0,1,0,2,0,0.5,1,0,0
singular,0.050000000000000003,200,106,0,0,1,0,2,0,0.5,1,0,0
singular,0.050000000000000003,200,107,0,0,1,0,2,0,0.5,1,0,0
singular,0.050000000000000003,200,108,0,0,1,0,2,0,0.5,1,0,0
singular,0.050000000000000003,200,109,0,0,1,0,2,0,0.5,1,0,0
singular,0.050000000000000003,200,110,0,0,1,0,2,0,0.5,1,0,0
singular,0.050000000000000003,200,111,0,0,1,0,2,0,0.5,1,0,0
singular,0.050000000000000003,200,112,0,0,1,0,2,0,0.5,1,0,0
singular,0.050000000000000003,200,113,0,0,1,0,2,0,0.5,1,0,0
singular,0.050000000000000003,200,114,0,0,1,0,2,0,0.5,1,0,0
singular,0.050000000000000003,200,115,0,0,1,0,2,0,0.5,1,0,0
singular,0.050000000000000003,200,116,0,0,1,0,2,0,0.5,1,0,0
singular,0.050000000000000003,200,117,0,0,1,0,2,0,0.5,1,0,0
singular,0.050000000000000003,200,118,0,0,1,0,2,0,0.5,1,0,0
singular,0.050000000000000003,200,119,0,0,1,0,2,0,0.5,1,0,0
singular,0.050000000000000003,200,120,0,0,1,0,2,0,0.5,1,0,0
singular,0.050000000000000003,200,121,0,0,1,0,2,0,0.5,1,0,0
singular,0.050000000000000003,200,122,0,0,1,0,2,0,0.5,1,0,0
singular,0.050000000000000003,200,123,0,0,1,0,2,0,0.5,1,0,0
singular,0.050000000000000003,200,124,0,0,1,0,2,0,0.5,1,0,0
singular,0.050000000000000003,200,125,0,0,1,0,2,0,0.5,1,0,0
singular,0.050000000000000003,200,126,0,0,1,0,2,0,0.5,1,0,0
singular,0.050000000000000003,200,127,0,0,1,0,2,0,0.5,1,0,0
singular,0.050000000000000003,200,128,0,0,1,0,2,0,0.5,1,0,0
singular,0.050000000000000003,200,129,0,0,1,0,2,0,0.5,1,0,0
singular,0.050000000000000003,200,130,0,0,1,0,2,0,0.5,1,0,0
singular,0.050000000000000003,200,131,0,0,1,0,2,0,0.5,1,0,0
singular,0.050000000000000003,200,132,0,0,1,0,2,0,0.5,1,0,0
singular,0.050000000000000003,200,133,0,0,1,0,2,0,0.5,1,0,0
singular,0.050000000000000003,200,134,0,0,1,0,2,0,0.5,1,0,0
singular,0.050000000000000003,200,135,0,0,1,0,2,0,0.5,1,0,0
singular,0.050000000000000003,200,136,0,0,1,0,2,0,0.5,1,0,0
singular,0.050000000000000003,200,137,0,0,1,0,2,0,0.5,1,0,0
singular,0.050000000000000003,200,138,0,0,1,0,2,0,0.5,1,0,0
singular,0.050000000000000003,200,139,0,0,1,0,2,0,0.5,1,0,0
singular,0.050000000000000003,200,140,0,0,1,0,2,0,0.5,1,0,0
singular,0.050000000000000003,200,141,0,0,1,0,2,0,0.5,1,0,0
singular,0.050000000000000003,200,142,0,0,1,0,2,0,0.5,1,0,0
singular,0.050000000000000003,200,143,0,0,1,0,2,0,0.5,1,0,0
singular,0.050000000000000003,200,144,0,0,1,0,2,0,0.5,1,0,0
singular,0.050000000000000003,200,145,0,0,1,0,2,0,0.5,1,0,0
singular,0.050000000000000003,200,146,0,0,1,0,2,0,0.5,1,0,0
singular,0.050000000000000003,200,147,0,0,1,0,2,0,0.5,1,0,0
singular,0.050000000000000003,200,148,0,0,1,0,2,0,0.5,1,0,0
singular,0.050000000000000003,200,149,0,0,1,0,2,0,0.5,1,0,0
singular,0.050000000000000003,200,150,0,0,1,0,2,0,0.5,1,0,0
singular,0.050000000000000003,200,151,0,0,1,0,2,0,0.5,1,0,0
singular,0.050000000000000003,200,152,0,0,1,0,2,0,0.5,1,0,0
singular,0.050000000000000003,200,153,0,0,1,0,2,0,0.5,1,0,0
singular,0.050000000000000003,200,154,0,0,1,0,2,0,0.5,1,0,0
singular,0.050000000000000003,200,155,0,0,1,0,2,0,0.5,1,0,0
singular,0.050000000000000003,200,156,0,0,1,0,2,0,0.5,1,0,0
singular,0.050000000000000003,200,157,0,0,1,0,2,0,0.5,1,0,0
singular,0.050000000000000003,200,158,0,0,1,0,2,0,0.5,1,0,0
singular,0.050000000000000003,200,159,0,0,1,0,2,0,0.5,1,0,0
singular,0.050000000000000003,200,160,0,0,1,0,2,0,0.5,1,0,0
singular,0.050000000000000003,200,161,0,0,1,0,2,0,0.5,1,0,0
singular,0.050000000000000003,200,162,0,0,1,0,2,0,0.5,1,0,0
singular,0.050000000000000003,200,163,0,0,1,0,2,0,0.5,1,0,0
singular,0.050000000000000003,200,164,0,0,1,0,2,0,0.5,1,0,0
singular,0.050000000000000003,200,165,0,0,1,0,2,0,0.5,1,0,0
singular,0.050000000000000003,200,166,0,0,1,0,2,0,0.5,1,0,0
singular,0.050000000000000003,200,167,0,0,1,0,2,0,0.5,1,0,0
singular,0.050000000000000003,200,168,0,0,1,0,2,0,0.5,1,0,0
singular,0.050000000000000003,200,169,0,0,1,0,2,0,0.5,1,0,0
singular,0.050000000000000003,200,170,0,0,1,0,2,0,0.5,1,0,0
singular,0.050000000000000003,200,171,0,0,1,0,2,0,0.5,1,0,0
singular,0.050000000000000003,200,172,0,0,1,0,2,0,0.5,1,0,0
singular,0.050000000000000003,200,173,0,0,1,0,2,0,0.5,1,0,0
singular,0.050000000000000003,200,174,0,0,1,0,2,0,0.5,1,0,0
singular,0.050000000000000003,200,175,0,0,1,0,2,0,0.5,1,0,0
singular,0.050000000000000003,200,176,0,0,1,0,2,0,0.5,1,0,0
singular,0.050000000000000003,200,177,0,0,1,0,2,0,0.5,1,0,0
singular,0.050000000000000003,200,178,0,0,1,0,2,0,0.5,1,0,0
singular,0.050000000000000003,200,179,0,0,1,0,2,0,0.5,1,0,0
singular,0.050000000000000003,200,180,0,0,1,0,2,0,0.5,1,0,0
singular,0.050000000000000003,200,181,0,0,1,0,2,0,0.5,1,0,0
singular,0.050000000000000003,200,182,0,0,1,0,2,0,0.5,1,0,0
singular,0.050000000000000003,200,183,0,0,1,0,2,0,0.5,1,0,0
singular,0.050000000000000003,200,184,0,0,1,0,2,0,0.5,1,0,0
singular,0.050000000000000003,200,185,0,0,1,0,2,0,0.5,1,0,0
singular,0.050000000000000003,200,186,0,0,1,0,2,0,0.5,1,0,0
singular,0.050000000000000003,200,187,0,0,1,0,2,0,0.5,1,0,0
singular,0.050000000000000003,200,188,0,0,1,0,2,0,0.5,1,0,0
singular,0.050000000000000003,200,189,0,0,1,0,2,0,0.5,1,0,0
singular,0.050000000000000003,200,190,0,0,1,0,2,0,0.5,1,0,0
singular,0.050000000000000003,200,191,0,0,1,0,2,0,0.5,1,0,0
singular,0.050000000000000003,200,192,0,0,1,0,2,0,0.5,1,0,0
singular,0.050000000000000003,200,193,0,0,1,0,2,0,0.5,1,0,0
singular,0.050000000000000003,200,194,0,0,1,0,2,0,0.5,1,0,0
singular,0.050000000000000003,200,195,0,0,1,0,2,0,0.5,1,0,0
singular,0.050000000000000003,200,196,0,0,1,0,2,0,0.5,1,0,0
singular,0.050000000000000003,200,197,0,0,1,0,2,0,0.5,1,0,0
singular,0.050000000000000003,200,198,0,0,1,0,2,0,0.5,1,0,0
singular,0.050000000000000003,200,199,0,0,1,0,2,0,0.5,1,0,0
singular,0.050000000000000003,200,200,0,0,1,0,2,0,0.5,1,0,0
singular,0.20000000000000001,10,0,0,0,1,0,2,0,0.5,1,0,0
singular,0.20000000000000001,10,1,0,0,1,0,2,0,0.5,1,0,0
singular,0.20000000000000001,10,2,0,0,1,0,2,0,0.5,1,0,0
singular,0.20000000000000001,10,3,0,0,1,0,2,0,0.5,1,0,0
singular,0.20000000000000001,10,4,0,0,1,0,2,0,0.5,1,0,0
singular,0.20000000000000001,10,5,0,0,1,0,2,0,0.5,1,0,0
singular,0.20000000000000001,10,6,0,0,1,0,2,0,0.5,1,0,0
singular,0.20000000000000001,10,7,0,0,1,0,2,0,0.5,1,0,0
singular,0.20000000000000001,10,8,0,0,1,0,2,0,0.5,1,0,0
singular,0.20000000000000001,10,9,0,0,1,0,2,0,0.5,1,0,0
singular,0.20000000000000001,10,10,0,0,1,0,2,0,0.5,1,0,0
singular,0.20000000000000001,40,0,0,0,1,0,2,0,0.5,1,0,0
singular,0.20000000000000001,40,1,0,0,1,0,2,0,0.5,1,0,0
singular,0.20000000000000001,40,2,0,0,1,0,2,0,0.5,1,0,0
singular,0.20000000000000001,40,3,0,0,1,0,2,0,0.5,1,0,0
singular,0.20000000000000001,40,4,0,0,1,0,2,0,0.5,1,0,0
singular,0.20000000000000001,40,5,0,0,1,0,2,0,0.5,1,0,0
singular,0.20000000000000001,40,6,0,0,1,0,2,0,0.5,1,0,0
singular,0.20000000000000001,40,7,0,0,1,0,2,0,0.5,1,0,0
singular,0.20000000000000001,40,8,0,0,1,0,2,0,0.5,1,0,0
singular,0.20000000000000001,40,9,0,0,1,0,2,0,0.5,1,0,0
singular,0.20000000000000001,40,10,0,0,1,0,2,0,0.5,1,0,0
singular,0.20000000000000001,40,11,0,0,1,0,2,0,0.5,1,0,0
singular,0.20000000000000001,40,12,0,0,1,0,2,0,0.5,1,0,0
singular,0.20000000000000001,40,13,0,0,1,0,2,0,0.5,1,0,0
singular,0.20000000000000001,40,14,0,0,1,0,2,0,0.5,1,0,0
singular,0.20000000000000001,40,15,0,0,1,0,2,0,0.5,1,0,0
singular,0.20000000000000001,40,16,0,0,1,0,2,0,0.5,1,0,0
singular,0.20000000000000001,40,17,0,0,1,0,2,0,0.5,1,0,0
singular,0.20000000000000001,40,18,0,0,1,0,2,0,0.5,1,0,0
singular,0.20000000000000001,40,19,0,0,1,0,2,0,0.5,1,0,0
singular,0.20000000000000001,40,20,0,0,1,0,2,0,0.5,1,0,0
singular,0.20000000000000001,40,21,0,0,1,0,2,0,0.5,1,0,0
singular,0.20000000000000001,40,22,0,0,1,0,2,0,0.5,1,0,0
singular,0.20000000000000001,40,23,0,0,1,0,2,0,0.5,1,0,0
singular,0.20000000000000001,40,24,0,0,1,0,2,0,0.5,1,0,0
singular,0.20000000000000001,40,25,0,0,1,0,2,0,0.5,1,0,0
singular,0.20000000000000001,40,26,0,0,1,0,2,0,0.5,1,0,0
singular,0.20000000000000001,40,27,0,0,1,0,2,0,0.5,1,0,0
singular,0.20000000000000001,40,28,0,0,1,0,2,0,0.5,1,0,0
singular,0.20000000000000001,40,29,0,0,1,0,2,0,0.5,1,0,0
singular,0.20000000000000001,40,30,0,0,1,0,2,0,0.5,1,0,0
singular,0.20000000000000001,40,31,0,0,1,0,2,0,0.5,1,0,0
singular,0.20000000000000001,40,32,0,0,1,0,2,0,0.5,1,0,0
singular,0.20000000000000001,40,33,0,0,1,0,2,0,0.5,1,0,0
singular,0.20000000000000001,40,34,0,0,1,0,2,0,0.5,1,0,0
singular,0.20000000000000001,40,35,0,0,1,0,2,0,0.5,1,0,0
singular,0.20000000000000001,40,36,0,0,1,0,2,0,0.5,1,0,0
singular,0.20000000000000001,40,37,0,0,1,0,2,0,0.5,1,0,0
singular,0.20000000000000001,40,38,0,0,1,0,2,0,0.5,1,0,0
singular,0.20000000000000001,40,39,0,0,1,0,2,0,0.5,1,0,0
singular,0.20000000000000001,40,40,0,0,1,0,2,0,0.5,1,0,0
singular,0.20000000000000001,200,0,0,0,1,0,2,0,0.5,1,0,0
singular,0.20000000000000001,200,1,0,0,1,0,2,0,0.5,1,0,0
singular,0.20000000000000001,200,2,0,0,1,0,2,0,0.5,1,0,0
singular,0.20000000000000001,200,3,0,0,1,0,2,0,0.5,1,0,0
singular,0.20000000000000001,200,4,0,0,1,0,2,0,0.5,1,0,0
singular,0.20000000000000001,200,5,0,0,1,0,2,0,0.5,1,0,0
singular,0.20000000000000001,200,6,0,0,1,0,2,0,0.5,1,0,0
singular,0.20000000000000001,200,7,0,0,1,0,2,0,0.5,1,0,0
singular,0.20000000000000001,200,8,0,0,1,0,2,0,0.5,1,0,0
singular,0.20000000000000001,200,9,0,0,1,0,2,0,0.5,1,0,0
singular,0.20000000000000001,200,10,0,0,1,0,2,0,0.5,1,0,0
singular,0.20000000000000001,200,11,0,0,1,0,2,0,0.5,1,0,0
singular,0.20000000000000001,200,12,0,0,1,0,2,0,0.5,1,0,0
singular,0.20000000000000001,200,13,0,0,1,0,2,0,0.5,1,0,0
singular,0.20000000000000001,200,14,0,0,1,0,2,0,0.5,1,0,0
singular,0.20000000000000001,200,15,0,0,1,0,2,0,0.5,1,0,0
singular,0.20000000000000001,200,16,0,0,1,0,2,0,0.5,1,0,0
singular,0.20000000000000001,200,17,0,0,1,0,2,0,0.5,1,0,0
singular,0.20000000000000001,200,18,0,0,1,0,2,0,0.5,1,0,0
singular,0.20000000000000001,200,19,0,0,1,0,2,0,0.5,1,0,0
singular,0.20000000000000001,200,20,0,0,1,0,2,0,0.5,1,0,0
singular,0.20000000000000001,200,21,0,0,1,0,2,0,0.5,1,0,0
singular,0.20000000000000001,200,22,0,0,1,0,2,0,0.5,1,0,0
singular,0.20000000000000001,200,23,0,0,1,0,2,0,0.5,1,0,0
singular,0.20000000000000001,200,24,0,0,1,0,2,0,0.5,1,0,0
singular,0.20000000000000001,200,25,0,0,1,0,2,0,0.5,1,0,0
singular,0.20000000000000001,200,26,0,0,1,0,2,0,0.5,1,0,0
singular,0.20000000000000001,200,27,0,0,1,0,2,0,0.5,1,0,0
singular,0.20000000000000001,200,28,0,0,1,0,2,0,0.5,1,0,0
singular,0.20000000000000001,200,29,0,0,1,0,2,0,0.5,1,0,0
singular,0.20000000000000001,200,30,0,0,1,0,2,0,0.5,1,0,0
singular,0.20000000000000001,200,31,0,0,1,0,2,0,0.5,1,0,0
singular,0.20000000000000001,200,32,0,0,1,0,2,0,0.5,1,0,0
singular,0.20000000000000001,200,33,0,0,1,0,2,0,0.5,1,0,0
singular,0.20000000000000001,200,34,0,0,1,0,2,0,0.5,1,0,0
singular,0.20000000000000001,200,35,0,0,1,0,2,0,0.5,1,0,0
singular,0.20000000000000001,200,36,0,0,1,0,2,0,0.5,1,0,0
singular,0.20000000000000001,200,37,0,0,1,0,2,0,0.5,1,0,0
singular,0.20000000000000001,200,38,0,0,1,0,2,0,0.5,1,0,0
singular,0.20000000000000001,200,39,0,0,1,0,2,0,0.5,1,0,0
singular,0.20000000000000001,200,40,0,0,1,0,2,0,0.5,1,0,0
singular,0.20000000000000001,200,41,0,0,1,0,2,0,0.5,1,0,0
singular,0.20000000000000001,200,42,0,0,1,0,2,0,0.5,1,0,0
singular,0.20000000000000001,200,43,0,0,1,0,2,0,0.5,1,0,0
singular,0.20000000000000001,200,44,0,0,1,0,2,0,0.5,1,0,0
singular,0.20000000000000001,200,45,0,0,1,0,2,0,0.5,1,0,0
singular,0.20000000000000001,200,46,0,0,1,0,2,0,0.5,1,0,0
singular,0.20000000000000001,200,47,0,0,1,0,2,0,0.5,1,0,0
singular,0.20000000000000001,200,48,0,0,1,0,2,0,0.5,1,0,0
singular,0.20000000000000001,200,49,0,0,1,0,2,0,0.5,1,0,0
singular,0.20000000000000001,200,50,0,0,1,0,2,0,0.5,1,0,0
singular,0.20000000000000001,200,51,0,0,1,0,2,0,0.5,1,0,0
singular,0.20000000000000001,200,52,0,0,1,0,2,0,0.5,1,0,0
singular,0.20000000000000001,200,53,0,0,1,0,2,0,0.5,1,0,0
singular,0.20000000000000001,200,54,0,0,1,0,2,0,0.5,1,0,0
singular,0.20000000000000001,200,55,0,0,1,0,2,0,0.5,1,0,0
singular,0.20000000000000001,200,56,0,0,1,0,2,0,0.5,1,0,0
singular,0.20000000000000001,200,57,0,0,1,0,2,0,0.5,1,0,0
singular,0.20000000000000001,200,58,0,0,1,0,2,0,0.5,1,0,0
singular,0.20000000000000001,200,59,0,0,1,0,2,0,0.5,1,0,0
singular,0.20000000000000001,200,60,0,0,1,0,2,0,0.5,1,0,0
singular,0.20000000000000001,200,61,0,0,1,0,2,0,0.5,1,0,0
singular,0.20000000000000001,200,62,0,0,1,0,2,0,0.5,1,0,0
singular,0.20000000000000001,200,63,0,0,1,0,2,0,0.5,1,0,0
singular,0.20000000000000001,200,64,0,0,1,0,2,0,0.5,1,0,0
singular,0.20000000000000001,200,65,0,0,1,0,2,0,0.5,1,0,0
singular,0.20000000000000001,200,66,0,0,1,0,2,0,0.5,1,0,0
singular,0.20000000000000001,200,67,0,0,1,0,2,0,0.5,1,0,0
singular,0.20000000000000001,200,68,0,0,1,0,2,0,0.5,1,0,0
singular,0.20000000000000001,200,69,0,0,1,0,2,0,0.5,1,0,0
singular,0.20000000000000001,200,70,0,0,1,0,2,0,0.5,1,0,0
singular,0.20000000000000001,200,71,0,0,1,0,2,0,0.5,1,0,0
singular,0.20000000000000001,200,72,0,0,1,0,2,0,0.5,1,0,0
singular,0.20000000000000001,200,73,0,0,1,0,2,0,0.5,1,0,0
singular,0.20000000000000001,200,74,0,0,1,0,2,0,0.5,1,0,0
singular,0.20000000000000001,200,75,0,0,1,0,2,0,0.5,1,0,0
singular,0.20000000000000001,200,76,0,0,1,0,2,0,0.5,1,0,0
singular,0.20000000000000001,200,77,0,0,1,0,2,0,0.5,1,0,0
singular,0.20000000000000001,200,78,0,0,1,0,2,0,0.5,1,0,0
singular,0.20000000000000001,200,79,0,0,1,0,2,0,0.5,1,0,0
singular,0.20000000000000001,200,80,0,0,1,0,2,0,0.5,1,0,0
singular,0.20000000000000001,200,81,0,0,1,0,2,0,0.5,1,0,0
singular,0.20000000000000001,200,82,0,0,1,0,2,0,0.5,1,0,0
singular,0.20000000000000001,200,83,0,0,1,0,2,0,0.5,1,0,0
singular,0.20000000000000001,200,84,0,0,1,0,2,0,0.5,1,0,0
singular,0.20000000000000001,200,85,0,0,1,0,2,0,0.5,1,0,0
singular,0.20000000000000001,200,86,0,0,1,0,2,0,0.5,1,0,0
singular,0.20000000000000001,200,87,0,0,1,0,2,0,0.5,1,0,0
singular,0.20000000000000001,200,88,0,0,1,0,2,0,0.5,1,0,0
singular,0.20000000000000001,200,89,0,0,1,0,2,0,0.5,1,0,0
singular,0.20000000000000001,200,90,0,0,1,0,2,0,0.5,1,0,0
singular,0.20000000000000001,200,91,0,0,1,0,2,0,0.5,1,0,0
singular,0.20000000000000001,200,92,0,0,1,0,2,0,0.5,1,0,0
singular,0.20000000000000001,200,93,0,0,1,0,2,0,0.5,1,0,0
singular,0.20000000000000001,200,94,0,0,1,0,2,0,0.5,1,0,0
singular,0.20000000000000001,200,95,0,0,1,0,2,0,0.5,1,0,0
singular,0.20000000000000001,200,96,0,0,1,0,2,0,0.5,1,0,0
singular,0.20000000000000001,200,97,0,0,1,0,2,0,0.5,1,0,0
singular,0.20000000000000001,200,98,0,0,1,0,2,0,0.5,1,0,0
singular,0.20000000000000001,200,99,0,0,1,0,2,0,0.5,1,0,0
singular,0.20000000000000001,200,100,0,0,1,0,2,0,0.5,1,0,0
singular,0.20000000000000001,200,101,0,0,1,0,2,0,0.5,1,0,0
singular,0.20000000000000001,200,102,0,0,1,0,2,0,0.5,1,0,0
singular,0.20000000000000001,200,103,0,0,1,0,2,0,0.5,1,0,0
singular,0.20000000000000001,200,104,0,0,1,0,2,0,0.5,1,0,0
singular,0.20000000000000001,200,105,0,0,1,0,2,0,0.5,1,0,0
singular,0.20000000000000001,200,106,0,0,1,0,2,0,0.5,1,0,0
singular,0.20000000000000001,200,107,0,0,1,0,2,0,0.5,1,0,0
singular,0.20000000000000001,200,108,0,0,1,0,2,0,0.5,1,0,0
singular,0.20000000000000001,200,109,0,0,1,0,2,0,0.5,1,0,0
singular,0.20000000000000001,200,110,0,0,1,0,2,0,0.5,1,0,0
singular,0.20000000000000001,200,111,0,0,1,0,2,0,0.5,1,0,0
singular,0.20000000000000001,200,112,0,0,1,0,2,0,0.5,1,0,0
singular,0.20000000000000001,200,113,0,0,1,0,2,0,0.5,1,0,0
singular,0.20000000000000001,200,114,0,0,1,0,2,0,0.5,1,0,0
singular,0.20000000000000001,200,115,0,0,1,0,2,0,0.5,1,0,0
singular,0.20000000000000001,200,116,0,0,1,0,2,0,0.5,1,0,0
singular,0.20000000000000001,200,117,0,0,1,0,2,0,0.5,1,0,0
singular,0.20000000000000001,200,118,0,0,1,0,2,0,0.5,1,0,0
singular,0.20000000000000001,200,119,0,0,1,0,2,0,0.5,1,0,0
singular,0.20000000000000001,200,120,0,0,1,0,2,0,0.5,1,0,0
singular,0.20000000000000001,200,121,0,0,1,0,2,0,0.5,1,0,0
singular,0.20000000000000001,200,122,0,0,1,0,2,0,0.5,1,0,0
singular,0.20000000000000001,200,123,0,0,1,0,2,0,0.5,1,0,0
singular,0.20000000000000001,200,124,0,0,1,0,2,0,0.5,1,0,0
singular,0.20000000000000001,200,125,0,0,1,0,2,0,0.5,1,0,0
singular,0.20000000000000001,200,126,0,0,1,0,2,0,0.5,1,0,0
singular,0.20000000000000001,200,127,0,0,1,0,2,0,0.5,1,0,0
singular,0.20000000000000001,200,128,0,0,1,0,2,0,0.5,1,0,0
singular,0.20000000000000001,200,129,0,0,1,0,2,0,0.5,1,0,0
singular,0.20000000000000001,200,130,0,0,1,0,2,0,0.5,1,0,0
singular,0.20000000000000001,200,131,0,0,1,0,2,0,0.5,1,0,0
singular,0.20000000000000001,200,132,0,0,1,0,2,0,0.5,1,0,0
singular,0.20000000000000001,200,133,0,0,1,0,2,0,0.5,1,0,0
singular,0.20000000000000001,200,134,0,0,1,0,2,0,0.5,1,0,0
singular,0.20000000000000001,200,135,0,0,1,0,2,0,0.5,1,0,0
singular,0.20000000000000001,200,136,0,0,1,0,2,0,0.5,1,0,0
singular,0.20000000000000001,200,137,0,0,1,0,2,0,0.5,1,0,0
singular,0.20000000000000001,200,138,0,0,1,0,2,0,0.5,1,0,0
singular,0.20000000000000001,200,139,0,0,1,0,2,0,0.5,1,0,0
singular,0.20000000000000001,200,140,0,0,1,0,2,0,0.5,1,0,0
singular,0.20000000000000001,200,141,0,0,1,0,2,0,0.5,1,0,0
singular,0.20000000000000001,200,142,0,0,1,0,2,0,0.5,1,0,0
singular,0.20000000000000001,200,143,0,0,1,0,2,0,0.5,1,0,0
singular,0.20000000000000001,200,144,0,0,1,0,2,0,0.5,1,0,0
singular,0.20000000000000001,200,145,0,0,1,0,2,0,0.5,1,0,0
singular,0.20000000000000001,200,146,0,0,1,0,2,0,0.5,1,0,0
singular,0.20000000000000001,200,147,0,0,1,0,2,0,0.5,1,0,0
singular,0.20000000000000001,200,148,0,0,1,0,2,0,0.5,1,0,0
singular,0.20000000000000001,200,149,0,0,1,0,2,0,0.5,1,0,0
singular,0.20000000000000001,200,150,0,0,1,0,2,0,0.5,1,0,0
singular,0.20000000000000001,200,151,0,0,1,0,2,0,0.5,1,0,0
singular,0.20000000000000001,200,152,0,0,1,0,2,0,0.5,1,0,0
singular,0.20000000000000001,200,153,0,0,1,0,2,0,0.5,1,0,0
singular,0.20000000000000001,200,154,0,0,1,0,2,0,0.5,1,0,0
singular,0.20000000000000001,200,155,0,0,1,0,2,0,0.5,1,0,0
singular,0.20000000000000001,200,156,0,0,1,0,2,0,0.5,1,0,0
singular,0.20000000000000001,200,157,0,0,1,0,2,0,0.5,1,0,0
singular,0.20000000000000001,200,158,0,0,1,0,2,0,0.5,1,0,0
singular,0.20000000000000001,200,159,0,0,1,0,2,0,0.5,1,0,0
singular,0.20000000000000001,200,160,0,0,1,0,2,0,0.5,1,0,0
singular,0.20000000000000001,200,161,0,0,1,0,2,0,0.5,1,0,0
singular,0.20000000000000001,200,162,0,0,1,0,2,0,0.5,1,0,0
singular,0.20000000000000001,200,163,0,0,1,0,2,0,0.5,1,0,0
singular,0.20000000000000001,200,164,0,0,1,0,2,0,0.5,1,0,0
singular,0.20000000000000001,200,165,0,0,1,0,2,0,0.5,1,0,0
singular,0.20000000000000001,200,166,0,0,1,0,2,0,0.5,1,0,0
singular,0.20000000000000001,200,167,0,0,1,0,2,0,0.5,1,0,0
singular,0.20000000000000001,200,168,0,0,1,0,2,0,0.5,1,0,0
singular,0.20000000000000001,200,169,0,0,1,0,2,0,0.5,1,0,0
singular,0.20000000000000001,200,170,0,0,1,0,2,0,0.5,1,0,0
singular,0.20000000000000001,200,171,0,0,1,0,2,0,0.5,1,0,0
singular,0.20000000000000001,200,172,0,0,1,0,2,0,0.5,1,0,0
singular,0.20000000000000001,200,173,0,0,1,0,2,0,0.5,1,0,0
singular,0.20000000000000001,200,174,0,0,1,0,2,0,0.5,1,0,0
singular,0.20000000000000001,200,175,0,0,1,0,2,0,0.5,1,0,0
singular,0.20000000000000001,200,176,0,0,1,0,2,0,0.5,1,0,0
singular,0.20000000000000001,200,177,0,0,1,0,2,0,0.5,1,0,0
singular,0.20000000000000001,200,178,0,0,1,0,2,0,0.5,1,0,0
singular,0.20000000000000001,200,179,0,0,1,0,2,0,0.5,1,0,0
singular,0.20000000000000001,200,180,0,0,1,0,2,0,0.5,1,0,0
singular,0.20000000000000001,200,181,0,0,1,0,2,0,0.5,1,0,0
singular,0.20000000000000001,200,182,0,0,1,0,2,0,0.5,1,0,0
singular,0.20000000000000001,200,183,0,0,1,0,2,0,0.5,1,0,0
singular,0.20000000000000001,200,184,0,0,1,0,2,0,0.5,1,0,0
singular,0.20000000000000001,200,185,0,0,1,0,2,0,0.5,1,0,0
singular,0.20000000000000001,200,186,0,0,1,0,2,0,0.5,1,0,0
singular,0.20000000000000001,200,187,0,0,1,0,2,0,0.5,1,0,0
singular,0.20000000000000001,200,188,0,0,1,0,2,0,0.5,1,0,0
singular,0.20000000000000001,200,189,0,0,1,0,2,0,0.5,1,0,0
singular,0.20000000000000001,200,190,0,0,1,0,2,0,0.5,1,0,0
singular,0.20000000000000001,200,191,0,0,1,0,2,0,0.5,1,0,0
singular,0.20000000000000001,200,192,0,0,1,0,2,0,0.5,1,0,0
singular,0.20000000000000001,200,193,0,0,1,0,2,0,0.5,1,0,0
singular,0.20000000000000001,200,194,0,0,1,0,2,0,0.5,1,0,0
singular,0.20000000000000001,200,195,0,0,1,0,2,0,0.5,1,0,0
singular,0.20000000000000001,200,196,0,0,1,0,2,0,0.5,1,0,0
singular,0.20000000000000001,200,197,0,0,1,0,2,0,0.5,1,0,0
singular,0.20000000000000001,200,198,0,0,1,0,2,0,0.5,1,0,0
singular,0.20000000000000001,200,199,0,0,1,0,2,0,0.5,1,0,0
singular,0.20000000000000001,200,200,0,0,1,0,2,0,0.5,1,0,0
singular,2,10,0,0,0,1,0,2,0,0.5,1,0,0
singular,2,10,1,0,0,1,0,2,0,0.5,1,0,0
singular,2,10,2,0,0,1,0,2,0,0.5,1,0,0
singular,2,10,3,0,0,1,0,2,0,0.5,1,0,0
singular,2,10,4,0,0,1,0,2,0,0.5,1,0,0
singular,2,10,5,0,0,1,0,2,0,0.5,1,0,0
singular,2,10,6,0,0,1,0,2,0,0.5,1,0,0
singular,2,10,7,0,0,1,0,2,0,0.5,1,0,0
singular,2,10,8,0,0,1,0,2,0,0.5,1,0,0
singular,2,10,9,0,0,1,0,2,0,0.5,1,0,0
singular,2,10,10,0,0,1,0,2,0,0.5,1,0,0
singular,2,40,0,0,0,1,0,2,0,0.5,1,0,0
singular,2,40,1,0,0,1,0,2,0,0.5,1,0,0
singular,2,40,2,0,0,1,0,2,0,0.5,1,0,0
singular,2,40,3,0,0,1,0,2,0,0.5,1,0,0
singular,2,40,4,0,0,1,0,2,0,0.5,1,0,0
singular,2,40,5,0,0,1,0,2,0,0.5,1,0,0
singular,2,40,6,0,0,1,0,2,0,0.5,1,0,0
singular,2,40,7,0,0,1,0,2,0,0.5,1,0,0
singular,2,40,8,0,0,1,0,2,0,0.5,1,0,0
singular,2,40,9,0,0,1,0,2,0,0.5,1,0,0
singular,2,40,10,0,0,1,0,2,0,0.5,1,0,0
singular,2,40,11,0,0,1,0,2,0,0.5,1,0,0
singular,2,40,12,0,0,1,0,2,0,0.5,1,0,0
singular,2,40,13,0,0,1,0,2,0,0.5,1,0,0
singular,2,40,14,0,0,1,0,2,0,0.5,1,0,0
singular,2,40,15,0,0,1,0,2,0,0.5,1,0,0
singular,2,40,16,0,0,1,0,2,0,0.5,1,0,0
singular,2,40,17,0,0,1,0,2,0,0.5,1,0,0
singular,2,40,18,0,0,1,0,2,0,0.5,1,0,0
singular,2,40,19,0,0,1,0,2,0,0.5,1,0,0
singular,2,40,20,0,0,1,0,2,0,0.5,1,0,0
singular,2,40,21,0,0,1,0,2,0,0.5,1,0,0
singular,2,40,22,0,0,1,0,2,0,0.5,1,0,0
singular,2,40,23,0,0,1,0,2,0,0.5,1,0,0
singular,2,40,24,0,0,1,0,2,0,0.5,1,0,0
singular,2,40,25,0,0,1,0,2,0,0.5,1,0,0
singular,2,40,26,0,0,1,0,2,0,0.5,1,0,0
singular,2,40,27,0,0,1,0,2,0,0.5,1,0,0
singular,2,40,28,0,0,1,0,2,0,0.5,1,0,0
singular,2,40,29,0,0,1,0,2,0,0.5,1,0,0
singular,2,40,30,0,0,1,0,2,0,0.5,1,0,0
singular,2,40,31,0,0,1,0,2,0,0.5,1,0,0
singular,2,40,32,0,0,1,0,2,0,0.5,1,0,0
singular,2,40,33,0,0,1,0,2,0,0.5,1,0,0
singular,2,40,34,0,0,1,0,2,0,0.5,1,0,0
singular,2,40,35,0,0,1,0,2,0,0.5,1,0,0
singular,2,40,36,0,0,1,0,2,0,0.5,1,0,0
singular,2,40,37,0,0,1,0,2,0,0.5,1,0,0
singular,2,40,38,0,0,1,0,2,0,0.5,1,0,0
singular,2,40,39,0,0,1,0,2,0,0.5,1,0,0
singular,2,40,40,0,0,1,0,2,0,0.5,1,0,0
singular,2,200,0,0,0,1,0,2,0,0.5,1,0,0
singular,2,200,1,0,0,1,0,2,0,0.5,1,0,0
singular,2,200,2,0,0,1,0,2,0,0.5,1,0,0
singular,2,200,3,0,0,1,0,2,0,0.5,1,0,0
singular,2,200,4,0,0,1,0,2,0,0.5,1,0,0
singular,2,200,5,0,0,1,0,2,0,0.5,1,0,0
singular,2,200,6,0,0,1,0,2,0,0.5,1,0,0
singular,2,200,7,0,0,1,0,2,0,0.5,1,0,0
singular,2,200,8,0,0,1,0,2,0,0.5,1,0,0
singular,2,200,9,0,0,1,0,2,0,0.5,1,0,0
singular,2,200,10,0,0,1,0,2,0,0.5,1,0,0
singular,2,200,11,0,0,1,0,2,0,0.5,1,0,0
singular,2,200,12,0,0,1,0,2,0,0.5,1,0,0
singular,2,200,13,0,0,1,0,2,0,0.5,1,0,0
singular,2,200,14,0,0,1,0,2,0,0.5,1,0,0
singular,2,200,15,0,0,1,0,2,0,0.5,1,0,0
singular,2,200,16,0,0,1,0,2,0,0.5,1,0,0
singular,2,200,17,0,0,1,0,2,0,0.5,1,0,0
singular,2,200,18,0,0,1,0,2,0,0.5,1,0,0
singular,2,200,19,0,0,1,0,2,0,0.5,1,0,0
singular,2,200,20,0,0,1,0,2,0,0.5,1,0,0
singular,2,200,21,0,0,1,0,2,0,0.5,1,0,0
singular,2,200,22,0,0,1,0,2,0,0.5,1,0,0
singular,2,200,23,0,0,1,0,2,0,0.5,1,0,0
singular,2,200,24,0,0,1,0,2,0,0.5,1,0,0
singular,2,200,25,0,0,1,0,2,0,0.5,1,0,0
singular,2,200,26,0,0,1,0,2,0,0.5,1,0,0
singular,2,200,27,0,0,1,0,2,0,0.5,1,0,0
singular,2,200,28,0,0,1,0,2,0,0.5,1,0,0
singular,2,200,29,0,0,1,0,2,0,0.5,1,0,0
singular,2,200,30,0,0,1,0,2,0,0.5,1,0,0
singular,2,200,31,0,0,1,0,2,0,0.5,1,0,0
singular,2,200,32,0,0,1,0,2,0,0.5,1,0,0
singular,2,200,33,0,0,1,0,2,0,0.5,1,0,0
singular,2,200,34,0,0,1,0,2,0,0.5,1,0,0
singular,2,200,35,0,0,1,0,2,0,0.5,1,0,0
singular,2,200,36,0,0,1,0,2,0,0.5,1,0,0
singular,2,200,37,0,0,1,0,2,0,0.5,1,0,0
singular,2,200,38,0,0,1,0,2,0,0.5,1,0,0
singular,2,200,39,0,0,1,0,2,0,0.5,1,0,0
singular,2,200,40,0,0,1,0,2,0,0.5,1,0,0
singular,2,200,41,0,0,1,0,2,0,0.5,1,0,0
singular,2,200,42,0,0,1,0,2,0,0.5,1,0,0
singular,2,200,43,0,0,1,0,2,0,0.5,1,0,0
singular,2,200,44,0,0,1,0,2,0,0.5,1,0,0
singular,2,200,45,0,0,1,0,2,0,0.5,1,0,0
singular,2,200,46,0,0,1,0,2,0,0.5,1,0,0
singular,2,200,47,0,0,1,0,2,0,0.5,1,0,0
singular,2,200,48,0,0,1,0,2,0,0.5,1,0,0
singular,2,200,49,0,0,1,0,2,0,0.5,1,0,0
singular,2,200,50,0,0,1,0,2,0,0.5,1,0,0
singular,2,200,51,0,0,1,0,2,0,0.5,1,0,0
singular,2,200,52,0,0,1,0,2,0,0.5,1,0,0
singular,2,200,53,0,0,1,0,2,0,0.5,1,0,0
singular,2,200,54,0,0,1,0,2,0,0.5,1,0,0
singular,2,200,55,0,0,1,0,2,0,0.5,1,0,0
singular,2,200,56,0,0,1,0,2,0,0.5,1,0,0
singular,2,200,57,0,0,1,0,2,0,0.5,1,0,0
singular,2,200,58,0,0,1,0,2,0,0.5,1,0,0
singular,2,200,59,0,0,1,0,2,0,0.5,1,0,0
singular,2,200,60,0,0,1,0,2,0,0.5,1,0,0
singular,2,200,61,0,0,1,0,2,0,0.5,1,0,0
singular,2,200,62,0,0,1,0,2,0,0.5,1,0,0
singular,2,200,63,0,0,1,0,2,0,0.5,1,0,0
singular,2,200,64,0,0,1,0,2,0,0.5,1,0,0
singular,2,200,65,0,0,1,0,2,0,0.5,1,0,0
singular,2,200,66,0,0,1,0,2,0,0.5,1,0,0
singular,2,200,67,0,0,1,0,2,0,0.5,1,0,0
singular,2,200,68,0,0,1,0,2,0,0.5,1,0,0
singular,2,200,69,0,0,1,0,2,0,0.5,1,0,0
singular,2,200,70,0,0,1,0,2,0,0.5,1,0,0
singular,2,200,71,0,0,1,0,2,0,0.5,1,0,0
singular,2,200,72,0,0,1,0,2,0,0.5,1,0,0
singular,2,200,73,0,0,1,0,2,0,0.5,1,0,0
singular,2,200,74,0,0,1,0,2,0,0.5,1,0,0
singular,2,200,75,0,0,1,0,2,0,0.5,1,0,0
singular,2,200,76,0,0,1,0,2,0,0.5,1,0,0
singular,2,200,77,0,0,1,0,2,0,0.5,1,0,0
singular,2,200,78,0,0,1,0,2,0,0.5,1,0,0
singular,2,200,79,0,0,1,0,2,0,0.5,1,0,0
singular,2,200,80,0,0,1,0,2,0,0.5,1,0,0
singular,2,200,81,0,0,1,0,2,0,0.5,1,0,0
singular,2,200,82,0,0,1,0,2,0,0.5,1,0,0
singular,2,200,83,0,0,1,0,2,0,0.5,1,0,0
singular,2,200,84,0,0,1,0,2,0,0.5,1,0,0
singular,2,200,85,0,0,1,0,2,0,0.5,1,0,0
singular,2,200,86,0,0,1,0,2,0,0.5,1,0,0
singular,2,200,87,0,0,1,0,2,0,0.5,1,0,0
singular,2,200,88,0,0,1,0,2,0,0.5,1,0,0
singular,2,200,89,0,0,1,0,2,0,0.5,1,0,0
singular,2,200,90,0,0,1,0,2,0,0.5,1,0,0
singular,2,200,91,0,0,1,0,2,0,0.5,1,0,0
singular,2,200,92,0,0,1,0,2,0,0.5,1,0,0
singular,2,200,93,0,0,1,0,2,0,0.5,1,0,0
singular,2,200,94,0,0,1,0,2,0,0.5,1,0,0
singular,2,200,95,0,0,1,0,2,0,0.5,1,0,0
singular,2,200,96,0,0,1,0,2,0,0.5,1,0,0
singular,2,200,97,0,0,1,0,2,0,0.5,1,0,0
singular,2,200,98,0,0,1,0,2,0,0.5,1,0,0
singular,2,200,99,0,0,1,0,2,0,0.5,1,0,0
singular,2,200,100,0,0,1,0,2,0,0.5,1,0,0
singular,2,200,101,0,0,1,0,2,0,0.5,1,0,0
singular,2,200,102,0,0,1,0,2,0,0.5,1,0,0
singular,2,200,103,0,0,1,0,2,0,0.5,1,0,0
singular,2,200,104,0,0,1,0,2,0,0.5,1,0,0
singular,2,200,105,0,0,1,0,2,0,0.5,1,0,0
singular,2,200,106,0,0,1,0,2,0,0.5,1,0,0
singular,2,200,107,0,0,1,0,2,0,0.5,1,0,0
singular,2,200,108,0,0,1,0,2,0,0.5,1,0,0
singular,2,200,109,0,0,1,0,2,0,0.5,1,0,0
singular,2,200,110,0,0,1,0,2,0,0.5,1,0,0
singular,2,200,111,0,0,1,0,2,0,0.5,1,0,0
singular,2,200,112,0,0,1,0,2,0,0.5,1,0,0
singular,2,200,113,0,0,1,0,2,0,0.5,1,0,0
singular,2,200,114,0,0,1,0,2,0,0.5,1,0,0
singular,2,200,115,0,0,1,0,2,0,0.5,1,0,0
singular,2,200,116,0,0,1,0,2,0,0.5,1,0,0
singular,2,200,117,0,0,1,0,2,0,0.5,1,0,0
singular,2,200,118,0,0,1,0,2,0,0.5,1,0,0
singular,2,200,119,0,0,1,0,2,0,0.5,1,0,0
singular,2,200,120,0,0,1,0,2,0,0.5,1,0,0
singular,2,200,121,0,0,1,0,2,0,0.5,1,0,0
singular,2,200,122,0,0,1,0,2,0,0.5,1,0,0
singular,2,200,123,0,0,1,0,2,0,0.5,1,0,0
singular,2,200,124,0,0,1,0,2,0,0.5,1,0,0
singular,2,200,125,0,0,1,0,2,0,0.5,1,0,0
singular,2,200,126,0,0,1,0,2,0,0.5,1,0,0
singular,2,200,127,0,0,1,0,2,0,0.5,1,0,0
singular,2,200,128,0,0,1,0,2,0,0.5,1,0,0
singular,2,200,129,0,0,1,0,2,0,0.5,1,0,0
singular,2,200,130,0,0,1,0,2,0,0.5,1,0,0
singular,2,200,131,0,0,1,0,2,0,0.5,1,0,0
singular,2,200,132,0,0,1,0,2,0,0.5,1,0,0
singular,2,200,133,0,0,1,0,2,0,0.5,1,0,0
singular,2,200,134,0,0,1,0,2,0,0.5,1,0,0
singular,2,200,135,0,0,1,0,2,0,0.5,1,0,0
singular,2,200,136,0,0,1,0,2,0,0.5,1,0,0
singular,2,200,137,0,0,1,0,2,0,0.5,1,0,0
singular,2,200,138,0,0,1,0,2,0,0.5,1,0,0
singular,2,200,139,0,0,1,0,2,0,0.5,1,0,0
singular,2,200,140,0,0,1,0,2,0,0.5,1,0,0
singular,2,200,141,0,0,1,0,2,0,0.5,1,0,0
singular,2,200,142,0,0,1,0,2,0,0.5,1,0,0
singular,2,200,143,0,0,1,0,2,0,0.5,1,0,0
singular,2,200,144,0,0,1,0,2,0,0.5,1,0,0
singular,2,200,145,0,0,1,0,2,0,0.5,1,0,0
singular,2,200,146,0,0,1,0,2,0,0.5,1,0,0
singular,2,200,147,0,0,1,0,2,0,0.5,1,0,0
singular,2,200,148,0,0,1,0,2,0,0.5,1,0,0
singular,2,200,149,0,0,1,0,2,0,0.5,1,0,0
singular,2,200,150,0,0,1,0,2,0,0.5,1,0,0
singular,2,200,151,0,0,1,0,2,0,0.5,1,0,0
singular,2,200,152,0,0,1,0,2,0,0.5,1,0,0
singular,2,200,153,0,0,1,0,2,0,0.5,1,0,0
singular,2,200,154,0,0,1,0,2,0,0.5,1,0,0
singular,2,200,155,0,0,1,0,2,0,0.5,1,0,0
singular,2,200,156,0,0,1,0,2,0,0.5,1,0,0
singular,2,200,157,0,0,1,0,2,0,0.5,1,0,0
singular,2,200,158,0,0,1,0,2,0,0.5,1,0,0
singular,2,200,159,0,0,1,0,2,0,0.5,1,0,0
singular,2,200,160,0,0,1,0,2,0,0.5,1,0,0
singular,2,200,161,0,0,1,0,2,0,0.5,1,0,0
singular,2,200,162,0,0,1,0,2,0,0.5,1,0,0
singular,2,200,163,0,0,1,0,2,0,0.5,1,0,0
singular,2,200,164,0,0,1,0,2,0,0.5,1,0,0
singular,2,200,165,0,0,1,0,2,0,0.5,1,0,0
singular,2,200,166,0,0,1,0,2,0,0.5,1,0,0
singular,2,200,167,0,0,1,0,2,0,0.5,1,0,0
singular,2,200,168,0,0,1,0,2,0,0.5,1,0,0
singular,2,200,169,0,0,1,0,2,0,0.5,1,0,0
singular,2,200,170,0,0,1,0,2,0,0.5,1,0,0
singular,2,200,171,0,0,1,0,2,0,0.5,1,0,0
singular,2,200,172,0,0,1,0,2,0,0.5,1,0,0
singular,2,200,173,0,0,1,0,2,0,0.5,1,0,0
singular,2,200,174,0,0,1,0,2,0,0.5,1,0,0
singular,2,200,175,0,0,1,0,2,0,0.5,1,0,0
singular,2,200,176,0,0,1,0,2,0,0.5,1,0,0
singular,2,200,177,0,0,1,0,2,0,0.5,1,0,0
singular,2,200,178,0,0,1,0,2,0,0.5,1,0,0
singular,2,200,179,0,0,1,0,2,0,0.5,1,0,0
singular,2,200,180,0,0,1,0,2,0,0.5,1,0,0
singular,2,200,181,0,0,1,0,2,0,0.5,1,0,0
singular,2,200,182,0,0,1,0,2,0,0.5,1,0,0
singular,2,200,183,0,0,1,0,2,0,0.5,1,0,0
singular,2,200,184,0,0,1,0,2,0,0.5,1,0,0
singular,2,200,185,0,0,1,0,2,0,0.5,1,0,0
singular,2,200,186,0,0,1,0,2,0,0.5,1,0,0
singular,2,200,187,0,0,1,0,2,0,0.5,1,0,0
singular,2,200,188,0,0,1,0,2,0,0.5,1,0,0
singular,2,200,189,0,0,1,0,2,0,0.5,1,0,0
singular,2,200,190,0,0,1,0,2,0,0.5,1,0,0
singular,2,200,191,0,0,1,0,2,0,0.5,1,0,0
singular,2,200,192,0,0,1,0,2,0,0.5,1,0,0
singular,2,200,193,0,0,1,0,2,0,0.5,1,0,0
singular,2,200,194,0,0,1,0,2,0,0.5,1,0,0
singular,2,200,195,0,0,1,0,2,0,0.5,1,0,0
singular,2,200,196,0,0,1,0,2,0,0.5,1,0,0
singular,2,200,197,0,0,1,0,2,0,0.5,1,0,0
singular,2,200,198,0,0,1,0,2,0,0.5,1,0,0
singular,2,200,199,0,0,1,0,2,0,0.5,1,0,0
singular,2,200,200,0,0,1,0,2,0,0.5,1,0,0
