id,a,b,c
0,0,2,1
1,0,3,2
2,0,4,3
3,0,5,4
4,0,6,5
5,0,1,6
6,7,9,8
7,7,10,9
8,1,2,10
9,1,10,7
10,1,11,6
11,1,7,11
12,7,12,11
13,7,8,12
14,13,15,14
15,13,16,15
16,8,9,16
17,8,16,13
18,8,17,12
19,8,13,17
20,13,18,17
21,13,14,18
22,14,15,19
23,14,19,18
24,20,22,21
25,20,23,22
26,20,24,23
27,20,25,24
28,20,26,25
29,20,21,26
30,27,29,28
31,27,30,29
32,21,22,30
33,21,30,27
34,21,31,26
35,21,27,31
36,3,4,31
37,3,31,27
38,3,28,2
39,3,27,28
40,32,34,33
41,32,35,34
42,28,29,35
43,28,35,32
44,28,32,2
45,2,32,10
46,10,33,9
47,10,32,33
48,36,38,37
49,36,39,38
50,33,34,39
51,33,39,36
52,33,36,9
53,9,36,16
54,16,37,15
55,16,36,37
56,40,42,41
57,40,43,42
58,37,38,43
59,37,43,40
60,37,40,15
61,15,44,19
62,15,40,44
63,40,41,44
64,41,42,45
65,41,45,44
66,46,48,47
67,46,49,48
68,46,50,49
69,46,51,50
70,46,52,51
71,46,47,52
72,53,55,54
73,53,56,55
74,47,48,56
75,47,56,53
76,47,57,52
77,47,53,57
78,23,24,57
79,23,57,53
80,23,54,22
81,23,53,54
82,58,60,59
83,58,61,60
84,54,55,61
85,54,61,58
86,54,58,22
87,22,58,30
88,30,59,29
89,30,58,59
90,62,64,63
91,62,65,64
92,59,60,65
93,59,65,62
94,59,62,29
95,29,62,35
96,35,63,34
97,35,62,63
98,66,68,67
99,66,69,68
100,63,64,69
101,63,69,66
102,63,66,34
103,34,66,39
104,39,67,38
105,39,66,67
106,70,72,71
107,70,73,72
108,67,68,73
109,67,73,70
110,67,70,38
111,38,70,43
112,43,71,42
113,43,70,71
114,74,76,75
115,74,77,76
116,71,72,77
117,71,77,74
118,71,74,42
119,42,78,45
120,42,74,78
121,74,75,78
122,75,76,79
123,75,79,78
124,80,82,81
125,80,83,82
126,80,84,83
127,80,85,84
128,49,50,85
129,49,85,80
130,49,81,48
131,49,80,81
132,86,88,87
133,86,89,88
134,81,82,89
135,81,89,86
136,81,86,48
137,48,86,56
138,56,87,55
139,56,86,87
140,90,92,91
141,90,93,92
142,87,88,93
143,87,93,90
144,87,90,55
145,55,90,61
146,61,91,60
147,61,90,91
148,94,96,95
149,94,97,96
150,91,92,97
151,91,97,94
152,91,94,60
153,60,94,65
154,65,95,64
155,65,94,95
156,98,100,99
157,98,101,100
158,95,96,101
159,95,101,98
160,95,98,64
161,64,98,69
162,69,99,68
163,69,98,99
164,102,104,103
165,102,105,104
166,99,100,105
167,99,105,102
168,99,102,68
169,68,102,73
170,73,103,72
171,73,102,103
172,106,108,107
173,106,109,108
174,103,104,109
175,103,109,106
176,103,106,72
177,72,106,77
178,77,107,76
179,77,106,107
180,107,108,110
181,107,110,111
182,107,111,76
183,76,111,79
184,112,114,113
185,112,115,114
186,112,116,115
187,112,117,116
188,83,84,117
189,83,117,112
190,83,113,82
191,83,112,113
192,118,120,119
193,118,121,120
194,113,114,121
195,113,121,118
196,113,118,82
197,82,118,89
198,89,119,88
199,89,118,119
200,122,124,123
201,122,125,124
202,119,120,125
203,119,125,122
204,119,122,88
205,88,122,93
206,93,123,92
207,93,122,123
208,126,128,127
209,126,129,128
210,123,124,129
211,123,129,126
212,123,126,92
213,92,126,97
214,97,127,96
215,97,126,127
216,130,132,131
217,130,133,132
218,127,128,133
219,127,133,130
220,127,130,96
221,96,130,101
222,101,131,100
223,101,130,131
224,134,136,135
225,134,137,136
226,131,132,137
227,131,137,134
228,131,134,100
229,100,134,105
230,105,135,104
231,105,134,135
232,138,140,139
233,138,141,140
234,135,136,141
235,135,141,138
236,135,138,104
237,104,138,109
238,109,139,108
239,109,138,139
240,139,140,142
241,139,142,143
242,139,143,108
243,108,143,110
244,115,116,144
245,115,144,114
246,145,147,146
247,145,148,147
248,145,149,148
249,114,144,149
250,114,149,145
251,114,145,121
252,121,146,120
253,121,145,146
254,150,152,151
255,150,153,152
256,146,147,153
257,146,153,150
258,146,150,120
259,120,150,125
260,125,151,124
261,125,150,151
262,154,156,155
263,154,157,156
264,151,152,157
265,151,157,154
266,151,154,124
267,124,154,129
268,129,155,128
269,129,154,155
270,158,160,159
271,158,161,160
272,155,156,161
273,155,161,158
274,155,158,128
275,128,158,133
276,133,159,132
277,133,158,159
278,162,164,163
279,162,165,164
280,159,160,165
281,159,165,162
282,159,162,132
283,132,162,137
284,137,163,136
285,137,162,163
286,163,164,166
287,163,166,167
288,163,167,136
289,136,167,168
290,136,168,141
291,141,168,140
292,140,168,169
293,140,169,142
294,148,149,170
295,148,170,147
296,171,173,172
297,171,174,173
298,171,175,174
299,147,170,175
300,147,175,171
301,147,171,153
302,153,172,152
303,153,171,172
304,176,178,177
305,176,179,178
306,172,173,179
307,172,179,176
308,172,176,152
309,152,176,157
310,157,177,156
311,157,176,177
312,180,182,181
313,180,183,182
314,177,178,183
315,177,183,180
316,177,180,156
317,156,180,161
318,161,181,160
319,161,180,181
320,181,182,184
321,181,184,185
322,181,185,160
323,160,185,186
324,160,186,165
325,165,186,164
326,164,186,187
327,164,187,166
328,174,175,188
329,174,188,173
330,173,188,189
331,173,189,190
332,173,190,179
333,179,190,178
334,178,190,191
335,178,191,192
336,178,192,183
337,183,192,182
338,182,192,193
339,182,193,184
340,194,196,195
341,194,197,196
342,194,198,197
343,194,199,198
344,194,200,199
345,194,195,200
346,201,203,202
347,201,204,203
348,195,196,204
349,195,204,201
350,195,205,200
351,195,201,205
352,201,206,205
353,201,202,206
354,207,209,208
355,207,210,209
356,202,203,210
357,202,210,207
358,202,211,206
359,202,207,211
360,207,212,211
361,207,208,212
362,208,209,213
363,208,213,212
364,214,216,215
365,214,217,216
366,214,218,217
367,214,219,218
368,214,220,219
369,214,215,220
370,221,223,222
371,221,224,223
372,215,216,224
373,215,224,221
374,215,225,220
375,215,221,225
376,221,226,225
377,221,222,226
378,227,229,228
379,227,230,229
380,222,223,230
381,222,230,227
382,222,231,226
383,222,227,231
384,197,198,231
385,197,231,227
386,197,228,196
387,197,227,228
388,232,234,233
389,232,235,234
390,228,229,235
391,228,235,232
392,228,232,196
393,196,232,204
394,204,233,203
395,204,232,233
396,236,238,237
397,236,239,238
398,233,234,239
399,233,239,236
400,233,236,203
401,203,236,210
402,210,237,209
403,210,236,237
404,240,242,241
405,240,243,242
406,237,238,243
407,237,243,240
408,237,240,209
409,209,244,213
410,209,240,244
411,240,241,244
412,245,247,246
413,245,248,247
414,241,242,248
415,241,248,245
416,241,249,244
417,241,245,249
418,245,250,249
419,245,246,250
420,246,247,251
421,246,251,250
422,252,254,253
423,252,255,254
424,252,256,255
425,252,257,256
426,252,258,257
427,252,253,258
428,259,261,260
429,259,262,261
430,253,254,262
431,253,262,259
432,253,263,258
433,253,259,263
434,217,218,263
435,217,263,259
436,217,260,216
437,217,259,260
438,264,266,265
439,264,267,266
440,260,261,267
441,260,267,264
442,260,264,216
443,216,264,224
444,224,265,223
445,224,264,265
446,5,6,269
447,5,269,268
448,5,270,4
449,5,268,270
450,265,266,270
451,265,270,268
452,265,268,223
453,223,268,230
454,230,269,229
455,230,268,269
456,11,12,272
457,11,272,271
458,11,271,6
459,6,271,269
460,269,271,229
461,229,271,235
462,235,272,234
463,235,271,272
464,17,18,274
465,17,274,273
466,17,273,12
467,12,273,272
468,272,273,234
469,234,273,239
470,239,274,238
471,239,273,274
472,275,277,276
473,18,19,277
474,18,277,275
475,18,275,274
476,274,275,238
477,238,275,243
478,243,276,242
479,243,275,276
480,278,280,279
481,278,281,280
482,276,277,281
483,276,281,278
484,276,278,242
485,242,278,248
486,248,279,247
487,248,278,279
488,282,284,283
489,282,285,284
490,279,280,285
491,279,285,282
492,279,282,247
493,247,286,251
494,247,282,286
495,282,283,286
496,283,284,287
497,283,287,286
498,288,290,289
499,288,291,290
500,288,292,291
501,288,293,292
502,255,256,293
503,255,293,288
504,255,289,254
505,255,288,289
506,294,296,295
507,294,297,296
508,289,290,297
509,289,297,294
510,289,294,254
511,254,294,262
512,262,295,261
513,262,294,295
514,25,26,299
515,25,299,298
516,25,300,24
517,25,298,300
518,295,296,300
519,295,300,298
520,295,298,261
521,261,298,267
522,267,299,266
523,267,298,299
524,4,301,31
525,31,301,26
526,26,301,299
527,299,301,266
528,266,301,270
529,270,301,4
530,19,44,302
531,19,302,277
532,303,305,304
533,44,45,305
534,44,305,303
535,44,303,302
536,302,303,277
537,277,303,281
538,281,304,280
539,281,303,304
540,306,308,307
541,306,309,308
542,304,305,309
543,304,309,306
544,304,306,280
545,280,306,285
546,285,307,284
547,285,306,307
548,307,308,310
549,307,310,311
550,307,311,284
551,284,311,287
552,312,314,313
553,312,315,314
554,312,316,315
555,312,317,316
556,312,318,317
557,312,313,318
558,319,321,320
559,319,322,321
560,313,314,322
561,313,322,319
562,313,323,318
563,313,319,323
564,291,292,323
565,291,323,319
566,291,320,290
567,291,319,320
568,51,52,325
569,51,325,324
570,51,326,50
571,51,324,326
572,320,321,326
573,320,326,324
574,320,324,290
575,290,324,297
576,297,325,296
577,297,324,325
578,24,327,57
579,57,327,52
580,52,327,325
581,325,327,296
582,296,327,300
583,300,327,24
584,45,78,328
585,45,328,305
586,329,331,330
587,78,79,331
588,78,331,329
589,78,329,328
590,328,329,305
591,305,329,309
592,309,330,308
593,309,329,330
594,332,334,333
595,332,335,334
596,330,331,335
597,330,335,332
598,330,332,308
599,308,336,310
600,308,332,336
601,332,333,336
602,333,334,337
603,333,337,336
604,338,340,339
605,338,341,340
606,338,342,341
607,338,343,342
608,315,316,343
609,315,343,338
610,315,339,314
611,315,338,339
612,344,346,345
613,344,347,346
614,339,340,347
615,339,347,344
616,339,344,314
617,314,344,322
618,322,345,321
619,322,344,345
620,50,348,85
621,85,349,84
622,85,348,349
623,345,346,349
624,345,349,348
625,345,348,321
626,321,348,326
627,326,348,50
628,79,111,351
629,79,351,350
630,111,110,351
631,79,350,331
632,352,354,353
633,352,355,354
634,350,351,355
635,350,355,352
636,350,352,331
637,331,352,335
638,335,353,334
639,335,352,353
640,353,354,356
641,353,356,357
642,353,357,334
643,334,357,337
644,358,360,359
645,358,361,360
646,358,362,361
647,358,363,362
648,341,342,363
649,341,363,358
650,341,359,340
651,341,358,359
652,364,366,365
653,364,367,366
654,359,360,367
655,359,367,364
656,359,364,340
657,340,364,347
658,347,365,346
659,347,364,365
660,84,368,117
661,117,369,116
662,117,368,369
663,365,366,369
664,365,369,368
665,365,368,346
666,346,368,349
667,349,368,84
668,110,143,371
669,110,371,370
670,143,142,371
671,110,370,351
672,372,374,373
673,372,375,374
674,370,371,375
675,370,375,372
676,370,372,351
677,351,372,355
678,355,373,354
679,355,372,373
680,373,374,376
681,373,376,377
682,373,377,354
683,354,377,356
684,361,362,378
685,361,378,360
686,379,381,380
687,379,382,381
688,379,383,382
689,360,378,383
690,360,383,379
691,360,379,367
692,367,380,366
693,367,379,380
694,116,385,144
695,116,384,385
696,384,386,385
697,380,381,386
698,380,386,384
699,380,384,366
700,366,384,369
701,369,384,116
702,144,387,149
703,144,385,387
704,167,388,168
705,167,166,388
706,142,169,390
707,142,390,389
708,169,168,391
709,169,391,390
710,168,388,391
711,142,389,371
712,389,390,392
713,389,392,393
714,389,393,371
715,371,393,394
716,371,394,375
717,375,394,374
718,374,394,395
719,374,395,376
720,396,398,397
721,396,399,398
722,396,400,399
723,396,401,400
724,382,383,401
725,382,401,396
726,382,397,381
727,382,396,397
728,402,404,403
729,402,405,404
730,397,398,405
731,397,405,402
732,397,402,381
733,381,402,386
734,386,403,385
735,386,402,403
736,149,407,170
737,149,406,407
738,406,408,407
739,403,404,408
740,403,408,406
741,403,406,385
742,385,406,387
743,387,406,149
744,170,409,175
745,170,407,409
746,185,410,186
747,185,184,410
748,166,187,412
749,166,412,411
750,187,186,413
751,187,413,412
752,186,410,413
753,166,411,388
754,414,416,415
755,414,417,416
756,411,412,417
757,411,417,414
758,411,414,388
759,388,414,391
760,391,415,390
761,391,414,415
762,415,416,418
763,415,418,419
764,415,419,390
765,390,419,392
766,399,400,420
767,399,420,398
768,421,423,422
769,421,424,423
770,421,425,424
771,398,420,425
772,398,425,421
773,398,421,405
774,405,422,404
775,405,421,422
776,426,428,427
777,426,429,428
778,422,423,429
779,422,429,426
780,422,426,404
781,404,426,408
782,408,427,407
783,408,426,427
784,175,431,188
785,175,430,431
786,430,432,431
787,427,428,432
788,427,432,430
789,427,430,407
790,407,430,409
791,409,430,175
792,189,433,190
793,189,188,434
794,189,434,433
795,188,431,434
796,191,435,192
797,191,190,436
798,191,436,435
799,190,433,436
800,184,193,438
801,184,438,437
802,193,192,439
803,193,439,438
804,192,435,439
805,184,437,410
806,440,442,441
807,440,443,442
808,437,438,443
809,437,443,440
810,437,440,410
811,410,440,413
812,413,441,412
813,413,440,441
814,441,442,444
815,441,444,445
816,441,445,412
817,412,445,446
818,412,446,417
819,417,446,416
820,416,446,447
821,416,447,418
822,424,425,448
823,424,448,423
824,423,448,449
825,423,449,450
826,423,450,429
827,429,450,428
828,451,453,452
829,451,454,453
830,451,455,454
831,428,450,455
832,428,455,451
833,428,451,432
834,432,452,431
835,432,451,452
836,456,458,457
837,456,459,458
838,452,453,459
839,452,459,456
840,452,456,431
841,431,456,434
842,434,457,433
843,434,456,457
844,460,462,461
845,460,463,462
846,457,458,463
847,457,463,460
848,457,460,433
849,433,460,436
850,436,461,435
851,436,460,461
852,461,462,464
853,461,464,465
854,461,465,435
855,435,465,466
856,435,466,439
857,439,466,438
858,438,466,467
859,438,467,468
860,438,468,443
861,443,468,442
862,442,468,469
863,442,469,444
864,454,455,470
865,454,470,453
866,453,470,471
867,453,471,472
868,453,472,459
869,459,472,458
870,458,472,473
871,458,473,474
872,458,474,463
873,463,474,462
874,462,474,475
875,462,475,464
876,476,478,477
877,476,479,478
878,476,480,479
879,476,481,480
880,476,482,481
881,476,477,482
882,483,485,484
883,483,486,485
884,477,478,486
885,477,486,483
886,477,487,482
887,477,483,487
888,483,488,487
889,483,484,488
890,489,491,490
891,489,492,491
892,484,485,492
893,484,492,489
894,484,493,488
895,484,489,493
896,489,494,493
897,489,490,494
898,495,497,496
899,495,498,497
900,490,491,498
901,490,498,495
902,490,499,494
903,490,495,499
904,495,500,499
905,495,496,500
906,501,503,502
907,501,504,503
908,496,497,504
909,496,504,501
910,496,505,500
911,496,501,505
912,501,506,505
913,501,502,506
914,502,503,507
915,502,507,506
916,508,510,509
917,508,511,510
918,508,512,511
919,508,513,512
920,508,514,513
921,508,509,514
922,515,517,516
923,515,518,517
924,509,510,518
925,509,518,515
926,509,519,514
927,509,515,519
928,515,520,519
929,515,516,520
930,521,523,522
931,521,524,523
932,516,517,524
933,516,524,521
934,516,525,520
935,516,521,525
936,479,480,525
937,479,525,521
938,479,522,478
939,479,521,522
940,199,200,527
941,199,527,526
942,199,528,198
943,199,526,528
944,522,523,528
945,522,528,526
946,522,526,478
947,478,526,486
948,486,527,485
949,486,526,527
950,205,206,530
951,205,530,529
952,205,529,200
953,200,529,527
954,527,529,485
955,485,529,492
956,492,530,491
957,492,529,530
958,211,212,532
959,211,532,531
960,211,531,206
961,206,531,530
962,530,531,491
963,491,531,498
964,498,532,497
965,498,531,532
966,533,535,534
967,212,213,535
968,212,535,533
969,212,533,532
970,532,533,497
971,497,533,504
972,504,534,503
973,504,533,534
974,536,538,537
975,536,539,538
976,534,535,539
977,534,539,536
978,534,536,503
979,503,540,507
980,503,536,540
981,536,537,540
982,541,543,542
983,541,544,543
984,537,538,544
985,537,544,541
986,537,545,540
987,537,541,545
988,541,546,545
989,541,542,546
990,542,543,547
991,542,547,546
992,548,550,549
993,548,551,550
994,548,552,551
995,548,553,552
996,548,554,553
997,548,549,554
998,555,557,556
999,555,558,557
1000,549,550,558
1001,549,558,555
1002,549,559,554
1003,549,555,559
1004,511,512,559
1005,511,559,555
1006,511,556,510
1007,511,555,556
1008,219,220,561
1009,219,561,560
1010,219,562,218
1011,219,560,562
1012,556,557,562
1013,556,562,560
1014,556,560,510
1015,510,560,518
1016,518,561,517
1017,518,560,561
1018,225,226,564
1019,225,564,563
1020,225,563,220
1021,220,563,561
1022,561,563,517
1023,517,563,524
1024,524,564,523
1025,524,563,564
1026,198,565,231
1027,231,565,226
1028,226,565,564
1029,564,565,523
1030,523,565,528
1031,528,565,198
1032,213,244,566
1033,213,566,535
1034,249,250,568
1035,249,568,567
1036,249,567,244
1037,244,567,566
1038,566,567,535
1039,535,567,539
1040,539,568,538
1041,539,567,568
1042,569,571,570
1043,250,251,571
1044,250,571,569
1045,250,569,568
1046,568,569,538
1047,538,569,544
1048,544,570,543
1049,544,569,570
1050,572,574,573
1051,572,575,574
1052,570,571,575
1053,570,575,572
1054,570,572,543
1055,543,576,547
1056,543,572,576
1057,572,573,576
1058,573,574,577
1059,573,577,576
1060,578,580,579
1061,578,581,580
1062,578,582,581
1063,578,583,582
1064,551,552,583
1065,551,583,578
1066,551,579,550
1067,551,578,579
1068,257,258,585
1069,257,585,584
1070,257,586,256
1071,257,584,586
1072,579,580,586
1073,579,586,584
1074,579,584,550
1075,550,584,558
1076,558,585,557
1077,558,584,585
1078,218,587,263
1079,263,587,258
1080,258,587,585
1081,585,587,557
1082,557,587,562
1083,562,587,218
1084,251,286,588
1085,251,588,571
1086,589,591,590
1087,286,287,591
1088,286,591,589
1089,286,589,588
1090,588,589,571
1091,571,589,575
1092,575,590,574
1093,575,589,590
1094,590,591,592
1095,590,592,593
1096,590,593,574
1097,574,593,577
1098,594,596,595
1099,594,597,596
1100,594,598,597
1101,594,599,598
1102,594,600,599
1103,594,595,600
1104,601,603,602
1105,601,604,603
1106,595,596,604
1107,595,604,601
1108,595,605,600
1109,595,601,605
1110,581,582,605
1111,581,605,601
1112,581,602,580
1113,581,601,602
1114,256,606,293
1115,293,607,292
1116,293,606,607
1117,602,603,607
1118,602,607,606
1119,602,606,580
1120,580,606,586
1121,586,606,256
1122,287,311,609
1123,287,609,608
1124,311,310,609
1125,287,608,591
1126,610,612,611
1127,610,613,612
1128,608,609,613
1129,608,613,610
1130,608,610,591
1131,591,614,592
1132,591,610,614
1133,610,611,614
1134,611,612,615
1135,611,615,614
1136,616,618,617
1137,616,619,618
1138,616,620,619
1139,616,621,620
1140,597,598,621
1141,597,621,616
1142,597,617,596
1143,597,616,617
1144,317,318,623
1145,317,623,622
1146,317,624,316
1147,317,622,624
1148,617,618,624
1149,617,624,622
1150,617,622,596
1151,596,622,604
1152,604,623,603
1153,604,622,623
1154,292,625,323
1155,323,625,318
1156,318,625,623
1157,623,625,603
1158,603,625,607
1159,607,625,292
1160,310,336,626
1161,310,626,609
1162,627,629,628
1163,336,337,629
1164,336,629,627
1165,336,627,626
1166,626,627,609
1167,609,627,613
1168,613,628,612
1169,613,627,628
1170,628,629,630
1171,628,630,631
1172,628,631,612
1173,612,631,615
1174,632,634,633
1175,632,635,634
1176,632,636,635
1177,632,637,636
1178,619,620,637
1179,619,637,632
1180,619,633,618
1181,619,632,633
1182,316,638,343
1183,343,639,342
1184,343,638,639
1185,633,634,639
1186,633,639,638
1187,633,638,618
1188,618,638,624
1189,624,638,316
1190,337,357,641
1191,337,641,640
1192,357,356,641
1193,337,640,629
1194,640,641,642
1195,640,642,643
1196,640,643,629
1197,629,643,630
1198,644,646,645
1199,644,647,646
1200,644,648,647
1201,644,649,648
1202,635,636,649
1203,635,649,644
1204,635,645,634
1205,635,644,645
1206,342,650,363
1207,363,651,362
1208,363,650,651
1209,645,646,651
1210,645,651,650
1211,645,650,634
1212,634,650,639
1213,639,650,342
1214,356,377,653
1215,356,653,652
1216,377,376,653
1217,356,652,641
1218,652,653,654
1219,652,654,655
1220,652,655,641
1221,641,655,642
1222,656,658,657
1223,656,659,658
1224,656,660,659
1225,656,661,660
1226,647,648,661
1227,647,661,656
1228,647,657,646
1229,647,656,657
1230,362,663,378
1231,362,662,663
1232,662,664,663
1233,657,658,664
1234,657,664,662
1235,657,662,646
1236,646,662,651
1237,651,662,362
1238,378,665,383
1239,378,663,665
1240,393,666,394
1241,393,392,666
1242,376,395,668
1243,376,668,667
1244,395,394,669
1245,395,669,668
1246,394,666,669
1247,376,667,653
1248,667,668,670
1249,667,670,671
1250,667,671,653
1251,653,671,654
1252,659,660,672
1253,659,672,658
1254,673,675,674
1255,673,676,675
1256,673,677,676
1257,658,672,677
1258,658,677,673
1259,658,673,664
1260,664,674,663
1261,664,673,674
1262,383,678,401
1263,401,679,400
1264,401,678,679
1265,674,675,679
1266,674,679,678
1267,674,678,663
1268,663,678,665
1269,665,678,383
1270,392,419,681
1271,392,681,680
1272,419,418,681
1273,392,680,666
1274,680,681,682
1275,680,682,683
1276,680,683,666
1277,666,683,684
1278,666,684,669
1279,669,684,668
1280,668,684,685
1281,668,685,670
1282,686,688,687
1283,686,689,688
1284,686,690,689
1285,686,691,690
1286,676,677,691
1287,676,691,686
1288,676,687,675
1289,676,686,687
1290,400,693,420
1291,400,692,693
1292,692,694,693
1293,687,688,694
1294,687,694,692
1295,687,692,675
1296,675,692,679
1297,679,692,400
1298,420,695,425
1299,420,693,695
1300,445,696,446
1301,445,444,696
1302,418,447,698
1303,418,698,697
1304,447,446,699
1305,447,699,698
1306,446,696,699
1307,418,697,681
1308,697,698,700
1309,697,700,701
1310,697,701,681
1311,681,701,682
1312,689,690,702
1313,689,702,688
1314,703,705,704
1315,703,706,705
1316,703,707,706
1317,688,702,707
1318,688,707,703
1319,688,703,694
1320,694,704,693
1321,694,703,704
1322,425,709,448
1323,425,708,709
1324,708,710,709
1325,704,705,710
1326,704,710,708
1327,704,708,693
1328,693,708,695
1329,695,708,425
1330,449,711,450
1331,449,448,712
1332,449,712,711
1333,448,709,712
1334,450,713,455
1335,450,711,713
1336,465,714,466
1337,465,464,714
1338,467,715,468
1339,467,466,716
1340,467,716,715
1341,466,714,716
1342,444,469,718
1343,444,718,717
1344,469,468,719
1345,469,719,718
1346,468,715,719
1347,444,717,696
1348,717,718,720
1349,717,720,721
1350,717,721,696
1351,696,721,722
1352,696,722,699
1353,699,722,698
1354,698,722,723
1355,698,723,700
1356,706,707,724
1357,706,724,705
1358,705,724,725
1359,705,725,726
1360,705,726,710
1361,710,726,709
1362,727,729,728
1363,727,730,729
1364,727,731,730
1365,709,726,731
1366,709,731,727
1367,709,727,712
1368,712,728,711
1369,712,727,728
1370,455,733,470
1371,455,732,733
1372,732,734,733
1373,728,729,734
1374,728,734,732
1375,728,732,711
1376,711,732,713
1377,713,732,455
1378,471,735,472
1379,471,470,736
1380,471,736,735
1381,470,733,736
1382,473,737,474
1383,473,472,738
1384,473,738,737
1385,472,735,738
1386,464,475,740
1387,464,740,739
1388,475,474,741
1389,475,741,740
1390,474,737,741
1391,464,739,714
1392,739,740,742
1393,739,742,743
1394,739,743,714
1395,714,743,744
1396,714,744,716
1397,716,744,715
1398,715,744,745
1399,715,745,746
1400,715,746,719
1401,719,746,718
1402,718,746,747
1403,718,747,720
1404,730,731,748
1405,730,748,729
1406,729,748,749
1407,729,749,750
1408,729,750,734
1409,734,750,733
1410,733,750,751
1411,733,751,752
1412,733,752,736
1413,736,752,735
1414,735,752,753
1415,735,753,754
1416,735,754,738
1417,738,754,737
1418,737,754,755
1419,737,755,756
1420,737,756,741
1421,741,756,740
1422,740,756,757
1423,740,757,742
1424,758,760,759
1425,758,761,760
1426,758,762,761
1427,758,763,762
1428,758,764,763
1429,758,759,764
1430,765,767,766
1431,765,768,767
1432,759,760,768
1433,759,768,765
1434,759,769,764
1435,759,765,769
1436,765,770,769
1437,765,766,770
1438,771,773,772
1439,771,774,773
1440,766,767,774
1441,766,774,771
1442,766,775,770
1443,766,771,775
1444,771,776,775
1445,771,772,776
1446,777,779,778
1447,777,780,779
1448,772,773,780
1449,772,780,777
1450,772,781,776
1451,772,777,781
1452,777,782,781
1453,777,778,782
1454,783,785,784
1455,783,786,785
1456,778,779,786
1457,778,786,783
1458,778,787,782
1459,778,783,787
1460,783,788,787
1461,783,784,788
1462,784,785,789
1463,784,789,788
1464,790,792,791
1465,790,793,792
1466,790,794,793
1467,790,795,794
1468,790,796,795
1469,790,791,796
1470,797,799,798
1471,797,800,799
1472,791,792,800
1473,791,800,797
1474,791,801,796
1475,791,797,801
1476,797,802,801
1477,797,798,802
1478,481,482,804
1479,481,804,803
1480,481,805,480
1481,481,803,805
1482,798,799,805
1483,798,805,803
1484,798,806,802
1485,798,803,806
1486,761,762,806
1487,761,806,803
1488,761,804,760
1489,761,803,804
1490,487,488,808
1491,487,808,807
1492,487,807,482
1493,482,807,804
1494,804,807,760
1495,760,807,768
1496,768,808,767
1497,768,807,808
1498,493,494,810
1499,493,810,809
1500,493,809,488
1501,488,809,808
1502,808,809,767
1503,767,809,774
1504,774,810,773
1505,774,809,810
1506,499,500,812
1507,499,812,811
1508,499,811,494
1509,494,811,810
1510,810,811,773
1511,773,811,780
1512,780,812,779
1513,780,811,812
1514,505,506,814
1515,505,814,813
1516,505,813,500
1517,500,813,812
1518,812,813,779
1519,779,813,786
1520,786,814,785
1521,786,813,814
1522,815,817,816
1523,506,507,817
1524,506,817,815
1525,506,815,814
1526,814,815,785
1527,785,818,789
1528,785,815,818
1529,815,816,818
1530,819,821,820
1531,819,822,821
1532,816,817,822
1533,816,822,819
1534,816,823,818
1535,816,819,823
1536,819,824,823
1537,819,820,824
1538,820,821,825
1539,820,825,824
1540,826,828,827
1541,826,829,828
1542,826,830,829
1543,826,831,830
1544,826,832,831
1545,826,827,832
1546,513,514,834
1547,513,834,833
1548,513,835,512
1549,513,833,835
1550,827,828,835
1551,827,835,833
1552,827,836,832
1553,827,833,836
1554,793,794,836
1555,793,836,833
1556,793,834,792
1557,793,833,834
1558,519,520,838
1559,519,838,837
1560,519,837,514
1561,514,837,834
1562,834,837,792
1563,792,837,800
1564,800,838,799
1565,800,837,838
1566,480,839,525
1567,525,839,520
1568,520,839,838
1569,838,839,799
1570,799,839,805
1571,805,839,480
1572,507,540,840
1573,507,840,817
1574,545,546,842
1575,545,842,841
1576,545,841,540
1577,540,841,840
1578,840,841,817
1579,817,841,822
1580,822,842,821
1581,822,841,842
1582,843,845,844
1583,546,547,845
1584,546,845,843
1585,546,843,842
1586,842,843,821
1587,821,846,825
1588,821,843,846
1589,843,844,846
1590,844,845,847
1591,844,847,846
1592,848,850,849
1593,848,851,850
1594,848,852,851
1595,848,853,852
1596,848,854,853
1597,848,849,854
1598,553,554,856
1599,553,856,855
1600,553,857,552
1601,553,855,857
1602,849,850,857
1603,849,857,855
1604,849,858,854
1605,849,855,858
1606,829,830,858
1607,829,858,855
1608,829,856,828
1609,829,855,856
1610,512,859,559
1611,559,859,554
1612,554,859,856
1613,856,859,828
1614,828,859,835
1615,835,859,512
1616,547,576,860
1617,547,860,845
1618,861,863,862
1619,576,577,863
1620,576,863,861
1621,576,861,860
1622,860,861,845
1623,845,864,847
1624,845,861,864
1625,861,862,864
1626,862,863,865
1627,862,865,864
1628,866,868,867
1629,866,869,868
1630,866,870,869
1631,866,871,870
1632,851,852,871
1633,851,871,866
1634,851,867,850
1635,851,866,867
1636,552,872,583
1637,583,873,582
1638,583,872,873
1639,867,868,873
1640,867,873,872
1641,867,872,850
1642,850,872,857
1643,857,872,552
1644,577,593,875
1645,577,875,874
1646,593,592,875
1647,577,874,863
1648,874,875,876
1649,874,876,877
1650,874,877,863
1651,863,877,865
1652,878,880,879
1653,878,881,880
1654,878,882,881
1655,878,883,882
1656,878,884,883
1657,878,879,884
1658,599,600,886
1659,599,886,885
1660,599,887,598
1661,599,885,887
1662,879,880,887
1663,879,887,885
1664,879,888,884
1665,879,885,888
1666,869,870,888
1667,869,888,885
1668,869,886,868
1669,869,885,886
1670,582,889,605
1671,605,889,600
1672,600,889,886
1673,886,889,868
1674,868,889,873
1675,873,889,582
1676,592,614,890
1677,592,890,875
1678,891,893,892
1679,614,615,893
1680,614,893,891
1681,614,891,890
1682,890,891,875
1683,875,894,876
1684,875,891,894
1685,891,892,894
1686,892,893,895
1687,892,895,894
1688,896,898,897
1689,896,899,898
1690,896,900,899
1691,896,901,900
1692,881,882,901
1693,881,901,896
1694,881,897,880
1695,881,896,897
1696,598,902,621
1697,621,903,620
1698,621,902,903
1699,897,898,903
1700,897,903,902
1701,897,902,880
1702,880,902,887
1703,887,902,598
1704,615,631,905
1705,615,905,904
1706,631,630,905
1707,615,904,893
1708,904,905,906
1709,904,906,907
1710,904,907,893
1711,893,907,895
1712,908,910,909
1713,908,911,910
1714,908,912,911
1715,908,913,912
1716,899,900,913
1717,899,913,908
1718,899,909,898
1719,899,908,909
1720,620,914,637
1721,637,915,636
1722,637,914,915
1723,909,910,915
1724,909,915,914
1725,909,914,898
1726,898,914,903
1727,903,914,620
1728,630,643,917
1729,630,917,916
1730,643,642,917
1731,630,916,905
1732,916,917,918
1733,916,918,919
1734,916,919,905
1735,905,919,906
1736,920,922,921
1737,920,923,922
1738,920,924,923
1739,920,925,924
1740,911,912,925
1741,911,925,920
1742,911,921,910
1743,911,920,921
1744,636,926,649
1745,649,927,648
1746,649,926,927
1747,921,922,927
1748,921,927,926
1749,921,926,910
1750,910,926,915
1751,915,926,636
1752,642,655,929
1753,642,929,928
1754,655,654,929
1755,642,928,917
1756,928,929,930
1757,928,930,931
1758,928,931,917
1759,917,931,918
1760,932,934,933
1761,932,935,934
1762,932,936,935
1763,932,937,936
1764,923,924,937
1765,923,937,932
1766,923,933,922
1767,923,932,933
1768,648,938,661
1769,661,939,660
1770,661,938,939
1771,933,934,939
1772,933,939,938
1773,933,938,922
1774,922,938,927
1775,927,938,648
1776,654,671,941
1777,654,941,940
1778,671,670,941
1779,654,940,929
1780,940,941,942
1781,940,942,943
1782,940,943,929
1783,929,943,930
1784,935,936,944
1785,935,944,934
1786,660,946,672
1787,660,945,946
1788,945,947,946
1789,945,948,947
1790,934,944,948
1791,934,948,945
1792,934,945,939
1793,939,945,660
1794,672,949,677
1795,672,946,949
1796,683,950,684
1797,683,682,950
1798,670,685,951
1799,685,684,951
1800,684,952,951
1801,684,950,952
1802,951,952,953
1803,951,953,954
1804,670,951,954
1805,670,954,941
1806,941,954,955
1807,941,955,942
1808,956,958,957
1809,956,959,958
1810,956,960,959
1811,956,961,960
1812,947,948,961
1813,947,961,956
1814,947,957,946
1815,947,956,957
1816,677,962,691
1817,691,963,690
1818,691,962,963
1819,957,958,963
1820,957,963,962
1821,957,962,946
1822,946,962,949
1823,949,962,677
1824,682,701,965
1825,682,965,964
1826,701,700,965
1827,682,964,950
1828,964,965,966
1829,964,966,967
1830,964,967,950
1831,950,967,952
1832,959,960,968
1833,959,968,958
1834,690,970,702
1835,690,969,970
1836,969,971,970
1837,969,972,971
1838,958,968,972
1839,958,972,969
1840,958,969,963
1841,963,969,690
1842,702,973,707
1843,702,970,973
1844,721,974,722
1845,721,720,974
1846,700,723,975
1847,723,722,975
1848,722,976,975
1849,722,974,976
1850,975,976,977
1851,975,977,978
1852,700,975,978
1853,700,978,965
1854,965,978,979
1855,965,979,966
1856,971,972,980
1857,971,980,970
1858,707,982,724
1859,707,981,982
1860,981,983,982
1861,981,984,983
1862,970,980,984
1863,970,984,981
1864,970,981,973
1865,973,981,707
1866,725,985,726
1867,725,724,986
1868,725,986,985
1869,724,982,986
1870,726,987,731
1871,726,985,987
1872,743,988,744
1873,743,742,988
1874,745,989,746
1875,745,744,990
1876,745,990,989
1877,744,988,990
1878,720,747,991
1879,747,746,991
1880,746,992,991
1881,746,989,992
1882,991,992,993
1883,991,993,994
1884,720,991,994
1885,720,994,974
1886,974,994,995
1887,974,995,976
1888,983,984,996
1889,983,996,982
1890,982,996,997
1891,982,997,998
1892,982,998,986
1893,986,998,985
1894,731,1000,748
1895,731,999,1000
1896,999,1001,1000
1897,999,1002,1001
1898,985,998,1002
1899,985,1002,999
1900,985,999,987
1901,987,999,731
1902,749,1003,750
1903,749,748,1004
1904,749,1004,1003
1905,748,1000,1004
1906,751,1005,752
1907,751,750,1006
1908,751,1006,1005
1909,750,1003,1006
1910,753,1007,754
1911,753,752,1008
1912,753,1008,1007
1913,752,1005,1008
1914,755,1009,756
1915,755,754,1010
1916,755,1010,1009
1917,754,1007,1010
1918,742,757,1011
1919,757,756,1011
1920,756,1012,1011
1921,756,1009,1012
1922,1011,1012,1013
1923,1011,1013,1014
1924,742,1011,1014
1925,742,1014,988
1926,988,1014,1015
1927,988,1015,1016
1928,988,1016,990
1929,990,1016,989
1930,989,1016,1017
1931,989,1017,992
1932,1001,1002,1018
1933,1001,1018,1000
1934,1000,1018,1019
1935,1000,1019,1020
1936,1000,1020,1004
1937,1004,1020,1003
1938,1003,1020,1021
1939,1003,1021,1022
1940,1003,1022,1006
1941,1006,1022,1005
1942,1005,1022,1023
1943,1005,1023,1024
1944,1005,1024,1008
1945,1008,1024,1007
1946,1007,1024,1025
1947,1007,1025,1026
1948,1007,1026,1010
1949,1010,1026,1009
1950,1009,1026,1027
1951,1009,1027,1012
1952,1028,1030,1029
1953,1028,1031,1030
1954,1028,1032,1031
1955,1028,1033,1032
1956,1028,1034,1033
1957,1028,1029,1034
1958,1035,1037,1036
1959,1035,1038,1037
1960,1029,1030,1038
1961,1029,1038,1035
1962,1029,1039,1034
1963,1029,1035,1039
1964,1035,1040,1039
1965,1035,1036,1040
1966,1041,1043,1042
1967,1041,1044,1043
1968,1036,1037,1044
1969,1036,1044,1041
1970,1036,1045,1040
1971,1036,1041,1045
1972,1041,1046,1045
1973,1041,1042,1046
1974,1042,1043,1047
1975,1042,1047,1046
1976,1048,1050,1049
1977,1048,1051,1050
1978,1048,1052,1051
1979,1048,1053,1052
1980,1048,1054,1053
1981,1048,1049,1054
1982,1055,1057,1056
1983,1055,1058,1057
1984,1049,1050,1058
1985,1049,1058,1055
1986,1049,1059,1054
1987,1049,1055,1059
1988,1055,1060,1059
1989,1055,1056,1060
1990,763,764,1062
1991,763,1062,1061
1992,763,1063,762
1993,763,1061,1063
1994,1056,1057,1063
1995,1056,1063,1061
1996,1056,1064,1060
1997,1056,1061,1064
1998,1061,1065,1064
1999,1061,1062,1065
2000,769,770,1067
2001,769,1067,1066
2002,769,1066,764
2003,764,1066,1062
2004,1062,1068,1065
2005,1062,1066,1068
2006,1031,1032,1068
2007,1031,1068,1066
2008,1031,1067,1030
2009,1031,1066,1067
2010,775,776,1070
2011,775,1070,1069
2012,775,1069,770
2013,770,1069,1067
2014,1067,1069,1030
2015,1030,1069,1038
2016,1038,1070,1037
2017,1038,1069,1070
2018,781,782,1072
2019,781,1072,1071
2020,781,1071,776
2021,776,1071,1070
2022,1070,1071,1037
2023,1037,1071,1044
2024,1044,1072,1043
2025,1044,1071,1072
2026,787,788,1074
2027,787,1074,1073
2028,787,1073,782
2029,782,1073,1072
2030,1072,1073,1043
2031,1043,1075,1047
2032,1043,1073,1075
2033,1073,1074,1075
2034,1076,1078,1077
2035,788,789,1078
2036,788,1078,1076
2037,788,1076,1074
2038,1074,1079,1075
2039,1074,1076,1079
2040,1076,1080,1079
2041,1076,1077,1080
2042,1081,1083,1082
2043,1081,1084,1083
2044,1077,1078,1084
2045,1077,1084,1081
2046,1077,1085,1080
2047,1077,1081,1085
2048,1081,1086,1085
2049,1081,1082,1086
2050,1082,1083,1087
2051,1082,1087,1086
2052,1088,1090,1089
2053,1088,1091,1090
2054,1088,1092,1091
2055,1088,1093,1092
2056,1088,1094,1093
2057,1088,1089,1094
2058,795,796,1096
2059,795,1096,1095
2060,795,1097,794
2061,795,1095,1097
2062,1089,1090,1097
2063,1089,1097,1095
2064,1089,1098,1094
2065,1089,1095,1098
2066,1051,1052,1098
2067,1051,1098,1095
2068,1051,1096,1050
2069,1051,1095,1096
2070,801,802,1100
2071,801,1100,1099
2072,801,1099,796
2073,796,1099,1096
2074,1096,1099,1050
2075,1050,1099,1058
2076,1058,1100,1057
2077,1058,1099,1100
2078,762,1101,806
2079,806,1101,802
2080,802,1101,1100
2081,1100,1101,1057
2082,1057,1101,1063
2083,1063,1101,762
2084,789,818,1102
2085,789,1102,1078
2086,823,824,1104
2087,823,1104,1103
2088,823,1103,818
2089,818,1103,1102
2090,1102,1103,1078
2091,1078,1103,1084
2092,1084,1104,1083
2093,1084,1103,1104
2094,1105,1107,1106
2095,824,825,1107
2096,824,1107,1105
2097,824,1105,1104
2098,1104,1105,1083
2099,1083,1108,1087
2100,1083,1105,1108
2101,1105,1106,1108
2102,1106,1107,1109
2103,1106,1109,1108
2104,1110,1112,1111
2105,1110,1113,1112
2106,1110,1114,1113
2107,1110,1115,1114
2108,1110,1116,1115
2109,1110,1111,1116
2110,831,832,1118
2111,831,1118,1117
2112,831,1119,830
2113,831,1117,1119
2114,1111,1112,1119
2115,1111,1119,1117
2116,1111,1120,1116
2117,1111,1117,1120
2118,1091,1092,1120
2119,1091,1120,1117
2120,1091,1118,1090
2121,1091,1117,1118
2122,794,1121,836
2123,836,1121,832
2124,832,1121,1118
2125,1118,1121,1090
2126,1090,1121,1097
2127,1097,1121,794
2128,825,846,1122
2129,825,1122,1107
2130,1123,1125,1124
2131,846,847,1125
2132,846,1125,1123
2133,846,1123,1122
2134,1122,1123,1107
2135,1107,1126,1109
2136,1107,1123,1126
2137,1123,1124,1126
2138,1124,1125,1127
2139,1124,1127,1126
2140,1128,1130,1129
2141,1128,1131,1130
2142,1128,1132,1131
2143,1128,1133,1132
2144,1128,1134,1133
2145,1128,1129,1134
2146,853,854,1136
2147,853,1136,1135
2148,853,1137,852
2149,853,1135,1137
2150,1129,1130,1137
2151,1129,1137,1135
2152,1129,1138,1134
2153,1129,1135,1138
2154,1113,1114,1138
2155,1113,1138,1135
2156,1113,1136,1112
2157,1113,1135,1136
2158,830,1139,858
2159,858,1139,854
2160,854,1139,1136
2161,1136,1139,1112
2162,1112,1139,1119
2163,1119,1139,830
2164,847,864,1140
2165,847,1140,1125
2166,1141,1143,1142
2167,864,865,1143
2168,864,1143,1141
2169,864,1141,1140
2170,1140,1141,1125
2171,1125,1144,1127
2172,1125,1141,1144
2173,1141,1142,1144
2174,1142,1143,1145
2175,1142,1145,1144
2176,1146,1148,1147
2177,1146,1149,1148
2178,1146,1150,1149
2179,1146,1151,1150
2180,1131,1132,1151
2181,1131,1151,1146
2182,1131,1147,1130
2183,1131,1146,1147
2184,852,1152,871
2185,871,1153,870
2186,871,1152,1153
2187,1147,1148,1153
2188,1147,1153,1152
2189,1147,1152,1130
2190,1130,1152,1137
2191,1137,1152,852
2192,865,877,1155
2193,865,1155,1154
2194,877,876,1155
2195,865,1154,1143
2196,1154,1155,1156
2197,1154,1156,1157
2198,1154,1157,1143
2199,1143,1157,1145
2200,883,884,1159
2201,883,1159,1158
2202,883,1160,882
2203,883,1158,1160
2204,1158,1161,1160
2205,1158,1162,1161
2206,1149,1150,1162
2207,1149,1162,1158
2208,1149,1159,1148
2209,1149,1158,1159
2210,870,1163,888
2211,888,1163,884
2212,884,1163,1159
2213,1159,1163,1148
2214,1148,1163,1153
2215,1153,1163,870
2216,876,894,1164
2217,876,1164,1155
2218,894,895,1165
2219,894,1165,1166
2220,894,1166,1164
2221,1164,1166,1167
2222,1164,1167,1155
2223,1155,1167,1156
2224,1168,1170,1169
2225,1168,1171,1170
2226,1168,1172,1171
2227,1168,1173,1172
2228,1168,1174,1173
2229,1168,1169,1174
2230,882,1175,901
2231,901,1176,900
2232,901,1175,1176
2233,1169,1170,1176
2234,1169,1176,1175
2235,1169,1177,1174
2236,1169,1175,1177
2237,1160,1161,1177
2238,1160,1177,1175
2239,1160,1175,882
2240,895,907,1179
2241,895,1179,1178
2242,907,906,1179
2243,1165,1180,1166
2244,1165,895,1178
2245,1165,1178,1180
2246,1178,1179,1181
2247,1178,1181,1180
2248,1182,1184,1183
2249,1182,1185,1184
2250,1182,1186,1185
2251,1182,1187,1186
2252,1171,1172,1187
2253,1171,1187,1182
2254,1171,1183,1170
2255,1171,1182,1183
2256,900,1188,913
2257,913,1189,912
2258,913,1188,1189
2259,1183,1184,1189
2260,1183,1189,1188
2261,1183,1188,1170
2262,1170,1188,1176
2263,1176,1188,900
2264,906,919,1191
2265,906,1191,1190
2266,919,918,1191
2267,906,1190,1179
2268,1190,1191,1192
2269,1190,1192,1193
2270,1190,1193,1179
2271,1179,1193,1181
2272,1194,1196,1195
2273,1194,1197,1196
2274,1194,1198,1197
2275,1194,1199,1198
2276,1185,1186,1199
2277,1185,1199,1194
2278,1185,1195,1184
2279,1185,1194,1195
2280,912,1200,925
2281,925,1201,924
2282,925,1200,1201
2283,1195,1196,1201
2284,1195,1201,1200
2285,1195,1200,1184
2286,1184,1200,1189
2287,1189,1200,912
2288,918,931,1203
2289,918,1203,1202
2290,931,930,1203
2291,918,1202,1191
2292,1202,1203,1204
2293,1202,1204,1205
2294,1202,1205,1191
2295,1191,1205,1192
2296,1197,1198,1206
2297,1197,1206,1196
2298,924,1207,937
2299,937,1208,936
2300,937,1207,1208
2301,1207,1209,1208
2302,1196,1206,1209
2303,1196,1209,1207
2304,1196,1207,1201
2305,1201,1207,924
2306,930,943,1210
2307,943,1211,1210
2308,943,942,1211
2309,1210,1211,1212
2310,1210,1212,1213
2311,1210,1213,1214
2312,930,1210,1214
2313,930,1214,1203
2314,1203,1214,1215
2315,1203,1215,1204
2316,936,1217,944
2317,936,1216,1217
2318,1216,1218,1217
2319,1216,1219,1218
2320,1216,1220,1219
2321,1208,1209,1220
2322,1208,1220,1216
2323,1208,1216,936
2324,944,1221,948
2325,944,1217,1221
2326,953,1222,954
2327,953,952,1222
2328,942,955,1223
2329,955,954,1223
2330,954,1224,1223
2331,954,1222,1224
2332,1223,1224,1225
2333,1211,1223,1225
2334,1211,1225,1212
2335,1211,942,1223
2336,1226,1228,1227
2337,1226,1229,1228
2338,1226,1230,1229
2339,1226,1231,1230
2340,1218,1219,1231
2341,1218,1231,1226
2342,1218,1227,1217
2343,1218,1226,1227
2344,948,1232,961
2345,961,1233,960
2346,961,1232,1233
2347,1227,1228,1233
2348,1227,1233,1232
2349,1227,1232,1217
2350,1217,1232,1221
2351,1221,1232,948
2352,952,967,1235
2353,952,1235,1234
2354,967,966,1235
2355,952,1234,1222
2356,1234,1235,1236
2357,1234,1236,1237
2358,1234,1237,1222
2359,1222,1237,1224
2360,1229,1230,1238
2361,1229,1238,1228
2362,960,1240,968
2363,960,1239,1240
2364,1239,1241,1240
2365,1239,1242,1241
2366,1228,1238,1242
2367,1228,1242,1239
2368,1228,1239,1233
2369,1233,1239,960
2370,968,1243,972
2371,968,1240,1243
2372,977,1244,978
2373,977,976,1244
2374,966,979,1245
2375,979,978,1245
2376,978,1246,1245
2377,978,1244,1246
2378,1245,1246,1247
2379,1245,1247,1248
2380,966,1245,1248
2381,966,1248,1235
2382,1235,1248,1249
2383,1235,1249,1236
2384,1241,1242,1250
2385,1241,1250,1240
2386,972,1252,980
2387,972,1251,1252
2388,1251,1253,1252
2389,1251,1254,1253
2390,1240,1250,1254
2391,1240,1254,1251
2392,1240,1251,1243
2393,1243,1251,972
2394,980,1255,984
2395,980,1252,1255
2396,993,1256,994
2397,993,992,1256
2398,976,995,1257
2399,995,994,1257
2400,994,1258,1257
2401,994,1256,1258
2402,1257,1258,1259
2403,1257,1259,1260
2404,976,1257,1260
2405,976,1260,1244
2406,1244,1260,1261
2407,1244,1261,1246
2408,1253,1254,1262
2409,1253,1262,1252
2410,984,1264,996
2411,984,1263,1264
2412,1263,1265,1264
2413,1263,1266,1265
2414,1252,1262,1266
2415,1252,1266,1263
2416,1252,1263,1255
2417,1255,1263,984
2418,997,1267,998
2419,997,996,1268
2420,997,1268,1267
2421,996,1264,1268
2422,998,1269,1002
2423,998,1267,1269
2424,1013,1270,1014
2425,1013,1012,1270
2426,1015,1271,1016
2427,1015,1014,1272
2428,1015,1272,1271
2429,1014,1270,1272
2430,992,1017,1273
2431,1017,1016,1273
2432,1016,1274,1273
2433,1016,1271,1274
2434,1273,1274,1275
2435,1273,1275,1276
2436,992,1273,1276
2437,992,1276,1256
2438,1256,1276,1277
2439,1256,1277,1258
2440,1265,1266,1278
2441,1265,1278,1264
2442,1264,1278,1279
2443,1264,1279,1280
2444,1264,1280,1268
2445,1268,1280,1267
2446,1002,1281,1018
2447,1267,1280,1282
2448,1267,1282,1283
2449,1267,1283,1269
2450,1269,1283,1281
2451,1269,1281,1002
2452,1019,1284,1020
2453,1019,1018,1285
2454,1019,1285,1284
2455,1018,1281,1286
2456,1018,1286,1285
2457,1281,1283,1286
2458,1021,1287,1022
2459,1021,1020,1288
2460,1021,1288,1287
2461,1020,1284,1288
2462,1023,1289,1024
2463,1023,1022,1290
2464,1023,1290,1289
2465,1022,1287,1290
2466,1025,1291,1292
2467,1025,1292,1026
2468,1025,1024,1291
2469,1024,1293,1291
2470,1024,1289,1293
2471,1291,1293,1294
2472,1291,1294,1295
2473,1291,1295,1292
2474,1012,1027,1296
2475,1027,1026,1296
2476,1026,1292,1296
2477,1292,1297,1296
2478,1292,1295,1297
2479,1296,1297,1298
2480,1012,1296,1298
2481,1012,1298,1270
2482,1270,1298,1299
2483,1270,1299,1300
2484,1270,1300,1272
2485,1272,1300,1271
2486,1271,1300,1301
2487,1271,1301,1274
2488,1285,1286,1302
2489,1285,1302,1284
2490,1284,1302,1303
2491,1284,1303,1304
2492,1284,1304,1288
2493,1288,1304,1287
2494,1287,1304,1305
2495,1287,1305,1306
2496,1287,1306,1290
2497,1290,1306,1289
2498,1289,1306,1307
2499,1289,1307,1293
2500,1308,1310,1309
2501,1308,1311,1310
2502,1308,1312,1311
2503,1308,1313,1312
2504,1308,1314,1313
2505,1308,1309,1314
2506,1315,1317,1316
2507,1315,1318,1317
2508,1309,1310,1318
2509,1309,1318,1315
2510,1309,1319,1314
2511,1309,1315,1319
2512,1315,1320,1319
2513,1315,1316,1320
2514,1033,1034,1322
2515,1033,1322,1321
2516,1033,1323,1032
2517,1033,1321,1323
2518,1316,1317,1323
2519,1316,1323,1321
2520,1316,1324,1320
2521,1316,1321,1324
2522,1321,1325,1324
2523,1321,1322,1325
2524,1039,1040,1327
2525,1039,1327,1326
2526,1039,1326,1034
2527,1034,1326,1322
2528,1322,1328,1325
2529,1322,1326,1328
2530,1326,1329,1328
2531,1326,1327,1329
2532,1045,1046,1331
2533,1045,1331,1330
2534,1045,1330,1040
2535,1040,1330,1327
2536,1327,1332,1329
2537,1327,1330,1332
2538,1330,1333,1332
2539,1330,1331,1333
2540,1334,1336,1335
2541,1046,1047,1336
2542,1046,1336,1334
2543,1046,1334,1331
2544,1331,1337,1333
2545,1331,1334,1337
2546,1334,1338,1337
2547,1334,1335,1338
2548,1339,1341,1340
2549,1339,1342,1341
2550,1335,1336,1342
2551,1335,1342,1339
2552,1335,1343,1338
2553,1335,1339,1343
2554,1339,1344,1343
2555,1339,1340,1344
2556,1340,1341,1345
2557,1340,1345,1344
2558,1346,1348,1347
2559,1346,1349,1348
2560,1346,1350,1349
2561,1346,1351,1350
2562,1346,1352,1351
2563,1346,1347,1352
2564,1053,1054,1354
2565,1053,1354,1353
2566,1053,1355,1052
2567,1053,1353,1355
2568,1347,1348,1355
2569,1347,1355,1353
2570,1347,1356,1352
2571,1347,1353,1356
2572,1353,1357,1356
2573,1353,1354,1357
2574,1059,1060,1359
2575,1059,1359,1358
2576,1059,1358,1054
2577,1054,1358,1354
2578,1354,1360,1357
2579,1354,1358,1360
2580,1311,1312,1360
2581,1311,1360,1358
2582,1311,1359,1310
2583,1311,1358,1359
2584,1064,1065,1362
2585,1064,1362,1361
2586,1064,1361,1060
2587,1060,1361,1359
2588,1359,1361,1310
2589,1310,1361,1318
2590,1318,1362,1317
2591,1318,1361,1362
2592,1032,1363,1068
2593,1068,1363,1065
2594,1065,1363,1362
2595,1362,1363,1317
2596,1317,1363,1323
2597,1323,1363,1032
2598,1047,1075,1364
2599,1047,1364,1336
2600,1079,1080,1366
2601,1079,1366,1365
2602,1079,1365,1075
2603,1075,1365,1364
2604,1364,1365,1336
2605,1336,1365,1342
2606,1342,1366,1341
2607,1342,1365,1366
2608,1085,1086,1368
2609,1085,1368,1367
2610,1085,1367,1080
2611,1080,1367,1366
2612,1366,1367,1341
2613,1341,1369,1345
2614,1341,1367,1369
2615,1367,1368,1369
2616,1370,1372,1371
2617,1086,1087,1372
2618,1086,1372,1370
2619,1086,1370,1368
2620,1368,1373,1369
2621,1368,1370,1373
2622,1370,1374,1373
2623,1370,1371,1374
2624,1371,1372,1375
2625,1371,1375,1374
2626,1376,1378,1377
2627,1376,1379,1378
2628,1376,1380,1379
2629,1376,1381,1380
2630,1376,1382,1381
2631,1376,1377,1382
2632,1093,1094,1384
2633,1093,1384,1383
2634,1093,1385,1092
2635,1093,1383,1385
2636,1377,1378,1385
2637,1377,1385,1383
2638,1377,1386,1382
2639,1377,1383,1386
2640,1349,1350,1386
2641,1349,1386,1383
2642,1349,1384,1348
2643,1349,1383,1384
2644,1052,1387,1098
2645,1098,1387,1094
2646,1094,1387,1384
2647,1384,1387,1348
2648,1348,1387,1355
2649,1355,1387,1052
2650,1087,1108,1388
2651,1087,1388,1372
2652,1389,1391,1390
2653,1108,1109,1391
2654,1108,1391,1389
2655,1108,1389,1388
2656,1388,1389,1372
2657,1372,1392,1375
2658,1372,1389,1392
2659,1389,1390,1392
2660,1390,1391,1393
2661,1390,1393,1392
2662,1394,1396,1395
2663,1394,1397,1396
2664,1394,1398,1397
2665,1394,1399,1398
2666,1394,1400,1399
2667,1394,1395,1400
2668,1115,1116,1402
2669,1115,1402,1401
2670,1115,1403,1114
2671,1115,1401,1403
2672,1395,1396,1403
2673,1395,1403,1401
2674,1395,1404,1400
2675,1395,1401,1404
2676,1379,1380,1404
2677,1379,1404,1401
2678,1379,1402,1378
2679,1379,1401,1402
2680,1092,1405,1120
2681,1120,1405,1116
2682,1116,1405,1402
2683,1402,1405,1378
2684,1378,1405,1385
2685,1385,1405,1092
2686,1109,1126,1406
2687,1109,1406,1391
2688,1407,1409,1408
2689,1126,1127,1409
2690,1126,1409,1407
2691,1126,1407,1406
2692,1406,1407,1391
2693,1391,1410,1393
2694,1391,1407,1410
2695,1407,1408,1410
2696,1408,1409,1411
2697,1408,1411,1410
2698,1133,1134,1413
2699,1133,1413,1412
2700,1133,1414,1132
2701,1133,1412,1414
2702,1412,1415,1414
2703,1412,1416,1415
2704,1397,1398,1416
2705,1397,1416,1412
2706,1397,1413,1396
2707,1397,1412,1413
2708,1114,1417,1138
2709,1138,1417,1134
2710,1134,1417,1413
2711,1413,1417,1396
2712,1396,1417,1403
2713,1403,1417,1114
2714,1127,1144,1418
2715,1127,1418,1409
2716,1144,1145,1419
2717,1144,1419,1420
2718,1144,1420,1418
2719,1418,1420,1421
2720,1418,1421,1409
2721,1409,1421,1411
2722,1422,1424,1423
2723,1422,1425,1424
2724,1422,1426,1425
2725,1422,1427,1426
2726,1422,1428,1427
2727,1422,1423,1428
2728,1132,1429,1151
2729,1151,1430,1150
2730,1151,1429,1430
2731,1423,1424,1430
2732,1423,1430,1429
2733,1423,1431,1428
2734,1423,1429,1431
2735,1414,1415,1431
2736,1414,1431,1429
2737,1414,1429,1132
2738,1145,1157,1433
2739,1145,1433,1432
2740,1157,1156,1433
2741,1419,1434,1420
2742,1419,1145,1432
2743,1419,1432,1434
2744,1432,1433,1435
2745,1432,1435,1434
2746,1436,1438,1437
2747,1436,1439,1438
2748,1436,1440,1439
2749,1436,1441,1440
2750,1425,1426,1441
2751,1425,1441,1436
2752,1425,1437,1424
2753,1425,1436,1437
2754,1150,1442,1162
2755,1162,1443,1161
2756,1162,1442,1443
2757,1437,1438,1443
2758,1437,1443,1442
2759,1437,1442,1424
2760,1424,1442,1430
2761,1430,1442,1150
2762,1156,1167,1445
2763,1156,1445,1444
2764,1167,1166,1445
2765,1156,1444,1433
2766,1444,1445,1446
2767,1444,1446,1447
2768,1444,1447,1433
2769,1433,1447,1435
2770,1173,1174,1449
2771,1173,1449,1448
2772,1173,1450,1172
2773,1173,1448,1450
2774,1448,1451,1450
2775,1448,1452,1451
2776,1439,1440,1452
2777,1439,1452,1448
2778,1439,1449,1438
2779,1439,1448,1449
2780,1161,1453,1177
2781,1177,1453,1174
2782,1174,1453,1449
2783,1449,1453,1438
2784,1438,1453,1443
2785,1443,1453,1161
2786,1166,1180,1454
2787,1166,1454,1445
2788,1180,1181,1455
2789,1180,1455,1456
2790,1180,1456,1454
2791,1454,1456,1457
2792,1454,1457,1445
2793,1445,1457,1446
2794,1172,1458,1187
2795,1187,1459,1186
2796,1187,1458,1459
2797,1458,1460,1459
2798,1458,1461,1460
2799,1450,1451,1461
2800,1450,1461,1458
2801,1450,1458,1172
2802,1181,1193,1462
2803,1193,1463,1462
2804,1193,1192,1463
2805,1462,1463,1464
2806,1462,1464,1465
2807,1455,1462,1465
2808,1455,1465,1456
2809,1455,1181,1462
2810,1186,1466,1199
2811,1199,1467,1198
2812,1199,1466,1467
2813,1466,1468,1467
2814,1466,1469,1468
2815,1459,1460,1469
2816,1459,1469,1466
2817,1459,1466,1186
2818,1192,1205,1470
2819,1205,1471,1470
2820,1205,1204,1471
2821,1470,1471,1472
2822,1470,1472,1473
2823,1463,1470,1473
2824,1463,1473,1464
2825,1463,1192,1470
2826,1198,1475,1206
2827,1198,1474,1475
2828,1474,1476,1475
2829,1474,1477,1476
2830,1474,1478,1477
2831,1467,1468,1478
2832,1467,1478,1474
2833,1467,1474,1198
2834,1206,1479,1209
2835,1206,1475,1479
2836,1213,1480,1214
2837,1213,1212,1480
2838,1204,1215,1481
2839,1215,1214,1481
2840,1214,1482,1481
2841,1214,1480,1482
2842,1481,1482,1483
2843,1471,1481,1483
2844,1471,1483,1472
2845,1471,1204,1481
2846,1484,1486,1485
2847,1484,1487,1486
2848,1484,1488,1487
2849,1484,1489,1488
2850,1476,1477,1489
2851,1476,1489,1484
2852,1476,1485,1475
2853,1476,1484,1485
2854,1209,1490,1220
2855,1220,1491,1219
2856,1220,1490,1491
2857,1485,1486,1491
2858,1485,1491,1490
2859,1485,1490,1475
2860,1475,1490,1479
2861,1479,1490,1209
2862,1212,1225,1493
2863,1212,1493,1492
2864,1225,1224,1493
2865,1212,1492,1480
2866,1492,1493,1494
2867,1492,1494,1495
2868,1492,1495,1480
2869,1480,1495,1482
2870,1487,1488,1496
2871,1487,1496,1486
2872,1219,1497,1231
2873,1231,1498,1230
2874,1231,1497,1498
2875,1497,1499,1498
2876,1486,1496,1499
2877,1486,1499,1497
2878,1486,1497,1491
2879,1491,1497,1219
2880,1224,1237,1500
2881,1237,1501,1500
2882,1237,1236,1501
2883,1500,1501,1502
2884,1500,1502,1503
2885,1500,1503,1504
2886,1224,1500,1504
2887,1224,1504,1493
2888,1493,1504,1505
2889,1493,1505,1494
2890,1230,1507,1238
2891,1230,1506,1507
2892,1506,1508,1507
2893,1506,1509,1508
2894,1506,1510,1509
2895,1498,1499,1510
2896,1498,1510,1506
2897,1498,1506,1230
2898,1238,1511,1242
2899,1238,1507,1511
2900,1247,1512,1248
2901,1247,1246,1512
2902,1236,1249,1513
2903,1249,1248,1513
2904,1248,1514,1513
2905,1248,1512,1514
2906,1513,1514,1515
2907,1501,1513,1515
2908,1501,1515,1502
2909,1501,1236,1513
2910,1508,1509,1516
2911,1508,1516,1507
2912,1242,1518,1250
2913,1242,1517,1518
2914,1517,1519,1518
2915,1517,1520,1519
2916,1507,1516,1520
2917,1507,1520,1517
2918,1507,1517,1511
2919,1511,1517,1242
2920,1250,1521,1254
2921,1250,1518,1521
2922,1259,1522,1260
2923,1259,1258,1522
2924,1246,1261,1523
2925,1261,1260,1523
2926,1260,1524,1523
2927,1260,1522,1524
2928,1523,1524,1525
2929,1523,1525,1526
2930,1246,1523,1526
2931,1246,1526,1512
2932,1512,1526,1527
2933,1512,1527,1514
2934,1519,1520,1528
2935,1519,1528,1518
2936,1254,1530,1262
2937,1254,1529,1530
2938,1529,1531,1530
2939,1529,1532,1531
2940,1518,1528,1532
2941,1518,1532,1529
2942,1518,1529,1521
2943,1521,1529,1254
2944,1262,1533,1266
2945,1262,1530,1533
2946,1275,1534,1276
2947,1275,1274,1534
2948,1258,1277,1535
2949,1277,1276,1535
2950,1276,1536,1535
2951,1276,1534,1536
2952,1535,1536,1537
2953,1535,1537,1538
2954,1258,1535,1538
2955,1258,1538,1522
2956,1522,1538,1539
2957,1522,1539,1524
2958,1531,1532,1540
2959,1531,1540,1530
2960,1266,1541,1278
2961,1530,1540,1542
2962,1530,1542,1543
2963,1530,1543,1533
2964,1533,1543,1541
2965,1533,1541,1266
2966,1279,1544,1280
2967,1279,1278,1545
2968,1279,1545,1544
2969,1278,1541,1546
2970,1278,1546,1545
2971,1541,1543,1546
2972,1282,1547,1283
2973,1282,1280,1548
2974,1282,1548,1547
2975,1280,1544,1548
2976,1283,1549,1286
2977,1283,1547,1549
2978,1294,1550,1295
2979,1294,1293,1550
2980,1297,1551,1298
2981,1297,1295,1552
2982,1297,1552,1551
2983,1295,1550,1552
2984,1299,1553,1554
2985,1299,1554,1300
2986,1299,1298,1553
2987,1298,1555,1553
2988,1298,1551,1555
2989,1553,1555,1556
2990,1553,1556,1557
2991,1553,1557,1554
2992,1274,1301,1558
2993,1301,1300,1558
2994,1300,1554,1558
2995,1554,1559,1558
2996,1554,1557,1559
2997,1558,1559,1560
2998,1274,1558,1560
2999,1274,1560,1534
3000,1534,1560,1561
3001,1534,1561,1536
3002,1545,1546,1562
3003,1545,1562,1544
3004,1544,1562,1563
3005,1544,1563,1564
3006,1544,1564,1548
3007,1548,1564,1547
3008,1286,1565,1302
3009,1547,1564,1566
3010,1547,1566,1567
3011,1547,1567,1549
3012,1549,1567,1565
3013,1549,1565,1286
3014,1303,1568,1569
3015,1303,1569,1304
3016,1303,1302,1568
3017,1302,1565,1568
3018,1565,1570,1568
3019,1565,1567,1570
3020,1568,1570,1571
3021,1568,1571,1569
3022,1305,1572,1573
3023,1305,1573,1306
3024,1305,1304,1572
3025,1304,1569,1572
3026,1569,1574,1572
3027,1569,1571,1574
3028,1572,1574,1575
3029,1572,1575,1573
3030,1293,1307,1576
3031,1307,1306,1576
3032,1306,1573,1576
3033,1573,1577,1576
3034,1573,1575,1577
3035,1576,1577,1578
3036,1293,1576,1578
3037,1293,1578,1550
3038,1550,1578,1579
3039,1550,1579,1580
3040,1550,1580,1552
3041,1552,1580,1551
3042,1551,1580,1581
3043,1551,1581,1555
3044,1582,1584,1583
3045,1582,1585,1584
3046,1582,1586,1585
3047,1582,1587,1586
3048,1582,1588,1587
3049,1582,1583,1588
3050,1589,1591,1590
3051,1589,1592,1591
3052,1583,1584,1592
3053,1583,1592,1589
3054,1583,1593,1588
3055,1583,1589,1593
3056,1589,1594,1593
3057,1589,1590,1594
3058,1595,1597,1596
3059,1595,1598,1597
3060,1590,1591,1598
3061,1590,1598,1595
3062,1590,1599,1594
3063,1590,1595,1599
3064,1595,1600,1599
3065,1595,1596,1600
3066,1596,1597,1601
3067,1596,1601,1600
3068,1602,1604,1603
3069,1602,1605,1604
3070,1602,1606,1605
3071,1602,1607,1606
3072,1602,1608,1607
3073,1602,1603,1608
3074,1313,1314,1610
3075,1313,1610,1609
3076,1313,1611,1312
3077,1313,1609,1611
3078,1603,1604,1611
3079,1603,1611,1609
3080,1603,1612,1608
3081,1603,1609,1612
3082,1609,1613,1612
3083,1609,1610,1613
3084,1319,1320,1615
3085,1319,1615,1614
3086,1319,1614,1314
3087,1314,1614,1610
3088,1610,1616,1613
3089,1610,1614,1616
3090,1614,1617,1616
3091,1614,1615,1617
3092,1324,1325,1619
3093,1324,1619,1618
3094,1324,1618,1320
3095,1320,1618,1615
3096,1615,1620,1617
3097,1615,1618,1620
3098,1585,1586,1620
3099,1585,1620,1618
3100,1585,1619,1584
3101,1585,1618,1619
3102,1328,1329,1622
3103,1328,1622,1621
3104,1328,1621,1325
3105,1325,1621,1619
3106,1619,1621,1584
3107,1584,1621,1592
3108,1592,1622,1591
3109,1592,1621,1622
3110,1332,1333,1624
3111,1332,1624,1623
3112,1332,1623,1329
3113,1329,1623,1622
3114,1622,1623,1591
3115,1591,1623,1598
3116,1598,1624,1597
3117,1598,1623,1624
3118,1337,1338,1626
3119,1337,1626,1625
3120,1337,1625,1333
3121,1333,1625,1624
3122,1624,1625,1597
3123,1597,1627,1601
3124,1597,1625,1627
3125,1625,1626,1627
3126,1343,1344,1629
3127,1343,1629,1628
3128,1343,1628,1338
3129,1338,1628,1626
3130,1626,1630,1627
3131,1626,1628,1630
3132,1628,1631,1630
3133,1628,1629,1631
3134,1632,1634,1633
3135,1344,1345,1634
3136,1344,1634,1632
3137,1344,1632,1629
3138,1629,1635,1631
3139,1629,1632,1635
3140,1632,1636,1635
3141,1632,1633,1636
3142,1633,1634,1637
3143,1633,1637,1636
3144,1351,1352,1639
3145,1351,1639,1638
3146,1351,1640,1350
3147,1351,1638,1640
3148,1638,1641,1640
3149,1638,1642,1641
3150,1638,1643,1642
3151,1638,1639,1643
3152,1356,1357,1645
3153,1356,1645,1644
3154,1356,1644,1352
3155,1352,1644,1639
3156,1639,1646,1643
3157,1639,1644,1646
3158,1605,1606,1646
3159,1605,1646,1644
3160,1605,1645,1604
3161,1605,1644,1645
3162,1312,1647,1360
3163,1360,1647,1357
3164,1357,1647,1645
3165,1645,1647,1604
3166,1604,1647,1611
3167,1611,1647,1312
3168,1345,1369,1648
3169,1345,1648,1634
3170,1373,1374,1650
3171,1373,1650,1649
3172,1373,1649,1369
3173,1369,1649,1648
3174,1648,1649,1634
3175,1634,1651,1637
3176,1634,1649,1651
3177,1649,1650,1651
3178,1374,1375,1652
3179,1374,1652,1653
3180,1374,1653,1650
3181,1650,1653,1651
3182,1381,1382,1655
3183,1381,1655,1654
3184,1381,1656,1380
3185,1381,1654,1656
3186,1654,1657,1656
3187,1654,1658,1657
3188,1654,1659,1658
3189,1654,1655,1659
3190,1350,1660,1386
3191,1386,1660,1382
3192,1382,1660,1655
3193,1655,1661,1659
3194,1655,1660,1661
3195,1640,1641,1661
3196,1640,1661,1660
3197,1640,1660,1350
3198,1375,1392,1662
3199,1652,1663,1653
3200,1652,1375,1662
3201,1652,1662,1663
3202,1392,1393,1664
3203,1392,1664,1665
3204,1392,1665,1662
3205,1662,1665,1663
3206,1399,1400,1667
3207,1399,1667,1666
3208,1399,1668,1398
3209,1399,1666,1668
3210,1666,1669,1668
3211,1666,1670,1669
3212,1666,1671,1670
3213,1666,1667,1671
3214,1380,1672,1404
3215,1404,1672,1400
3216,1400,1672,1667
3217,1667,1673,1671
3218,1667,1672,1673
3219,1656,1657,1673
3220,1656,1673,1672
3221,1656,1672,1380
3222,1393,1410,1674
3223,1664,1675,1665
3224,1664,1393,1674
3225,1664,1674,1675
3226,1410,1411,1676
3227,1410,1676,1677
3228,1410,1677,1674
3229,1674,1677,1675
3230,1678,1680,1679
3231,1678,1681,1680
3232,1678,1682,1681
3233,1678,1683,1682
3234,1678,1684,1683
3235,1678,1679,1684
3236,1398,1685,1416
3237,1416,1686,1415
3238,1416,1685,1686
3239,1679,1680,1686
3240,1679,1686,1685
3241,1679,1687,1684
3242,1679,1685,1687
3243,1668,1669,1687
3244,1668,1687,1685
3245,1668,1685,1398
3246,1411,1421,1689
3247,1411,1689,1688
3248,1421,1420,1689
3249,1676,1690,1677
3250,1676,1411,1688
3251,1676,1688,1690
3252,1688,1689,1691
3253,1688,1691,1690
3254,1427,1428,1693
3255,1427,1693,1692
3256,1427,1694,1426
3257,1427,1692,1694
3258,1692,1695,1694
3259,1692,1696,1695
3260,1681,1682,1696
3261,1681,1696,1692
3262,1681,1693,1680
3263,1681,1692,1693
3264,1415,1697,1431
3265,1431,1697,1428
3266,1428,1697,1693
3267,1693,1697,1680
3268,1680,1697,1686
3269,1686,1697,1415
3270,1420,1434,1698
3271,1420,1698,1689
3272,1434,1435,1699
3273,1434,1699,1700
3274,1434,1700,1698
3275,1698,1700,1701
3276,1698,1701,1689
3277,1689,1701,1691
3278,1426,1702,1441
3279,1441,1703,1440
3280,1441,1702,1703
3281,1702,1704,1703
3282,1702,1705,1704
3283,1694,1695,1705
3284,1694,1705,1702
3285,1694,1702,1426
3286,1435,1447,1706
3287,1447,1707,1706
3288,1447,1446,1707
3289,1706,1707,1708
3290,1706,1708,1709
3291,1699,1706,1709
3292,1699,1709,1700
3293,1699,1435,1706
3294,1710,1712,1711
3295,1710,1713,1712
3296,1710,1714,1713
3297,1710,1715,1714
3298,1710,1716,1715
3299,1710,1711,1716
3300,1440,1717,1452
3301,1452,1718,1451
3302,1452,1717,1718
3303,1711,1712,1718
3304,1711,1718,1717
3305,1711,1719,1716
3306,1711,1717,1719
3307,1703,1704,1719
3308,1703,1719,1717
3309,1703,1717,1440
3310,1446,1457,1721
3311,1446,1721,1720
3312,1457,1456,1721
3313,1707,1722,1708
3314,1707,1446,1720
3315,1707,1720,1722
3316,1720,1721,1723
3317,1720,1723,1722
3318,1724,1726,1725
3319,1724,1727,1726
3320,1724,1728,1727
3321,1724,1729,1728
3322,1713,1714,1729
3323,1713,1729,1724
3324,1713,1725,1712
3325,1713,1724,1725
3326,1451,1730,1461
3327,1461,1731,1460
3328,1461,1730,1731
3329,1725,1726,1731
3330,1725,1731,1730
3331,1725,1730,1712
3332,1712,1730,1718
3333,1718,1730,1451
3334,1456,1465,1733
3335,1456,1733,1732
3336,1465,1464,1733
3337,1456,1732,1721
3338,1732,1733,1734
3339,1732,1734,1735
3340,1732,1735,1721
3341,1721,1735,1723
3342,1736,1738,1737
3343,1736,1739,1738
3344,1736,1740,1739
3345,1736,1741,1740
3346,1727,1728,1741
3347,1727,1741,1736
3348,1727,1737,1726
3349,1727,1736,1737
3350,1460,1742,1469
3351,1469,1743,1468
3352,1469,1742,1743
3353,1737,1738,1743
3354,1737,1743,1742
3355,1737,1742,1726
3356,1726,1742,1731
3357,1731,1742,1460
3358,1464,1473,1745
3359,1464,1745,1744
3360,1473,1472,1745
3361,1464,1744,1733
3362,1744,1745,1746
3363,1744,1746,1747
3364,1744,1747,1733
3365,1733,1747,1734
3366,1739,1740,1748
3367,1739,1748,1738
3368,1468,1749,1478
3369,1478,1750,1477
3370,1478,1749,1750
3371,1749,1751,1750
3372,1738,1748,1751
3373,1738,1751,1749
3374,1738,1749,1743
3375,1743,1749,1468
3376,1472,1483,1752
3377,1483,1753,1752
3378,1483,1482,1753
3379,1752,1753,1754
3380,1752,1754,1755
3381,1752,1755,1756
3382,1472,1752,1756
3383,1472,1756,1745
3384,1745,1756,1757
3385,1745,1757,1746
3386,1477,1758,1489
3387,1489,1759,1488
3388,1489,1758,1759
3389,1758,1760,1759
3390,1758,1761,1760
3391,1750,1751,1761
3392,1750,1761,1758
3393,1750,1758,1477
3394,1482,1495,1762
3395,1495,1763,1762
3396,1495,1494,1763
3397,1762,1763,1764
3398,1762,1764,1765
3399,1753,1762,1765
3400,1753,1765,1754
3401,1753,1482,1762
3402,1488,1767,1496
3403,1488,1766,1767
3404,1766,1768,1767
3405,1766,1769,1768
3406,1766,1770,1769
3407,1759,1760,1770
3408,1759,1770,1766
3409,1759,1766,1488
3410,1496,1771,1499
3411,1496,1767,1771
3412,1503,1772,1504
3413,1503,1502,1772
3414,1494,1505,1773
3415,1505,1504,1773
3416,1504,1774,1773
3417,1504,1772,1774
3418,1773,1774,1775
3419,1763,1773,1775
3420,1763,1775,1764
3421,1763,1494,1773
3422,1768,1769,1776
3423,1768,1776,1767
3424,1499,1777,1510
3425,1510,1778,1509
3426,1510,1777,1778
3427,1777,1779,1778
3428,1767,1776,1779
3429,1767,1779,1777
3430,1767,1777,1771
3431,1771,1777,1499
3432,1502,1515,1780
3433,1515,1781,1780
3434,1515,1514,1781
3435,1780,1781,1782
3436,1780,1782,1783
3437,1780,1783,1784
3438,1502,1780,1784
3439,1502,1784,1772
3440,1772,1784,1785
3441,1772,1785,1774
3442,1509,1786,1516
3443,1778,1779,1787
3444,1778,1787,1786
3445,1778,1786,1509
3446,1516,1788,1520
3447,1516,1786,1789
3448,1516,1789,1788
3449,1786,1787,1789
3450,1525,1790,1791
3451,1525,1791,1526
3452,1525,1792,1790
3453,1525,1524,1792
3454,1790,1792,1793
3455,1790,1793,1794
3456,1790,1794,1795
3457,1790,1795,1791
3458,1514,1527,1796
3459,1527,1526,1796
3460,1526,1791,1796
3461,1791,1797,1796
3462,1791,1795,1797
3463,1781,1796,1797
3464,1781,1797,1782
3465,1781,1514,1796
3466,1520,1798,1528
3467,1788,1789,1799
3468,1788,1799,1798
3469,1788,1798,1520
3470,1528,1800,1532
3471,1528,1798,1801
3472,1528,1801,1800
3473,1798,1799,1801
3474,1537,1802,1803
3475,1537,1803,1538
3476,1537,1804,1802
3477,1537,1536,1804
3478,1802,1804,1805
3479,1802,1805,1806
3480,1802,1806,1807
3481,1802,1807,1803
3482,1524,1539,1808
3483,1539,1538,1808
3484,1538,1803,1808
3485,1803,1809,1808
3486,1803,1807,1809
3487,1792,1808,1809
3488,1792,1809,1793
3489,1792,1524,1808
3490,1532,1810,1540
3491,1800,1801,1811
3492,1800,1811,1810
3493,1800,1810,1532
3494,1542,1812,1543
3495,1542,1540,1813
3496,1542,1813,1812
3497,1540,1810,1814
3498,1540,1814,1813
3499,1810,1811,1814
3500,1543,1815,1546
3501,1543,1812,1815
3502,1556,1816,1557
3503,1556,1555,1816
3504,1559,1817,1818
3505,1559,1818,1560
3506,1559,1557,1817
3507,1557,1819,1817
3508,1557,1816,1819
3509,1817,1819,1820
3510,1817,1820,1821
3511,1817,1821,1818
3512,1536,1561,1822
3513,1561,1560,1822
3514,1560,1818,1822
3515,1818,1823,1822
3516,1818,1821,1823
3517,1804,1822,1823
3518,1804,1823,1805
3519,1804,1536,1822
3520,1813,1814,1824
3521,1813,1824,1812
3522,1546,1825,1562
3523,1812,1824,1826
3524,1812,1826,1827
3525,1812,1827,1815
3526,1815,1827,1825
3527,1815,1825,1546
3528,1563,1828,1829
3529,1563,1829,1564
3530,1563,1562,1828
3531,1562,1825,1828
3532,1825,1830,1828
3533,1825,1827,1830
3534,1828,1830,1831
3535,1828,1831,1829
3536,1566,1832,1567
3537,1566,1564,1833
3538,1566,1833,1832
3539,1564,1829,1834
3540,1564,1834,1833
3541,1829,1831,1834
3542,1570,1835,1571
3543,1570,1567,1836
3544,1570,1836,1835
3545,1567,1832,1836
3546,1574,1837,1575
3547,1574,1571,1838
3548,1574,1838,1837
3549,1571,1835,1838
3550,1577,1839,1840
3551,1577,1840,1578
3552,1577,1575,1839
3553,1575,1841,1839
3554,1575,1837,1841
3555,1839,1841,1842
3556,1839,1842,1843
3557,1839,1843,1840
3558,1579,1844,1845
3559,1579,1845,1580
3560,1579,1578,1844
3561,1578,1840,1844
3562,1840,1846,1844
3563,1840,1843,1846
3564,1844,1846,1847
3565,1844,1847,1845
3566,1555,1581,1848
3567,1581,1580,1848
3568,1580,1845,1848
3569,1845,1849,1848
3570,1845,1847,1849
3571,1848,1849,1850
3572,1555,1848,1850
3573,1555,1850,1816
3574,1816,1850,1851
3575,1816,1851,1819
3576,1833,1834,1852
3577,1833,1852,1832
3578,1832,1852,1853
3579,1832,1853,1854
3580,1832,1854,1836
3581,1836,1854,1835
3582,1835,1854,1855
3583,1835,1855,1856
3584,1835,1856,1838
3585,1838,1856,1837
3586,1837,1856,1857
3587,1837,1857,1841
3588,1858,1860,1859
3589,1858,1861,1860
3590,1858,1862,1861
3591,1858,1863,1862
3592,1858,1864,1863
3593,1858,1859,1864
3594,1587,1588,1866
3595,1587,1866,1865
3596,1587,1867,1586
3597,1587,1865,1867
3598,1859,1860,1867
3599,1859,1867,1865
3600,1859,1868,1864
3601,1859,1865,1868
3602,1865,1869,1868
3603,1865,1866,1869
3604,1593,1594,1871
3605,1593,1871,1870
3606,1593,1870,1588
3607,1588,1870,1866
3608,1866,1872,1869
3609,1866,1870,1872
3610,1870,1873,1872
3611,1870,1871,1873
3612,1599,1600,1875
3613,1599,1875,1874
3614,1599,1874,1594
3615,1594,1874,1871
3616,1871,1876,1873
3617,1871,1874,1876
3618,1874,1877,1876
3619,1874,1875,1877
3620,1878,1880,1879
3621,1600,1601,1880
3622,1600,1880,1878
3623,1600,1878,1875
3624,1875,1881,1877
3625,1875,1878,1881
3626,1878,1882,1881
3627,1878,1879,1882
3628,1879,1880,1883
3629,1879,1883,1882
3630,1607,1608,1885
3631,1607,1885,1884
3632,1607,1886,1606
3633,1607,1884,1886
3634,1884,1887,1886
3635,1884,1888,1887
3636,1884,1889,1888
3637,1884,1885,1889
3638,1612,1613,1891
3639,1612,1891,1890
3640,1612,1890,1608
3641,1608,1890,1885
3642,1885,1892,1889
3643,1885,1890,1892
3644,1890,1893,1892
3645,1890,1891,1893
3646,1616,1617,1895
3647,1616,1895,1894
3648,1616,1894,1613
3649,1613,1894,1891
3650,1891,1896,1893
3651,1891,1894,1896
3652,1861,1862,1896
3653,1861,1896,1894
3654,1861,1895,1860
3655,1861,1894,1895
3656,1586,1897,1620
3657,1620,1897,1617
3658,1617,1897,1895
3659,1895,1897,1860
3660,1860,1897,1867
3661,1867,1897,1586
3662,1601,1627,1898
3663,1601,1898,1880
3664,1630,1631,1900
3665,1630,1900,1899
3666,1630,1899,1627
3667,1627,1899,1898
3668,1898,1899,1880
3669,1880,1901,1883
3670,1880,1899,1901
3671,1899,1900,1901
3672,1635,1636,1903
3673,1635,1903,1902
3674,1635,1902,1631
3675,1631,1902,1900
3676,1900,1904,1901
3677,1900,1902,1904
3678,1902,1905,1904
3679,1902,1903,1905
3680,1636,1637,1906
3681,1636,1906,1907
3682,1636,1907,1903
3683,1903,1907,1905
3684,1908,1910,1909
3685,1908,1911,1910
3686,1908,1912,1911
3687,1908,1913,1912
3688,1908,1914,1913
3689,1908,1909,1914
3690,1642,1643,1916
3691,1642,1916,1915
3692,1642,1917,1641
3693,1642,1915,1917
3694,1909,1910,1917
3695,1909,1917,1915
3696,1909,1918,1914
3697,1909,1915,1918
3698,1915,1919,1918
3699,1915,1916,1919
3700,1606,1920,1646
3701,1646,1920,1643
3702,1643,1920,1916
3703,1916,1921,1919
3704,1916,1920,1921
3705,1886,1887,1921
3706,1886,1921,1920
3707,1886,1920,1606
3708,1637,1651,1922
3709,1906,1923,1907
3710,1906,1637,1922
3711,1906,1922,1923
3712,1924,1926,1925
3713,1651,1653,1926
3714,1651,1926,1924
3715,1651,1924,1922
3716,1922,1927,1923
3717,1922,1924,1927
3718,1924,1928,1927
3719,1924,1925,1928
3720,1925,1926,1929
3721,1925,1929,1928
3722,1930,1932,1931
3723,1930,1933,1932
3724,1930,1934,1933
3725,1930,1935,1934
3726,1930,1936,1935
3727,1930,1931,1936
3728,1658,1659,1938
3729,1658,1938,1937
3730,1658,1939,1657
3731,1658,1937,1939
3732,1931,1932,1939
3733,1931,1939,1937
3734,1931,1940,1936
3735,1931,1937,1940
3736,1911,1912,1940
3737,1911,1940,1937
3738,1911,1938,1910
3739,1911,1937,1938
3740,1641,1941,1661
3741,1661,1941,1659
3742,1659,1941,1938
3743,1938,1941,1910
3744,1910,1941,1917
3745,1917,1941,1641
3746,1653,1663,1942
3747,1653,1942,1926
3748,1943,1945,1944
3749,1663,1665,1945
3750,1663,1945,1943
3751,1663,1943,1942
3752,1942,1943,1926
3753,1926,1946,1929
3754,1926,1943,1946
3755,1943,1944,1946
3756,1944,1945,1947
3757,1944,1947,1946
3758,1670,1671,1949
3759,1670,1949,1948
3760,1670,1950,1669
3761,1670,1948,1950
3762,1948,1951,1950
3763,1948,1952,1951
3764,1933,1934,1952
3765,1933,1952,1948
3766,1933,1949,1932
3767,1933,1948,1949
3768,1657,1953,1673
3769,1673,1953,1671
3770,1671,1953,1949
3771,1949,1953,1932
3772,1932,1953,1939
3773,1939,1953,1657
3774,1665,1675,1954
3775,1665,1954,1945
3776,1675,1677,1955
3777,1675,1955,1956
3778,1675,1956,1954
3779,1954,1956,1957
3780,1954,1957,1945
3781,1945,1957,1947
3782,1683,1684,1959
3783,1683,1959,1958
3784,1683,1960,1682
3785,1683,1958,1960
3786,1958,1961,1960
3787,1958,1962,1961
3788,1958,1963,1962
3789,1958,1959,1963
3790,1669,1964,1687
3791,1687,1964,1684
3792,1684,1964,1959
3793,1959,1965,1963
3794,1959,1964,1965
3795,1950,1951,1965
3796,1950,1965,1964
3797,1950,1964,1669
3798,1677,1690,1966
3799,1955,1967,1956
3800,1955,1677,1966
3801,1955,1966,1967
3802,1690,1691,1968
3803,1690,1968,1969
3804,1690,1969,1966
3805,1966,1969,1967
3806,1682,1970,1696
3807,1696,1971,1695
3808,1696,1970,1971
3809,1970,1972,1971
3810,1970,1973,1972
3811,1960,1961,1973
3812,1960,1973,1970
3813,1960,1970,1682
3814,1691,1701,1974
3815,1701,1975,1974
3816,1701,1700,1975
3817,1974,1975,1976
3818,1974,1976,1977
3819,1968,1974,1977
3820,1968,1977,1969
3821,1968,1691,1974
3822,1978,1980,1979
3823,1978,1981,1980
3824,1978,1982,1981
3825,1978,1983,1982
3826,1978,1984,1983
3827,1978,1979,1984
3828,1695,1985,1705
3829,1705,1986,1704
3830,1705,1985,1986
3831,1979,1980,1986
3832,1979,1986,1985
3833,1979,1987,1984
3834,1979,1985,1987
3835,1971,1972,1987
3836,1971,1987,1985
3837,1971,1985,1695
3838,1700,1709,1989
3839,1700,1989,1988
3840,1709,1708,1989
3841,1975,1990,1976
3842,1975,1700,1988
3843,1975,1988,1990
3844,1988,1989,1991
3845,1988,1991,1990
3846,1715,1716,1993
3847,1715,1993,1992
3848,1715,1994,1714
3849,1715,1992,1994
3850,1992,1995,1994
3851,1992,1996,1995
3852,1981,1982,1996
3853,1981,1996,1992
3854,1981,1993,1980
3855,1981,1992,1993
3856,1704,1997,1719
3857,1719,1997,1716
3858,1716,1997,1993
3859,1993,1997,1980
3860,1980,1997,1986
3861,1986,1997,1704
3862,1708,1722,1998
3863,1708,1998,1989
3864,1722,1723,1999
3865,1722,1999,2000
3866,1722,2000,1998
3867,1998,2000,2001
3868,1998,2001,1989
3869,1989,2001,1991
3870,1714,2002,1729
3871,1729,2003,1728
3872,1729,2002,2003
3873,2002,2004,2003
3874,2002,2005,2004
3875,1994,1995,2005
3876,1994,2005,2002
3877,1994,2002,1714
3878,1723,1735,2006
3879,1735,2007,2006
3880,1735,1734,2007
3881,2006,2007,2008
3882,2006,2008,2009
3883,1999,2006,2009
3884,1999,2009,2000
3885,1999,1723,2006
3886,1728,2010,1741
3887,1741,2011,1740
3888,1741,2010,2011
3889,2010,2012,2011
3890,2010,2013,2012
3891,2003,2004,2013
3892,2003,2013,2010
3893,2003,2010,1728
3894,1734,1747,2014
3895,1747,2015,2014
3896,1747,1746,2015
3897,2014,2015,2016
3898,2014,2016,2017
3899,2007,2014,2017
3900,2007,2017,2008
3901,2007,1734,2014
3902,1740,2019,1748
3903,1740,2018,2019
3904,2018,2020,2019
3905,2018,2021,2020
3906,2018,2022,2021
3907,2011,2012,2022
3908,2011,2022,2018
3909,2011,2018,1740
3910,1748,2023,1751
3911,1748,2019,2023
3912,1755,2024,1756
3913,1755,1754,2024
3914,1746,1757,2025
3915,1757,1756,2025
3916,1756,2026,2025
3917,1756,2024,2026
3918,2025,2026,2027
3919,2015,2025,2027
3920,2015,2027,2016
3921,2015,1746,2025
3922,2020,2021,2028
3923,2020,2028,2019
3924,1751,2029,1761
3925,1761,2030,1760
3926,1761,2029,2030
3927,2029,2031,2030
3928,2019,2028,2031
3929,2019,2031,2029
3930,2019,2029,2023
3931,2023,2029,1751
3932,1754,1765,2032
3933,1765,2033,2032
3934,1765,1764,2033
3935,2032,2033,2034
3936,2032,2034,2035
3937,2032,2035,2036
3938,1754,2032,2036
3939,1754,2036,2024
3940,2024,2036,2037
3941,2024,2037,2026
3942,1760,2038,1770
3943,1770,2039,1769
3944,1770,2038,2039
3945,2038,2040,2039
3946,2038,2041,2040
3947,2030,2031,2041
3948,2030,2041,2038
3949,2030,2038,1760
3950,1764,1775,2042
3951,1775,2043,2042
3952,1775,1774,2043
3953,2042,2043,2044
3954,2042,2044,2045
3955,2033,2042,2045
3956,2033,2045,2034
3957,2033,1764,2042
3958,1769,2046,1776
3959,2039,2040,2047
3960,2039,2047,2046
3961,2039,2046,1769
3962,1776,2048,1779
3963,1776,2046,2049
3964,1776,2049,2048
3965,2046,2047,2049
3966,1783,2050,2051
3967,1783,2051,1784
3968,1783,2052,2050
3969,1783,1782,2052
3970,2050,2052,2053
3971,2050,2053,2054
3972,2050,2054,2055
3973,2050,2055,2051
3974,1774,1785,2056
3975,1785,1784,2056
3976,1784,2051,2056
3977,2051,2057,2056
3978,2051,2055,2057
3979,2043,2056,2057
3980,2043,2057,2044
3981,2043,1774,2056
3982,1779,2059,1787
3983,1779,2058,2059
3984,2058,2060,2059
3985,2058,2061,2060
3986,2058,2062,2061
3987,2048,2049,2062
3988,2048,2062,2058
3989,2048,2058,1779
3990,1787,2063,1789
3991,1787,2059,2063
3992,1794,2064,1795
3993,1794,1793,2064
3994,1782,1797,2065
3995,1797,1795,2065
3996,1795,2066,2065
3997,1795,2064,2066
3998,2065,2066,2067
3999,2052,2065,2067
4000,2052,2067,2053
4001,2052,1782,2065
4002,2060,2061,2068
4003,2060,2068,2059
4004,1789,2070,1799
4005,1789,2069,2070
4006,2069,2071,2070
4007,2069,2072,2071
4008,2059,2068,2072
4009,2059,2072,2069
4010,2059,2069,2063
4011,2063,2069,1789
4012,1799,2073,1801
4013,1799,2070,2073
4014,1806,2074,1807
4015,1806,1805,2074
4016,1793,1809,2075
4017,1809,1807,2075
4018,1807,2076,2075
4019,1807,2074,2076
4020,2075,2076,2077
4021,2075,2077,2078
4022,1793,2075,2078
4023,1793,2078,2064
4024,2064,2078,2079
4025,2064,2079,2066
4026,2071,2072,2080
4027,2071,2080,2070
4028,1801,2081,1811
4029,2070,2080,2082
4030,2070,2082,2083
4031,2070,2083,2073
4032,2073,2083,2081
4033,2073,2081,1801
4034,1811,2084,1814
4035,1811,2081,2085
4036,1811,2085,2084
4037,2081,2083,2085
4038,1820,2086,2087
4039,1820,2087,1821
4040,1820,2088,2086
4041,1820,1819,2088
4042,2086,2088,2089
4043,2086,2089,2090
4044,2086,2090,2091
4045,2086,2091,2087
4046,1805,1823,2092
4047,1823,1821,2092
4048,1821,2087,2092
4049,2087,2093,2092
4050,2087,2091,2093
4051,2092,2093,2094
4052,1805,2092,2094
4053,1805,2094,2074
4054,2074,2094,2095
4055,2074,2095,2076
4056,1814,2096,1824
4057,2084,2085,2097
4058,2084,2097,2096
4059,2084,2096,1814
4060,1826,2098,2099
4061,1826,2099,1827
4062,1826,1824,2098
4063,1824,2096,2098
4064,2096,2100,2098
4065,2096,2097,2100
4066,2098,2100,2101
4067,2098,2101,2099
4068,1830,2102,1831
4069,1830,1827,2103
4070,1830,2103,2102
4071,1827,2099,2104
4072,1827,2104,2103
4073,2099,2101,2104
4074,1831,2105,1834
4075,1831,2102,2105
4076,1842,2106,1843
4077,1842,1841,2106
4078,1846,2107,2108
4079,1846,2108,1847
4080,1846,1843,2107
4081,1843,2109,2107
4082,1843,2106,2109
4083,2107,2109,2110
4084,2107,2110,2111
4085,2107,2111,2108
4086,1849,2112,2113
4087,1849,2113,1850
4088,1849,1847,2112
4089,1847,2108,2112
4090,2108,2114,2112
4091,2108,2111,2114
4092,2112,2114,2115
4093,2112,2115,2113
4094,1819,1851,2116
4095,1851,1850,2116
4096,1850,2113,2116
4097,2113,2117,2116
4098,2113,2115,2117
4099,2088,2116,2117
4100,2088,2117,2089
4101,2088,1819,2116
4102,2103,2104,2118
4103,2103,2118,2102
4104,1834,2119,1852
4105,2102,2118,2120
4106,2102,2120,2121
4107,2102,2121,2105
4108,2105,2121,2119
4109,2105,2119,1834
4110,1853,2122,2123
4111,1853,2123,1854
4112,1853,1852,2122
4113,1852,2119,2122
4114,2119,2124,2122
4115,2119,2121,2124
4116,2122,2124,2125
4117,2122,2125,2123
4118,1855,2126,2127
4119,1855,2127,1856
4120,1855,1854,2126
4121,1854,2123,2126
4122,2123,2128,2126
4123,2123,2125,2128
4124,2126,2128,2129
4125,2126,2129,2127
4126,1841,1857,2130
4127,1857,1856,2130
4128,1856,2127,2130
4129,2127,2131,2130
4130,2127,2129,2131
4131,2130,2131,2132
4132,1841,2130,2132
4133,1841,2132,2106
4134,2106,2132,2133
4135,2106,2133,2109
4136,2134,2136,2135
4137,2134,2137,2136
4138,2134,2138,2137
4139,2134,2139,2138
4140,2134,2140,2139
4141,2134,2135,2140
4142,1863,1864,2142
4143,1863,2142,2141
4144,1863,2143,1862
4145,1863,2141,2143
4146,2135,2136,2143
4147,2135,2143,2141
4148,2135,2144,2140
4149,2135,2141,2144
4150,2141,2145,2144
4151,2141,2142,2145
4152,1868,1869,2147
4153,1868,2147,2146
4154,1868,2146,1864
4155,1864,2146,2142
4156,2142,2148,2145
4157,2142,2146,2148
4158,2146,2149,2148
4159,2146,2147,2149
4160,1872,1873,2151
4161,1872,2151,2150
4162,1872,2150,1869
4163,1869,2150,2147
4164,2147,2152,2149
4165,2147,2150,2152
4166,2150,2153,2152
4167,2150,2151,2153
4168,1876,1877,2155
4169,1876,2155,2154
4170,1876,2154,1873
4171,1873,2154,2151
4172,2151,2156,2153
4173,2151,2154,2156
4174,2154,2157,2156
4175,2154,2155,2157
4176,1881,1882,2159
4177,1881,2159,2158
4178,1881,2158,1877
4179,1877,2158,2155
4180,2155,2160,2157
4181,2155,2158,2160
4182,2158,2161,2160
4183,2158,2159,2161
4184,2162,2164,2163
4185,1882,1883,2164
4186,1882,2164,2162
4187,1882,2162,2159
4188,2159,2165,2161
4189,2159,2162,2165
4190,2162,2166,2165
4191,2162,2163,2166
4192,2163,2164,2167
4193,2163,2167,2166
4194,2168,2170,2169
4195,2168,2171,2170
4196,2168,2172,2171
4197,2168,2173,2172
4198,2168,2174,2173
4199,2168,2169,2174
4200,1888,1889,2176
4201,1888,2176,2175
4202,1888,2177,1887
4203,1888,2175,2177
4204,2169,2170,2177
4205,2169,2177,2175
4206,2169,2178,2174
4207,2169,2175,2178
4208,2175,2179,2178
4209,2175,2176,2179
4210,1892,1893,2181
4211,1892,2181,2180
4212,1892,2180,1889
4213,1889,2180,2176
4214,2176,2182,2179
4215,2176,2180,2182
4216,2137,2138,2182
4217,2137,2182,2180
4218,2137,2181,2136
4219,2137,2180,2181
4220,1862,2183,1896
4221,1896,2183,1893
4222,1893,2183,2181
4223,2181,2183,2136
4224,2136,2183,2143
4225,2143,2183,1862
4226,1883,1901,2184
4227,1883,2184,2164
4228,1904,1905,2186
4229,1904,2186,2185
4230,1904,2185,1901
4231,1901,2185,2184
4232,2184,2185,2164
4233,2164,2187,2167
4234,2164,2185,2187
4235,2185,2186,2187
4236,2188,2190,2189
4237,1905,1907,2190
4238,1905,2190,2188
4239,1905,2188,2186
4240,2186,2191,2187
4241,2186,2188,2191
4242,2188,2192,2191
4243,2188,2189,2192
4244,2189,2190,2193
4245,2189,2193,2192
4246,1913,1914,2195
4247,1913,2195,2194
4248,1913,2196,1912
4249,1913,2194,2196
4250,2194,2197,2196
4251,2194,2198,2197
4252,2194,2199,2198
4253,2194,2195,2199
4254,1918,1919,2201
4255,1918,2201,2200
4256,1918,2200,1914
4257,1914,2200,2195
4258,2195,2202,2199
4259,2195,2200,2202
4260,2171,2172,2202
4261,2171,2202,2200
4262,2171,2201,2170
4263,2171,2200,2201
4264,1887,2203,1921
4265,1921,2203,1919
4266,1919,2203,2201
4267,2201,2203,2170
4268,2170,2203,2177
4269,2177,2203,1887
4270,1907,1923,2204
4271,1907,2204,2190
4272,1927,1928,2206
4273,1927,2206,2205
4274,1927,2205,1923
4275,1923,2205,2204
4276,2204,2205,2190
4277,2190,2207,2193
4278,2190,2205,2207
4279,2205,2206,2207
4280,1928,1929,2208
4281,1928,2208,2209
4282,1928,2209,2206
4283,2206,2209,2207
4284,1935,1936,2211
4285,1935,2211,2210
4286,1935,2212,1934
4287,1935,2210,2212
4288,2210,2213,2212
4289,2210,2214,2213
4290,2210,2215,2214
4291,2210,2211,2215
4292,1912,2216,1940
4293,1940,2216,1936
4294,1936,2216,2211
4295,2211,2217,2215
4296,2211,2216,2217
4297,2196,2197,2217
4298,2196,2217,2216
4299,2196,2216,1912
4300,1929,1946,2218
4301,2208,2219,2209
4302,2208,1929,2218
4303,2208,2218,2219
4304,1946,1947,2220
4305,1946,2220,2221
4306,1946,2221,2218
4307,2218,2221,2219
4308,2222,2224,2223
4309,2222,2225,2224
4310,2222,2226,2225
4311,2222,2227,2226
4312,2222,2228,2227
4313,2222,2223,2228
4314,1934,2229,1952
4315,1952,2230,1951
4316,1952,2229,2230
4317,2223,2224,2230
4318,2223,2230,2229
4319,2223,2231,2228
4320,2223,2229,2231
4321,2212,2213,2231
4322,2212,2231,2229
4323,2212,2229,1934
4324,1947,1957,2233
4325,1947,2233,2232
4326,1957,1956,2233
4327,2220,2234,2221
4328,2220,1947,2232
4329,2220,2232,2234
4330,2232,2233,2235
4331,2232,2235,2234
4332,1962,1963,2237
4333,1962,2237,2236
4334,1962,2238,1961
4335,1962,2236,2238
4336,2236,2239,2238
4337,2236,2240,2239
4338,2225,2226,2240
4339,2225,2240,2236
4340,2225,2237,2224
4341,2225,2236,2237
4342,1951,2241,1965
4343,1965,2241,1963
4344,1963,2241,2237
4345,2237,2241,2224
4346,2224,2241,2230
4347,2230,2241,1951
4348,1956,1967,2242
4349,1956,2242,2233
4350,1967,1969,2243
4351,1967,2243,2244
4352,1967,2244,2242
4353,2242,2244,2245
4354,2242,2245,2233
4355,2233,2245,2235
4356,2246,2248,2247
4357,2246,2249,2248
4358,2246,2250,2249
4359,2246,2251,2250
4360,2246,2252,2251
4361,2246,2247,2252
4362,1961,2253,1973
4363,1973,2254,1972
4364,1973,2253,2254
4365,2247,2248,2254
4366,2247,2254,2253
4367,2247,2255,2252
4368,2247,2253,2255
4369,2238,2239,2255
4370,2238,2255,2253
4371,2238,2253,1961
4372,1969,1977,2257
4373,1969,2257,2256
4374,1977,1976,2257
4375,2243,2258,2244
4376,2243,1969,2256
4377,2243,2256,2258
4378,2256,2257,2259
4379,2256,2259,2258
4380,1983,1984,2261
4381,1983,2261,2260
4382,1983,2262,1982
4383,1983,2260,2262
4384,2260,2263,2262
4385,2260,2264,2263
4386,2249,2250,2264
4387,2249,2264,2260
4388,2249,2261,2248
4389,2249,2260,2261
4390,1972,2265,1987
4391,1987,2265,1984
4392,1984,2265,2261
4393,2261,2265,2248
4394,2248,2265,2254
4395,2254,2265,1972
4396,1976,1990,2266
4397,1976,2266,2257
4398,1990,1991,2267
4399,1990,2267,2268
4400,1990,2268,2266
4401,2266,2268,2269
4402,2266,2269,2257
4403,2257,2269,2259
4404,1982,2270,1996
4405,1996,2271,1995
4406,1996,2270,2271
4407,2270,2272,2271
4408,2270,2273,2272
4409,2262,2263,2273
4410,2262,2273,2270
4411,2262,2270,1982
4412,1991,2001,2274
4413,2001,2275,2274
4414,2001,2000,2275
4415,2274,2275,2276
4416,2274,2276,2277
4417,2267,2274,2277
4418,2267,2277,2268
4419,2267,1991,2274
4420,1995,2278,2005
4421,2005,2279,2004
4422,2005,2278,2279
4423,2278,2280,2279
4424,2278,2281,2280
4425,2271,2272,2281
4426,2271,2281,2278
4427,2271,2278,1995
4428,2000,2009,2282
4429,2009,2283,2282
4430,2009,2008,2283
4431,2282,2283,2284
4432,2282,2284,2285
4433,2275,2282,2285
4434,2275,2285,2276
4435,2275,2000,2282
4436,2004,2286,2013
4437,2013,2287,2012
4438,2013,2286,2287
4439,2286,2288,2287
4440,2286,2289,2288
4441,2279,2280,2289
4442,2279,2289,2286
4443,2279,2286,2004
4444,2008,2017,2290
4445,2017,2291,2290
4446,2017,2016,2291
4447,2290,2291,2292
4448,2290,2292,2293
4449,2283,2290,2293
4450,2283,2293,2284
4451,2283,2008,2290
4452,2012,2294,2022
4453,2022,2295,2021
4454,2022,2294,2295
4455,2294,2296,2295
4456,2294,2297,2296
4457,2287,2288,2297
4458,2287,2297,2294
4459,2287,2294,2012
4460,2016,2027,2298
4461,2027,2299,2298
4462,2027,2026,2299
4463,2298,2299,2300
4464,2298,2300,2301
4465,2291,2298,2301
4466,2291,2301,2292
4467,2291,2016,2298
4468,2021,2303,2028
4469,2021,2302,2303
4470,2302,2304,2303
4471,2302,2305,2304
4472,2302,2306,2305
4473,2295,2296,2306
4474,2295,2306,2302
4475,2295,2302,2021
4476,2028,2307,2031
4477,2028,2303,2307
4478,2035,2308,2036
4479,2035,2034,2308
4480,2026,2037,2309
4481,2037,2036,2309
4482,2036,2310,2309
4483,2036,2308,2310
4484,2309,2310,2311
4485,2299,2309,2311
4486,2299,2311,2300
4487,2299,2026,2309
4488,2304,2305,2312
4489,2304,2312,2303
4490,2031,2313,2041
4491,2041,2314,2040
4492,2041,2313,2314
4493,2313,2315,2314
4494,2303,2312,2315
4495,2303,2315,2313
4496,2303,2313,2307
4497,2307,2313,2031
4498,2034,2045,2316
4499,2045,2317,2316
4500,2045,2044,2317
4501,2316,2317,2318
4502,2316,2318,2319
4503,2316,2319,2320
4504,2034,2316,2320
4505,2034,2320,2308
4506,2308,2320,2321
4507,2308,2321,2310
4508,2040,2323,2047
4509,2040,2322,2323
4510,2322,2324,2323
4511,2322,2325,2324
4512,2322,2326,2325
4513,2314,2315,2326
4514,2314,2326,2322
4515,2314,2322,2040
4516,2047,2327,2049
4517,2047,2323,2327
4518,2054,2328,2055
4519,2054,2053,2328
4520,2044,2057,2329
4521,2057,2055,2329
4522,2055,2330,2329
4523,2055,2328,2330
4524,2329,2330,2331
4525,2317,2329,2331
4526,2317,2331,2318
4527,2317,2044,2329
4528,2324,2325,2332
4529,2324,2332,2323
4530,2049,2333,2062
4531,2062,2334,2061
4532,2062,2333,2334
4533,2333,2335,2334
4534,2323,2332,2335
4535,2323,2335,2333
4536,2323,2333,2327
4537,2327,2333,2049
4538,2053,2067,2336
4539,2067,2337,2336
4540,2067,2066,2337
4541,2336,2337,2338
4542,2336,2338,2339
4543,2336,2339,2340
4544,2053,2336,2340
4545,2053,2340,2328
4546,2328,2340,2341
4547,2328,2341,2330
4548,2061,2342,2068
4549,2334,2335,2343
4550,2334,2343,2342
4551,2334,2342,2061
4552,2068,2344,2072
4553,2068,2342,2345
4554,2068,2345,2344
4555,2342,2343,2345
4556,2077,2346,2347
4557,2077,2347,2078
4558,2077,2348,2346
4559,2077,2076,2348
4560,2346,2348,2349
4561,2346,2349,2350
4562,2346,2350,2351
4563,2346,2351,2347
4564,2066,2079,2352
4565,2079,2078,2352
4566,2078,2347,2352
4567,2347,2353,2352
4568,2347,2351,2353
4569,2337,2352,2353
4570,2337,2353,2338
4571,2337,2066,2352
4572,2072,2354,2080
4573,2344,2345,2355
4574,2344,2355,2354
4575,2344,2354,2072
4576,2082,2356,2083
4577,2082,2080,2357
4578,2082,2357,2356
4579,2080,2354,2358
4580,2080,2358,2357
4581,2354,2355,2358
4582,2083,2359,2085
4583,2083,2356,2359
4584,2090,2360,2091
4585,2090,2089,2360
4586,2093,2361,2362
4587,2093,2362,2094
4588,2093,2091,2361
4589,2091,2363,2361
4590,2091,2360,2363
4591,2361,2363,2364
4592,2361,2364,2365
4593,2361,2365,2362
4594,2076,2095,2366
4595,2095,2094,2366
4596,2094,2362,2366
4597,2362,2367,2366
4598,2362,2365,2367
4599,2348,2366,2367
4600,2348,2367,2349
4601,2348,2076,2366
4602,2357,2358,2368
4603,2357,2368,2356
4604,2085,2369,2097
4605,2356,2368,2370
4606,2356,2370,2371
4607,2356,2371,2359
4608,2359,2371,2369
4609,2359,2369,2085
4610,2100,2372,2101
4611,2100,2097,2373
4612,2100,2373,2372
4613,2097,2369,2374
4614,2097,2374,2373
4615,2369,2371,2374
4616,2101,2375,2104
4617,2101,2372,2375
4618,2110,2376,2111
4619,2110,2109,2376
4620,2114,2377,2378
4621,2114,2378,2115
4622,2114,2111,2377
4623,2111,2379,2377
4624,2111,2376,2379
4625,2377,2379,2380
4626,2377,2380,2381
4627,2377,2381,2378
4628,2089,2117,2382
4629,2117,2115,2382
4630,2115,2378,2382
4631,2378,2383,2382
4632,2378,2381,2383
4633,2382,2383,2384
4634,2089,2382,2384
4635,2089,2384,2360
4636,2360,2384,2385
4637,2360,2385,2363
4638,2373,2374,2386
4639,2373,2386,2372
4640,2104,2387,2118
4641,2372,2386,2388
4642,2372,2388,2389
4643,2372,2389,2375
4644,2375,2389,2387
4645,2375,2387,2104
4646,2120,2390,2391
4647,2120,2391,2121
4648,2120,2118,2390
4649,2118,2387,2390
4650,2387,2392,2390
4651,2387,2389,2392
4652,2390,2392,2393
4653,2390,2393,2391
4654,2124,2394,2395
4655,2124,2395,2125
4656,2124,2121,2394
4657,2121,2391,2394
4658,2391,2396,2394
4659,2391,2393,2396
4660,2394,2396,2397
4661,2394,2397,2395
4662,2128,2398,2399
4663,2128,2399,2129
4664,2128,2125,2398
4665,2125,2395,2398
4666,2395,2400,2398
4667,2395,2397,2400
4668,2398,2400,2401
4669,2398,2401,2399
4670,2131,2402,2403
4671,2131,2403,2132
4672,2131,2129,2402
4673,2129,2399,2402
4674,2399,2404,2402
4675,2399,2401,2404
4676,2402,2404,2405
4677,2402,2405,2403
4678,2109,2133,2406
4679,2133,2132,2406
4680,2132,2403,2406
4681,2403,2407,2406
4682,2403,2405,2407
4683,2406,2407,2408
4684,2109,2406,2408
4685,2109,2408,2376
4686,2376,2408,2409
4687,2376,2409,2379
4688,2139,2140,2411
4689,2139,2411,2410
4690,2139,2412,2138
4691,2139,2410,2412
4692,2410,2413,2412
4693,2410,2414,2413
4694,2410,2415,2414
4695,2410,2411,2415
4696,2144,2145,2417
4697,2144,2417,2416
4698,2144,2416,2140
4699,2140,2416,2411
4700,2411,2418,2415
4701,2411,2416,2418
4702,2416,2419,2418
4703,2416,2417,2419
4704,2148,2149,2421
4705,2148,2421,2420
4706,2148,2420,2145
4707,2145,2420,2417
4708,2417,2422,2419
4709,2417,2420,2422
4710,2420,2423,2422
4711,2420,2421,2423
4712,2152,2153,2425
4713,2152,2425,2424
4714,2152,2424,2149
4715,2149,2424,2421
4716,2421,2426,2423
4717,2421,2424,2426
4718,2424,2427,2426
4719,2424,2425,2427
4720,2156,2157,2429
4721,2156,2429,2428
4722,2156,2428,2153
4723,2153,2428,2425
4724,2425,2430,2427
4725,2425,2428,2430
4726,2428,2431,2430
4727,2428,2429,2431
4728,2160,2161,2433
4729,2160,2433,2432
4730,2160,2432,2157
4731,2157,2432,2429
4732,2429,2434,2431
4733,2429,2432,2434
4734,2432,2435,2434
4735,2432,2433,2435
4736,2165,2166,2437
4737,2165,2437,2436
4738,2165,2436,2161
4739,2161,2436,2433
4740,2433,2438,2435
4741,2433,2436,2438
4742,2436,2439,2438
4743,2436,2437,2439
4744,2166,2167,2440
4745,2166,2440,2441
4746,2166,2441,2437
4747,2437,2441,2439
4748,2173,2174,2443
4749,2173,2443,2442
4750,2173,2444,2172
4751,2173,2442,2444
4752,2442,2445,2444
4753,2442,2446,2445
4754,2442,2447,2446
4755,2442,2443,2447
4756,2178,2179,2449
4757,2178,2449,2448
4758,2178,2448,2174
4759,2174,2448,2443
4760,2443,2450,2447
4761,2443,2448,2450
4762,2448,2451,2450
4763,2448,2449,2451
4764,2138,2452,2182
4765,2182,2452,2179
4766,2179,2452,2449
4767,2449,2453,2451
4768,2449,2452,2453
4769,2412,2413,2453
4770,2412,2453,2452
4771,2412,2452,2138
4772,2167,2187,2454
4773,2440,2455,2441
4774,2440,2167,2454
4775,2440,2454,2455
4776,2191,2192,2457
4777,2191,2457,2456
4778,2191,2456,2187
4779,2187,2456,2454
4780,2454,2458,2455
4781,2454,2456,2458
4782,2456,2459,2458
4783,2456,2457,2459
4784,2192,2193,2460
4785,2192,2460,2461
4786,2192,2461,2457
4787,2457,2461,2459
4788,2198,2199,2463
4789,2198,2463,2462
4790,2198,2464,2197
4791,2198,2462,2464
4792,2462,2465,2464
4793,2462,2466,2465
4794,2462,2467,2466
4795,2462,2463,2467
4796,2172,2468,2202
4797,2202,2468,2199
4798,2199,2468,2463
4799,2463,2469,2467
4800,2463,2468,2469
4801,2444,2445,2469
4802,2444,2469,2468
4803,2444,2468,2172
4804,2193,2207,2470
4805,2460,2471,2461
4806,2460,2193,2470
4807,2460,2470,2471
4808,2207,2209,2472
4809,2207,2472,2473
4810,2207,2473,2470
4811,2470,2473,2471
4812,2214,2215,2475
4813,2214,2475,2474
4814,2214,2476,2213
4815,2214,2474,2476
4816,2474,2477,2476
4817,2474,2478,2477
4818,2474,2479,2478
4819,2474,2475,2479
4820,2197,2480,2217
4821,2217,2480,2215
4822,2215,2480,2475
4823,2475,2481,2479
4824,2475,2480,2481
4825,2464,2465,2481
4826,2464,2481,2480
4827,2464,2480,2197
4828,2209,2219,2482
4829,2472,2483,2473
4830,2472,2209,2482
4831,2472,2482,2483
4832,2219,2221,2484
4833,2219,2484,2485
4834,2219,2485,2482
4835,2482,2485,2483
4836,2227,2228,2487
4837,2227,2487,2486
4838,2227,2488,2226
4839,2227,2486,2488
4840,2486,2489,2488
4841,2486,2490,2489
4842,2486,2491,2490
4843,2486,2487,2491
4844,2213,2492,2231
4845,2231,2492,2228
4846,2228,2492,2487
4847,2487,2493,2491
4848,2487,2492,2493
4849,2476,2477,2493
4850,2476,2493,2492
4851,2476,2492,2213
4852,2221,2234,2494
4853,2484,2495,2485
4854,2484,2221,2494
4855,2484,2494,2495
4856,2234,2235,2496
4857,2234,2496,2497
4858,2234,2497,2494
4859,2494,2497,2495
4860,2226,2498,2240
4861,2240,2499,2239
4862,2240,2498,2499
4863,2498,2500,2499
4864,2498,2501,2500
4865,2488,2489,2501
4866,2488,2501,2498
4867,2488,2498,2226
4868,2235,2245,2502
4869,2245,2503,2502
4870,2245,2244,2503
4871,2502,2503,2504
4872,2502,2504,2505
4873,2496,2502,2505
4874,2496,2505,2497
4875,2496,2235,2502
4876,2251,2252,2507
4877,2251,2507,2506
4878,2251,2508,2250
4879,2251,2506,2508
4880,2506,2509,2508
4881,2506,2510,2509
4882,2506,2511,2510
4883,2506,2507,2511
4884,2239,2512,2255
4885,2255,2512,2252
4886,2252,2512,2507
4887,2507,2513,2511
4888,2507,2512,2513
4889,2499,2500,2513
4890,2499,2513,2512
4891,2499,2512,2239
4892,2244,2258,2514
4893,2503,2515,2504
4894,2503,2244,2514
4895,2503,2514,2515
4896,2258,2259,2516
4897,2258,2516,2517
4898,2258,2517,2514
4899,2514,2517,2515
4900,2250,2518,2264
4901,2264,2519,2263
4902,2264,2518,2519
4903,2518,2520,2519
4904,2518,2521,2520
4905,2508,2509,2521
4906,2508,2521,2518
4907,2508,2518,2250
4908,2259,2269,2522
4909,2269,2523,2522
4910,2269,2268,2523
4911,2522,2523,2524
4912,2522,2524,2525
4913,2516,2522,2525
4914,2516,2525,2517
4915,2516,2259,2522
4916,2263,2526,2273
4917,2273,2527,2272
4918,2273,2526,2527
4919,2526,2528,2527
4920,2526,2529,2528
4921,2519,2520,2529
4922,2519,2529,2526
4923,2519,2526,2263
4924,2268,2277,2530
4925,2277,2531,2530
4926,2277,2276,2531
4927,2530,2531,2532
4928,2530,2532,2533
4929,2523,2530,2533
4930,2523,2533,2524
4931,2523,2268,2530
4932,2272,2534,2281
4933,2281,2535,2280
4934,2281,2534,2535
4935,2534,2536,2535
4936,2534,2537,2536
4937,2527,2528,2537
4938,2527,2537,2534
4939,2527,2534,2272
4940,2276,2285,2538
4941,2285,2539,2538
4942,2285,2284,2539
4943,2538,2539,2540
4944,2538,2540,2541
4945,2531,2538,2541
4946,2531,2541,2532
4947,2531,2276,2538
4948,2280,2542,2289
4949,2289,2543,2288
4950,2289,2542,2543
4951,2542,2544,2543
4952,2542,2545,2544
4953,2535,2536,2545
4954,2535,2545,2542
4955,2535,2542,2280
4956,2284,2293,2546
4957,2293,2547,2546
4958,2293,2292,2547
4959,2546,2547,2548
4960,2546,2548,2549
4961,2539,2546,2549
4962,2539,2549,2540
4963,2539,2284,2546
4964,2288,2550,2297
4965,2297,2551,2296
4966,2297,2550,2551
4967,2550,2552,2551
4968,2550,2553,2552
4969,2543,2544,2553
4970,2543,2553,2550
4971,2543,2550,2288
4972,2292,2301,2554
4973,2301,2555,2554
4974,2301,2300,2555
4975,2554,2555,2556
4976,2554,2556,2557
4977,2547,2554,2557
4978,2547,2557,2548
4979,2547,2292,2554
4980,2296,2558,2306
4981,2306,2559,2305
4982,2306,2558,2559
4983,2558,2560,2559
4984,2558,2561,2560
4985,2551,2552,2561
4986,2551,2561,2558
4987,2551,2558,2296
4988,2300,2311,2562
4989,2311,2563,2562
4990,2311,2310,2563
4991,2562,2563,2564
4992,2562,2564,2565
4993,2555,2562,2565
4994,2555,2565,2556
4995,2555,2300,2562
4996,2305,2566,2312
4997,2559,2560,2567
4998,2559,2567,2566
4999,2559,2566,2305
5000,2312,2568,2315
5001,2312,2566,2569
5002,2312,2569,2568
5003,2566,2567,2569
5004,2319,2570,2571
5005,2319,2571,2320
5006,2319,2572,2570
5007,2319,2318,2572
5008,2570,2572,2573
5009,2570,2573,2574
5010,2570,2574,2575
5011,2570,2575,2571
5012,2310,2321,2576
5013,2321,2320,2576
5014,2320,2571,2576
5015,2571,2577,2576
5016,2571,2575,2577
5017,2563,2576,2577
5018,2563,2577,2564
5019,2563,2310,2576
5020,2315,2578,2326
5021,2326,2579,2325
5022,2326,2578,2579
5023,2578,2580,2579
5024,2578,2581,2580
5025,2568,2569,2581
5026,2568,2581,2578
5027,2568,2578,2315
5028,2318,2331,2582
5029,2331,2583,2582
5030,2331,2330,2583
5031,2582,2583,2584
5032,2582,2584,2585
5033,2572,2582,2585
5034,2572,2585,2573
5035,2572,2318,2582
5036,2325,2586,2332
5037,2579,2580,2587
5038,2579,2587,2586
5039,2579,2586,2325
5040,2332,2588,2335
5041,2332,2586,2589
5042,2332,2589,2588
5043,2586,2587,2589
5044,2339,2590,2591
5045,2339,2591,2340
5046,2339,2592,2590
5047,2339,2338,2592
5048,2590,2592,2593
5049,2590,2593,2594
5050,2590,2594,2595
5051,2590,2595,2591
5052,2330,2341,2596
5053,2341,2340,2596
5054,2340,2591,2596
5055,2591,2597,2596
5056,2591,2595,2597
5057,2583,2596,2597
5058,2583,2597,2584
5059,2583,2330,2596
5060,2335,2598,2343
5061,2588,2589,2599
5062,2588,2599,2598
5063,2588,2598,2335
5064,2343,2600,2345
5065,2343,2598,2601
5066,2343,2601,2600
5067,2598,2599,2601
5068,2350,2602,2603
5069,2350,2603,2351
5070,2350,2604,2602
5071,2350,2349,2604
5072,2602,2604,2605
5073,2602,2605,2606
5074,2602,2606,2607
5075,2602,2607,2603
5076,2338,2353,2608
5077,2353,2351,2608
5078,2351,2603,2608
5079,2603,2609,2608
5080,2603,2607,2609
5081,2592,2608,2609
5082,2592,2609,2593
5083,2592,2338,2608
5084,2345,2610,2355
5085,2600,2601,2611
5086,2600,2611,2610
5087,2600,2610,2345
5088,2355,2612,2358
5089,2355,2610,2613
5090,2355,2613,2612
5091,2610,2611,2613
5092,2364,2614,2615
5093,2364,2615,2365
5094,2364,2616,2614
5095,2364,2363,2616
5096,2614,2616,2617
5097,2614,2617,2618
5098,2614,2618,2619
5099,2614,2619,2615
5100,2349,2367,2620
5101,2367,2365,2620
5102,2365,2615,2620
5103,2615,2621,2620
5104,2615,2619,2621
5105,2604,2620,2621
5106,2604,2621,2605
5107,2604,2349,2620
5108,2358,2622,2368
5109,2612,2613,2623
5110,2612,2623,2622
5111,2612,2622,2358
5112,2370,2624,2625
5113,2370,2625,2371
5114,2370,2368,2624
5115,2368,2622,2624
5116,2622,2626,2624
5117,2622,2623,2626
5118,2624,2626,2627
5119,2624,2627,2625
5120,2371,2628,2374
5121,2371,2625,2629
5122,2371,2629,2628
5123,2625,2627,2629
5124,2380,2630,2631
5125,2380,2631,2381
5126,2380,2632,2630
5127,2380,2379,2632
5128,2630,2632,2633
5129,2630,2633,2634
5130,2630,2634,2635
5131,2630,2635,2631
5132,2383,2636,2637
5133,2383,2637,2384
5134,2383,2381,2636
5135,2381,2631,2636
5136,2631,2638,2636
5137,2631,2635,2638
5138,2636,2638,2639
5139,2636,2639,2637
5140,2363,2385,2640
5141,2385,2384,2640
5142,2384,2637,2640
5143,2637,2641,2640
5144,2637,2639,2641
5145,2616,2640,2641
5146,2616,2641,2617
5147,2616,2363,2640
5148,2374,2642,2386
5149,2628,2629,2643
5150,2628,2643,2642
5151,2628,2642,2374
5152,2388,2644,2645
5153,2388,2645,2389
5154,2388,2386,2644
5155,2386,2642,2644
5156,2642,2646,2644
5157,2642,2643,2646
5158,2644,2646,2647
5159,2644,2647,2645
5160,2392,2648,2649
5161,2392,2649,2393
5162,2392,2389,2648
5163,2389,2645,2648
5164,2645,2650,2648
5165,2645,2647,2650
5166,2648,2650,2651
5167,2648,2651,2649
5168,2396,2652,2653
5169,2396,2653,2397
5170,2396,2393,2652
5171,2393,2649,2652
5172,2649,2654,2652
5173,2649,2651,2654
5174,2652,2654,2655
5175,2652,2655,2653
5176,2400,2656,2657
5177,2400,2657,2401
5178,2400,2397,2656
5179,2397,2653,2656
5180,2653,2658,2656
5181,2653,2655,2658
5182,2656,2658,2659
5183,2656,2659,2657
5184,2404,2660,2661
5185,2404,2661,2405
5186,2404,2401,2660
5187,2401,2657,2660
5188,2657,2662,2660
5189,2657,2659,2662
5190,2660,2662,2663
5191,2660,2663,2661
5192,2407,2664,2665
5193,2407,2665,2408
5194,2407,2405,2664
5195,2405,2661,2664
5196,2661,2666,2664
5197,2661,2663,2666
5198,2664,2666,2667
5199,2664,2667,2665
5200,2379,2409,2668
5201,2409,2408,2668
5202,2408,2665,2668
5203,2665,2669,2668
5204,2665,2667,2669
5205,2632,2668,2669
5206,2632,2669,2633
5207,2632,2379,2668
5208,2414,2415,2671
5209,2414,2671,2670
5210,2414,2672,2413
5211,2414,2670,2672
5212,2670,2673,2672
5213,2670,2674,2673
5214,2670,2675,2674
5215,2670,2671,2675
5216,2418,2419,2677
5217,2418,2677,2676
5218,2418,2676,2415
5219,2415,2676,2671
5220,2671,2678,2675
5221,2671,2676,2678
5222,2676,2679,2678
5223,2676,2677,2679
5224,2422,2423,2681
5225,2422,2681,2680
5226,2422,2680,2419
5227,2419,2680,2677
5228,2677,2682,2679
5229,2677,2680,2682
5230,2680,2683,2682
5231,2680,2681,2683
5232,2426,2427,2685
5233,2426,2685,2684
5234,2426,2684,2423
5235,2423,2684,2681
5236,2681,2686,2683
5237,2681,2684,2686
5238,2684,2687,2686
5239,2684,2685,2687
5240,2430,2431,2689
5241,2430,2689,2688
5242,2430,2688,2427
5243,2427,2688,2685
5244,2685,2690,2687
5245,2685,2688,2690
5246,2688,2691,2690
5247,2688,2689,2691
5248,2434,2435,2693
5249,2434,2693,2692
5250,2434,2692,2431
5251,2431,2692,2689
5252,2689,2694,2691
5253,2689,2692,2694
5254,2692,2695,2694
5255,2692,2693,2695
5256,2438,2439,2697
5257,2438,2697,2696
5258,2438,2696,2435
5259,2435,2696,2693
5260,2693,2698,2695
5261,2693,2696,2698
5262,2696,2699,2698
5263,2696,2697,2699
5264,2439,2441,2700
5265,2439,2700,2701
5266,2439,2701,2697
5267,2697,2701,2699
5268,2446,2447,2703
5269,2446,2703,2702
5270,2446,2704,2445
5271,2446,2702,2704
5272,2702,2705,2704
5273,2702,2706,2705
5274,2702,2707,2706
5275,2702,2703,2707
5276,2450,2451,2709
5277,2450,2709,2708
5278,2450,2708,2447
5279,2447,2708,2703
5280,2703,2710,2707
5281,2703,2708,2710
5282,2708,2711,2710
5283,2708,2709,2711
5284,2413,2712,2453
5285,2453,2712,2451
5286,2451,2712,2709
5287,2709,2713,2711
5288,2709,2712,2713
5289,2672,2673,2713
5290,2672,2713,2712
5291,2672,2712,2413
5292,2441,2455,2714
5293,2700,2715,2701
5294,2700,2441,2714
5295,2700,2714,2715
5296,2458,2459,2717
5297,2458,2717,2716
5298,2458,2716,2455
5299,2455,2716,2714
5300,2714,2718,2715
5301,2714,2716,2718
5302,2716,2719,2718
5303,2716,2717,2719
5304,2459,2461,2720
5305,2459,2720,2721
5306,2459,2721,2717
5307,2717,2721,2719
5308,2466,2467,2723
5309,2466,2723,2722
5310,2466,2724,2465
5311,2466,2722,2724
5312,2722,2725,2724
5313,2722,2726,2725
5314,2722,2727,2726
5315,2722,2723,2727
5316,2445,2728,2469
5317,2469,2728,2467
5318,2467,2728,2723
5319,2723,2729,2727
5320,2723,2728,2729
5321,2704,2705,2729
5322,2704,2729,2728
5323,2704,2728,2445
5324,2461,2471,2730
5325,2720,2731,2721
5326,2720,2461,2730
5327,2720,2730,2731
5328,2471,2473,2732
5329,2471,2732,2733
5330,2471,2733,2730
5331,2730,2733,2731
5332,2478,2479,2735
5333,2478,2735,2734
5334,2478,2736,2477
5335,2478,2734,2736
5336,2734,2737,2736
5337,2734,2738,2737
5338,2734,2739,2738
5339,2734,2735,2739
5340,2465,2740,2481
5341,2481,2740,2479
5342,2479,2740,2735
5343,2735,2741,2739
5344,2735,2740,2741
5345,2724,2725,2741
5346,2724,2741,2740
5347,2724,2740,2465
5348,2473,2483,2742
5349,2732,2743,2733
5350,2732,2473,2742
5351,2732,2742,2743
5352,2483,2485,2744
5353,2483,2744,2745
5354,2483,2745,2742
5355,2742,2745,2743
5356,2490,2491,2747
5357,2490,2747,2746
5358,2490,2748,2489
5359,2490,2746,2748
5360,2746,2749,2748
5361,2746,2750,2749
5362,2746,2751,2750
5363,2746,2747,2751
5364,2477,2752,2493
5365,2493,2752,2491
5366,2491,2752,2747
5367,2747,2753,2751
5368,2747,2752,2753
5369,2736,2737,2753
5370,2736,2753,2752
5371,2736,2752,2477
5372,2485,2495,2754
5373,2744,2755,2745
5374,2744,2485,2754
5375,2744,2754,2755
5376,2495,2497,2756
5377,2495,2756,2757
5378,2495,2757,2754
5379,2754,2757,2755
5380,2489,2758,2501
5381,2501,2759,2500
5382,2501,2758,2759
5383,2758,2760,2759
5384,2758,2761,2760
5385,2748,2749,2761
5386,2748,2761,2758
5387,2748,2758,2489
5388,2497,2505,2762
5389,2505,2763,2762
5390,2505,2504,2763
5391,2762,2763,2764
5392,2762,2764,2765
5393,2756,2762,2765
5394,2756,2765,2757
5395,2756,2497,2762
5396,2510,2511,2767
5397,2510,2767,2766
5398,2510,2768,2509
5399,2510,2766,2768
5400,2766,2769,2768
5401,2766,2770,2769
5402,2766,2771,2770
5403,2766,2767,2771
5404,2500,2772,2513
5405,2513,2772,2511
5406,2511,2772,2767
5407,2767,2773,2771
5408,2767,2772,2773
5409,2759,2760,2773
5410,2759,2773,2772
5411,2759,2772,2500
5412,2504,2515,2774
5413,2763,2775,2764
5414,2763,2504,2774
5415,2763,2774,2775
5416,2515,2517,2776
5417,2515,2776,2777
5418,2515,2777,2774
5419,2774,2777,2775
5420,2509,2778,2521
5421,2521,2779,2520
5422,2521,2778,2779
5423,2778,2780,2779
5424,2778,2781,2780
5425,2768,2769,2781
5426,2768,2781,2778
5427,2768,2778,2509
5428,2517,2525,2782
5429,2525,2783,2782
5430,2525,2524,2783
5431,2782,2783,2784
5432,2782,2784,2785
5433,2776,2782,2785
5434,2776,2785,2777
5435,2776,2517,2782
5436,2520,2786,2529
5437,2529,2787,2528
5438,2529,2786,2787
5439,2786,2788,2787
5440,2786,2789,2788
5441,2779,2780,2789
5442,2779,2789,2786
5443,2779,2786,2520
5444,2524,2533,2790
5445,2533,2791,2790
5446,2533,2532,2791
5447,2790,2791,2792
5448,2790,2792,2793
5449,2783,2790,2793
5450,2783,2793,2784
5451,2783,2524,2790
5452,2528,2794,2537
5453,2537,2795,2536
5454,2537,2794,2795
5455,2794,2796,2795
5456,2794,2797,2796
5457,2787,2788,2797
5458,2787,2797,2794
5459,2787,2794,2528
5460,2532,2541,2798
5461,2541,2799,2798
5462,2541,2540,2799
5463,2798,2799,2800
5464,2798,2800,2801
5465,2791,2798,2801
5466,2791,2801,2792
5467,2791,2532,2798
5468,2536,2802,2545
5469,2545,2803,2544
5470,2545,2802,2803
5471,2802,2804,2803
5472,2802,2805,2804
5473,2795,2796,2805
5474,2795,2805,2802
5475,2795,2802,2536
5476,2540,2549,2806
5477,2549,2807,2806
5478,2549,2548,2807
5479,2806,2807,2808
5480,2806,2808,2809
5481,2799,2806,2809
5482,2799,2809,2800
5483,2799,2540,2806
5484,2544,2810,2553
5485,2553,2811,2552
5486,2553,2810,2811
5487,2810,2812,2811
5488,2810,2813,2812
5489,2803,2804,2813
5490,2803,2813,2810
5491,2803,2810,2544
5492,2548,2557,2814
5493,2557,2815,2814
5494,2557,2556,2815
5495,2814,2815,2816
5496,2814,2816,2817
5497,2807,2814,2817
5498,2807,2817,2808
5499,2807,2548,2814
5500,2552,2818,2561
5501,2561,2819,2560
5502,2561,2818,2819
5503,2818,2820,2819
5504,2818,2821,2820
5505,2811,2812,2821
5506,2811,2821,2818
5507,2811,2818,2552
5508,2556,2565,2822
5509,2565,2823,2822
5510,2565,2564,2823
5511,2822,2823,2824
5512,2822,2824,2825
5513,2815,2822,2825
5514,2815,2825,2816
5515,2815,2556,2822
5516,2560,2826,2567
5517,2819,2820,2827
5518,2819,2827,2826
5519,2819,2826,2560
5520,2567,2828,2569
5521,2567,2826,2829
5522,2567,2829,2828
5523,2826,2827,2829
5524,2574,2830,2831
5525,2574,2831,2575
5526,2574,2832,2830
5527,2574,2573,2832
5528,2830,2832,2833
5529,2830,2833,2834
5530,2830,2834,2835
5531,2830,2835,2831
5532,2564,2577,2836
5533,2577,2575,2836
5534,2575,2831,2836
5535,2831,2837,2836
5536,2831,2835,2837
5537,2823,2836,2837
5538,2823,2837,2824
5539,2823,2564,2836
5540,2569,2838,2581
5541,2581,2839,2580
5542,2581,2838,2839
5543,2838,2840,2839
5544,2838,2841,2840
5545,2828,2829,2841
5546,2828,2841,2838
5547,2828,2838,2569
5548,2573,2585,2842
5549,2585,2843,2842
5550,2585,2584,2843
5551,2842,2843,2844
5552,2842,2844,2845
5553,2832,2842,2845
5554,2832,2845,2833
5555,2832,2573,2842
5556,2580,2846,2587
5557,2839,2840,2847
5558,2839,2847,2846
5559,2839,2846,2580
5560,2587,2848,2589
5561,2587,2846,2849
5562,2587,2849,2848
5563,2846,2847,2849
5564,2594,2850,2851
5565,2594,2851,2595
5566,2594,2852,2850
5567,2594,2593,2852
5568,2850,2852,2853
5569,2850,2853,2854
5570,2850,2854,2855
5571,2850,2855,2851
5572,2584,2597,2856
5573,2597,2595,2856
5574,2595,2851,2856
5575,2851,2857,2856
5576,2851,2855,2857
5577,2843,2856,2857
5578,2843,2857,2844
5579,2843,2584,2856
5580,2589,2858,2599
5581,2848,2849,2859
5582,2848,2859,2858
5583,2848,2858,2589
5584,2599,2860,2601
5585,2599,2858,2861
5586,2599,2861,2860
5587,2858,2859,2861
5588,2606,2862,2863
5589,2606,2863,2607
5590,2606,2864,2862
5591,2606,2605,2864
5592,2862,2864,2865
5593,2862,2865,2866
5594,2862,2866,2867
5595,2862,2867,2863
5596,2593,2609,2868
5597,2609,2607,2868
5598,2607,2863,2868
5599,2863,2869,2868
5600,2863,2867,2869
5601,2852,2868,2869
5602,2852,2869,2853
5603,2852,2593,2868
5604,2601,2870,2611
5605,2860,2861,2871
5606,2860,2871,2870
5607,2860,2870,2601
5608,2611,2872,2613
5609,2611,2870,2873
5610,2611,2873,2872
5611,2870,2871,2873
5612,2618,2874,2875
5613,2618,2875,2619
5614,2618,2876,2874
5615,2618,2617,2876
5616,2874,2876,2877
5617,2874,2877,2878
5618,2874,2878,2879
5619,2874,2879,2875
5620,2605,2621,2880
5621,2621,2619,2880
5622,2619,2875,2880
5623,2875,2881,2880
5624,2875,2879,2881
5625,2864,2880,2881
5626,2864,2881,2865
5627,2864,2605,2880
5628,2613,2882,2623
5629,2872,2873,2883
5630,2872,2883,2882
5631,2872,2882,2613
5632,2626,2884,2885
5633,2626,2885,2627
5634,2626,2623,2884
5635,2623,2882,2884
5636,2882,2886,2884
5637,2882,2883,2886
5638,2884,2886,2887
5639,2884,2887,2885
5640,2627,2888,2629
5641,2627,2885,2889
5642,2627,2889,2888
5643,2885,2887,2889
5644,2634,2890,2891
5645,2634,2891,2635
5646,2634,2892,2890
5647,2634,2633,2892
5648,2890,2892,2893
5649,2890,2893,2894
5650,2890,2894,2895
5651,2890,2895,2891
5652,2638,2896,2897
5653,2638,2897,2639
5654,2638,2635,2896
5655,2635,2891,2896
5656,2891,2898,2896
5657,2891,2895,2898
5658,2896,2898,2899
5659,2896,2899,2897
5660,2617,2641,2900
5661,2641,2639,2900
5662,2639,2897,2900
5663,2897,2901,2900
5664,2897,2899,2901
5665,2876,2900,2901
5666,2876,2901,2877
5667,2876,2617,2900
5668,2629,2902,2643
5669,2888,2889,2903
5670,2888,2903,2902
5671,2888,2902,2629
5672,2646,2904,2905
5673,2646,2905,2647
5674,2646,2643,2904
5675,2643,2902,2904
5676,2902,2906,2904
5677,2902,2903,2906
5678,2904,2906,2907
5679,2904,2907,2905
5680,2650,2908,2909
5681,2650,2909,2651
5682,2650,2647,2908
5683,2647,2905,2908
5684,2905,2910,2908
5685,2905,2907,2910
5686,2908,2910,2911
5687,2908,2911,2909
5688,2654,2912,2913
5689,2654,2913,2655
5690,2654,2651,2912
5691,2651,2909,2912
5692,2909,2914,2912
5693,2909,2911,2914
5694,2912,2914,2915
5695,2912,2915,2913
5696,2658,2916,2917
5697,2658,2917,2659
5698,2658,2655,2916
5699,2655,2913,2916
5700,2913,2918,2916
5701,2913,2915,2918
5702,2916,2918,2919
5703,2916,2919,2917
5704,2662,2920,2921
5705,2662,2921,2663
5706,2662,2659,2920
5707,2659,2917,2920
5708,2917,2922,2920
5709,2917,2919,2922
5710,2920,2922,2923
5711,2920,2923,2921
5712,2666,2924,2925
5713,2666,2925,2667
5714,2666,2663,2924
5715,2663,2921,2924
5716,2921,2926,2924
5717,2921,2923,2926
5718,2924,2926,2927
5719,2924,2927,2925
5720,2633,2669,2928
5721,2669,2667,2928
5722,2667,2925,2928
5723,2925,2929,2928
5724,2925,2927,2929
5725,2892,2928,2929
5726,2892,2929,2893
5727,2892,2633,2928
5728,2674,2675,2930
5729,2674,2930,2673
5730,2678,2679,2932
5731,2678,2932,2931
5732,2678,2931,2675
5733,2675,2933,2930
5734,2675,2931,2933
5735,2931,2934,2933
5736,2931,2935,2934
5737,2931,2932,2935
5738,2682,2683,2937
5739,2682,2937,2936
5740,2682,2936,2679
5741,2679,2936,2932
5742,2932,2938,2935
5743,2932,2936,2938
5744,2936,2939,2938
5745,2936,2937,2939
5746,2686,2687,2941
5747,2686,2941,2940
5748,2686,2940,2683
5749,2683,2940,2937
5750,2937,2942,2939
5751,2937,2940,2942
5752,2940,2943,2942
5753,2940,2941,2943
5754,2690,2691,2945
5755,2690,2945,2944
5756,2690,2944,2687
5757,2687,2944,2941
5758,2941,2946,2943
5759,2941,2944,2946
5760,2944,2947,2946
5761,2944,2945,2947
5762,2694,2695,2949
5763,2694,2949,2948
5764,2694,2948,2691
5765,2691,2948,2945
5766,2945,2950,2947
5767,2945,2948,2950
5768,2948,2951,2950
5769,2948,2949,2951
5770,2698,2699,2952
5771,2698,2952,2953
5772,2698,2953,2695
5773,2695,2953,2954
5774,2695,2954,2949
5775,2949,2954,2951
5776,2699,2701,2955
5777,2699,2955,2952
5778,2706,2707,2956
5779,2706,2956,2705
5780,2710,2711,2958
5781,2710,2958,2957
5782,2710,2957,2707
5783,2707,2959,2956
5784,2707,2957,2959
5785,2957,2960,2959
5786,2957,2961,2960
5787,2957,2958,2961
5788,2673,2962,2713
5789,2713,2962,2711
5790,2711,2962,2958
5791,2958,2963,2961
5792,2958,2962,2963
5793,2962,2964,2963
5794,2673,2930,2964
5795,2673,2964,2962
5796,2930,2965,2964
5797,2930,2933,2965
5798,2953,2966,2954
5799,2953,2952,2966
5800,2701,2715,2967
5801,2952,2968,2966
5802,2952,2955,2969
5803,2952,2969,2968
5804,2955,2701,2967
5805,2955,2967,2969
5806,2718,2719,2970
5807,2718,2970,2971
5808,2718,2971,2715
5809,2715,2971,2972
5810,2715,2972,2967
5811,2967,2972,2969
5812,2719,2721,2973
5813,2719,2973,2970
5814,2726,2727,2975
5815,2726,2975,2974
5816,2726,2976,2725
5817,2726,2974,2976
5818,2974,2977,2976
5819,2974,2978,2977
5820,2974,2979,2978
5821,2974,2975,2979
5822,2705,2980,2729
5823,2729,2980,2727
5824,2727,2980,2975
5825,2975,2981,2979
5826,2975,2980,2981
5827,2980,2982,2981
5828,2705,2956,2982
5829,2705,2982,2980
5830,2956,2983,2982
5831,2956,2959,2983
5832,2971,2984,2972
5833,2971,2970,2984
5834,2721,2731,2985
5835,2970,2986,2984
5836,2970,2973,2987
5837,2970,2987,2986
5838,2973,2721,2985
5839,2973,2985,2987
5840,2731,2733,2988
5841,2731,2988,2989
5842,2731,2989,2985
5843,2985,2989,2987
5844,2738,2739,2991
5845,2738,2991,2990
5846,2738,2992,2737
5847,2738,2990,2992
5848,2990,2993,2992
5849,2990,2994,2993
5850,2990,2995,2994
5851,2990,2991,2995
5852,2725,2996,2741
5853,2741,2996,2739
5854,2739,2996,2991
5855,2991,2997,2995
5856,2991,2996,2997
5857,2976,2977,2997
5858,2976,2997,2996
5859,2976,2996,2725
5860,2733,2743,2998
5861,2988,2999,2989
5862,2988,2733,2998
5863,2988,2998,2999
5864,2743,2745,3000
5865,2743,3000,3001
5866,2743,3001,2998
5867,2998,3001,2999
5868,2750,2751,3002
5869,2750,3002,2749
5870,2737,3003,2753
5871,2753,3003,2751
5872,2751,3004,3002
5873,2751,3003,3004
5874,3003,3005,3004
5875,2992,2993,3005
5876,2992,3005,3003
5877,2992,3003,2737
5878,2745,3007,3006
5879,2745,2755,3007
5880,3006,3007,3008
5881,3006,3008,3009
5882,3006,3009,3010
5883,3000,3006,3010
5884,3000,3010,3001
5885,3000,2745,3006
5886,2755,2757,3011
5887,2755,3011,3007
5888,2749,3012,2761
5889,2761,3013,2760
5890,2761,3012,3013
5891,3012,3014,3013
5892,3012,3015,3014
5893,3012,3016,3015
5894,2749,3002,3016
5895,2749,3016,3012
5896,3002,3017,3016
5897,3002,3004,3017
5898,3008,3018,3009
5899,3008,3007,3018
5900,2757,2765,3019
5901,2765,3020,3019
5902,2765,2764,3020
5903,3019,3020,3021
5904,3007,3019,3021
5905,3007,3021,3018
5906,3007,3011,3019
5907,3011,2757,3019
5908,2770,2771,3022
5909,2770,3022,2769
5910,2760,3023,2773
5911,2773,3023,2771
5912,2771,3024,3022
5913,2771,3023,3024
5914,3023,3025,3024
5915,3013,3014,3025
5916,3013,3025,3023
5917,3013,3023,2760
5918,2764,3027,3026
5919,2764,2775,3027
5920,3026,3027,3028
5921,3026,3028,3029
5922,3026,3029,3030
5923,3020,3026,3030
5924,3020,3030,3021
5925,3020,2764,3026
5926,2775,2777,3031
5927,2775,3031,3027
5928,2769,3032,2781
5929,2781,3033,2780
5930,2781,3032,3033
5931,3032,3034,3033
5932,3032,3035,3034
5933,3032,3036,3035
5934,2769,3022,3036
5935,2769,3036,3032
5936,3022,3037,3036
5937,3022,3024,3037
5938,3028,3038,3029
5939,3028,3027,3038
5940,2777,2785,3039
5941,2785,3040,3039
5942,2785,2784,3040
5943,3039,3040,3041
5944,3027,3039,3041
5945,3027,3041,3038
5946,3027,3031,3039
5947,3031,2777,3039
5948,2780,3042,2789
5949,2789,3043,2788
5950,2789,3042,3043
5951,3042,3044,3043
5952,3042,3045,3044
5953,3033,3034,3045
5954,3033,3045,3042
5955,3033,3042,2780
5956,2784,2793,3046
5957,2793,3047,3046
5958,2793,2792,3047
5959,3046,3047,3048
5960,3046,3048,3049
5961,3040,3046,3049
5962,3040,3049,3041
5963,3040,2784,3046
5964,2788,3050,2797
5965,2797,3051,2796
5966,2797,3050,3051
5967,3050,3052,3051
5968,3050,3053,3052
5969,3043,3044,3053
5970,3043,3053,3050
5971,3043,3050,2788
5972,2792,2801,3054
5973,2801,3055,3054
5974,2801,2800,3055
5975,3054,3055,3056
5976,3054,3056,3057
5977,3047,3054,3057
5978,3047,3057,3048
5979,3047,2792,3054
5980,2796,3058,2805
5981,2805,3059,2804
5982,2805,3058,3059
5983,3058,3060,3059
5984,3058,3061,3060
5985,3051,3052,3061
5986,3051,3061,3058
5987,3051,3058,2796
5988,2800,2809,3062
5989,2809,3063,3062
5990,2809,2808,3063
5991,3062,3063,3064
5992,3062,3064,3065
5993,3055,3062,3065
5994,3055,3065,3056
5995,3055,2800,3062
5996,2804,3066,2813
5997,2813,3067,2812
5998,2813,3066,3067
5999,3066,3068,3067
6000,3066,3069,3068
6001,3059,3060,3069
6002,3059,3069,3066
6003,3059,3066,2804
6004,2808,2817,3070
6005,2817,3071,3070
6006,2817,2816,3071
6007,3070,3071,3072
6008,3070,3072,3073
6009,3063,3070,3073
6010,3063,3073,3064
6011,3063,2808,3070
6012,2812,3074,3075
6013,2812,3075,2821
6014,2821,3075,2820
6015,3067,3068,3076
6016,3067,3076,3074
6017,3067,3074,2812
6018,3074,3077,3075
6019,3074,3076,3077
6020,3078,3079,3080
6021,3078,3080,3081
6022,3078,3081,3082
6023,3078,3082,3083
6024,3078,3083,3084
6025,3078,3084,3079
6026,2816,2825,3085
6027,2825,3086,3085
6028,2825,2824,3086
6029,3079,3085,3086
6030,3079,3086,3080
6031,3079,3087,3085
6032,3079,3084,3087
6033,3071,3085,3087
6034,3071,3087,3072
6035,3071,2816,3085
6036,2820,3088,2827
6037,2820,3075,3088
6038,2827,3089,2829
6039,2827,3088,3090
6040,2827,3090,3089
6041,3088,3075,3091
6042,3088,3091,3090
6043,3075,3077,3091
6044,2834,3092,3093
6045,2834,3093,2835
6046,2834,3094,3092
6047,2834,2833,3094
6048,3092,3094,3095
6049,3092,3095,3096
6050,3081,3092,3096
6051,3081,3096,3082
6052,3081,3093,3092
6053,3081,3080,3093
6054,2824,2837,3097
6055,2837,2835,3097
6056,2835,3093,3097
6057,3093,3080,3097
6058,3080,3086,3097
6059,3086,2824,3097
6060,2829,3098,3099
6061,2829,3099,2841
6062,2841,3099,2840
6063,3089,3090,3100
6064,3089,3100,3098
6065,3089,3098,2829
6066,3098,3101,3099
6067,3098,3100,3101
6068,3102,3103,3104
6069,3102,3104,3105
6070,3102,3105,3106
6071,3102,3106,3107
6072,3102,3107,3108
6073,3102,3108,3103
6074,2833,2845,3109
6075,2845,3110,3109
6076,2845,2844,3110
6077,3103,3109,3110
6078,3103,3110,3104
6079,3103,3111,3109
6080,3103,3108,3111
6081,3094,3109,3111
6082,3094,3111,3095
6083,3094,2833,3109
6084,2840,3112,2847
6085,2840,3099,3112
6086,2847,3113,2849
6087,2847,3112,3114
6088,2847,3114,3113
6089,3112,3099,3115
6090,3112,3115,3114
6091,3099,3101,3115
6092,2854,3116,3117
6093,2854,3117,2855
6094,2854,3118,3116
6095,2854,2853,3118
6096,3116,3118,3119
6097,3116,3119,3120
6098,3105,3116,3120
6099,3105,3120,3106
6100,3105,3117,3116
6101,3105,3104,3117
6102,2844,2857,3121
6103,2857,2855,3121
6104,2855,3117,3121
6105,3117,3104,3121
6106,3104,3110,3121
6107,3110,2844,3121
6108,2849,3122,2859
6109,3113,3114,3123
6110,3113,3123,3122
6111,3113,3122,2849
6112,2859,3124,2861
6113,2859,3122,3125
6114,2859,3125,3124
6115,3122,3123,3125
6116,2866,3126,3127
6117,2866,3127,2867
6118,2866,3128,3126
6119,2866,2865,3128
6120,3126,3128,3129
6121,3126,3129,3130
6122,3126,3130,3131
6123,3126,3131,3127
6124,2853,2869,3132
6125,2869,2867,3132
6126,2867,3127,3132
6127,3127,3133,3132
6128,3127,3131,3133
6129,3118,3132,3133
6130,3118,3133,3119
6131,3118,2853,3132
6132,2861,3134,2871
6133,3124,3125,3135
6134,3124,3135,3134
6135,3124,3134,2861
6136,3136,3137,3138
6137,2871,3136,3138
6138,2871,3138,2873
6139,2871,3134,3136
6140,3134,3139,3136
6141,3134,3135,3139
6142,3136,3139,3140
6143,3136,3140,3137
6144,3137,3141,3138
6145,3137,3140,3141
6146,3142,3143,3144
6147,3142,3144,3145
6148,3142,3145,3146
6149,3142,3146,3147
6150,3142,3147,3148
6151,3142,3148,3143
6152,2878,3149,3150
6153,2878,3150,2879
6154,2878,3151,3149
6155,2878,2877,3151
6156,3143,3149,3151
6157,3143,3151,3144
6158,3143,3152,3149
6159,3143,3148,3152
6160,3149,3152,3153
6161,3149,3153,3150
6162,2865,2881,3154
6163,2881,2879,3154
6164,2879,3150,3154
6165,3150,3155,3154
6166,3150,3153,3155
6167,3128,3154,3155
6168,3128,3155,3129
6169,3128,2865,3154
6170,2873,3156,2883
6171,2873,3138,3156
6172,2886,3157,3158
6173,2886,3158,2887
6174,2886,2883,3157
6175,2883,3156,3157
6176,3156,3138,3157
6177,3138,3159,3157
6178,3138,3141,3159
6179,3157,3159,3158
6180,3160,3161,3162
6181,2887,3160,3162
6182,2887,3162,2889
6183,2887,3158,3160
6184,3158,3163,3160
6185,3158,3159,3163
6186,3160,3163,3164
6187,3160,3164,3161
6188,3161,3165,3162
6189,3161,3164,3165
6190,3166,3167,3168
6191,3166,3168,3169
6192,3166,3169,3170
6193,3166,3170,3171
6194,3166,3171,3172
6195,3166,3172,3167
6196,2894,3173,3174
6197,2894,3174,2895
6198,2894,3175,3173
6199,2894,2893,3175
6200,3167,3173,3175
6201,3167,3175,3168
6202,3167,3176,3173
6203,3167,3172,3176
6204,3173,3176,3177
6205,3173,3177,3174
6206,2898,3178,3179
6207,2898,3179,2899
6208,2898,2895,3178
6209,2895,3174,3178
6210,3174,3180,3178
6211,3174,3177,3180
6212,3145,3178,3180
6213,3145,3180,3146
6214,3145,3179,3178
6215,3145,3144,3179
6216,2877,2901,3181
6217,2901,2899,3181
6218,2899,3179,3181
6219,3179,3144,3181
6220,3144,3151,3181
6221,3151,2877,3181
6222,2889,3182,2903
6223,2889,3162,3182
6224,2906,3183,3184
6225,2906,3184,2907
6226,2906,2903,3183
6227,2903,3182,3183
6228,3182,3162,3183
6229,3162,3185,3183
6230,3162,3165,3185
6231,3183,3185,3184
6232,2910,3186,3187
6233,2910,3187,2911
6234,2910,2907,3186
6235,2907,3184,3186
6236,3184,3188,3186
6237,3184,3185,3188
6238,3186,3188,3189
6239,3186,3189,3187
6240,2914,3190,3191
6241,2914,3191,2915
6242,2914,2911,3190
6243,2911,3187,3190
6244,3187,3192,3190
6245,3187,3189,3192
6246,3190,3192,3193
6247,3190,3193,3191
6248,2918,3194,3195
6249,2918,3195,2919
6250,2918,2915,3194
6251,2915,3191,3194
6252,3191,3196,3194
6253,3191,3193,3196
6254,3194,3196,3197
6255,3194,3197,3195
6256,2922,3198,3199
6257,2922,3199,2923
6258,2922,2919,3198
6259,2919,3195,3198
6260,3195,3200,3198
6261,3195,3197,3200
6262,3198,3200,3201
6263,3198,3201,3199
6264,2926,3202,3203
6265,2926,3203,2927
6266,2926,2923,3202
6267,2923,3199,3202
6268,3199,3204,3202
6269,3199,3201,3204
6270,3169,3202,3204
6271,3169,3204,3170
6272,3169,3203,3202
6273,3169,3168,3203
6274,2893,2929,3205
6275,2929,2927,3205
6276,2927,3203,3205
6277,3203,3168,3205
6278,3168,3175,3205
6279,3175,2893,3205
6280,2934,2935,3206
6281,2934,3206,2933
6282,2938,2939,3208
6283,2938,3208,3207
6284,2938,3207,2935
6285,2935,3209,3206
6286,2935,3207,3209
6287,3207,3210,3209
6288,3207,3211,3210
6289,3207,3208,3211
6290,2942,2943,3213
6291,2942,3213,3212
6292,2942,3212,2939
6293,2939,3212,3208
6294,3208,3214,3211
6295,3208,3212,3214
6296,3212,3215,3214
6297,3212,3213,3215
6298,2946,2947,3217
6299,2946,3217,3216
6300,2946,3216,2943
6301,2943,3216,3213
6302,3213,3218,3215
6303,3213,3216,3218
6304,3216,3219,3218
6305,3216,3217,3219
6306,2950,2951,3220
6307,2950,3220,3221
6308,2950,3221,2947
6309,2947,3221,3222
6310,2947,3222,3217
6311,3217,3222,3219
6312,2951,2954,3223
6313,2951,3223,3220
6314,2960,2961,3225
6315,2960,3225,3224
6316,2960,3226,2959
6317,2960,3224,3226
6318,3224,3227,3226
6319,3224,3228,3227
6320,3224,3229,3228
6321,3224,3225,3229
6322,2963,2964,3231
6323,2963,3231,3230
6324,2963,3230,2961
6325,2961,3230,3225
6326,3225,3232,3229
6327,3225,3230,3232
6328,3230,3233,3232
6329,3230,3231,3233
6330,2933,3234,2965
6331,2965,3234,2964
6332,2964,3234,3231
6333,3231,3235,3233
6334,3231,3234,3235
6335,3234,3236,3235
6336,2933,3206,3236
6337,2933,3236,3234
6338,3206,3237,3236
6339,3206,3209,3237
6340,3221,3238,3222
6341,3221,3220,3238
6342,2954,2966,3239
6343,3220,3240,3238
6344,3220,3223,3241
6345,3220,3241,3240
6346,3223,2954,3239
6347,3223,3239,3241
6348,2968,2969,3243
6349,2968,3243,3242
6350,2968,3242,2966
6351,2966,3242,3239
6352,3239,3244,3241
6353,3239,3242,3244
6354,3242,3245,3244
6355,3242,3243,3245
6356,2969,2972,3246
6357,2969,3246,3247
6358,2969,3247,3243
6359,3243,3247,3245
6360,2978,2979,3248
6361,2978,3248,2977
6362,2981,2982,3250
6363,2981,3250,3249
6364,2981,3249,2979
6365,2979,3251,3248
6366,2979,3249,3251
6367,3249,3252,3251
6368,3249,3253,3252
6369,3249,3250,3253
6370,2959,3254,2983
6371,2983,3254,2982
6372,2982,3254,3250
6373,3250,3255,3253
6374,3250,3254,3255
6375,3226,3227,3255
6376,3226,3255,3254
6377,3226,3254,2959
6378,2972,2984,3256
6379,3246,3257,3247
6380,3246,2972,3256
6381,3246,3256,3257
6382,2986,2987,3258
6383,2986,3258,3259
6384,2986,3259,2984
6385,2984,3259,3260
6386,2984,3260,3256
6387,3256,3260,3257
6388,2987,2989,3261
6389,2987,3261,3258
6390,2994,2995,3262
6391,2994,3262,2993
6392,2977,3263,2997
6393,2997,3263,2995
6394,2995,3264,3262
6395,2995,3263,3264
6396,3263,3265,3264
6397,3263,3266,3265
6398,2977,3248,3266
6399,2977,3266,3263
6400,3248,3267,3266
6401,3248,3251,3267
6402,3259,3268,3260
6403,3259,3258,3268
6404,2989,3270,3269
6405,2989,2999,3270
6406,3269,3270,3271
6407,3269,3271,3272
6408,3258,3269,3272
6409,3258,3272,3268
6410,3258,3261,3269
6411,3261,2989,3269
6412,2999,3001,3273
6413,2999,3273,3270
6414,2993,3274,3005
6415,3005,3275,3004
6416,3005,3274,3275
6417,3274,3276,3275
6418,3274,3277,3276
6419,3274,3278,3277
6420,2993,3262,3278
6421,2993,3278,3274
6422,3262,3279,3278
6423,3262,3264,3279
6424,3271,3280,3272
6425,3271,3270,3280
6426,3001,3010,3281
6427,3010,3282,3281
6428,3010,3009,3282
6429,3281,3282,3283
6430,3270,3281,3283
6431,3270,3283,3280
6432,3270,3273,3281
6433,3273,3001,3281
6434,3015,3016,3285
6435,3015,3285,3284
6436,3015,3286,3014
6437,3015,3284,3286
6438,3284,3287,3286
6439,3284,3288,3287
6440,3284,3289,3288
6441,3284,3285,3289
6442,3004,3290,3017
6443,3017,3290,3016
6444,3016,3290,3285
6445,3285,3291,3289
6446,3285,3290,3291
6447,3275,3276,3291
6448,3275,3291,3290
6449,3275,3290,3004
6450,3009,3018,3292
6451,3282,3293,3283
6452,3282,3009,3292
6453,3282,3292,3293
6454,3018,3021,3294
6455,3018,3294,3295
6456,3018,3295,3292
6457,3292,3295,3293
6458,3014,3296,3025
6459,3025,3297,3024
6460,3025,3296,3297
6461,3296,3298,3297
6462,3296,3299,3298
6463,3286,3287,3299
6464,3286,3299,3296
6465,3286,3296,3014
6466,3021,3030,3300
6467,3030,3301,3300
6468,3030,3029,3301
6469,3300,3301,3302
6470,3300,3302,3303
6471,3294,3300,3303
6472,3294,3303,3295
6473,3294,3021,3300
6474,3035,3036,3304
6475,3035,3304,3034
6476,3024,3305,3037
6477,3037,3305,3036
6478,3036,3306,3304
6479,3036,3305,3306
6480,3305,3307,3306
6481,3297,3298,3307
6482,3297,3307,3305
6483,3297,3305,3024
6484,3029,3309,3308
6485,3029,3038,3309
6486,3308,3309,3310
6487,3308,3310,3311
6488,3308,3311,3312
6489,3301,3308,3312
6490,3301,3312,3302
6491,3301,3029,3308
6492,3038,3041,3313
6493,3038,3313,3309
6494,3034,3314,3045
6495,3045,3315,3044
6496,3045,3314,3315
6497,3314,3316,3315
6498,3314,3317,3316
6499,3314,3318,3317
6500,3034,3304,3318
6501,3034,3318,3314
6502,3304,3319,3318
6503,3304,3306,3319
6504,3310,3320,3311
6505,3310,3309,3320
6506,3041,3049,3321
6507,3049,3322,3321
6508,3049,3048,3322
6509,3321,3322,3323
6510,3309,3321,3323
6511,3309,3323,3320
6512,3309,3313,3321
6513,3313,3041,3321
6514,3044,3324,3053
6515,3053,3325,3052
6516,3053,3324,3325
6517,3324,3326,3325
6518,3324,3327,3326
6519,3315,3316,3327
6520,3315,3327,3324
6521,3315,3324,3044
6522,3048,3057,3328
6523,3057,3329,3328
6524,3057,3056,3329
6525,3328,3329,3330
6526,3328,3330,3331
6527,3322,3328,3331
6528,3322,3331,3323
6529,3322,3048,3328
6530,3052,3332,3061
6531,3061,3333,3060
6532,3061,3332,3333
6533,3332,3334,3333
6534,3332,3335,3334
6535,3325,3326,3335
6536,3325,3335,3332
6537,3325,3332,3052
6538,3056,3065,3336
6539,3065,3337,3336
6540,3065,3064,3337
6541,3336,3337,3338
6542,3336,3338,3339
6543,3329,3336,3339
6544,3329,3339,3330
6545,3329,3056,3336
6546,3060,3340,3341
6547,3060,3341,3069
6548,3069,3341,3068
6549,3333,3334,3342
6550,3333,3342,3340
6551,3333,3340,3060
6552,3340,3343,3341
6553,3340,3342,3343
6554,3344,3345,3346
6555,3344,3346,3347
6556,3344,3347,3348
6557,3344,3348,3349
6558,3344,3349,3350
6559,3344,3350,3345
6560,3064,3073,3351
6561,3073,3352,3351
6562,3073,3072,3352
6563,3345,3351,3352
6564,3345,3352,3346
6565,3345,3353,3351
6566,3345,3350,3353
6567,3337,3351,3353
6568,3337,3353,3338
6569,3337,3064,3351
6570,3068,3354,3076
6571,3068,3341,3354
6572,3076,3355,3077
6573,3076,3354,3356
6574,3076,3356,3355
6575,3354,3341,3357
6576,3354,3357,3356
6577,3341,3343,3357
6578,3083,3358,3359
6579,3083,3359,3084
6580,3083,3360,3358
6581,3083,3082,3360
6582,3358,3360,3361
6583,3358,3361,3362
6584,3347,3358,3362
6585,3347,3362,3348
6586,3347,3359,3358
6587,3347,3346,3359
6588,3072,3087,3363
6589,3087,3084,3363
6590,3084,3359,3363
6591,3359,3346,3363
6592,3346,3352,3363
6593,3352,3072,3363
6594,3077,3364,3091
6595,3091,3365,3090
6596,3091,3364,3365
6597,3364,3366,3365
6598,3364,3367,3366
6599,3355,3356,3367
6600,3355,3367,3364
6601,3355,3364,3077
6602,3082,3096,3368
6603,3096,3369,3368
6604,3096,3095,3369
6605,3368,3369,3370
6606,3368,3370,3371
6607,3360,3368,3371
6608,3360,3371,3361
6609,3360,3082,3368
6610,3090,3372,3100
6611,3365,3366,3373
6612,3365,3373,3372
6613,3365,3372,3090
6614,3100,3374,3101
6615,3100,3372,3375
6616,3100,3375,3374
6617,3372,3373,3375
6618,3107,3376,3377
6619,3107,3377,3108
6620,3107,3378,3376
6621,3107,3106,3378
6622,3376,3378,3379
6623,3376,3379,3380
6624,3376,3380,3381
6625,3376,3381,3377
6626,3095,3111,3382
6627,3111,3108,3382
6628,3108,3377,3382
6629,3377,3383,3382
6630,3377,3381,3383
6631,3369,3382,3383
6632,3369,3383,3370
6633,3369,3095,3382
6634,3101,3384,3385
6635,3101,3385,3115
6636,3115,3385,3114
6637,3374,3375,3386
6638,3374,3386,3384
6639,3374,3384,3101
6640,3384,3387,3385
6641,3384,3386,3387
6642,3388,3389,3390
6643,3388,3390,3391
6644,3388,3391,3392
6645,3388,3392,3393
6646,3388,3393,3394
6647,3388,3394,3389
6648,3106,3120,3395
6649,3120,3396,3395
6650,3120,3119,3396
6651,3389,3395,3396
6652,3389,3396,3390
6653,3389,3397,3395
6654,3389,3394,3397
6655,3378,3395,3397
6656,3378,3397,3379
6657,3378,3106,3395
6658,3114,3398,3123
6659,3114,3385,3398
6660,3399,3400,3401
6661,3123,3399,3401
6662,3123,3401,3125
6663,3123,3398,3399
6664,3398,3385,3399
6665,3385,3402,3399
6666,3385,3387,3402
6667,3399,3402,3400
6668,3400,3403,3401
6669,3400,3402,3403
6670,3404,3405,3406
6671,3404,3406,3407
6672,3404,3407,3408
6673,3404,3408,3409
6674,3404,3409,3410
6675,3404,3410,3405
6676,3130,3411,3412
6677,3130,3412,3131
6678,3130,3413,3411
6679,3130,3129,3413
6680,3405,3411,3413
6681,3405,3413,3406
6682,3405,3414,3411
6683,3405,3410,3414
6684,3391,3411,3414
6685,3391,3414,3392
6686,3391,3412,3411
6687,3391,3390,3412
6688,3119,3133,3415
6689,3133,3131,3415
6690,3131,3412,3415
6691,3412,3390,3415
6692,3390,3396,3415
6693,3396,3119,3415
6694,3125,3416,3135
6695,3125,3401,3416
6696,3139,3417,3418
6697,3139,3418,3140
6698,3139,3135,3417
6699,3135,3416,3417
6700,3416,3401,3417
6701,3401,3419,3417
6702,3401,3403,3419
6703,3417,3419,3418
6704,3140,3420,3141
6705,3140,3418,3421
6706,3140,3421,3420
6707,3418,3419,3421
6708,3147,3422,3423
6709,3147,3423,3148
6710,3147,3424,3422
6711,3147,3146,3424
6712,3422,3424,3425
6713,3422,3425,3426
6714,3422,3426,3427
6715,3422,3427,3423
6716,3152,3428,3429
6717,3152,3429,3153
6718,3152,3148,3428
6719,3148,3423,3428
6720,3423,3430,3428
6721,3423,3427,3430
6722,3407,3428,3430
6723,3407,3430,3408
6724,3407,3429,3428
6725,3407,3406,3429
6726,3129,3155,3431
6727,3155,3153,3431
6728,3153,3429,3431
6729,3429,3406,3431
6730,3406,3413,3431
6731,3413,3129,3431
6732,3141,3432,3159
6733,3420,3421,3433
6734,3420,3433,3432
6735,3420,3432,3141
6736,3163,3434,3435
6737,3163,3435,3164
6738,3163,3159,3434
6739,3159,3432,3434
6740,3432,3436,3434
6741,3432,3433,3436
6742,3434,3436,3437
6743,3434,3437,3435
6744,3438,3439,3440
6745,3164,3438,3440
6746,3164,3440,3165
6747,3164,3435,3438
6748,3435,3441,3438
6749,3435,3437,3441
6750,3438,3441,3442
6751,3438,3442,3439
6752,3439,3443,3440
6753,3439,3442,3443
6754,3444,3445,3446
6755,3444,3446,3447
6756,3444,3447,3448
6757,3444,3448,3449
6758,3444,3449,3450
6759,3444,3450,3445
6760,3171,3451,3452
6761,3171,3452,3172
6762,3171,3453,3451
6763,3171,3170,3453
6764,3445,3451,3453
6765,3445,3453,3446
6766,3445,3454,3451
6767,3445,3450,3454
6768,3451,3454,3455
6769,3451,3455,3452
6770,3176,3456,3457
6771,3176,3457,3177
6772,3176,3172,3456
6773,3172,3452,3456
6774,3452,3458,3456
6775,3452,3455,3458
6776,3456,3458,3459
6777,3456,3459,3457
6778,3146,3180,3460
6779,3180,3177,3460
6780,3177,3457,3460
6781,3457,3461,3460
6782,3457,3459,3461
6783,3424,3460,3461
6784,3424,3461,3425
6785,3424,3146,3460
6786,3165,3462,3185
6787,3165,3440,3462
6788,3188,3463,3464
6789,3188,3464,3189
6790,3188,3185,3463
6791,3185,3462,3463
6792,3462,3440,3463
6793,3440,3465,3463
6794,3440,3443,3465
6795,3463,3465,3464
6796,3192,3466,3467
6797,3192,3467,3193
6798,3192,3189,3466
6799,3189,3464,3466
6800,3464,3468,3466
6801,3464,3465,3468
6802,3466,3468,3469
6803,3466,3469,3467
6804,3196,3470,3471
6805,3196,3471,3197
6806,3196,3193,3470
6807,3193,3467,3470
6808,3467,3472,3470
6809,3467,3469,3472
6810,3470,3472,3473
6811,3470,3473,3471
6812,3200,3474,3475
6813,3200,3475,3201
6814,3200,3197,3474
6815,3197,3471,3474
6816,3471,3476,3474
6817,3471,3473,3476
6818,3447,3474,3476
6819,3447,3476,3448
6820,3447,3475,3474
6821,3447,3446,3475
6822,3170,3204,3477
6823,3204,3201,3477
6824,3201,3475,3477
6825,3475,3446,3477
6826,3446,3453,3477
6827,3453,3170,3477
6828,3210,3211,3478
6829,3210,3478,3209
6830,3214,3215,3479
6831,3214,3479,3480
6832,3214,3480,3211
6833,3211,3480,3478
6834,3218,3219,3481
6835,3218,3481,3482
6836,3218,3482,3215
6837,3215,3482,3479
6838,3219,3222,3483
6839,3219,3483,3481
6840,3228,3229,3484
6841,3228,3484,3227
6842,3232,3233,3486
6843,3232,3486,3485
6844,3232,3485,3229
6845,3229,3487,3484
6846,3229,3485,3487
6847,3485,3488,3487
6848,3485,3489,3488
6849,3485,3486,3489
6850,3235,3236,3491
6851,3235,3491,3490
6852,3235,3490,3233
6853,3233,3490,3486
6854,3486,3492,3489
6855,3486,3490,3492
6856,3490,3493,3492
6857,3490,3491,3493
6858,3209,3494,3237
6859,3237,3494,3236
6860,3236,3494,3491
6861,3491,3495,3493
6862,3491,3494,3495
6863,3494,3496,3495
6864,3209,3478,3496
6865,3209,3496,3494
6866,3478,3497,3496
6867,3478,3480,3498
6868,3478,3498,3497
6869,3480,3479,3498
6870,3479,3499,3498
6871,3479,3482,3500
6872,3479,3500,3499
6873,3482,3481,3500
6874,3222,3238,3501
6875,3481,3502,3500
6876,3481,3483,3503
6877,3481,3503,3502
6878,3483,3222,3501
6879,3483,3501,3503
6880,3240,3241,3505
6881,3240,3505,3504
6882,3240,3504,3238
6883,3238,3504,3501
6884,3501,3506,3503
6885,3501,3504,3506
6886,3504,3507,3506
6887,3504,3505,3507
6888,3244,3245,3508
6889,3244,3508,3509
6890,3244,3509,3241
6891,3241,3509,3510
6892,3241,3510,3505
6893,3505,3510,3507
6894,3245,3247,3511
6895,3245,3511,3508
6896,3252,3253,3513
6897,3252,3513,3512
6898,3252,3514,3251
6899,3252,3512,3514
6900,3512,3515,3514
6901,3512,3516,3515
6902,3512,3517,3516
6903,3512,3513,3517
6904,3227,3518,3255
6905,3255,3518,3253
6906,3253,3518,3513
6907,3513,3519,3517
6908,3513,3518,3519
6909,3518,3520,3519
6910,3227,3484,3520
6911,3227,3520,3518
6912,3484,3521,3520
6913,3484,3487,3521
6914,3509,3522,3510
6915,3509,3508,3522
6916,3247,3257,3523
6917,3508,3524,3522
6918,3508,3511,3525
6919,3508,3525,3524
6920,3511,3247,3523
6921,3511,3523,3525
6922,3257,3260,3526
6923,3257,3526,3527
6924,3257,3527,3523
6925,3523,3527,3525
6926,3265,3266,3529
6927,3265,3529,3528
6928,3265,3530,3264
6929,3265,3528,3530
6930,3528,3531,3530
6931,3528,3532,3531
6932,3528,3533,3532
6933,3528,3529,3533
6934,3251,3534,3267
6935,3267,3534,3266
6936,3266,3534,3529
6937,3529,3535,3533
6938,3529,3534,3535
6939,3514,3515,3535
6940,3514,3535,3534
6941,3514,3534,3251
6942,3260,3268,3536
6943,3526,3537,3527
6944,3526,3260,3536
6945,3526,3536,3537
6946,3268,3272,3538
6947,3268,3538,3539
6948,3268,3539,3536
6949,3536,3539,3537
6950,3277,3278,3541
6951,3277,3541,3540
6952,3277,3542,3276
6953,3277,3540,3542
6954,3540,3543,3542
6955,3540,3544,3543
6956,3540,3545,3544
6957,3540,3541,3545
6958,3264,3546,3279
6959,3279,3546,3278
6960,3278,3546,3541
6961,3541,3547,3545
6962,3541,3546,3547
6963,3530,3531,3547
6964,3530,3547,3546
6965,3530,3546,3264
6966,3272,3280,3548
6967,3538,3549,3539
6968,3538,3272,3548
6969,3538,3548,3549
6970,3280,3283,3550
6971,3280,3550,3551
6972,3280,3551,3548
6973,3548,3551,3549
6974,3288,3289,3552
6975,3288,3552,3287
6976,3276,3553,3291
6977,3291,3553,3289
6978,3289,3554,3552
6979,3289,3553,3554
6980,3553,3555,3554
6981,3542,3543,3555
6982,3542,3555,3553
6983,3542,3553,3276
6984,3283,3557,3556
6985,3283,3293,3557
6986,3556,3557,3558
6987,3556,3558,3559
6988,3556,3559,3560
6989,3550,3556,3560
6990,3550,3560,3551
6991,3550,3283,3556
6992,3293,3295,3561
6993,3293,3561,3557
6994,3287,3562,3299
6995,3299,3563,3298
6996,3299,3562,3563
6997,3562,3564,3563
6998,3562,3565,3564
6999,3562,3566,3565
7000,3287,3552,3566
7001,3287,3566,3562
7002,3552,3567,3566
7003,3552,3554,3567
7004,3558,3568,3559
7005,3558,3557,3568
7006,3295,3303,3569
7007,3303,3570,3569
7008,3303,3302,3570
7009,3569,3570,3571
7010,3557,3569,3571
7011,3557,3571,3568
7012,3557,3561,3569
7013,3561,3295,3569
7014,3298,3572,3307
7015,3307,3573,3306
7016,3307,3572,3573
7017,3572,3574,3573
7018,3572,3575,3574
7019,3563,3564,3575
7020,3563,3575,3572
7021,3563,3572,3298
7022,3302,3312,3576
7023,3312,3577,3576
7024,3312,3311,3577
7025,3576,3577,3578
7026,3576,3578,3579
7027,3570,3576,3579
7028,3570,3579,3571
7029,3570,3302,3576
7030,3317,3318,3580
7031,3317,3580,3316
7032,3306,3581,3319
7033,3319,3581,3318
7034,3318,3582,3580
7035,3318,3581,3582
7036,3581,3583,3582
7037,3573,3574,3583
7038,3573,3583,3581
7039,3573,3581,3306
7040,3311,3585,3584
7041,3311,3320,3585
7042,3584,3585,3586
7043,3584,3586,3587
7044,3584,3587,3588
7045,3577,3584,3588
7046,3577,3588,3578
7047,3577,3311,3584
7048,3320,3323,3589
7049,3320,3589,3585
7050,3316,3590,3591
7051,3316,3591,3327
7052,3327,3591,3326
7053,3316,3580,3590
7054,3590,3592,3591
7055,3590,3580,3593
7056,3590,3593,3592
7057,3580,3582,3593
7058,3594,3595,3596
7059,3594,3596,3597
7060,3594,3597,3598
7061,3594,3598,3599
7062,3586,3594,3599
7063,3586,3599,3587
7064,3586,3595,3594
7065,3586,3585,3595
7066,3323,3331,3600
7067,3331,3601,3600
7068,3331,3330,3601
7069,3595,3600,3601
7070,3595,3601,3596
7071,3595,3585,3600
7072,3585,3589,3600
7073,3589,3323,3600
7074,3326,3602,3603
7075,3326,3603,3335
7076,3335,3603,3334
7077,3326,3591,3602
7078,3602,3604,3603
7079,3602,3591,3605
7080,3602,3605,3604
7081,3591,3592,3605
7082,3606,3607,3608
7083,3606,3608,3609
7084,3606,3609,3610
7085,3606,3610,3611
7086,3597,3606,3611
7087,3597,3611,3598
7088,3597,3607,3606
7089,3597,3596,3607
7090,3330,3339,3612
7091,3339,3613,3612
7092,3339,3338,3613
7093,3607,3612,3613
7094,3607,3613,3608
7095,3607,3596,3612
7096,3596,3601,3612
7097,3601,3330,3612
7098,3334,3614,3342
7099,3334,3603,3614
7100,3342,3615,3343
7101,3342,3614,3616
7102,3342,3616,3615
7103,3614,3603,3617
7104,3614,3617,3616
7105,3603,3604,3617
7106,3349,3618,3619
7107,3349,3619,3350
7108,3349,3620,3618
7109,3349,3348,3620
7110,3618,3620,3621
7111,3618,3621,3622
7112,3609,3618,3622
7113,3609,3622,3610
7114,3609,3619,3618
7115,3609,3608,3619
7116,3338,3353,3623
7117,3353,3350,3623
7118,3350,3619,3623
7119,3619,3608,3623
7120,3608,3613,3623
7121,3613,3338,3623
7122,3343,3624,3357
7123,3357,3625,3356
7124,3357,3624,3625
7125,3624,3626,3625
7126,3624,3627,3626
7127,3615,3616,3627
7128,3615,3627,3624
7129,3615,3624,3343
7130,3348,3362,3628
7131,3362,3629,3628
7132,3362,3361,3629
7133,3628,3629,3630
7134,3628,3630,3631
7135,3620,3628,3631
7136,3620,3631,3621
7137,3620,3348,3628
7138,3356,3632,3633
7139,3356,3633,3367
7140,3367,3633,3366
7141,3625,3626,3634
7142,3625,3634,3632
7143,3625,3632,3356
7144,3632,3635,3633
7145,3632,3634,3635
7146,3636,3637,3638
7147,3636,3638,3639
7148,3636,3639,3640
7149,3636,3640,3641
7150,3636,3641,3642
7151,3636,3642,3637
7152,3361,3371,3643
7153,3371,3644,3643
7154,3371,3370,3644
7155,3637,3643,3644
7156,3637,3644,3638
7157,3637,3645,3643
7158,3637,3642,3645
7159,3629,3643,3645
7160,3629,3645,3630
7161,3629,3361,3643
7162,3366,3646,3373
7163,3366,3633,3646
7164,3373,3647,3375
7165,3373,3646,3648
7166,3373,3648,3647
7167,3646,3633,3649
7168,3646,3649,3648
7169,3633,3635,3649
7170,3380,3650,3651
7171,3380,3651,3381
7172,3380,3652,3650
7173,3380,3379,3652
7174,3650,3652,3653
7175,3650,3653,3654
7176,3639,3650,3654
7177,3639,3654,3640
7178,3639,3651,3650
7179,3639,3638,3651
7180,3370,3383,3655
7181,3383,3381,3655
7182,3381,3651,3655
7183,3651,3638,3655
7184,3638,3644,3655
7185,3644,3370,3655
7186,3375,3656,3386
7187,3647,3648,3657
7188,3647,3657,3656
7189,3647,3656,3375
7190,3386,3658,3387
7191,3386,3656,3659
7192,3386,3659,3658
7193,3656,3657,3659
7194,3393,3660,3661
7195,3393,3661,3394
7196,3393,3662,3660
7197,3393,3392,3662
7198,3660,3662,3663
7199,3660,3663,3664
7200,3660,3664,3665
7201,3660,3665,3661
7202,3379,3397,3666
7203,3397,3394,3666
7204,3394,3661,3666
7205,3661,3667,3666
7206,3661,3665,3667
7207,3652,3666,3667
7208,3652,3667,3653
7209,3652,3379,3666
7210,3387,3668,3402
7211,3658,3659,3669
7212,3658,3669,3668
7213,3658,3668,3387
7214,3402,3670,3403
7215,3402,3668,3671
7216,3402,3671,3670
7217,3668,3669,3671
7218,3409,3672,3673
7219,3409,3673,3410
7220,3409,3674,3672
7221,3409,3408,3674
7222,3672,3674,3675
7223,3672,3675,3676
7224,3672,3676,3677
7225,3672,3677,3673
7226,3392,3414,3678
7227,3414,3410,3678
7228,3410,3673,3678
7229,3673,3679,3678
7230,3673,3677,3679
7231,3662,3678,3679
7232,3662,3679,3663
7233,3662,3392,3678
7234,3403,3680,3419
7235,3670,3671,3681
7236,3670,3681,3680
7237,3670,3680,3403
7238,3682,3683,3684
7239,3419,3682,3684
7240,3419,3684,3421
7241,3419,3680,3682
7242,3680,3685,3682
7243,3680,3681,3685
7244,3682,3685,3686
7245,3682,3686,3683
7246,3683,3687,3684
7247,3683,3686,3687
7248,3688,3689,3690
7249,3688,3690,3691
7250,3688,3691,3692
7251,3688,3692,3693
7252,3688,3693,3694
7253,3688,3694,3689
7254,3426,3695,3696
7255,3426,3696,3427
7256,3426,3697,3695
7257,3426,3425,3697
7258,3689,3695,3697
7259,3689,3697,3690
7260,3689,3698,3695
7261,3689,3694,3698
7262,3695,3698,3699
7263,3695,3699,3696
7264,3408,3430,3700
7265,3430,3427,3700
7266,3427,3696,3700
7267,3696,3701,3700
7268,3696,3699,3701
7269,3674,3700,3701
7270,3674,3701,3675
7271,3674,3408,3700
7272,3421,3702,3433
7273,3421,3684,3702
7274,3436,3703,3704
7275,3436,3704,3437
7276,3436,3433,3703
7277,3433,3702,3703
7278,3702,3684,3703
7279,3684,3705,3703
7280,3684,3687,3705
7281,3703,3705,3704
7282,3441,3706,3707
7283,3441,3707,3442
7284,3441,3437,3706
7285,3437,3704,3706
7286,3704,3708,3706
7287,3704,3705,3708
7288,3706,3708,3709
7289,3706,3709,3707
7290,3710,3711,3712
7291,3442,3710,3712
7292,3442,3712,3443
7293,3442,3707,3710
7294,3707,3713,3710
7295,3707,3709,3713
7296,3710,3713,3714
7297,3710,3714,3711
7298,3715,3716,3717
7299,3715,3717,3718
7300,3711,3715,3718
7301,3711,3718,3712
7302,3711,3719,3715
7303,3711,3714,3719
7304,3715,3719,3720
7305,3715,3720,3716
7306,3721,3722,3723
7307,3721,3723,3724
7308,3716,3721,3724
7309,3716,3724,3717
7310,3716,3725,3721
7311,3716,3720,3725
7312,3721,3725,3726
7313,3721,3726,3722
7314,3449,3727,3728
7315,3449,3728,3450
7316,3449,3729,3727
7317,3449,3448,3729
7318,3722,3727,3729
7319,3722,3729,3723
7320,3722,3730,3727
7321,3722,3726,3730
7322,3727,3730,3731
7323,3727,3731,3728
7324,3454,3732,3733
7325,3454,3733,3455
7326,3454,3450,3732
7327,3450,3728,3732
7328,3728,3734,3732
7329,3728,3731,3734
7330,3732,3734,3735
7331,3732,3735,3733
7332,3458,3736,3737
7333,3458,3737,3459
7334,3458,3455,3736
7335,3455,3733,3736
7336,3733,3738,3736
7337,3733,3735,3738
7338,3691,3736,3738
7339,3691,3738,3692
7340,3691,3737,3736
7341,3691,3690,3737
7342,3425,3461,3739
7343,3461,3459,3739
7344,3459,3737,3739
7345,3737,3690,3739
7346,3690,3697,3739
7347,3697,3425,3739
7348,3443,3740,3465
7349,3443,3712,3740
7350,3468,3741,3742
7351,3468,3742,3469
7352,3468,3465,3741
7353,3465,3740,3741
7354,3740,3712,3741
7355,3712,3718,3741
7356,3718,3742,3741
7357,3718,3717,3742
7358,3472,3743,3744
7359,3472,3744,3473
7360,3472,3469,3743
7361,3469,3742,3743
7362,3742,3717,3743
7363,3717,3724,3743
7364,3724,3744,3743
7365,3724,3723,3744
7366,3448,3476,3745
7367,3476,3473,3745
7368,3473,3744,3745
7369,3744,3723,3745
7370,3723,3729,3745
7371,3729,3448,3745
7372,3488,3489,3746
7373,3488,3746,3487
7374,3492,3493,3747
7375,3492,3747,3748
7376,3492,3748,3489
7377,3489,3748,3746
7378,3495,3496,3750
7379,3495,3750,3749
7380,3495,3749,3493
7381,3493,3751,3747
7382,3493,3749,3751
7383,3749,3752,3751
7384,3749,3753,3752
7385,3749,3750,3753
7386,3497,3498,3755
7387,3497,3755,3754
7388,3497,3754,3496
7389,3496,3754,3750
7390,3750,3756,3753
7391,3750,3754,3756
7392,3754,3757,3756
7393,3754,3755,3757
7394,3499,3500,3759
7395,3499,3759,3758
7396,3499,3758,3498
7397,3498,3758,3755
7398,3755,3760,3757
7399,3755,3758,3760
7400,3758,3761,3760
7401,3758,3759,3761
7402,3502,3503,3762
7403,3502,3762,3763
7404,3502,3763,3500
7405,3500,3763,3764
7406,3500,3764,3759
7407,3759,3764,3761
7408,3506,3507,3765
7409,3506,3765,3766
7410,3506,3766,3503
7411,3503,3766,3762
7412,3507,3510,3767
7413,3507,3767,3765
7414,3516,3517,3768
7415,3516,3768,3515
7416,3519,3520,3770
7417,3519,3770,3769
7418,3519,3769,3517
7419,3517,3771,3768
7420,3517,3769,3771
7421,3769,3772,3771
7422,3769,3773,3772
7423,3769,3770,3773
7424,3487,3774,3521
7425,3521,3774,3520
7426,3520,3774,3770
7427,3770,3775,3773
7428,3770,3774,3775
7429,3774,3776,3775
7430,3487,3746,3776
7431,3487,3776,3774
7432,3746,3777,3776
7433,3746,3748,3778
7434,3746,3778,3777
7435,3748,3747,3778
7436,3747,3779,3778
7437,3747,3751,3779
7438,3763,3780,3764
7439,3763,3762,3780
7440,3762,3781,3780
7441,3762,3766,3782
7442,3762,3782,3781
7443,3766,3765,3782
7444,3510,3522,3783
7445,3765,3784,3782
7446,3765,3767,3785
7447,3765,3785,3784
7448,3767,3510,3783
7449,3767,3783,3785
7450,3524,3525,3786
7451,3524,3786,3787
7452,3524,3787,3522
7453,3522,3787,3788
7454,3522,3788,3783
7455,3783,3788,3785
7456,3525,3527,3789
7457,3525,3789,3786
7458,3532,3533,3790
7459,3532,3790,3531
7460,3515,3791,3535
7461,3535,3791,3533
7462,3533,3792,3790
7463,3533,3791,3792
7464,3791,3793,3792
7465,3791,3794,3793
7466,3515,3768,3794
7467,3515,3794,3791
7468,3768,3795,3794
7469,3768,3771,3795
7470,3787,3796,3788
7471,3787,3786,3796
7472,3527,3798,3797
7473,3527,3537,3798
7474,3797,3798,3799
7475,3797,3799,3800
7476,3786,3797,3800
7477,3786,3800,3796
7478,3786,3789,3797
7479,3789,3527,3797
7480,3537,3539,3801
7481,3537,3801,3798
7482,3544,3545,3802
7483,3544,3802,3543
7484,3531,3803,3547
7485,3547,3803,3545
7486,3545,3804,3802
7487,3545,3803,3804
7488,3803,3805,3804
7489,3803,3806,3805
7490,3531,3790,3806
7491,3531,3806,3803
7492,3790,3807,3806
7493,3790,3792,3807
7494,3799,3808,3800
7495,3799,3798,3808
7496,3539,3810,3809
7497,3539,3549,3810
7498,3809,3810,3811
7499,3809,3811,3812
7500,3798,3809,3812
7501,3798,3812,3808
7502,3798,3801,3809
7503,3801,3539,3809
7504,3549,3551,3813
7505,3549,3813,3810
7506,3543,3814,3555
7507,3555,3815,3554
7508,3555,3814,3815
7509,3814,3816,3815
7510,3814,3817,3816
7511,3814,3818,3817
7512,3543,3802,3818
7513,3543,3818,3814
7514,3802,3819,3818
7515,3802,3804,3819
7516,3811,3820,3812
7517,3811,3810,3820
7518,3551,3560,3821
7519,3560,3822,3821
7520,3560,3559,3822
7521,3821,3822,3823
7522,3810,3821,3823
7523,3810,3823,3820
7524,3810,3813,3821
7525,3813,3551,3821
7526,3565,3566,3824
7527,3565,3824,3564
7528,3554,3825,3567
7529,3567,3825,3566
7530,3566,3826,3824
7531,3566,3825,3826
7532,3825,3827,3826
7533,3815,3816,3827
7534,3815,3827,3825
7535,3815,3825,3554
7536,3559,3829,3828
7537,3559,3568,3829
7538,3828,3829,3830
7539,3828,3830,3831
7540,3828,3831,3832
7541,3822,3828,3832
7542,3822,3832,3823
7543,3822,3559,3828
7544,3568,3571,3833
7545,3568,3833,3829
7546,3564,3834,3835
7547,3564,3835,3575
7548,3575,3835,3574
7549,3564,3824,3834
7550,3834,3836,3835
7551,3834,3824,3837
7552,3834,3837,3836
7553,3824,3826,3837
7554,3838,3839,3840
7555,3838,3840,3841
7556,3838,3841,3842
7557,3838,3842,3843
7558,3830,3838,3843
7559,3830,3843,3831
7560,3830,3839,3838
7561,3830,3829,3839
7562,3571,3579,3844
7563,3579,3845,3844
7564,3579,3578,3845
7565,3839,3844,3845
7566,3839,3845,3840
7567,3839,3829,3844
7568,3829,3833,3844
7569,3833,3571,3844
7570,3574,3846,3583
7571,3583,3847,3582
7572,3583,3846,3847
7573,3846,3848,3847
7574,3846,3849,3848
7575,3846,3850,3849
7576,3574,3835,3850
7577,3574,3850,3846
7578,3835,3851,3850
7579,3835,3836,3851
7580,3841,3852,3842
7581,3841,3840,3852
7582,3578,3588,3853
7583,3588,3854,3853
7584,3588,3587,3854
7585,3853,3854,3855
7586,3840,3853,3855
7587,3840,3855,3852
7588,3840,3845,3853
7589,3845,3578,3853
7590,3582,3856,3593
7591,3593,3857,3592
7592,3593,3856,3857
7593,3856,3858,3857
7594,3856,3859,3858
7595,3847,3848,3859
7596,3847,3859,3856
7597,3847,3856,3582
7598,3587,3599,3860
7599,3599,3861,3860
7600,3599,3598,3861
7601,3860,3861,3862
7602,3860,3862,3863
7603,3854,3860,3863
7604,3854,3863,3855
7605,3854,3587,3860
7606,3592,3864,3605
7607,3605,3865,3604
7608,3605,3864,3865
7609,3864,3866,3865
7610,3864,3867,3866
7611,3857,3858,3867
7612,3857,3867,3864
7613,3857,3864,3592
7614,3598,3611,3868
7615,3611,3869,3868
7616,3611,3610,3869
7617,3868,3869,3870
7618,3868,3870,3871
7619,3861,3868,3871
7620,3861,3871,3862
7621,3861,3598,3868
7622,3604,3872,3873
7623,3604,3873,3617
7624,3617,3873,3616
7625,3865,3866,3874
7626,3865,3874,3872
7627,3865,3872,3604
7628,3872,3875,3873
7629,3872,3874,3875
7630,3876,3877,3878
7631,3876,3878,3879
7632,3876,3879,3880
7633,3876,3880,3881
7634,3876,3881,3882
7635,3876,3882,3877
7636,3610,3622,3883
7637,3622,3884,3883
7638,3622,3621,3884
7639,3877,3883,3884
7640,3877,3884,3878
7641,3877,3885,3883
7642,3877,3882,3885
7643,3869,3883,3885
7644,3869,3885,3870
7645,3869,3610,3883
7646,3616,3886,3887
7647,3616,3887,3627
7648,3627,3887,3626
7649,3616,3873,3886
7650,3886,3888,3887
7651,3886,3873,3889
7652,3886,3889,3888
7653,3873,3875,3889
7654,3890,3891,3892
7655,3890,3892,3893
7656,3890,3893,3894
7657,3890,3894,3895
7658,3879,3890,3895
7659,3879,3895,3880
7660,3879,3891,3890
7661,3879,3878,3891
7662,3621,3631,3896
7663,3631,3897,3896
7664,3631,3630,3897
7665,3891,3896,3897
7666,3891,3897,3892
7667,3891,3878,3896
7668,3878,3884,3896
7669,3884,3621,3896
7670,3626,3898,3634
7671,3626,3887,3898
7672,3634,3899,3635
7673,3634,3898,3900
7674,3634,3900,3899
7675,3898,3887,3901
7676,3898,3901,3900
7677,3887,3888,3901
7678,3641,3902,3903
7679,3641,3903,3642
7680,3641,3904,3902
7681,3641,3640,3904
7682,3902,3904,3905
7683,3902,3905,3906
7684,3893,3902,3906
7685,3893,3906,3894
7686,3893,3903,3902
7687,3893,3892,3903
7688,3630,3645,3907
7689,3645,3642,3907
7690,3642,3903,3907
7691,3903,3892,3907
7692,3892,3897,3907
7693,3897,3630,3907
7694,3635,3908,3909
7695,3635,3909,3649
7696,3649,3909,3648
7697,3899,3900,3910
7698,3899,3910,3908
7699,3899,3908,3635
7700,3908,3911,3909
7701,3908,3910,3911
7702,3912,3913,3914
7703,3912,3914,3915
7704,3912,3915,3916
7705,3912,3916,3917
7706,3912,3917,3918
7707,3912,3918,3913
7708,3640,3654,3919
7709,3654,3920,3919
7710,3654,3653,3920
7711,3913,3919,3920
7712,3913,3920,3914
7713,3913,3921,3919
7714,3913,3918,3921
7715,3904,3919,3921
7716,3904,3921,3905
7717,3904,3640,3919
7718,3648,3922,3657
7719,3648,3909,3922
7720,3923,3924,3925
7721,3657,3923,3925
7722,3657,3925,3659
7723,3657,3922,3923
7724,3922,3909,3923
7725,3909,3926,3923
7726,3909,3911,3926
7727,3923,3926,3924
7728,3924,3927,3925
7729,3924,3926,3927
7730,3928,3929,3930
7731,3928,3930,3931
7732,3928,3931,3932
7733,3928,3932,3933
7734,3928,3933,3934
7735,3928,3934,3929
7736,3664,3935,3936
7737,3664,3936,3665
7738,3664,3937,3935
7739,3664,3663,3937
7740,3929,3935,3937
7741,3929,3937,3930
7742,3929,3938,3935
7743,3929,3934,3938
7744,3915,3935,3938
7745,3915,3938,3916
7746,3915,3936,3935
7747,3915,3914,3936
7748,3653,3667,3939
7749,3667,3665,3939
7750,3665,3936,3939
7751,3936,3914,3939
7752,3914,3920,3939
7753,3920,3653,3939
7754,3659,3940,3669
7755,3659,3925,3940
7756,3941,3942,3943
7757,3669,3941,3943
7758,3669,3943,3671
7759,3669,3940,3941
7760,3940,3925,3941
7761,3925,3944,3941
7762,3925,3927,3944
7763,3941,3944,3942
7764,3942,3945,3943
7765,3942,3944,3945
7766,3946,3947,3948
7767,3946,3948,3949
7768,3946,3949,3950
7769,3946,3950,3951
7770,3946,3951,3952
7771,3946,3952,3947
7772,3676,3953,3954
7773,3676,3954,3677
7774,3676,3955,3953
7775,3676,3675,3955
7776,3947,3953,3955
7777,3947,3955,3948
7778,3947,3956,3953
7779,3947,3952,3956
7780,3931,3953,3956
7781,3931,3956,3932
7782,3931,3954,3953
7783,3931,3930,3954
7784,3663,3679,3957
7785,3679,3677,3957
7786,3677,3954,3957
7787,3954,3930,3957
7788,3930,3937,3957
7789,3937,3663,3957
7790,3671,3958,3681
7791,3671,3943,3958
7792,3685,3959,3960
7793,3685,3960,3686
7794,3685,3681,3959
7795,3681,3958,3959
7796,3958,3943,3959
7797,3943,3961,3959
7798,3943,3945,3961
7799,3959,3961,3960
7800,3962,3963,3964
7801,3686,3962,3964
7802,3686,3964,3687
7803,3686,3960,3962
7804,3960,3965,3962
7805,3960,3961,3965
7806,3962,3965,3966
7807,3962,3966,3963
7808,3967,3968,3969
7809,3967,3969,3970
7810,3963,3967,3970
7811,3963,3970,3964
7812,3963,3971,3967
7813,3963,3966,3971
7814,3967,3971,3972
7815,3967,3972,3968
7816,3968,3973,3969
7817,3968,3972,3973
7818,3974,3975,3976
7819,3974,3976,3977
7820,3974,3977,3978
7821,3974,3978,3979
7822,3974,3979,3980
7823,3974,3980,3975
7824,3981,3982,3983
7825,3981,3983,3984
7826,3975,3981,3984
7827,3975,3984,3976
7828,3975,3985,3981
7829,3975,3980,3985
7830,3981,3985,3986
7831,3981,3986,3982
7832,3693,3987,3988
7833,3693,3988,3694
7834,3693,3989,3987
7835,3693,3692,3989
7836,3982,3987,3989
7837,3982,3989,3983
7838,3982,3990,3987
7839,3982,3986,3990
7840,3987,3990,3991
7841,3987,3991,3988
7842,3698,3992,3993
7843,3698,3993,3699
7844,3698,3694,3992
7845,3694,3988,3992
7846,3988,3994,3992
7847,3988,3991,3994
7848,3949,3992,3994
7849,3949,3994,3950
7850,3949,3993,3992
7851,3949,3948,3993
7852,3675,3701,3995
7853,3701,3699,3995
7854,3699,3993,3995
7855,3993,3948,3995
7856,3948,3955,3995
7857,3955,3675,3995
7858,3687,3996,3705
7859,3687,3964,3996
7860,3708,3997,3998
7861,3708,3998,3709
7862,3708,3705,3997
7863,3705,3996,3997
7864,3996,3964,3997
7865,3964,3970,3997
7866,3970,3998,3997
7867,3970,3969,3998
7868,3713,3999,4000
7869,3713,4000,3714
7870,3713,3709,3999
7871,3709,3998,3999
7872,3998,3969,3999
7873,3969,4001,3999
7874,3969,3973,4001
7875,3999,4001,4000
7876,3719,4002,4003
7877,3719,4003,3720
7878,3719,3714,4002
7879,3714,4000,4002
7880,4000,4004,4002
7881,4000,4001,4004
7882,4002,4004,4005
7883,4002,4005,4003
7884,3725,4006,4007
7885,3725,4007,3726
7886,3725,3720,4006
7887,3720,4003,4006
7888,4003,4008,4006
7889,4003,4005,4008
7890,4006,4008,4009
7891,4006,4009,4007
7892,3730,4010,4011
7893,3730,4011,3731
7894,3730,3726,4010
7895,3726,4007,4010
7896,4007,4012,4010
7897,4007,4009,4012
7898,3977,4010,4012
7899,3977,4012,3978
7900,3977,4011,4010
7901,3977,3976,4011
7902,3734,4013,4014
7903,3734,4014,3735
7904,3734,3731,4013
7905,3731,4011,4013
7906,4011,3976,4013
7907,3976,3984,4013
7908,3984,4014,4013
7909,3984,3983,4014
7910,3692,3738,4015
7911,3738,3735,4015
7912,3735,4014,4015
7913,4014,3983,4015
7914,3983,3989,4015
7915,3989,3692,4015
7916,3752,3753,4016
7917,3752,4016,3751
7918,3756,3757,4017
7919,3756,4017,4018
7920,3756,4018,3753
7921,3753,4018,4016
7922,3760,3761,4019
7923,3760,4019,4020
7924,3760,4020,3757
7925,3757,4020,4017
7926,3761,3764,4021
7927,3761,4021,4019
7928,3772,3773,4022
7929,3772,4022,3771
7930,3775,3776,4023
7931,3775,4023,4024
7932,3775,4024,3773
7933,3773,4024,4022
7934,3777,3778,4026
7935,3777,4026,4025
7936,3777,4025,3776
7937,3776,4027,4023
7938,3776,4025,4027
7939,4025,4028,4027
7940,4025,4029,4028
7941,4025,4026,4029
7942,3751,4030,3779
7943,3779,4030,3778
7944,3778,4030,4026
7945,4026,4031,4029
7946,4026,4030,4031
7947,4030,4032,4031
7948,3751,4016,4032
7949,3751,4032,4030
7950,4016,4033,4032
7951,4016,4018,4034
7952,4016,4034,4033
7953,4018,4017,4034
7954,4017,4035,4034
7955,4017,4020,4036
7956,4017,4036,4035
7957,4020,4019,4036
7958,3764,3780,4037
7959,4019,4038,4036
7960,4019,4021,4039
7961,4019,4039,4038
7962,4021,3764,4037
7963,4021,4037,4039
7964,3781,3782,4040
7965,3781,4040,4041
7966,3781,4041,3780
7967,3780,4041,4042
7968,3780,4042,4037
7969,4037,4042,4039
7970,3784,3785,4043
7971,3784,4043,4044
7972,3784,4044,3782
7973,3782,4044,4040
7974,3785,3788,4045
7975,3785,4045,4043
7976,3793,3794,4046
7977,3793,4046,3792
7978,3771,4047,3795
7979,3795,4047,3794
7980,3794,4048,4046
7981,3794,4047,4048
7982,4047,4049,4048
7983,4047,4050,4049
7984,3771,4022,4050
7985,3771,4050,4047
7986,4022,4051,4050
7987,4022,4024,4052
7988,4022,4052,4051
7989,4024,4023,4052
7990,4023,4053,4052
7991,4023,4027,4053
7992,4041,4054,4042
7993,4041,4040,4054
7994,4040,4055,4054
7995,4040,4044,4056
7996,4040,4056,4055
7997,4044,4043,4056
7998,3788,4058,4057
7999,3788,3796,4058
8000,4057,4058,4059
8001,4057,4059,4060
8002,4043,4057,4060
8003,4043,4060,4056
8004,4043,4045,4057
8005,4045,3788,4057
8006,3796,3800,4061
8007,3796,4061,4058
8008,3805,3806,4062
8009,3805,4062,3804
8010,3792,4063,3807
8011,3807,4063,3806
8012,3806,4064,4062
8013,3806,4063,4064
8014,4063,4065,4064
8015,4063,4066,4065
8016,3792,4046,4066
8017,3792,4066,4063
8018,4046,4067,4066
8019,4046,4048,4067
8020,4059,4068,4060
8021,4059,4058,4068
8022,3800,4070,4069
8023,3800,3808,4070
8024,4069,4070,4071
8025,4069,4071,4072
8026,4058,4069,4072
8027,4058,4072,4068
8028,4058,4061,4069
8029,4061,3800,4069
8030,3808,3812,4073
8031,3808,4073,4070
8032,3817,3818,4074
8033,3817,4074,3816
8034,3804,4075,3819
8035,3819,4075,3818
8036,3818,4076,4074
8037,3818,4075,4076
8038,4075,4077,4076
8039,4075,4078,4077
8040,3804,4062,4078
8041,3804,4078,4075
8042,4062,4079,4078
8043,4062,4064,4079
8044,4071,4080,4072
8045,4071,4070,4080
8046,3812,4082,4081
8047,3812,3820,4082
8048,4081,4082,4083
8049,4081,4083,4084
8050,4070,4081,4084
8051,4070,4084,4080
8052,4070,4073,4081
8053,4073,3812,4081
8054,3820,3823,4085
8055,3820,4085,4082
8056,3816,4086,4087
8057,3816,4087,3827
8058,3827,4087,3826
8059,3816,4074,4086
8060,4086,4088,4087
8061,4086,4074,4089
8062,4086,4089,4088
8063,4074,4076,4089
8064,4090,4091,4092
8065,4090,4092,4093
8066,4090,4093,4094
8067,4090,4094,4095
8068,4083,4090,4095
8069,4083,4095,4084
8070,4083,4091,4090
8071,4083,4082,4091
8072,3823,3832,4096
8073,3832,4097,4096
8074,3832,3831,4097
8075,4091,4096,4097
8076,4091,4097,4092
8077,4091,4082,4096
8078,4082,4085,4096
8079,4085,3823,4096
8080,3826,4098,3837
8081,3837,4099,3836
8082,3837,4098,4099
8083,4098,4100,4099
8084,4098,4101,4100
8085,4098,4102,4101
8086,3826,4087,4102
8087,3826,4102,4098
8088,4087,4103,4102
8089,4087,4088,4103
8090,4093,4104,4094
8091,4093,4092,4104
8092,3831,3843,4105
8093,3843,4106,4105
8094,3843,3842,4106
8095,4105,4106,4107
8096,4092,4105,4107
8097,4092,4107,4104
8098,4092,4097,4105
8099,4097,3831,4105
8100,3849,3850,4108
8101,3849,4108,3848
8102,3836,4109,3851
8103,3851,4109,3850
8104,3850,4110,4108
8105,3850,4109,4110
8106,4109,4111,4110
8107,4099,4100,4111
8108,4099,4111,4109
8109,4099,4109,3836
8110,3842,4113,4112
8111,3842,3852,4113
8112,4112,4113,4114
8113,4112,4114,4115
8114,4112,4115,4116
8115,4106,4112,4116
8116,4106,4116,4107
8117,4106,3842,4112
8118,3852,3855,4117
8119,3852,4117,4113
8120,3848,4118,4119
8121,3848,4119,3859
8122,3859,4119,3858
8123,3848,4108,4118
8124,4118,4120,4119
8125,4118,4108,4121
8126,4118,4121,4120
8127,4108,4110,4121
8128,4122,4123,4124
8129,4122,4124,4125
8130,4122,4125,4126
8131,4122,4126,4127
8132,4114,4122,4127
8133,4114,4127,4115
8134,4114,4123,4122
8135,4114,4113,4123
8136,3855,3863,4128
8137,3863,4129,4128
8138,3863,3862,4129
8139,4123,4128,4129
8140,4123,4129,4124
8141,4123,4113,4128
8142,4113,4117,4128
8143,4117,3855,4128
8144,3858,4130,4131
8145,3858,4131,3867
8146,3867,4131,3866
8147,3858,4119,4130
8148,4130,4132,4131
8149,4130,4119,4133
8150,4130,4133,4132
8151,4119,4120,4133
8152,4134,4135,4136
8153,4134,4136,4137
8154,4134,4137,4138
8155,4134,4138,4139
8156,4125,4134,4139
8157,4125,4139,4126
8158,4125,4135,4134
8159,4125,4124,4135
8160,3862,3871,4140
8161,3871,4141,4140
8162,3871,3870,4141
8163,4135,4140,4141
8164,4135,4141,4136
8165,4135,4124,4140
8166,4124,4129,4140
8167,4129,3862,4140
8168,3866,4142,3874
8169,3866,4131,4142
8170,3874,4143,3875
8171,3874,4142,4144
8172,3874,4144,4143
8173,4142,4131,4145
8174,4142,4145,4144
8175,4131,4132,4145
8176,3881,4146,4147
8177,3881,4147,3882
8178,3881,4148,4146
8179,3881,3880,4148
8180,4146,4148,4149
8181,4146,4149,4150
8182,4137,4146,4150
8183,4137,4150,4138
8184,4137,4147,4146
8185,4137,4136,4147
8186,3870,3885,4151
8187,3885,3882,4151
8188,3882,4147,4151
8189,4147,4136,4151
8190,4136,4141,4151
8191,4141,3870,4151
8192,3875,4152,4153
8193,3875,4153,3889
8194,3889,4153,3888
8195,4143,4144,4154
8196,4143,4154,4152
8197,4143,4152,3875
8198,4152,4155,4153
8199,4152,4154,4155
8200,4156,4157,4158
8201,4156,4158,4159
8202,4156,4159,4160
8203,4156,4160,4161
8204,4156,4161,4162
8205,4156,4162,4157
8206,3880,3895,4163
8207,3895,4164,4163
8208,3895,3894,4164
8209,4157,4163,4164
8210,4157,4164,4158
8211,4157,4165,4163
8212,4157,4162,4165
8213,4148,4163,4165
8214,4148,4165,4149
8215,4148,3880,4163
8216,3888,4166,4167
8217,3888,4167,3901
8218,3901,4167,3900
8219,3888,4153,4166
8220,4166,4168,4167
8221,4166,4153,4169
8222,4166,4169,4168
8223,4153,4155,4169
8224,4170,4171,4172
8225,4170,4172,4173
8226,4170,4173,4174
8227,4170,4174,4175
8228,4159,4170,4175
8229,4159,4175,4160
8230,4159,4171,4170
8231,4159,4158,4171
8232,3894,3906,4176
8233,3906,4177,4176
8234,3906,3905,4177
8235,4171,4176,4177
8236,4171,4177,4172
8237,4171,4158,4176
8238,4158,4164,4176
8239,4164,3894,4176
8240,3900,4178,3910
8241,3900,4167,4178
8242,4179,4180,4181
8243,3910,4179,4181
8244,3910,4181,3911
8245,3910,4178,4179
8246,4178,4167,4179
8247,4167,4182,4179
8248,4167,4168,4182
8249,4179,4182,4180
8250,4180,4183,4181
8251,4180,4182,4183
8252,4184,4185,4186
8253,4184,4186,4187
8254,4184,4187,4188
8255,4184,4188,4189
8256,4184,4189,4190
8257,4184,4190,4185
8258,3917,4191,4192
8259,3917,4192,3918
8260,3917,4193,4191
8261,3917,3916,4193
8262,4185,4191,4193
8263,4185,4193,4186
8264,4185,4194,4191
8265,4185,4190,4194
8266,4173,4191,4194
8267,4173,4194,4174
8268,4173,4192,4191
8269,4173,4172,4192
8270,3905,3921,4195
8271,3921,3918,4195
8272,3918,4192,4195
8273,4192,4172,4195
8274,4172,4177,4195
8275,4177,3905,4195
8276,3911,4196,3926
8277,3911,4181,4196
8278,4197,4198,4199
8279,3926,4197,4199
8280,3926,4199,3927
8281,3926,4196,4197
8282,4196,4181,4197
8283,4181,4200,4197
8284,4181,4183,4200
8285,4197,4200,4198
8286,4198,4201,4199
8287,4198,4200,4201
8288,4202,4203,4204
8289,4202,4204,4205
8290,4202,4205,4206
8291,4202,4206,4207
8292,4202,4207,4208
8293,4202,4208,4203
8294,3933,4209,4210
8295,3933,4210,3934
8296,3933,4211,4209
8297,3933,3932,4211
8298,4203,4209,4211
8299,4203,4211,4204
8300,4203,4212,4209
8301,4203,4208,4212
8302,4187,4209,4212
8303,4187,4212,4188
8304,4187,4210,4209
8305,4187,4186,4210
8306,3916,3938,4213
8307,3938,3934,4213
8308,3934,4210,4213
8309,4210,4186,4213
8310,4186,4193,4213
8311,4193,3916,4213
8312,3927,4214,3944
8313,3927,4199,4214
8314,4215,4216,4217
8315,3944,4215,4217
8316,3944,4217,3945
8317,3944,4214,4215
8318,4214,4199,4215
8319,4199,4218,4215
8320,4199,4201,4218
8321,4215,4218,4216
8322,4219,4220,4221
8323,4219,4221,4222
8324,4216,4219,4222
8325,4216,4222,4217
8326,4216,4223,4219
8327,4216,4218,4223
8328,4219,4223,4224
8329,4219,4224,4220
8330,4220,4225,4221
8331,4220,4224,4225
8332,4226,4227,4228
8333,4226,4228,4229
8334,4226,4229,4230
8335,4226,4230,4231
8336,4226,4231,4232
8337,4226,4232,4227
8338,4233,4234,4235
8339,4233,4235,4236
8340,4227,4233,4236
8341,4227,4236,4228
8342,4227,4237,4233
8343,4227,4232,4237
8344,4233,4237,4238
8345,4233,4238,4234
8346,3951,4239,4240
8347,3951,4240,3952
8348,3951,4241,4239
8349,3951,3950,4241
8350,4234,4239,4241
8351,4234,4241,4235
8352,4234,4242,4239
8353,4234,4238,4242
8354,4205,4239,4242
8355,4205,4242,4206
8356,4205,4240,4239
8357,4205,4204,4240
8358,3932,3956,4243
8359,3956,3952,4243
8360,3952,4240,4243
8361,4240,4204,4243
8362,4204,4211,4243
8363,4211,3932,4243
8364,3945,4244,3961
8365,3945,4217,4244
8366,3965,4245,4246
8367,3965,4246,3966
8368,3965,3961,4245
8369,3961,4244,4245
8370,4244,4217,4245
8371,4217,4222,4245
8372,4222,4246,4245
8373,4222,4221,4246
8374,3971,4247,4248
8375,3971,4248,3972
8376,3971,3966,4247
8377,3966,4246,4247
8378,4246,4221,4247
8379,4221,4249,4247
8380,4221,4225,4249
8381,4247,4249,4248
8382,4250,4251,4252
8383,3972,4250,4252
8384,3972,4252,3973
8385,3972,4248,4250
8386,4248,4253,4250
8387,4248,4249,4253
8388,4250,4253,4254
8389,4250,4254,4251
8390,4255,4256,4257
8391,4255,4257,4258
8392,4251,4255,4258
8393,4251,4258,4252
8394,4251,4259,4255
8395,4251,4254,4259
8396,4255,4259,4260
8397,4255,4260,4256
8398,4261,4262,4263
8399,4261,4263,4264
8400,4256,4261,4264
8401,4256,4264,4257
8402,4256,4265,4261
8403,4256,4260,4265
8404,4261,4265,4266
8405,4261,4266,4262
8406,3979,4267,4268
8407,3979,4268,3980
8408,3979,4269,4267
8409,3979,3978,4269
8410,4262,4267,4269
8411,4262,4269,4263
8412,4262,4270,4267
8413,4262,4266,4270
8414,4267,4270,4271
8415,4267,4271,4268
8416,3985,4272,4273
8417,3985,4273,3986
8418,3985,3980,4272
8419,3980,4268,4272
8420,4268,4274,4272
8421,4268,4271,4274
8422,4229,4272,4274
8423,4229,4274,4230
8424,4229,4273,4272
8425,4229,4228,4273
8426,3990,4275,4276
8427,3990,4276,3991
8428,3990,3986,4275
8429,3986,4273,4275
8430,4273,4228,4275
8431,4228,4236,4275
8432,4236,4276,4275
8433,4236,4235,4276
8434,3950,3994,4277
8435,3994,3991,4277
8436,3991,4276,4277
8437,4276,4235,4277
8438,4235,4241,4277
8439,4241,3950,4277
8440,3973,4278,4001
8441,3973,4252,4278
8442,4004,4279,4280
8443,4004,4280,4005
8444,4004,4001,4279
8445,4001,4278,4279
8446,4278,4252,4279
8447,4252,4258,4279
8448,4258,4280,4279
8449,4258,4257,4280
8450,4008,4281,4282
8451,4008,4282,4009
8452,4008,4005,4281
8453,4005,4280,4281
8454,4280,4257,4281
8455,4257,4264,4281
8456,4264,4282,4281
8457,4264,4263,4282
8458,3978,4012,4283
8459,4012,4009,4283
8460,4009,4282,4283
8461,4282,4263,4283
8462,4263,4269,4283
8463,4269,3978,4283
8464,4028,4029,4284
8465,4028,4284,4027
8466,4031,4032,4285
8467,4031,4285,4286
8468,4031,4286,4029
8469,4029,4286,4284
8470,4033,4034,4287
8471,4033,4287,4288
8472,4033,4288,4032
8473,4032,4288,4285
8474,4035,4036,4289
8475,4035,4289,4290
8476,4035,4290,4034
8477,4034,4290,4287
8478,4038,4039,4291
8479,4038,4291,4292
8480,4038,4292,4036
8481,4036,4292,4289
8482,4039,4042,4293
8483,4039,4293,4291
8484,4049,4050,4294
8485,4049,4294,4048
8486,4051,4052,4295
8487,4051,4295,4296
8488,4051,4296,4050
8489,4050,4296,4294
8490,4027,4297,4053
8491,4053,4297,4052
8492,4052,4298,4295
8493,4052,4297,4298
8494,4297,4299,4298
8495,4297,4300,4299
8496,4027,4284,4300
8497,4027,4300,4297
8498,4284,4301,4300
8499,4284,4286,4302
8500,4284,4302,4301
8501,4286,4285,4302
8502,4285,4303,4302
8503,4285,4288,4304
8504,4285,4304,4303
8505,4288,4287,4304
8506,4287,4305,4304
8507,4287,4290,4306
8508,4287,4306,4305
8509,4290,4289,4306
8510,4289,4307,4306
8511,4289,4292,4308
8512,4289,4308,4307
8513,4292,4291,4308
8514,4042,4310,4309
8515,4042,4054,4310
8516,4309,4310,4311
8517,4309,4311,4312
8518,4291,4309,4312
8519,4291,4312,4308
8520,4291,4293,4309
8521,4293,4042,4309
8522,4055,4056,4313
8523,4055,4313,4314
8524,4055,4314,4054
8525,4054,4314,4310
8526,4056,4060,4315
8527,4056,4315,4313
8528,4065,4066,4316
8529,4065,4316,4064
8530,4048,4317,4067
8531,4067,4317,4066
8532,4066,4318,4316
8533,4066,4317,4318
8534,4317,4319,4318
8535,4317,4320,4319
8536,4048,4294,4320
8537,4048,4320,4317
8538,4294,4321,4320
8539,4294,4296,4322
8540,4294,4322,4321
8541,4296,4295,4322
8542,4295,4323,4322
8543,4295,4298,4323
8544,4311,4324,4312
8545,4311,4310,4324
8546,4310,4325,4324
8547,4310,4314,4326
8548,4310,4326,4325
8549,4314,4313,4326
8550,4060,4328,4327
8551,4060,4068,4328
8552,4327,4328,4329
8553,4327,4329,4330
8554,4313,4327,4330
8555,4313,4330,4326
8556,4313,4315,4327
8557,4315,4060,4327
8558,4068,4072,4331
8559,4068,4331,4328
8560,4077,4078,4332
8561,4077,4332,4076
8562,4064,4333,4079
8563,4079,4333,4078
8564,4078,4334,4332
8565,4078,4333,4334
8566,4333,4335,4334
8567,4333,4336,4335
8568,4064,4316,4336
8569,4064,4336,4333
8570,4316,4337,4336
8571,4316,4318,4337
8572,4329,4338,4330
8573,4329,4328,4338
8574,4072,4340,4339
8575,4072,4080,4340
8576,4339,4340,4341
8577,4339,4341,4342
8578,4328,4339,4342
8579,4328,4342,4338
8580,4328,4331,4339
8581,4331,4072,4339
8582,4080,4084,4343
8583,4080,4343,4340
8584,4076,4344,4345
8585,4076,4345,4089
8586,4089,4345,4088
8587,4076,4332,4344
8588,4344,4346,4345
8589,4344,4332,4347
8590,4344,4347,4346
8591,4332,4334,4347
8592,4348,4349,4350
8593,4348,4350,4351
8594,4348,4351,4352
8595,4348,4352,4353
8596,4341,4348,4353
8597,4341,4353,4342
8598,4341,4349,4348
8599,4341,4340,4349
8600,4084,4095,4354
8601,4095,4355,4354
8602,4095,4094,4355
8603,4349,4354,4355
8604,4349,4355,4350
8605,4349,4340,4354
8606,4340,4343,4354
8607,4343,4084,4354
8608,4101,4102,4356
8609,4101,4356,4100
8610,4088,4357,4103
8611,4103,4357,4102
8612,4102,4358,4356
8613,4102,4357,4358
8614,4357,4359,4358
8615,4357,4360,4359
8616,4088,4345,4360
8617,4088,4360,4357
8618,4345,4361,4360
8619,4345,4346,4361
8620,4351,4362,4352
8621,4351,4350,4362
8622,4094,4364,4363
8623,4094,4104,4364
8624,4363,4364,4365
8625,4363,4365,4366
8626,4350,4363,4366
8627,4350,4366,4362
8628,4350,4355,4363
8629,4355,4094,4363
8630,4104,4107,4367
8631,4104,4367,4364
8632,4100,4368,4369
8633,4100,4369,4111
8634,4111,4369,4110
8635,4100,4356,4368
8636,4368,4370,4369
8637,4368,4356,4371
8638,4368,4371,4370
8639,4356,4358,4371
8640,4372,4373,4374
8641,4372,4374,4375
8642,4372,4375,4376
8643,4372,4376,4377
8644,4365,4372,4377
8645,4365,4377,4366
8646,4365,4373,4372
8647,4365,4364,4373
8648,4107,4116,4378
8649,4116,4379,4378
8650,4116,4115,4379
8651,4373,4378,4379
8652,4373,4379,4374
8653,4373,4364,4378
8654,4364,4367,4378
8655,4367,4107,4378
8656,4110,4380,4381
8657,4110,4381,4121
8658,4121,4381,4120
8659,4110,4369,4380
8660,4380,4382,4381
8661,4380,4369,4383
8662,4380,4383,4382
8663,4369,4370,4383
8664,4384,4385,4386
8665,4384,4386,4387
8666,4384,4387,4388
8667,4384,4388,4389
8668,4375,4384,4389
8669,4375,4389,4376
8670,4375,4385,4384
8671,4375,4374,4385
8672,4115,4127,4390
8673,4127,4391,4390
8674,4127,4126,4391
8675,4385,4390,4391
8676,4385,4391,4386
8677,4385,4374,4390
8678,4374,4379,4390
8679,4379,4115,4390
8680,4120,4392,4393
8681,4120,4393,4133
8682,4133,4393,4132
8683,4120,4381,4392
8684,4392,4394,4393
8685,4392,4381,4395
8686,4392,4395,4394
8687,4381,4382,4395
8688,4396,4397,4398
8689,4396,4398,4399
8690,4396,4399,4400
8691,4396,4400,4401
8692,4387,4396,4401
8693,4387,4401,4388
8694,4387,4397,4396
8695,4387,4386,4397
8696,4126,4139,4402
8697,4139,4403,4402
8698,4139,4138,4403
8699,4397,4402,4403
8700,4397,4403,4398
8701,4397,4386,4402
8702,4386,4391,4402
8703,4391,4126,4402
8704,4132,4404,4405
8705,4132,4405,4145
8706,4145,4405,4144
8707,4132,4393,4404
8708,4404,4406,4405
8709,4404,4393,4407
8710,4404,4407,4406
8711,4393,4394,4407
8712,4408,4409,4410
8713,4408,4410,4411
8714,4408,4411,4412
8715,4408,4412,4413
8716,4399,4408,4413
8717,4399,4413,4400
8718,4399,4409,4408
8719,4399,4398,4409
8720,4138,4150,4414
8721,4150,4415,4414
8722,4150,4149,4415
8723,4409,4414,4415
8724,4409,4415,4410
8725,4409,4398,4414
8726,4398,4403,4414
8727,4403,4138,4414
8728,4144,4416,4154
8729,4144,4405,4416
8730,4417,4418,4419
8731,4154,4417,4419
8732,4154,4419,4155
8733,4154,4416,4417
8734,4416,4405,4417
8735,4405,4420,4417
8736,4405,4406,4420
8737,4417,4420,4418
8738,4418,4421,4419
8739,4418,4420,4421
8740,4422,4423,4424
8741,4422,4424,4425
8742,4422,4425,4426
8743,4422,4426,4427
8744,4422,4427,4428
8745,4422,4428,4423
8746,4161,4429,4430
8747,4161,4430,4162
8748,4161,4431,4429
8749,4161,4160,4431
8750,4423,4429,4431
8751,4423,4431,4424
8752,4423,4432,4429
8753,4423,4428,4432
8754,4411,4429,4432
8755,4411,4432,4412
8756,4411,4430,4429
8757,4411,4410,4430
8758,4149,4165,4433
8759,4165,4162,4433
8760,4162,4430,4433
8761,4430,4410,4433
8762,4410,4415,4433
8763,4415,4149,4433
8764,4155,4434,4435
8765,4155,4435,4169
8766,4169,4435,4168
8767,4155,4419,4434
8768,4434,4436,4435
8769,4434,4419,4437
8770,4434,4437,4436
8771,4419,4421,4437
8772,4438,4439,4440
8773,4438,4440,4441
8774,4438,4441,4442
8775,4438,4442,4443
8776,4425,4438,4443
8777,4425,4443,4426
8778,4425,4439,4438
8779,4425,4424,4439
8780,4160,4175,4444
8781,4175,4445,4444
8782,4175,4174,4445
8783,4439,4444,4445
8784,4439,4445,4440
8785,4439,4424,4444
8786,4424,4431,4444
8787,4431,4160,4444
8788,4168,4446,4182
8789,4168,4435,4446
8790,4447,4448,4449
8791,4182,4447,4449
8792,4182,4449,4183
8793,4182,4446,4447
8794,4446,4435,4447
8795,4435,4450,4447
8796,4435,4436,4450
8797,4447,4450,4448
8798,4448,4451,4449
8799,4448,4450,4451
8800,4452,4453,4454
8801,4452,4454,4455
8802,4452,4455,4456
8803,4452,4456,4457
8804,4452,4457,4458
8805,4452,4458,4453
8806,4189,4459,4460
8807,4189,4460,4190
8808,4189,4461,4459
8809,4189,4188,4461
8810,4453,4459,4461
8811,4453,4461,4454
8812,4453,4462,4459
8813,4453,4458,4462
8814,4441,4459,4462
8815,4441,4462,4442
8816,4441,4460,4459
8817,4441,4440,4460
8818,4174,4194,4463
8819,4194,4190,4463
8820,4190,4460,4463
8821,4460,4440,4463
8822,4440,4445,4463
8823,4445,4174,4463
8824,4183,4464,4200
8825,4183,4449,4464
8826,4465,4466,4467
8827,4200,4465,4467
8828,4200,4467,4201
8829,4200,4464,4465
8830,4464,4449,4465
8831,4449,4468,4465
8832,4449,4451,4468
8833,4465,4468,4466
8834,4469,4470,4471
8835,4469,4471,4472
8836,4466,4469,4472
8837,4466,4472,4467
8838,4466,4473,4469
8839,4466,4468,4473
8840,4469,4473,4474
8841,4469,4474,4470
8842,4470,4475,4471
8843,4470,4474,4475
8844,4476,4477,4478
8845,4476,4478,4479
8846,4476,4479,4480
8847,4476,4480,4481
8848,4476,4481,4482
8849,4476,4482,4477
8850,4483,4484,4485
8851,4483,4485,4486
8852,4477,4483,4486
8853,4477,4486,4478
8854,4477,4487,4483
8855,4477,4482,4487
8856,4483,4487,4488
8857,4483,4488,4484
8858,4207,4489,4490
8859,4207,4490,4208
8860,4207,4491,4489
8861,4207,4206,4491
8862,4484,4489,4491
8863,4484,4491,4485
8864,4484,4492,4489
8865,4484,4488,4492
8866,4455,4489,4492
8867,4455,4492,4456
8868,4455,4490,4489
8869,4455,4454,4490
8870,4188,4212,4493
8871,4212,4208,4493
8872,4208,4490,4493
8873,4490,4454,4493
8874,4454,4461,4493
8875,4461,4188,4493
8876,4201,4494,4218
8877,4201,4467,4494
8878,4223,4495,4496
8879,4223,4496,4224
8880,4223,4218,4495
8881,4218,4494,4495
8882,4494,4467,4495
8883,4467,4472,4495
8884,4472,4496,4495
8885,4472,4471,4496
8886,4497,4498,4499
8887,4224,4497,4499
8888,4224,4499,4225
8889,4224,4496,4497
8890,4496,4471,4497
8891,4471,4500,4497
8892,4471,4475,4500
8893,4497,4500,4498
8894,4501,4502,4503
8895,4501,4503,4504
8896,4498,4501,4504
8897,4498,4504,4499
8898,4498,4505,4501
8899,4498,4500,4505
8900,4501,4505,4506
8901,4501,4506,4502
8902,4507,4508,4509
8903,4507,4509,4510
8904,4502,4507,4510
8905,4502,4510,4503
8906,4502,4511,4507
8907,4502,4506,4511
8908,4507,4511,4512
8909,4507,4512,4508
8910,4513,4514,4515
8911,4513,4515,4516
8912,4508,4513,4516
8913,4508,4516,4509
8914,4508,4517,4513
8915,4508,4512,4517
8916,4513,4517,4518
8917,4513,4518,4514
8918,4519,4520,4521
8919,4519,4521,4522
8920,4514,4519,4522
8921,4514,4522,4515
8922,4514,4523,4519
8923,4514,4518,4523
8924,4519,4523,4524
8925,4519,4524,4520
8926,4231,4525,4526
8927,4231,4526,4232
8928,4231,4527,4525
8929,4231,4230,4527
8930,4520,4525,4527
8931,4520,4527,4521
8932,4520,4528,4525
8933,4520,4524,4528
8934,4479,4525,4528
8935,4479,4528,4480
8936,4479,4526,4525
8937,4479,4478,4526
8938,4237,4529,4530
8939,4237,4530,4238
8940,4237,4232,4529
8941,4232,4526,4529
8942,4526,4478,4529
8943,4478,4486,4529
8944,4486,4530,4529
8945,4486,4485,4530
8946,4206,4242,4531
8947,4242,4238,4531
8948,4238,4530,4531
8949,4530,4485,4531
8950,4485,4491,4531
8951,4491,4206,4531
8952,4225,4532,4249
8953,4225,4499,4532
8954,4253,4533,4534
8955,4253,4534,4254
8956,4253,4249,4533
8957,4249,4532,4533
8958,4532,4499,4533
8959,4499,4504,4533
8960,4504,4534,4533
8961,4504,4503,4534
8962,4259,4535,4536
8963,4259,4536,4260
8964,4259,4254,4535
8965,4254,4534,4535
8966,4534,4503,4535
8967,4503,4510,4535
8968,4510,4536,4535
8969,4510,4509,4536
8970,4265,4537,4538
8971,4265,4538,4266
8972,4265,4260,4537
8973,4260,4536,4537
8974,4536,4509,4537
8975,4509,4516,4537
8976,4516,4538,4537
8977,4516,4515,4538
8978,4270,4539,4540
8979,4270,4540,4271
8980,4270,4266,4539
8981,4266,4538,4539
8982,4538,4515,4539
8983,4515,4522,4539
8984,4522,4540,4539
8985,4522,4521,4540
8986,4230,4274,4541
8987,4274,4271,4541
8988,4271,4540,4541
8989,4540,4521,4541
8990,4521,4527,4541
8991,4527,4230,4541
8992,4299,4300,4542
8993,4299,4542,4298
8994,4301,4302,4543
8995,4301,4543,4544
8996,4301,4544,4300
8997,4300,4544,4542
8998,4303,4304,4545
8999,4303,4545,4546
9000,4303,4546,4302
9001,4302,4546,4543
9002,4305,4306,4547
9003,4305,4547,4548
9004,4305,4548,4304
9005,4304,4548,4545
9006,4307,4308,4549
9007,4307,4549,4550
9008,4307,4550,4306
9009,4306,4550,4547
9010,4308,4312,4551
9011,4308,4551,4549
9012,4319,4320,4552
9013,4319,4552,4318
9014,4321,4322,4553
9015,4321,4553,4554
9016,4321,4554,4320
9017,4320,4554,4552
9018,4298,4555,4556
9019,4298,4556,4323
9020,4323,4556,4557
9021,4323,4557,4322
9022,4322,4557,4553
9023,4298,4542,4555
9024,4555,4558,4556
9025,4555,4542,4559
9026,4555,4559,4558
9027,4542,4544,4560
9028,4542,4560,4559
9029,4544,4543,4560
9030,4543,4561,4560
9031,4543,4546,4562
9032,4543,4562,4561
9033,4546,4545,4562
9034,4545,4563,4562
9035,4545,4548,4564
9036,4545,4564,4563
9037,4548,4547,4564
9038,4565,4566,4567
9039,4565,4567,4568
9040,4565,4568,4569
9041,4547,4565,4569
9042,4547,4569,4564
9043,4547,4550,4565
9044,4550,4566,4565
9045,4550,4549,4566
9046,4312,4571,4570
9047,4312,4324,4571
9048,4570,4571,4572
9049,4566,4570,4572
9050,4566,4572,4567
9051,4566,4549,4570
9052,4549,4551,4570
9053,4551,4312,4570
9054,4325,4326,4573
9055,4325,4573,4574
9056,4325,4574,4324
9057,4324,4574,4571
9058,4326,4330,4575
9059,4326,4575,4573
9060,4335,4336,4576
9061,4335,4576,4334
9062,4318,4577,4578
9063,4318,4578,4337
9064,4337,4578,4579
9065,4337,4579,4336
9066,4336,4579,4576
9067,4318,4552,4577
9068,4577,4580,4578
9069,4577,4552,4581
9070,4577,4581,4580
9071,4552,4554,4582
9072,4552,4582,4581
9073,4554,4553,4582
9074,4553,4583,4582
9075,4553,4557,4584
9076,4553,4584,4583
9077,4557,4556,4584
9078,4556,4585,4584
9079,4556,4558,4585
9080,4568,4586,4569
9081,4568,4567,4586
9082,4567,4587,4586
9083,4567,4572,4588
9084,4567,4588,4587
9085,4572,4571,4588
9086,4589,4590,4591
9087,4589,4591,4592
9088,4589,4592,4593
9089,4571,4589,4593
9090,4571,4593,4588
9091,4571,4574,4589
9092,4574,4590,4589
9093,4574,4573,4590
9094,4330,4595,4594
9095,4330,4338,4595
9096,4594,4595,4596
9097,4590,4594,4596
9098,4590,4596,4591
9099,4590,4573,4594
9100,4573,4575,4594
9101,4575,4330,4594
9102,4338,4342,4597
9103,4338,4597,4595
9104,4334,4598,4599
9105,4334,4599,4347
9106,4347,4599,4346
9107,4334,4576,4598
9108,4598,4600,4599
9109,4598,4576,4601
9110,4598,4601,4600
9111,4576,4579,4602
9112,4576,4602,4601
9113,4579,4578,4602
9114,4578,4603,4602
9115,4578,4580,4603
9116,4592,4604,4593
9117,4592,4591,4604
9118,4605,4606,4607
9119,4605,4607,4608
9120,4605,4608,4609
9121,4591,4605,4609
9122,4591,4609,4604
9123,4591,4596,4605
9124,4596,4606,4605
9125,4596,4595,4606
9126,4342,4353,4610
9127,4353,4611,4610
9128,4353,4352,4611
9129,4606,4610,4611
9130,4606,4611,4607
9131,4606,4595,4610
9132,4595,4597,4610
9133,4597,4342,4610
9134,4359,4360,4612
9135,4359,4612,4358
9136,4346,4613,4614
9137,4346,4614,4361
9138,4361,4614,4615
9139,4361,4615,4360
9140,4360,4615,4612
9141,4346,4599,4613
9142,4613,4616,4614
9143,4613,4599,4617
9144,4613,4617,4616
9145,4599,4600,4617
9146,4618,4619,4620
9147,4618,4620,4621
9148,4618,4621,4622
9149,4618,4622,4623
9150,4608,4618,4623
9151,4608,4623,4609
9152,4608,4619,4618
9153,4608,4607,4619
9154,4352,4625,4624
9155,4352,4362,4625
9156,4624,4625,4626
9157,4619,4624,4626
9158,4619,4626,4620
9159,4619,4607,4624
9160,4607,4611,4624
9161,4611,4352,4624
9162,4362,4366,4627
9163,4362,4627,4625
9164,4358,4628,4629
9165,4358,4629,4371
9166,4371,4629,4370
9167,4358,4612,4628
9168,4628,4630,4629
9169,4628,4612,4631
9170,4628,4631,4630
9171,4612,4615,4632
9172,4612,4632,4631
9173,4615,4614,4632
9174,4614,4633,4632
9175,4614,4616,4633
9176,4621,4634,4622
9177,4621,4620,4634
9178,4635,4636,4637
9179,4635,4637,4638
9180,4635,4638,4639
9181,4620,4635,4639
9182,4620,4639,4634
9183,4620,4626,4635
9184,4626,4636,4635
9185,4626,4625,4636
9186,4366,4377,4640
9187,4377,4641,4640
9188,4377,4376,4641
9189,4636,4640,4641
9190,4636,4641,4637
9191,4636,4625,4640
9192,4625,4627,4640
9193,4627,4366,4640
9194,4370,4642,4643
9195,4370,4643,4383
9196,4383,4643,4382
9197,4370,4629,4642
9198,4642,4644,4643
9199,4642,4629,4645
9200,4642,4645,4644
9201,4629,4630,4645
9202,4646,4647,4648
9203,4646,4648,4649
9204,4646,4649,4650
9205,4646,4650,4651
9206,4638,4646,4651
9207,4638,4651,4639
9208,4638,4647,4646
9209,4638,4637,4647
9210,4376,4389,4652
9211,4389,4653,4652
9212,4389,4388,4653
9213,4647,4652,4653
9214,4647,4653,4648
9215,4647,4637,4652
9216,4637,4641,4652
9217,4641,4376,4652
9218,4382,4654,4655
9219,4382,4655,4395
9220,4395,4655,4394
9221,4382,4643,4654
9222,4654,4656,4655
9223,4654,4643,4657
9224,4654,4657,4656
9225,4643,4644,4657
9226,4658,4659,4660
9227,4658,4660,4661
9228,4658,4661,4662
9229,4658,4662,4663
9230,4649,4658,4663
9231,4649,4663,4650
9232,4649,4659,4658
9233,4649,4648,4659
9234,4388,4401,4664
9235,4401,4665,4664
9236,4401,4400,4665
9237,4659,4664,4665
9238,4659,4665,4660
9239,4659,4648,4664
9240,4648,4653,4664
9241,4653,4388,4664
9242,4394,4666,4667
9243,4394,4667,4407
9244,4407,4667,4406
9245,4394,4655,4666
9246,4668,4669,4670
9247,4668,4670,4671
9248,4666,4668,4671
9249,4666,4671,4667
9250,4666,4655,4668
9251,4655,4672,4668
9252,4655,4656,4672
9253,4668,4672,4669
9254,4669,4673,4670
9255,4669,4672,4673
9256,4674,4675,4676
9257,4674,4676,4677
9258,4674,4677,4678
9259,4674,4678,4679
9260,4674,4679,4680
9261,4674,4680,4675
9262,4681,4682,4683
9263,4681,4683,4684
9264,4675,4681,4684
9265,4675,4684,4676
9266,4675,4685,4681
9267,4675,4680,4685
9268,4661,4681,4685
9269,4661,4685,4662
9270,4661,4682,4681
9271,4661,4660,4682
9272,4400,4413,4686
9273,4413,4687,4686
9274,4413,4412,4687
9275,4682,4686,4687
9276,4682,4687,4683
9277,4682,4660,4686
9278,4660,4665,4686
9279,4665,4400,4686
9280,4406,4688,4420
9281,4406,4667,4688
9282,4689,4690,4691
9283,4420,4689,4691
9284,4420,4691,4421
9285,4420,4688,4689
9286,4688,4667,4689
9287,4667,4671,4689
9288,4671,4690,4689
9289,4671,4670,4690
9290,4690,4692,4691
9291,4690,4670,4693
9292,4690,4693,4692
9293,4670,4673,4693
9294,4694,4695,4696
9295,4694,4696,4697
9296,4694,4697,4698
9297,4694,4698,4699
9298,4677,4694,4699
9299,4677,4699,4678
9300,4677,4695,4694
9301,4677,4676,4695
9302,4427,4700,4701
9303,4427,4701,4428
9304,4427,4702,4700
9305,4427,4426,4702
9306,4695,4700,4702
9307,4695,4702,4696
9308,4695,4676,4700
9309,4676,4684,4700
9310,4684,4701,4700
9311,4684,4683,4701
9312,4412,4432,4703
9313,4432,4428,4703
9314,4428,4701,4703
9315,4701,4683,4703
9316,4683,4687,4703
9317,4687,4412,4703
9318,4421,4704,4705
9319,4421,4705,4437
9320,4437,4705,4436
9321,4421,4691,4704
9322,4706,4707,4708
9323,4706,4708,4709
9324,4704,4706,4709
9325,4704,4709,4705
9326,4704,4691,4706
9327,4691,4710,4706
9328,4691,4692,4710
9329,4706,4710,4707
9330,4707,4711,4708
9331,4707,4710,4711
9332,4712,4713,4714
9333,4712,4714,4715
9334,4712,4715,4716
9335,4712,4716,4717
9336,4712,4717,4718
9337,4712,4718,4713
9338,4719,4720,4721
9339,4719,4721,4722
9340,4713,4719,4722
9341,4713,4722,4714
9342,4713,4723,4719
9343,4713,4718,4723
9344,4697,4719,4723
9345,4697,4723,4698
9346,4697,4720,4719
9347,4697,4696,4720
9348,4426,4443,4724
9349,4443,4725,4724
9350,4443,4442,4725
9351,4720,4724,4725
9352,4720,4725,4721
9353,4720,4696,4724
9354,4696,4702,4724
9355,4702,4426,4724
9356,4436,4726,4450
9357,4436,4705,4726
9358,4727,4728,4729
9359,4450,4727,4729
9360,4450,4729,4451
9361,4450,4726,4727
9362,4726,4705,4727
9363,4705,4709,4727
9364,4709,4728,4727
9365,4709,4708,4728
9366,4730,4731,4732
9367,4730,4732,4733
9368,4728,4730,4733
9369,4728,4733,4729
9370,4728,4708,4730
9371,4708,4734,4730
9372,4708,4711,4734
9373,4730,4734,4731
9374,4735,4736,4737
9375,4735,4737,4738
9376,4731,4735,4738
9377,4731,4738,4732
9378,4731,4739,4735
9379,4731,4734,4739
9380,4735,4739,4740
9381,4735,4740,4736
9382,4736,4741,4737
9383,4736,4740,4741
9384,4742,4743,4744
9385,4742,4744,4745
9386,4742,4745,4746
9387,4742,4746,4747
9388,4742,4747,4748
9389,4742,4748,4743
9390,4749,4750,4751
9391,4749,4751,4752
9392,4743,4749,4752
9393,4743,4752,4744
9394,4743,4753,4749
9395,4743,4748,4753
9396,4749,4753,4754
9397,4749,4754,4750
9398,4755,4756,4757
9399,4755,4757,4758
9400,4750,4755,4758
9401,4750,4758,4751
9402,4750,4759,4755
9403,4750,4754,4759
9404,4715,4755,4759
9405,4715,4759,4716
9406,4715,4756,4755
9407,4715,4714,4756
9408,4457,4760,4761
9409,4457,4761,4458
9410,4457,4762,4760
9411,4457,4456,4762
9412,4756,4760,4762
9413,4756,4762,4757
9414,4756,4714,4760
9415,4714,4722,4760
9416,4722,4761,4760
9417,4722,4721,4761
9418,4442,4462,4763
9419,4462,4458,4763
9420,4458,4761,4763
9421,4761,4721,4763
9422,4721,4725,4763
9423,4725,4442,4763
9424,4451,4764,4468
9425,4451,4729,4764
9426,4473,4765,4766
9427,4473,4766,4474
9428,4473,4468,4765
9429,4468,4764,4765
9430,4764,4729,4765
9431,4729,4733,4765
9432,4733,4766,4765
9433,4733,4732,4766
9434,4767,4768,4769
9435,4474,4767,4769
9436,4474,4769,4475
9437,4474,4766,4767
9438,4766,4732,4767
9439,4732,4738,4767
9440,4738,4768,4767
9441,4738,4737,4768
9442,4770,4771,4772
9443,4770,4772,4773
9444,4768,4770,4773
9445,4768,4773,4769
9446,4768,4737,4770
9447,4737,4774,4770
9448,4737,4741,4774
9449,4770,4774,4771
9450,4775,4776,4777
9451,4775,4777,4778
9452,4771,4775,4778
9453,4771,4778,4772
9454,4771,4779,4775
9455,4771,4774,4779
9456,4775,4779,4780
9457,4775,4780,4776
9458,4781,4782,4783
9459,4781,4783,4784
9460,4776,4781,4784
9461,4776,4784,4777
9462,4776,4785,4781
9463,4776,4780,4785
9464,4781,4785,4786
9465,4781,4786,4782
9466,4787,4788,4789
9467,4787,4789,4790
9468,4782,4787,4790
9469,4782,4790,4783
9470,4782,4791,4787
9471,4782,4786,4791
9472,4745,4787,4791
9473,4745,4791,4746
9474,4745,4788,4787
9475,4745,4744,4788
9476,4481,4792,4793
9477,4481,4793,4482
9478,4481,4794,4792
9479,4481,4480,4794
9480,4788,4792,4794
9481,4788,4794,4789
9482,4788,4744,4792
9483,4744,4752,4792
9484,4752,4793,4792
9485,4752,4751,4793
9486,4487,4795,4796
9487,4487,4796,4488
9488,4487,4482,4795
9489,4482,4793,4795
9490,4793,4751,4795
9491,4751,4758,4795
9492,4758,4796,4795
9493,4758,4757,4796
9494,4456,4492,4797
9495,4492,4488,4797
9496,4488,4796,4797
9497,4796,4757,4797
9498,4757,4762,4797
9499,4762,4456,4797
9500,4475,4798,4500
9501,4475,4769,4798
9502,4505,4799,4800
9503,4505,4800,4506
9504,4505,4500,4799
9505,4500,4798,4799
9506,4798,4769,4799
9507,4769,4773,4799
9508,4773,4800,4799
9509,4773,4772,4800
9510,4511,4801,4802
9511,4511,4802,4512
9512,4511,4506,4801
9513,4506,4800,4801
9514,4800,4772,4801
9515,4772,4778,4801
9516,4778,4802,4801
9517,4778,4777,4802
9518,4517,4803,4804
9519,4517,4804,4518
9520,4517,4512,4803
9521,4512,4802,4803
9522,4802,4777,4803
9523,4777,4784,4803
9524,4784,4804,4803
9525,4784,4783,4804
9526,4523,4805,4806
9527,4523,4806,4524
9528,4523,4518,4805
9529,4518,4804,4805
9530,4804,4783,4805
9531,4783,4790,4805
9532,4790,4806,4805
9533,4790,4789,4806
9534,4480,4528,4807
9535,4528,4524,4807
9536,4524,4806,4807
9537,4806,4789,4807
9538,4789,4794,4807
9539,4794,4480,4807
9540,4559,4560,4808
9541,4559,4808,4558
9542,4561,4562,4809
9543,4561,4809,4810
9544,4561,4810,4560
9545,4560,4810,4808
9546,4563,4564,4811
9547,4563,4811,4812
9548,4563,4812,4562
9549,4562,4812,4809
9550,4564,4569,4813
9551,4564,4813,4811
9552,4581,4582,4814
9553,4581,4814,4580
9554,4583,4584,4815
9555,4583,4815,4816
9556,4583,4816,4582
9557,4582,4816,4814
9558,4558,4817,4818
9559,4558,4818,4585
9560,4585,4818,4819
9561,4585,4819,4584
9562,4584,4819,4815
9563,4558,4808,4817
9564,4820,4821,4822
9565,4820,4822,4823
9566,4817,4820,4823
9567,4817,4823,4818
9568,4817,4808,4820
9569,4808,4810,4820
9570,4810,4821,4820
9571,4810,4809,4821
9572,4824,4825,4826
9573,4824,4826,4827
9574,4821,4824,4827
9575,4821,4827,4822
9576,4821,4809,4824
9577,4809,4812,4824
9578,4812,4825,4824
9579,4812,4811,4825
9580,4569,4829,4828
9581,4569,4586,4829
9582,4828,4829,4830
9583,4825,4828,4830
9584,4825,4830,4826
9585,4825,4811,4828
9586,4811,4813,4828
9587,4813,4569,4828
9588,4587,4588,4831
9589,4587,4831,4832
9590,4587,4832,4586
9591,4586,4832,4829
9592,4588,4593,4833
9593,4588,4833,4831
9594,4601,4602,4834
9595,4601,4834,4600
9596,4580,4835,4836
9597,4580,4836,4603
9598,4603,4836,4837
9599,4603,4837,4602
9600,4602,4837,4834
9601,4580,4814,4835
9602,4838,4839,4840
9603,4838,4840,4841
9604,4835,4838,4841
9605,4835,4841,4836
9606,4835,4814,4838
9607,4814,4816,4838
9608,4816,4839,4838
9609,4816,4815,4839
9610,4839,4842,4840
9611,4839,4815,4843
9612,4839,4843,4842
9613,4815,4819,4844
9614,4815,4844,4843
9615,4819,4818,4844
9616,4818,4845,4844
9617,4818,4823,4846
9618,4818,4846,4845
9619,4823,4822,4846
9620,4822,4847,4846
9621,4822,4827,4848
9622,4822,4848,4847
9623,4827,4826,4848
9624,4849,4850,4851
9625,4849,4851,4852
9626,4849,4852,4853
9627,4826,4849,4853
9628,4826,4853,4848
9629,4826,4830,4849
9630,4830,4850,4849
9631,4830,4829,4850
9632,4854,4855,4856
9633,4854,4856,4857
9634,4850,4854,4857
9635,4850,4857,4851
9636,4850,4829,4854
9637,4829,4832,4854
9638,4832,4855,4854
9639,4832,4831,4855
9640,4593,4859,4858
9641,4593,4604,4859
9642,4858,4859,4860
9643,4855,4858,4860
9644,4855,4860,4856
9645,4855,4831,4858
9646,4831,4833,4858
9647,4833,4593,4858
9648,4604,4609,4861
9649,4604,4861,4859
9650,4600,4862,4863
9651,4600,4863,4617
9652,4617,4863,4616
9653,4600,4834,4862
9654,4864,4865,4866
9655,4864,4866,4867
9656,4862,4864,4867
9657,4862,4867,4863
9658,4862,4834,4864
9659,4834,4837,4864
9660,4837,4865,4864
9661,4837,4836,4865
9662,4865,4868,4866
9663,4865,4836,4869
9664,4865,4869,4868
9665,4836,4841,4870
9666,4836,4870,4869
9667,4841,4840,4870
9668,4840,4871,4870
9669,4840,4842,4871
9670,4852,4872,4853
9671,4852,4851,4872
9672,4873,4874,4875
9673,4873,4875,4876
9674,4873,4876,4877
9675,4851,4873,4877
9676,4851,4877,4872
9677,4851,4857,4873
9678,4857,4874,4873
9679,4857,4856,4874
9680,4878,4879,4880
9681,4878,4880,4881
9682,4874,4878,4881
9683,4874,4881,4875
9684,4874,4856,4878
9685,4856,4860,4878
9686,4860,4879,4878
9687,4860,4859,4879
9688,4609,4623,4882
9689,4623,4883,4882
9690,4623,4622,4883
9691,4879,4882,4883
9692,4879,4883,4880
9693,4879,4859,4882
9694,4859,4861,4882
9695,4861,4609,4882
9696,4631,4632,4884
9697,4631,4884,4630
9698,4616,4885,4886
9699,4616,4886,4633
9700,4633,4886,4887
9701,4633,4887,4632
9702,4632,4887,4884
9703,4616,4863,4885
9704,4885,4888,4886
9705,4885,4863,4889
9706,4885,4889,4888
9707,4863,4867,4890
9708,4863,4890,4889
9709,4867,4866,4890
9710,4866,4891,4890
9711,4866,4868,4891
9712,4876,4892,4877
9713,4876,4875,4892
9714,4893,4894,4895
9715,4893,4895,4896
9716,4893,4896,4897
9717,4875,4893,4897
9718,4875,4897,4892
9719,4875,4881,4893
9720,4881,4894,4893
9721,4881,4880,4894
9722,4622,4899,4898
9723,4622,4634,4899
9724,4898,4899,4900
9725,4894,4898,4900
9726,4894,4900,4895
9727,4894,4880,4898
9728,4880,4883,4898
9729,4883,4622,4898
9730,4634,4639,4901
9731,4634,4901,4899
9732,4630,4902,4903
9733,4630,4903,4645
9734,4645,4903,4644
9735,4630,4884,4902
9736,4904,4905,4906
9737,4904,4906,4907
9738,4902,4904,4907
9739,4902,4907,4903
9740,4902,4884,4904
9741,4884,4887,4904
9742,4887,4905,4904
9743,4887,4886,4905
9744,4905,4908,4906
9745,4905,4886,4909
9746,4905,4909,4908
9747,4886,4888,4909
9748,4910,4911,4912
9749,4910,4912,4913
9750,4910,4913,4914
9751,4910,4914,4915
9752,4896,4910,4915
9753,4896,4915,4897
9754,4896,4911,4910
9755,4896,4895,4911
9756,4916,4917,4918
9757,4916,4918,4919
9758,4911,4916,4919
9759,4911,4919,4912
9760,4911,4895,4916
9761,4895,4900,4916
9762,4900,4917,4916
9763,4900,4899,4917
9764,4639,4651,4920
9765,4651,4921,4920
9766,4651,4650,4921
9767,4917,4920,4921
9768,4917,4921,4918
9769,4917,4899,4920
9770,4899,4901,4920
9771,4901,4639,4920
9772,4644,4922,4923
9773,4644,4923,4657
9774,4657,4923,4656
9775,4644,4903,4922
9776,4924,4925,4926
9777,4924,4926,4927
9778,4922,4924,4927
9779,4922,4927,4923
9780,4922,4903,4924
9781,4903,4907,4924
9782,4907,4925,4924
9783,4907,4906,4925
9784,4925,4928,4926
9785,4925,4906,4929
9786,4925,4929,4928
9787,4906,4908,4929
9788,4930,4931,4932
9789,4930,4932,4933
9790,4930,4933,4934
9791,4930,4934,4935
9792,4913,4930,4935
9793,4913,4935,4914
9794,4913,4931,4930
9795,4913,4912,4931
9796,4936,4937,4938
9797,4936,4938,4939
9798,4931,4936,4939
9799,4931,4939,4932
9800,4931,4912,4936
9801,4912,4919,4936
9802,4919,4937,4936
9803,4919,4918,4937
9804,4650,4663,4940
9805,4663,4941,4940
9806,4663,4662,4941
9807,4937,4940,4941
9808,4937,4941,4938
9809,4937,4918,4940
9810,4918,4921,4940
9811,4921,4650,4940
9812,4656,4942,4672
9813,4656,4923,4942
9814,4943,4944,4945
9815,4672,4943,4945
9816,4672,4945,4673
9817,4672,4942,4943
9818,4942,4923,4943
9819,4923,4927,4943
9820,4927,4944,4943
9821,4927,4926,4944
9822,4946,4947,4948
9823,4946,4948,4949
9824,4944,4946,4949
9825,4944,4949,4945
9826,4944,4926,4946
9827,4926,4950,4946
9828,4926,4928,4950
9829,4946,4950,4947
9830,4947,4951,4948
9831,4947,4950,4951
9832,4952,4953,4954
9833,4952,4954,4955
9834,4952,4955,4956
9835,4952,4956,4957
9836,4952,4957,4958
9837,4952,4958,4953
9838,4959,4960,4961
9839,4959,4961,4962
9840,4953,4959,4962
9841,4953,4962,4954
9842,4953,4963,4959
9843,4953,4958,4963
9844,4933,4959,4963
9845,4933,4963,4934
9846,4933,4960,4959
9847,4933,4932,4960
9848,4679,4964,4965
9849,4679,4965,4680
9850,4679,4966,4964
9851,4679,4678,4966
9852,4960,4964,4966
9853,4960,4966,4961
9854,4960,4932,4964
9855,4932,4939,4964
9856,4939,4965,4964
9857,4939,4938,4965
9858,4662,4685,4967
9859,4685,4680,4967
9860,4680,4965,4967
9861,4965,4938,4967
9862,4938,4941,4967
9863,4941,4662,4967
9864,4673,4968,4969
9865,4673,4969,4693
9866,4693,4969,4692
9867,4673,4945,4968
9868,4970,4971,4972
9869,4970,4972,4973
9870,4968,4970,4973
9871,4968,4973,4969
9872,4968,4945,4970
9873,4945,4949,4970
9874,4949,4971,4970
9875,4949,4948,4971
9876,4974,4975,4976
9877,4974,4976,4977
9878,4971,4974,4977
9879,4971,4977,4972
9880,4971,4948,4974
9881,4948,4978,4974
9882,4948,4951,4978
9883,4974,4978,4975
9884,4975,4979,4976
9885,4975,4978,4979
9886,4980,4981,4982
9887,4980,4982,4983
9888,4980,4983,4984
9889,4980,4984,4985
9890,4980,4985,4986
9891,4980,4986,4981
9892,4987,4988,4989
9893,4987,4989,4990
9894,4981,4987,4990
9895,4981,4990,4982
9896,4981,4991,4987
9897,4981,4986,4991
9898,4955,4987,4991
9899,4955,4991,4956
9900,4955,4988,4987
9901,4955,4954,4988
9902,4992,4993,4994
9903,4992,4994,4995
9904,4988,4992,4995
9905,4988,4995,4989
9906,4988,4954,4992
9907,4954,4962,4992
9908,4962,4993,4992
9909,4962,4961,4993
9910,4678,4699,4996
9911,4699,4997,4996
9912,4699,4698,4997
9913,4993,4996,4997
9914,4993,4997,4994
9915,4993,4961,4996
9916,4961,4966,4996
9917,4966,4678,4996
9918,4692,4998,4710
9919,4692,4969,4998
9920,4999,5000,5001
9921,4710,4999,5001
9922,4710,5001,4711
9923,4710,4998,4999
9924,4998,4969,4999
9925,4969,4973,4999
9926,4973,5000,4999
9927,4973,4972,5000
9928,5002,5003,5004
9929,5002,5004,5005
9930,5000,5002,5005
9931,5000,5005,5001
9932,5000,4972,5002
9933,4972,4977,5002
9934,4977,5003,5002
9935,4977,4976,5003
9936,5006,5007,5008
9937,5006,5008,5009
9938,5003,5006,5009
9939,5003,5009,5004
9940,5003,4976,5006
9941,4976,5010,5006
9942,4976,4979,5010
9943,5006,5010,5007
9944,5011,5012,5013
9945,5011,5013,5014
9946,5007,5011,5014
9947,5007,5014,5008
9948,5007,5015,5011
9949,5007,5010,5015
9950,5011,5015,5016
9951,5011,5016,5012
9952,5017,5018,5019
9953,5017,5019,5020
9954,5012,5017,5020
9955,5012,5020,5013
9956,5012,5021,5017
9957,5012,5016,5021
9958,5017,5021,5022
9959,5017,5022,5018
9960,5023,5024,5025
9961,5023,5025,5026
9962,5018,5023,5026
9963,5018,5026,5019
9964,5018,5027,5023
9965,5018,5022,5027
9966,4983,5023,5027
9967,4983,5027,4984
9968,4983,5024,5023
9969,4983,4982,5024
9970,5028,5029,5030
9971,5028,5030,5031
9972,5024,5028,5031
9973,5024,5031,5025
9974,5024,4982,5028
9975,4982,4990,5028
9976,4990,5029,5028
9977,4990,4989,5029
9978,4717,5032,5033
9979,4717,5033,4718
9980,4717,5034,5032
9981,4717,4716,5034
9982,5029,5032,5034
9983,5029,5034,5030
9984,5029,4989,5032
9985,4989,4995,5032
9986,4995,5033,5032
9987,4995,4994,5033
9988,4698,4723,5035
9989,4723,4718,5035
9990,4718,5033,5035
9991,5033,4994,5035
9992,4994,4997,5035
9993,4997,4698,5035
9994,4711,5036,4734
9995,4711,5001,5036
9996,4739,5037,5038
9997,4739,5038,4740
9998,4739,4734,5037
9999,4734,5036,5037
10000,5036,5001,5037
10001,5001,5005,5037
10002,5005,5038,5037
10003,5005,5004,5038
10004,5039,5040,5041
10005,4740,5039,5041
10006,4740,5041,4741
10007,4740,5038,5039
10008,5038,5004,5039
10009,5004,5009,5039
10010,5009,5040,5039
10011,5009,5008,5040
10012,5042,5043,5044
10013,5042,5044,5045
10014,5040,5042,5045
10015,5040,5045,5041
10016,5040,5008,5042
10017,5008,5014,5042
10018,5014,5043,5042
10019,5014,5013,5043
10020,5046,5047,5048
10021,5046,5048,5049
10022,5043,5046,5049
10023,5043,5049,5044
10024,5043,5013,5046
10025,5013,5020,5046
10026,5020,5047,5046
10027,5020,5019,5047
10028,4747,5050,5051
10029,4747,5051,4748
10030,4747,5052,5050
10031,4747,4746,5052
10032,5047,5050,5052
10033,5047,5052,5048
10034,5047,5019,5050
10035,5019,5026,5050
10036,5026,5051,5050
10037,5026,5025,5051
10038,4753,5053,5054
10039,4753,5054,4754
10040,4753,4748,5053
10041,4748,5051,5053
10042,5051,5025,5053
10043,5025,5031,5053
10044,5031,5054,5053
10045,5031,5030,5054
10046,4716,4759,5055
10047,4759,4754,5055
10048,4754,5054,5055
10049,5054,5030,5055
10050,5030,5034,5055
10051,5034,4716,5055
10052,4741,5056,4774
10053,4741,5041,5056
10054,4779,5057,5058
10055,4779,5058,4780
10056,4779,4774,5057
10057,4774,5056,5057
10058,5056,5041,5057
10059,5041,5045,5057
10060,5045,5058,5057
10061,5045,5044,5058
10062,4785,5059,5060
10063,4785,5060,4786
10064,4785,4780,5059
10065,4780,5058,5059
10066,5058,5044,5059
10067,5044,5049,5059
10068,5049,5060,5059
10069,5049,5048,5060
10070,4746,4791,5061
10071,4791,4786,5061
10072,4786,5060,5061
10073,5060,5048,5061
10074,5048,5052,5061
10075,5052,4746,5061
10076,4843,4844,5062
10077,4843,5062,4842
10078,4845,4846,5063
10079,4845,5063,5064
10080,4845,5064,4844
10081,4844,5064,5062
10082,4847,4848,5065
10083,4847,5065,5066
10084,4847,5066,4846
10085,4846,5066,5063
10086,4848,4853,5067
10087,4848,5067,5065
10088,4869,4870,5068
10089,4869,5068,4868
10090,4842,5069,5070
10091,4842,5070,4871
10092,4871,5070,5071
10093,4871,5071,4870
10094,4870,5071,5068
10095,4842,5062,5069
10096,5072,5073,5074
10097,5072,5074,5075
10098,5069,5072,5075
10099,5069,5075,5070
10100,5069,5062,5072
10101,5062,5064,5072
10102,5064,5073,5072
10103,5064,5063,5073
10104,5076,5077,5078
10105,5076,5078,5079
10106,5073,5076,5079
10107,5073,5079,5074
10108,5073,5063,5076
10109,5063,5066,5076
10110,5066,5077,5076
10111,5066,5065,5077
10112,4853,5081,5080
10113,4853,4872,5081
10114,5080,5081,5082
10115,5077,5080,5082
10116,5077,5082,5078
10117,5077,5065,5080
10118,5065,5067,5080
10119,5067,4853,5080
10120,4872,4877,5083
10121,4872,5083,5081
10122,4889,4890,5084
10123,4889,5084,4888
10124,4868,5085,5086
10125,4868,5086,4891
10126,4891,5086,5087
10127,4891,5087,4890
10128,4890,5087,5084
10129,4868,5068,5085
10130,5088,5089,5090
10131,5088,5090,5091
10132,5085,5088,5091
10133,5085,5091,5086
10134,5085,5068,5088
10135,5068,5071,5088
10136,5071,5089,5088
10137,5071,5070,5089
10138,5092,5093,5094
10139,5092,5094,5095
10140,5089,5092,5095
10141,5089,5095,5090
10142,5089,5070,5092
10143,5070,5075,5092
10144,5075,5093,5092
10145,5075,5074,5093
10146,5096,5097,5098
10147,5096,5098,5099
10148,5093,5096,5099
10149,5093,5099,5094
10150,5093,5074,5096
10151,5074,5079,5096
10152,5079,5097,5096
10153,5079,5078,5097
10154,5100,5101,5102
10155,5100,5102,5103
10156,5097,5100,5103
10157,5097,5103,5098
10158,5097,5078,5100
10159,5078,5082,5100
10160,5082,5101,5100
10161,5082,5081,5101
10162,4877,5105,5104
10163,4877,4892,5105
10164,5104,5105,5106
10165,5101,5104,5106
10166,5101,5106,5102
10167,5101,5081,5104
10168,5081,5083,5104
10169,5083,4877,5104
10170,4892,4897,5107
10171,4892,5107,5105
10172,4888,5108,5109
10173,4888,5109,4909
10174,4909,5109,4908
10175,4888,5084,5108
10176,5110,5111,5112
10177,5110,5112,5113
10178,5108,5110,5113
10179,5108,5113,5109
10180,5108,5084,5110
10181,5084,5087,5110
10182,5087,5111,5110
10183,5087,5086,5111
10184,5114,5115,5116
10185,5114,5116,5117
10186,5111,5114,5117
10187,5111,5117,5112
10188,5111,5086,5114
10189,5086,5091,5114
10190,5091,5115,5114
10191,5091,5090,5115
10192,5118,5119,5120
10193,5118,5120,5121
10194,5115,5118,5121
10195,5115,5121,5116
10196,5115,5090,5118
10197,5090,5095,5118
10198,5095,5119,5118
10199,5095,5094,5119
10200,5122,5123,5124
10201,5122,5124,5125
10202,5119,5122,5125
10203,5119,5125,5120
10204,5119,5094,5122
10205,5094,5099,5122
10206,5099,5123,5122
10207,5099,5098,5123
10208,5126,5127,5128
10209,5126,5128,5129
10210,5123,5126,5129
10211,5123,5129,5124
10212,5123,5098,5126
10213,5098,5103,5126
10214,5103,5127,5126
10215,5103,5102,5127
10216,5130,5131,5132
10217,5130,5132,5133
10218,5127,5130,5133
10219,5127,5133,5128
10220,5127,5102,5130
10221,5102,5106,5130
10222,5106,5131,5130
10223,5106,5105,5131
10224,4897,4915,5134
10225,4915,5135,5134
10226,4915,4914,5135
10227,5131,5134,5135
10228,5131,5135,5132
10229,5131,5105,5134
10230,5105,5107,5134
10231,5107,4897,5134
10232,4908,5136,5137
10233,4908,5137,4929
10234,4929,5137,4928
10235,4908,5109,5136
10236,5138,5139,5140
10237,5138,5140,5141
10238,5136,5138,5141
10239,5136,5141,5137
10240,5136,5109,5138
10241,5109,5113,5138
10242,5113,5139,5138
10243,5113,5112,5139
10244,5142,5143,5144
10245,5142,5144,5145
10246,5139,5142,5145
10247,5139,5145,5140
10248,5139,5112,5142
10249,5112,5117,5142
10250,5117,5143,5142
10251,5117,5116,5143
10252,5146,5147,5148
10253,5146,5148,5149
10254,5143,5146,5149
10255,5143,5149,5144
10256,5143,5116,5146
10257,5116,5121,5146
10258,5121,5147,5146
10259,5121,5120,5147
10260,5150,5151,5152
10261,5150,5152,5153
10262,5147,5150,5153
10263,5147,5153,5148
10264,5147,5120,5150
10265,5120,5125,5150
10266,5125,5151,5150
10267,5125,5124,5151
10268,5154,5155,5156
10269,5154,5156,5157
10270,5151,5154,5157
10271,5151,5157,5152
10272,5151,5124,5154
10273,5124,5129,5154
10274,5129,5155,5154
10275,5129,5128,5155
10276,5158,5159,5160
10277,5158,5160,5161
10278,5155,5158,5161
10279,5155,5161,5156
10280,5155,5128,5158
10281,5128,5133,5158
10282,5133,5159,5158
10283,5133,5132,5159
10284,4914,4935,5162
10285,4935,5163,5162
10286,4935,4934,5163
10287,5159,5162,5163
10288,5159,5163,5160
10289,5159,5132,5162
10290,5132,5135,5162
10291,5135,4914,5162
10292,4928,5164,4950
10293,4928,5137,5164
10294,5165,5166,5167
10295,4950,5165,5167
10296,4950,5167,4951
10297,4950,5164,5165
10298,5164,5137,5165
10299,5137,5141,5165
10300,5141,5166,5165
10301,5141,5140,5166
10302,5168,5169,5170
10303,5168,5170,5171
10304,5166,5168,5171
10305,5166,5171,5167
10306,5166,5140,5168
10307,5140,5145,5168
10308,5145,5169,5168
10309,5145,5144,5169
10310,5172,5173,5174
10311,5172,5174,5175
10312,5169,5172,5175
10313,5169,5175,5170
10314,5169,5144,5172
10315,5144,5149,5172
10316,5149,5173,5172
10317,5149,5148,5173
10318,5176,5177,5178
10319,5176,5178,5179
10320,5173,5176,5179
10321,5173,5179,5174
10322,5173,5148,5176
10323,5148,5153,5176
10324,5153,5177,5176
10325,5153,5152,5177
10326,5180,5181,5182
10327,5180,5182,5183
10328,5177,5180,5183
10329,5177,5183,5178
10330,5177,5152,5180
10331,5152,5157,5180
10332,5157,5181,5180
10333,5157,5156,5181
10334,4957,5184,5185
10335,4957,5185,4958
10336,4957,5186,5184
10337,4957,4956,5186
10338,5181,5184,5186
10339,5181,5186,5182
10340,5181,5156,5184
10341,5156,5161,5184
10342,5161,5185,5184
10343,5161,5160,5185
10344,4934,4963,5187
10345,4963,4958,5187
10346,4958,5185,5187
10347,5185,5160,5187
10348,5160,5163,5187
10349,5163,4934,5187
10350,4951,5188,4978
10351,4951,5167,5188
10352,5189,5190,5191
10353,4978,5189,5191
10354,4978,5191,4979
10355,4978,5188,5189
10356,5188,5167,5189
10357,5167,5171,5189
10358,5171,5190,5189
10359,5171,5170,5190
10360,5192,5193,5194
10361,5192,5194,5195
10362,5190,5192,5195
10363,5190,5195,5191
10364,5190,5170,5192
10365,5170,5175,5192
10366,5175,5193,5192
10367,5175,5174,5193
10368,5196,5197,5198
10369,5196,5198,5199
10370,5193,5196,5199
10371,5193,5199,5194
10372,5193,5174,5196
10373,5174,5179,5196
10374,5179,5197,5196
10375,5179,5178,5197
10376,4985,5200,5201
10377,4985,5201,4986
10378,4985,5202,5200
10379,4985,4984,5202
10380,5197,5200,5202
10381,5197,5202,5198
10382,5197,5178,5200
10383,5178,5183,5200
10384,5183,5201,5200
10385,5183,5182,5201
10386,4956,4991,5203
10387,4991,4986,5203
10388,4986,5201,5203
10389,5201,5182,5203
10390,5182,5186,5203
10391,5186,4956,5203
10392,4979,5204,5010
10393,4979,5191,5204
10394,5015,5205,5206
10395,5015,5206,5016
10396,5015,5010,5205
10397,5010,5204,5205
10398,5204,5191,5205
10399,5191,5195,5205
10400,5195,5206,5205
10401,5195,5194,5206
10402,5021,5207,5208
10403,5021,5208,5022
10404,5021,5016,5207
10405,5016,5206,5207
10406,5206,5194,5207
10407,5194,5199,5207
10408,5199,5208,5207
10409,5199,5198,5208
10410,4984,5027,5209
10411,5027,5022,5209
10412,5022,5208,5209
10413,5208,5198,5209
10414,5198,5202,5209
10415,5202,4984,5209
