id,x,y,z
0,-0.10862819883661488,-0.31696153216994838,-0.94196153216994838
1,-0.10416666666666652,-0.3174428643344176,-0.9424428643344176
2,-0.10416666666666652,-0.3125,-0.944154743717737
3,-0.10995471147169311,-0.3125,-0.94328804480502659
4,-0.14464512361963161,-0.3125,-0.9375
5,-0.11653402140906657,-0.32486735474240003,-0.9375
6,-0.10416666666666652,-0.33003202060825115,-0.9375
7,-0.008864525799729156,-0.32136452579972918,-0.94636452579972918
8,0,-0.3216844660026979,-0.94668446600269796
9,0,-0.3125,-0.94986345933703697
10,-0.011773449617301437,-0.3125,-0.94927344961730142
11,-0.028566314444402899,-0.34106631444440294,-0.9375
12,0,-0.34506194190040651,-0.9375
13,0.09903778616383889,-0.31762888050282784,-0.94262888050282789
14,0.10416666666666674,-0.3174428643344176,-0.9424428643344176
15,0.10416666666666674,-0.3125,-0.944154743717737
16,0.097158974045223653,-0.3125,-0.94450769262144307
17,0.083765924129772948,-0.33290074253689378,-0.9375
18,0.10416666666666674,-0.33003202060825115,-0.9375
19,0.14464512361963125,-0.3125,-0.9375
20,-0.22043694463940394,-0.22043694463940394,-0.94960361130607063
21,-0.20833333333333326,-0.22279090122242551,-0.95195756788909225
22,-0.20833333333333326,-0.20833333333333326,-0.95554571027139024
23,-0.22279090122242551,-0.20833333333333326,-0.95195756788909225
24,-0.27449648983133218,-0.20833333333333326,-0.9375
25,-0.24185505986465433,-0.24185505986465433,-0.9375
26,-0.20833333333333326,-0.27449648983133218,-0.9375
27,-0.12922924591133916,-0.2333959125780059,-0.96256257924467259
28,-0.10416666666666652,-0.2363274985016956,-0.96549416516836239
29,-0.10416666666666652,-0.20833333333333326,-0.97242956559393701
30,-0.13455773507325758,-0.20833333333333326,-0.96789106840659112
31,-0.1847802558228672,-0.28894692248953391,-0.9375
32,-0.031241159105323615,-0.23957449243865694,-0.96874115910532366
33,0,-0.240797305854548,-0.9699639725212148
34,0,-0.20833333333333326,-0.97800179420311362
35,-0.038573625024832928,-0.20833333333333326,-0.97607362502483297
36,0.075025994100439433,-0.23747400589956058,-0.96664067256622732
37,0.10416666666666674,-0.2363274985016956,-0.96549416516836239
38,0.10416666666666674,-0.20833333333333326,-0.97242956559393701
39,0.067388953255526005,-0.20833333333333326,-0.97427771341114078
40,0.19192738370850387,-0.22473928295816287,-0.95390594962482966
41,0.20833333333333348,-0.2227909012224254,-0.95195756788909214
42,0.20833333333333348,-0.20833333333333326,-0.95554571027139024
43,0.18706115863424677,-0.20833333333333326,-0.95877217469908671
44,0.20833333333333348,-0.27449648983133146,-0.9375
45,0.27449648983133212,-0.20833333333333326,-0.9375
46,-0.31696153216994838,-0.10862819883661488,-0.94196153216994838
47,-0.3125,-0.10995471147169311,-0.94328804480502659
48,-0.3125,-0.10416666666666652,-0.944154743717737
49,-0.3174428643344176,-0.10416666666666652,-0.9424428643344176
50,-0.33003202060825115,-0.10416666666666652,-0.9375
51,-0.32486735474240003,-0.11653402140906657,-0.9375
52,-0.3125,-0.14464512361963161,-0.9375
53,-0.2333959125780059,-0.12922924591133916,-0.96256257924467259
54,-0.20833333333333326,-0.13455773507325758,-0.96789106840659112
55,-0.20833333333333326,-0.10416666666666652,-0.97242956559393701
56,-0.2363274985016956,-0.10416666666666652,-0.96549416516836239
57,-0.28894692248953391,-0.1847802558228672,-0.9375
58,-0.14394952436414818,-0.14394952436414818,-0.97728285769748169
59,-0.10416666666666652,-0.14903752543068496,-0.98237085876401842
60,-0.10416666666666652,-0.10416666666666652,-0.98905998270215822
61,-0.14903752543068496,-0.10416666666666652,-0.98237085876401842
62,-0.04761023098747718,-0.15177689765414382,-0.9851102309874773
63,0,-0.15381487188531759,-0.9871482052186511
64,0,-0.10416666666666652,-0.99454500520423295
65,-0.054333530276071428,-0.10416666666666652,-0.99183353027607157
66,0.057277877846868802,-0.15105545548646446,-0.98438878881979797
67,0.10416666666666674,-0.14903752543068496,-0.98237085876401842
68,0.10416666666666674,-0.10416666666666652,-0.98905998270215822
69,0.049882847235750157,-0.10416666666666652,-0.99178381943091654
70,0.17340376773939647,-0.13909623226060353,-0.97242956559393701
71,0.20833333333333348,-0.13455773507325758,-0.96789106840659112
72,0.20833333333333348,-0.10416666666666652,-0.97242956559393701
73,0.16716777881972711,-0.10416666666666652,-0.97866555451360637
74,0.30509791666149344,-0.11156875000517312,-0.94490208333850656
75,0.3125,-0.10995471147169311,-0.94328804480502659
76,0.3125,-0.10416666666666652,-0.944154743717737
77,0.30357730369898561,-0.10416666666666652,-0.94642269630101439
78,0.3125,-0.14464512361963161,-0.9375
79,0.33003202060825115,-0.10416666666666652,-0.9375
80,-0.32136452579972918,-0.008864525799729156,-0.94636452579972918
81,-0.3125,-0.011773449617301437,-0.94927344961730142
82,-0.3125,0,-0.94986345933703697
83,-0.3216844660026979,0,-0.94668446600269796
84,-0.34506194190040651,0,-0.9375
85,-0.34106631444440294,-0.028566314444402899,-0.9375
86,-0.23957449243865694,-0.031241159105323615,-0.96874115910532366
87,-0.20833333333333326,-0.038573625024832928,-0.97607362502483297
88,-0.20833333333333326,0,-0.97800179420311362
89,-0.240797305854548,0,-0.9699639725212148
90,-0.15177689765414382,-0.04761023098747718,-0.9851102309874773
91,-0.10416666666666652,-0.054333530276071428,-0.99183353027607157
92,-0.10416666666666652,0,-0.99454500520423295
93,-0.15381487188531759,0,-0.9871482052186511
94,-0.056843764697506023,-0.056843764697506023,-0.99434376469750618
95,0,-0.059530861316002638,-0.99703086131600271
96,0,0,-1
97,-0.059530861316002638,0,-0.99703086131600271
98,0.047121661462433753,-0.05704500520423287,-0.99454500520423295
99,0.10416666666666674,-0.054333530276071428,-0.99183353027607157
100,0.10416666666666674,0,-0.99454500520423295
101,0.044109687819762593,0,-0.9975569788469042
102,0.16329632706856992,-0.045037006264763473,-0.98253700626476359
103,0.20833333333333348,-0.038573625024832928,-0.97607362502483297
104,0.20833333333333348,0,-0.97800179420311362
105,0.16060444222926942,0,-0.98522889110406409
106,0.29699157298650303,-0.015508427013496973,-0.95300842701349697
107,0.3125,-0.011773449617301437,-0.94927344961730142
108,0.3125,0,-0.94986345933703697
109,0.29592501269160565,0,-0.95407498730839435
110,0.34506194190040651,0,-0.9375
111,0.33290074253689378,-0.083765924129772767,-0.9375
112,-0.31762888050282784,0.09903778616383889,-0.94262888050282789
113,-0.3125,0.097158974045223653,-0.94450769262144307
114,-0.3125,0.10416666666666674,-0.944154743717737
115,-0.3174428643344176,0.10416666666666674,-0.9424428643344176
116,-0.33003202060825115,0.10416666666666674,-0.9375
117,-0.33290074253689378,0.083765924129772948,-0.9375
118,-0.23747400589956058,0.075025994100439433,-0.96664067256622732
119,-0.20833333333333326,0.067388953255526005,-0.97427771341114078
120,-0.20833333333333326,0.10416666666666674,-0.97242956559393701
121,-0.2363274985016956,0.10416666666666674,-0.96549416516836239
122,-0.15105545548646446,0.057277877846868802,-0.98438878881979797
123,-0.10416666666666652,0.049882847235750157,-0.99178381943091654
124,-0.10416666666666652,0.10416666666666674,-0.98905998270215822
125,-0.14903752543068496,0.10416666666666674,-0.98237085876401842
126,-0.05704500520423287,0.047121661462433753,-0.99454500520423295
127,0,0.044109687819762593,-0.9975569788469042
128,0,0.10416666666666674,-0.99454500520423295
129,-0.054333530276071428,0.10416666666666674,-0.99183353027607157
130,0.046839297988098848,0.046839297988098848,-0.99482736867856791
131,0.10416666666666674,0.049882847235750157,-0.99178381943091654
132,0.10416666666666674,0.10416666666666674,-0.98905998270215822
133,0.049882847235750157,0.10416666666666674,-0.99178381943091654
134,0.16453589526346382,0.060369228596797081,-0.98129743806986969
135,0.20833333333333348,0.067388953255526088,-0.97427771341114067
136,0.20833333333333348,0.10416666666666674,-0.9724295655939369
137,0.16716777881972716,0.10416666666666674,-0.97866555451360626
138,0.30291469598649223,0.094581362653158932,-0.94708530401350777
139,0.3125,0.097158974045223653,-0.94450769262144307
140,0.3125,0.10416666666666674,-0.944154743717737
141,0.30357730369898561,0.10416666666666674,-0.94642269630101439
142,0.33003202060825115,0.10416666666666674,-0.9375
143,0.34106631444440294,0.028566314444402965,-0.9375
144,-0.3125,0.14464512361963125,-0.9375
145,-0.22473928295816287,0.19192738370850387,-0.95390594962482966
146,-0.20833333333333326,0.18706115863424677,-0.95877217469908671
147,-0.20833333333333326,0.20833333333333348,-0.95554571027139024
148,-0.2227909012224254,0.20833333333333348,-0.95195756788909214
149,-0.27449648983133146,0.20833333333333348,-0.9375
150,-0.13909623226060353,0.17340376773939647,-0.97242956559393701
151,-0.10416666666666652,0.16716777881972711,-0.97866555451360637
152,-0.10416666666666652,0.20833333333333348,-0.97242956559393701
153,-0.13455773507325758,0.20833333333333348,-0.96789106840659112
154,-0.045037006264763473,0.16329632706856992,-0.98253700626476359
155,0,0.16060444222926942,-0.98522889110406409
156,0,0.20833333333333348,-0.97800179420311362
157,-0.038573625024832928,0.20833333333333348,-0.97607362502483297
158,0.060369228596797081,0.16453589526346382,-0.98129743806986969
159,0.10416666666666674,0.16716777881972716,-0.97866555451360626
160,0.10416666666666674,0.20833333333333348,-0.9724295655939369
161,0.067388953255526088,0.20833333333333348,-0.97427771341114067
162,0.18234833938782868,0.18234833938782868,-0.9634849939455048
163,0.20833333333333348,0.18706115863424677,-0.95877217469908671
164,0.20833333333333348,0.20833333333333348,-0.95554571027139024
165,0.18706115863424677,0.20833333333333348,-0.95877217469908671
166,0.27449648983133157,0.20833333333333348,-0.9375
167,0.28894692248953352,0.18478025582286695,-0.9375
168,0.3125,0.14464512361963125,-0.9375
169,0.32486735474240003,0.11653402140906674,-0.9375
170,-0.20833333333333326,0.27449648983133212,-0.9375
171,-0.11156875000517312,0.30509791666149344,-0.94490208333850656
172,-0.10416666666666652,0.30357730369898561,-0.94642269630101439
173,-0.10416666666666652,0.3125,-0.944154743717737
174,-0.10995471147169311,0.3125,-0.94328804480502659
175,-0.14464512361963161,0.3125,-0.9375
176,-0.015508427013496973,0.29699157298650303,-0.95300842701349697
177,0,0.29592501269160565,-0.95407498730839435
178,0,0.3125,-0.94986345933703697
179,-0.011773449617301437,0.3125,-0.94927344961730142
180,0.094581362653158932,0.30291469598649223,-0.94708530401350777
181,0.10416666666666674,0.30357730369898561,-0.94642269630101439
182,0.10416666666666674,0.3125,-0.944154743717737
183,0.097158974045223653,0.3125,-0.94450769262144307
184,0.14464512361963125,0.3125,-0.9375
185,0.18478025582286695,0.28894692248953352,-0.9375
186,0.20833333333333348,0.27449648983133157,-0.9375
187,0.24185505986465433,0.24185505986465433,-0.9375
188,-0.10416666666666652,0.33003202060825115,-0.9375
189,-0.083765924129772767,0.33290074253689378,-0.9375
190,0,0.34506194190040651,-0.9375
191,0.028566314444402965,0.34106631444440294,-0.9375
192,0.10416666666666674,0.33003202060825115,-0.9375
193,0.11653402140906674,0.32486735474240003,-0.9375
194,-0.11195710291429029,-0.52862376958095703,-0.84112376958095703
195,-0.10416666666666652,-0.52940068863268375,-0.84190068863268375
196,-0.10416666666666652,-0.52083333333333326,-0.84708459169634276
197,-0.11594011628396809,-0.52083333333333326,-0.84510678295063479
198,-0.17933818842084306,-0.52083333333333326,-0.83333333333333326
199,-0.12074165397506105,-0.53740832064172783,-0.83333333333333326
200,-0.10416666666666652,-0.54176999131804615,-0.83333333333333326
201,-0.012103611306070669,-0.532936944639404,-0.845436944639404
202,0,-0.53334072727282955,-0.84584072727282955
203,0,-0.52083333333333326,-0.85340372382667873
204,-0.019001917772629662,-0.52083333333333326,-0.85233525110596298
205,-0.028078887511578401,-0.54891222084491176,-0.83333333333333326
206,0,-0.55138643510584617,-0.83333333333333326
207,0.095302140866937557,-0.52969785913306244,-0.84219785913306244
208,0.10416666666666674,-0.52940068863268364,-0.84190068863268364
209,0.10416666666666674,-0.52083333333333326,-0.84708459169634265
210,0.089591651108552856,-0.52083333333333326,-0.84790834889144717
211,0.081195137418771463,-0.54380486258122851,-0.83333333333333326
212,0.10416666666666674,-0.54176999131804593,-0.83333333333333326
213,0.17933818842084207,-0.52083333333333326,-0.83333333333333326
214,-0.32323218813081744,-0.42739885479748407,-0.8440655214641507
215,-0.3125,-0.43007441058824297,-0.84674107725490966
216,-0.3125,-0.41666666666666663,-0.85340372382667873
217,-0.32695756788909225,-0.41666666666666663,-0.84779090122242551
218,-0.36001287089712369,-0.41666666666666663,-0.83333333333333326
219,-0.33377217469908682,-0.43793884136575345,-0.83333333333333326
220,-0.3125,-0.45381622465660953,-0.83333333333333326
221,-0.23739477543829923,-0.44572810877163255,-0.86239477543829923
222,-0.20833333333333326,-0.4509061860653179,-0.86757285273198459
223,-0.20833333333333326,-0.41666666666666663,-0.88453203301811922
224,-0.24840195928003664,-0.41666666666666663,-0.87340195928003661
225,-0.27001662914370606,-0.47834996247703937,-0.83333333333333326
226,-0.20833333333333326,-0.51133080408272114,-0.83333333333333326
227,-0.1461668573599888,-0.45866685735998891,-0.87533352402665554
228,-0.10416666666666652,-0.46316686001471624,-0.87983352668138293
229,-0.10416666666666652,-0.41666666666666663,-0.90281677060028798
230,-0.16369752798266946,-0.41666666666666663,-0.8928641946493362
231,-0.20126901438017181,-0.51376901438017175,-0.83333333333333326
232,-0.048795966207559709,-0.4654626328742264,-0.88212929954089303
233,0,-0.46721211628083503,-0.88387878294750166
234,0,-0.41666666666666663,-0.90884303340106365
235,-0.071506870617762008,-0.41666666666666663,-0.90484020395109543
236,0.055927591314199172,-0.46490574201913415,-0.88157240868580078
237,0.10416666666666674,-0.46316686001471613,-0.87983352668138282
238,0.10416666666666674,-0.41666666666666663,-0.90281677060028798
239,0.030538315878400547,-0.41666666666666663,-0.9069616841215995
240,0.16991140243663042,-0.45508859756336967,-0.87175526423003635
241,0.20833333333333348,-0.45090618606531785,-0.86757285273198448
242,0.20833333333333348,-0.41666666666666663,-0.88453203301811911
243,0.14665003752296091,-0.41666666666666663,-0.89501662914370583
244,0.20833333333333348,-0.51133080408272069,-0.83333333333333326
245,0.29609405037517034,-0.43307261629149629,-0.84973928295816292
246,0.3125,-0.43007441058824297,-0.84674107725490966
247,0.3125,-0.41666666666666663,-0.85340372382667873
248,0.28442111248842161,-0.41666666666666663,-0.86141222084491176
249,0.23001961328320555,-0.49914705338346116,-0.83333333333333326
250,0.3125,-0.45381622465660953,-0.83333333333333326
251,0.36001287089712375,-0.41666666666666663,-0.83333333333333326
252,-0.42739885479748407,-0.32323218813081744,-0.8440655214641507
253,-0.41666666666666663,-0.32695756788909225,-0.84779090122242551
254,-0.41666666666666663,-0.3125,-0.85340372382667873
255,-0.43007441058824297,-0.3125,-0.84674107725490966
256,-0.45381622465660953,-0.3125,-0.83333333333333326
257,-0.43793884136575345,-0.33377217469908682,-0.83333333333333326
258,-0.41666666666666663,-0.36001287089712369,-0.83333333333333326
259,-0.34852497553595702,-0.34852497553595702,-0.86935830886929033
260,-0.3125,-0.35824153868550818,-0.87907487201884149
261,-0.3125,-0.3125,-0.896755801361933
262,-0.35824153868550818,-0.3125,-0.87907487201884149
263,-0.38889740623302027,-0.38889740623302027,-0.83333333333333326
264,-0.26484884927987679,-0.36901551594654347,-0.88984884927987684
265,-0.20833333333333326,-0.37990956340568072,-0.90074289673901398
266,-0.20833333333333326,-0.3125,-0.92670756838691848
267,-0.28148039212153592,-0.3125,-0.90648039212153586
268,-0.17595999050989897,-0.38429332384323234,-0.90512665717656571
269,-0.10416666666666652,-0.39261631306816891,-0.91344964640150228
270,-0.19924551030224258,-0.3125,-0.92841217696890932
271,-0.08115110638065938,-0.39365110638065948,-0.91448443971399285
272,0,-0.39680031643509206,-0.91763364976842543
273,0.020795837223952444,-0.39587082944271423,-0.9167041627760476
274,0.10416666666666674,-0.39261631306816891,-0.91344964640150228
275,0.13190925600942291,-0.38892407732391049,-0.9097574106572438
276,0.20833333333333348,-0.37990956340568072,-0.90074289673901398
277,0.20833333333333348,-0.3125,-0.92670756838691826
278,0.255454994795767,-0.36954500520423306,-0.89037833853756632
279,0.3125,-0.35824153868550818,-0.87907487201884149
280,0.3125,-0.3125,-0.896755801361933
281,0.22385473682360399,-0.3125,-0.92197859650972946
282,0.39659627617332127,-0.33257039049334541,-0.85340372382667873
283,0.41666666666666674,-0.32695756788909225,-0.84779090122242551
284,0.41666666666666674,-0.3125,-0.85340372382667873
285,0.38314494013534567,-0.3125,-0.86685505986465439
286,0.41666666666666674,-0.36001287089712369,-0.83333333333333326
287,0.45381622465660953,-0.3125,-0.83333333333333326
288,-0.44572810877163255,-0.23739477543829923,-0.86239477543829923
289,-0.41666666666666663,-0.24840195928003664,-0.87340195928003661
290,-0.41666666666666663,-0.20833333333333326,-0.88453203301811922
291,-0.4509061860653179,-0.20833333333333326,-0.86757285273198459
292,-0.51133080408272114,-0.20833333333333326,-0.83333333333333326
293,-0.47834996247703937,-0.27001662914370606,-0.83333333333333326
294,-0.36901551594654347,-0.26484884927987679,-0.88984884927987684
295,-0.3125,-0.28148039212153592,-0.90648039212153586
296,-0.3125,-0.20833333333333326,-0.92670756838691848
297,-0.37990956340568072,-0.20833333333333326,-0.90074289673901398
298,-0.28761578502354956,-0.28761578502354956,-0.91261578502354956
299,-0.20833333333333326,-0.30429118963196633,-0.92929118963196633
300,-0.30429118963196633,-0.20833333333333326,-0.92929118963196633
301,-0.20118056658168126,-0.305347233248348,-0.930347233248348
302,0.20833333333333348,-0.30429118963196616,-0.92929118963196611
303,0.21912576494641517,-0.30170756838691826,-0.92670756838691826
304,0.3125,-0.28148039212153592,-0.90648039212153586
305,0.3125,-0.20833333333333326,-0.92670756838691848
306,0.3589434556669191,-0.2660565443330809,-0.8910565443330809
307,0.41666666666666674,-0.24840195928003658,-0.87340195928003661
308,0.41666666666666674,-0.20833333333333326,-0.88453203301811911
309,0.33123471833902685,-0.20833333333333326,-0.91876528166097315
310,0.51133080408272091,-0.20833333333333326,-0.83333333333333326
311,0.49914705338346133,-0.23001961328320539,-0.83333333333333326
312,-0.52862376958095703,-0.11195710291429029,-0.84112376958095703
313,-0.52083333333333326,-0.11594011628396809,-0.84510678295063479
314,-0.52083333333333326,-0.10416666666666652,-0.84708459169634276
315,-0.52940068863268375,-0.10416666666666652,-0.84190068863268375
316,-0.54176999131804615,-0.10416666666666652,-0.83333333333333326
317,-0.53740832064172783,-0.12074165397506105,-0.83333333333333326
318,-0.52083333333333326,-0.17933818842084306,-0.83333333333333326
319,-0.45866685735998891,-0.1461668573599888,-0.87533352402665554
320,-0.41666666666666663,-0.16369752798266946,-0.8928641946493362
321,-0.41666666666666663,-0.10416666666666652,-0.90281677060028798
322,-0.46316686001471624,-0.10416666666666652,-0.87983352668138293
323,-0.51376901438017175,-0.20126901438017181,-0.83333333333333326
324,-0.38429332384323234,-0.17595999050989897,-0.90512665717656571
325,-0.3125,-0.19924551030224258,-0.92841217696890932
326,-0.39261631306816891,-0.10416666666666652,-0.91344964640150228
327,-0.305347233248348,-0.20118056658168126,-0.930347233248348
328,0.3125,-0.19924551030224258,-0.92841217696890932
329,0.32678512957612482,-0.19404820375720841,-0.92321487042387518
330,0.41666666666666674,-0.16369752798266946,-0.8928641946493362
331,0.41666666666666674,-0.10416666666666652,-0.90281677060028798
332,0.49989667534862081,-0.12510332465137919,-0.85426999131804593
333,0.52083333333333348,-0.11594011628396798,-0.84510678295063468
334,0.52083333333333348,-0.10416666666666652,-0.84708459169634265
335,0.49226701888893054,-0.10416666666666652,-0.8618996477777362
336,0.52083333333333348,-0.17933818842084184,-0.83333333333333326
337,0.54176999131804615,-0.10416666666666652,-0.83333333333333326
338,-0.532936944639404,-0.012103611306070669,-0.845436944639404
339,-0.52083333333333326,-0.019001917772629662,-0.85233525110596298
340,-0.52083333333333326,0,-0.85340372382667873
341,-0.53334072727282955,0,-0.84584072727282955
342,-0.55138643510584617,0,-0.83333333333333326
343,-0.54891222084491176,-0.028078887511578401,-0.83333333333333326
344,-0.4654626328742264,-0.048795966207559709,-0.88212929954089303
345,-0.41666666666666663,-0.071506870617762008,-0.90484020395109543
346,-0.41666666666666663,0,-0.90884303340106365
347,-0.46721211628083503,0,-0.88387878294750166
348,-0.39365110638065948,-0.08115110638065938,-0.91448443971399285
349,-0.39680031643509206,0,-0.91763364976842543
350,0.41666666666666674,-0.071506870617761981,-0.90484020395109543
351,0.41666666666666674,0,-0.90884303340106354
352,0.48368377534339085,-0.037149557989942544,-0.87048289132327583
353,0.52083333333333348,-0.019001917772629523,-0.85233525110596275
354,0.52083333333333348,0,-0.85340372382667862
355,0.4791495430920174,0,-0.87501712357464934
356,0.55138643510584617,0,-0.83333333333333326
357,0.54380486258122873,-0.081195137418771296,-0.83333333333333326
358,-0.52969785913306255,0.095302140866937474,-0.84219785913306255
359,-0.52083333333333326,0.089591651108552731,-0.84790834889144728
360,-0.52083333333333326,0.10416666666666674,-0.84708459169634276
361,-0.52940068863268375,0.10416666666666674,-0.84190068863268375
362,-0.54176999131804615,0.10416666666666674,-0.83333333333333326
363,-0.54380486258122873,0.081195137418771296,-0.83333333333333326
364,-0.46490574201913415,0.055927591314199172,-0.88157240868580078
365,-0.41666666666666663,0.030538315878400547,-0.9069616841215995
366,-0.41666666666666663,0.10416666666666674,-0.90281677060028798
367,-0.46316686001471624,0.10416666666666674,-0.87983352668138293
368,-0.39587082944271423,0.020795837223952444,-0.9167041627760476
369,-0.39261631306816891,0.10416666666666674,-0.91344964640150228
370,0.41666666666666674,0.030538315878400588,-0.90696168412159939
371,0.41666666666666674,0.10416666666666674,-0.90281677060028798
372,0.48827139143292719,0.071604724766260439,-0.86589527523373955
373,0.52083333333333348,0.089591651108552967,-0.84790834889144706
374,0.52083333333333348,0.10416666666666674,-0.84708459169634254
375,0.49226701888893071,0.10416666666666674,-0.86189964777773598
376,0.54176999131804593,0.10416666666666674,-0.83333333333333326
377,0.54891222084491176,0.028078887511578339,-0.83333333333333326
378,-0.52083333333333326,0.17933818842084226,-0.83333333333333326
379,-0.45508859756336972,0.16991140243663033,-0.87175526423003635
380,-0.41666666666666663,0.14665003752296091,-0.89501662914370583
381,-0.41666666666666663,0.20833333333333348,-0.88453203301811911
382,-0.45090618606531785,0.20833333333333348,-0.86757285273198448
383,-0.51133080408272069,0.20833333333333348,-0.83333333333333326
384,-0.38892407732391049,0.13190925600942291,-0.9097574106572438
385,-0.3125,0.20833333333333348,-0.92670756838691826
386,-0.37990956340568072,0.20833333333333348,-0.90074289673901398
387,-0.30429118963196616,0.20833333333333348,-0.92929118963196611
388,0.3125,0.20833333333333348,-0.92670756838691826
389,0.41666666666666674,0.14665003752296091,-0.89501662914370583
390,0.41666666666666674,0.20833333333333348,-0.884532033018119
391,0.33123471833902718,0.20833333333333348,-0.91876528166097282
392,0.51133080408272091,0.20833333333333348,-0.83333333333333326
393,0.51376901438017164,0.2012690143801717,-0.83333333333333326
394,0.52083333333333348,0.17933818842084187,-0.83333333333333326
395,0.53740832064172772,0.12074165397506101,-0.83333333333333326
396,-0.43307261629149629,0.29609405037517034,-0.84973928295816292
397,-0.41666666666666663,0.28442111248842161,-0.86141222084491176
398,-0.41666666666666663,0.3125,-0.85340372382667873
399,-0.43007441058824297,0.3125,-0.84674107725490966
400,-0.45381622465660953,0.3125,-0.83333333333333326
401,-0.49914705338346116,0.23001961328320555,-0.83333333333333326
402,-0.36954500520423306,0.255454994795767,-0.89037833853756632
403,-0.3125,0.22385473682360399,-0.92197859650972946
404,-0.3125,0.3125,-0.896755801361933
405,-0.35824153868550818,0.3125,-0.87907487201884149
406,-0.30170756838691826,0.21912576494641517,-0.92670756838691826
407,-0.20833333333333326,0.3125,-0.92670756838691848
408,-0.28148039212153592,0.3125,-0.90648039212153586
409,-0.19924551030224258,0.3125,-0.92841217696890932
410,0.20833333333333348,0.3125,-0.92670756838691826
411,0.3125,0.22385473682360399,-0.92197859650972946
412,0.3125,0.3125,-0.896755801361933
413,0.22385473682360399,0.3125,-0.92197859650972946
414,0.35050351016866838,0.24633684350200177,-0.89949648983133168
415,0.41666666666666674,0.28442111248842167,-0.86141222084491165
416,0.41666666666666674,0.3125,-0.85340372382667873
417,0.38314494013534567,0.3125,-0.86685505986465439
418,0.45381622465660953,0.3125,-0.83333333333333326
419,0.47834996247703931,0.27001662914370594,-0.83333333333333326
420,-0.41666666666666663,0.36001287089712375,-0.83333333333333326
421,-0.33257039049334541,0.39659627617332127,-0.85340372382667873
422,-0.3125,0.38314494013534567,-0.86685505986465439
423,-0.3125,0.41666666666666674,-0.85340372382667873
424,-0.32695756788909225,0.41666666666666674,-0.84779090122242551
425,-0.36001287089712369,0.41666666666666674,-0.83333333333333326
426,-0.2660565443330809,0.3589434556669191,-0.8910565443330809
427,-0.20833333333333326,0.33123471833902685,-0.91876528166097315
428,-0.20833333333333326,0.41666666666666674,-0.88453203301811911
429,-0.24840195928003658,0.41666666666666674,-0.87340195928003661
430,-0.19404820375720841,0.32678512957612482,-0.92321487042387518
431,-0.10416666666666652,0.41666666666666674,-0.90281677060028798
432,-0.16369752798266946,0.41666666666666674,-0.8928641946493362
433,0,0.41666666666666674,-0.90884303340106354
434,-0.071506870617761981,0.41666666666666674,-0.90484020395109543
435,0.10416666666666674,0.41666666666666674,-0.90281677060028798
436,0.030538315878400547,0.41666666666666674,-0.9069616841215995
437,0.20833333333333348,0.33123471833902718,-0.91876528166097282
438,0.20833333333333348,0.41666666666666674,-0.884532033018119
439,0.14665003752296091,0.41666666666666674,-0.89501662914370583
440,0.24633684350200177,0.35050351016866838,-0.89949648983133168
441,0.3125,0.38314494013534567,-0.86685505986465439
442,0.3125,0.41666666666666674,-0.85340372382667873
443,0.28442111248842167,0.41666666666666674,-0.86141222084491165
444,0.36001287089712347,0.41666666666666674,-0.83333333333333326
445,0.3888974062330201,0.3888974062330201,-0.83333333333333326
446,0.41666666666666674,0.36001287089712347,-0.83333333333333326
447,0.43793884136575356,0.33377217469908682,-0.83333333333333326
448,-0.3125,0.45381622465660953,-0.83333333333333326
449,-0.23001961328320539,0.49914705338346133,-0.83333333333333326
450,-0.20833333333333326,0.51133080408272091,-0.83333333333333326
451,-0.12510332465137919,0.49989667534862081,-0.85426999131804593
452,-0.10416666666666652,0.49226701888893054,-0.8618996477777362
453,-0.10416666666666652,0.52083333333333348,-0.84708459169634265
454,-0.11594011628396798,0.52083333333333348,-0.84510678295063468
455,-0.17933818842084184,0.52083333333333348,-0.83333333333333326
456,-0.037149557989942544,0.48368377534339085,-0.87048289132327583
457,0,0.4791495430920174,-0.87501712357464934
458,0,0.52083333333333348,-0.85340372382667862
459,-0.019001917772629523,0.52083333333333348,-0.85233525110596275
460,0.071604724766260439,0.48827139143292719,-0.86589527523373955
461,0.10416666666666674,0.49226701888893071,-0.86189964777773598
462,0.10416666666666674,0.52083333333333348,-0.84708459169634254
463,0.089591651108552967,0.52083333333333348,-0.84790834889144706
464,0.17933818842084187,0.52083333333333348,-0.83333333333333326
465,0.2012690143801717,0.51376901438017164,-0.83333333333333326
466,0.20833333333333348,0.51133080408272091,-0.83333333333333326
467,0.27001662914370594,0.47834996247703931,-0.83333333333333326
468,0.3125,0.45381622465660953,-0.83333333333333326
469,0.33377217469908682,0.43793884136575356,-0.83333333333333326
470,-0.10416666666666652,0.54176999131804615,-0.83333333333333326
471,-0.081195137418771296,0.54380486258122873,-0.83333333333333326
472,0,0.55138643510584617,-0.83333333333333326
473,0.028078887511578339,0.54891222084491176,-0.83333333333333326
474,0.10416666666666674,0.54176999131804593,-0.83333333333333326
475,0.12074165397506101,0.53740832064172772,-0.83333333333333326
476,-0.2190655214641507,-0.63573218813081744,-0.73989885479748407
477,-0.20833333333333326,-0.63750739393949629,-0.74167406060616292
478,-0.20833333333333326,-0.625,-0.75180059557138423
479,-0.2255182642465354,-0.625,-0.74635159757986869
480,-0.27449648983133218,-0.625,-0.72916666666666663
481,-0.22733525110596298,-0.64400191777262972,-0.72916666666666663
482,-0.20833333333333326,-0.65098499394550502,-0.72916666666666663
483,-0.1261999103034902,-0.64703324363682369,-0.75119991030349031
484,-0.10416666666666652,-0.64922447329005517,-0.75339113995672191
485,-0.10416666666666652,-0.625,-0.77296410473653643
486,-0.14094438007780735,-0.625,-0.76594438007780741
487,-0.145332221180273,-0.66616555451360648,-0.72916666666666663
488,-0.10416666666666652,-0.67527397855461613,-0.72916666666666663
489,-0.027190303128285187,-0.65219030312828519,-0.75635696979495182
490,0,-0.6530949579027211,-0.75726162456938773
491,0,-0.625,-0.77994570984085299
492,-0.047728891104064149,-0.625,-0.77689555777073083
493,-0.054264223539607942,-0.67926422353960803,-0.72916666666666663
494,0,-0.68328481176800193,-0.72916666666666663
495,0.079104087421994096,-0.65006257924467259,-0.75422924591133922
496,0.10416666666666674,-0.64922447329005517,-0.75339113995672191
497,0.10416666666666674,-0.625,-0.77296410473653643
498,0.057361959808022972,-0.625,-0.77597137352531032
499,0.049845923541642773,-0.67932074312502388,-0.72916666666666663
500,0.10416666666666674,-0.67527397855461613,-0.72916666666666663
501,0.19442160286629728,-0.6389117304670362,-0.74307839713370283
502,0.20833333333333348,-0.63750739393949618,-0.74167406060616292
503,0.20833333333333348,-0.625,-0.75180059557138412
504,0.18025444582175515,-0.625,-0.75724555417824491
505,0.17481160680201241,-0.65852172653132102,-0.72916666666666663
506,0.20833333333333348,-0.6509849939455048,-0.72916666666666663
507,0.27449648983133212,-0.625,-0.72916666666666663
508,-0.42362750700850327,-0.5277941736751699,-0.73612750700850327
509,-0.41666666666666663,-0.53001779933603121,-0.73835113266936458
510,-0.41666666666666663,-0.52083333333333326,-0.74467509368016371
511,-0.42657070197719232,-0.52083333333333326,-0.73907070197719238
512,-0.44212493333068525,-0.52083333333333326,-0.72916666666666663
513,-0.42844011628396805,-0.53260678295063468,-0.72916666666666663
514,-0.41666666666666663,-0.54176999131804593,-0.72916666666666663
515,-0.34322270858737097,-0.55155604192070429,-0.75988937525403766
516,-0.3125,-0.55918023177078968,-0.76751356510412294
517,-0.3125,-0.52083333333333326,-0.79379599072348195
518,-0.35737085876401853,-0.52083333333333326,-0.77403752543068516
519,-0.3667838194309167,-0.57511715276425002,-0.72916666666666663
520,-0.3125,-0.60801784956708782,-0.72916666666666663
521,-0.25808318664121138,-0.57058318664121144,-0.7789165199745447
522,-0.20833333333333326,-0.57940479560956404,-0.78773812894289741
523,-0.20833333333333326,-0.52083333333333326,-0.82773287654728733
524,-0.28328168609709253,-0.52083333333333326,-0.80411501943042585
525,-0.3009977803692076,-0.61349778036920766,-0.72916666666666663
526,-0.16782329296339479,-0.58448995963006156,-0.79282329296339482
527,-0.10416666666666652,-0.59127711858341592,-0.79961045191674929
528,-0.20370961010641297,-0.52083333333333326,-0.82870961010641297
529,-0.071793323843232282,-0.59262665717656571,-0.80095999050989897
530,0,-0.59518858130281627,-0.80352191463614953
531,0.031100423396407364,-0.5938995766035926,-0.80223290993692598
532,0.10416666666666674,-0.59127711858341592,-0.79961045191674918
533,0.14263762655149398,-0.58652904011517271,-0.79486237344850608
534,0.20833333333333348,-0.57940479560956404,-0.78773812894289741
535,0.20833333333333348,-0.52083333333333326,-0.82773287654728711
536,0.26561121118020203,-0.56772212215313134,-0.77605545548646471
537,0.3125,-0.55918023177078968,-0.76751356510412294
538,0.3125,-0.52083333333333326,-0.79379599072348195
539,0.21686072972055284,-0.52083333333333326,-0.82480593694611393
540,0.3125,-0.60801784956708782,-0.72916666666666663
541,0.40430320732962977,-0.53319679267037023,-0.7415301260037036
542,0.41666666666666674,-0.53001779933603121,-0.73835113266936458
543,0.41666666666666674,-0.52083333333333326,-0.74467509368016371
544,0.38810035222226363,-0.52083333333333326,-0.75773298111106968
545,0.36013563607532528,-0.57736436392467472,-0.72916666666666663
546,0.41666666666666674,-0.54176999131804593,-0.72916666666666663
547,0.44212493333068525,-0.52083333333333326,-0.72916666666666663
548,-0.5277941736751699,-0.42362750700850332,-0.73612750700850338
549,-0.52083333333333326,-0.42657070197719243,-0.73907070197719238
550,-0.52083333333333326,-0.41666666666666663,-0.74467509368016382
551,-0.53001779933603133,-0.41666666666666663,-0.73835113266936458
552,-0.54176999131804615,-0.41666666666666663,-0.72916666666666663
553,-0.53260678295063479,-0.42844011628396816,-0.72916666666666663
554,-0.52083333333333326,-0.44212493333068542,-0.72916666666666663
555,-0.45393386032581684,-0.45393386032581684,-0.76643386032581684
556,-0.41666666666666663,-0.46678893428635315,-0.77928893428635315
557,-0.41666666666666663,-0.41666666666666663,-0.80749149571305312
558,-0.46678893428635315,-0.41666666666666663,-0.77928893428635315
559,-0.48246484156620217,-0.48246484156620217,-0.72916666666666663
560,-0.37569034419578407,-0.47985701086245069,-0.79235701086245069
561,-0.3125,-0.49678297973483571,-0.80928297973483565
562,-0.39941997473324509,-0.41666666666666663,-0.81608664139991172
563,-0.29291436639436214,-0.50124769972769545,-0.81374769972769545
564,-0.20833333333333326,-0.51743253842288961,-0.82993253842288961
565,-0.20534115295846458,-0.51784115295846456,-0.83034115295846456
566,0.20833333333333348,-0.51743253842288939,-0.82993253842288939
567,0.21269983957611296,-0.5164668270905538,-0.8289668270905538
568,0.3125,-0.49678297973483571,-0.80928297973483565
569,0.34718322939971191,-0.4861501039336214,-0.79865010393362135
570,0.41666666666666674,-0.46678893428635315,-0.77928893428635315
571,0.41666666666666674,-0.41666666666666663,-0.80749149571305301
572,0.5053249063198364,-0.43217509368016366,-0.74467509368016371
573,0.52083333333333348,-0.42657070197719232,-0.73907070197719238
574,0.52083333333333348,-0.41666666666666663,-0.7446750936801636
575,0.48294440231344854,-0.41666666666666663,-0.76705559768655152
576,0.52083333333333348,-0.44212493333068514,-0.72916666666666663
577,0.54176999131804615,-0.41666666666666663,-0.72916666666666663
578,-0.55155604192070429,-0.34322270858737097,-0.75988937525403766
579,-0.52083333333333326,-0.35737085876401853,-0.77403752543068516
580,-0.52083333333333326,-0.3125,-0.79379599072348195
581,-0.55918023177078968,-0.3125,-0.76751356510412294
582,-0.60801784956708782,-0.3125,-0.72916666666666663
583,-0.57511715276425002,-0.3667838194309167,-0.72916666666666663
584,-0.47985701086245064,-0.37569034419578401,-0.79235701086245069
585,-0.41666666666666663,-0.39941997473324509,-0.81608664139991172
586,-0.49678297973483565,-0.3125,-0.80928297973483565
587,-0.40387946160127836,-0.40387946160127836,-0.82054612826794493
588,0.41666666666666674,-0.39941997473324509,-0.81608664139991172
589,0.44665934242809513,-0.3866739909052383,-0.80334065757190487
590,0.52083333333333348,-0.35737085876401842,-0.77403752543068505
591,0.52083333333333348,-0.3125,-0.79379599072348173
592,0.60801784956708782,-0.3125,-0.72916666666666663
593,0.57736436392467483,-0.36013563607532528,-0.72916666666666663
594,-0.63573218813081744,-0.2190655214641507,-0.73989885479748407
595,-0.625,-0.2255182642465354,-0.74635159757986869
596,-0.625,-0.20833333333333326,-0.75180059557138423
597,-0.63750739393949629,-0.20833333333333326,-0.74167406060616292
598,-0.65098499394550502,-0.20833333333333326,-0.72916666666666663
599,-0.64400191777262972,-0.22733525110596298,-0.72916666666666663
600,-0.625,-0.27449648983133218,-0.72916666666666663
601,-0.57058318664121144,-0.25808318664121138,-0.7789165199745447
602,-0.52083333333333326,-0.28328168609709253,-0.80411501943042585
603,-0.52083333333333326,-0.20833333333333326,-0.82773287654728733
604,-0.57940479560956404,-0.20833333333333326,-0.78773812894289741
605,-0.61349778036920766,-0.3009977803692076,-0.72916666666666663
606,-0.50124769972769545,-0.29291436639436214,-0.81374769972769545
607,-0.51743253842288961,-0.20833333333333326,-0.82993253842288961
608,0.52083333333333348,-0.28328168609709237,-0.80411501943042563
609,0.52083333333333348,-0.20833333333333326,-0.827732876547287
610,0.58785044201005732,-0.24548289132327605,-0.76631622465660931
611,0.625,-0.2255182642465354,-0.74635159757986869
612,0.625,-0.20833333333333326,-0.75180059557138423
613,0.54251961328320553,-0.20833333333333326,-0.81164705338346121
614,0.625,-0.27449648983133218,-0.72916666666666663
615,0.65098499394550502,-0.20833333333333326,-0.72916666666666663
616,-0.64703324363682369,-0.1261999103034902,-0.75119991030349031
617,-0.625,-0.14094438007780735,-0.76594438007780741
618,-0.625,-0.10416666666666652,-0.77296410473653643
619,-0.64922447329005517,-0.10416666666666652,-0.75339113995672191
620,-0.67527397855461613,-0.10416666666666652,-0.72916666666666663
621,-0.66616555451360648,-0.145332221180273,-0.72916666666666663
622,-0.58448995963006156,-0.16782329296339479,-0.79282329296339482
623,-0.52083333333333326,-0.20370961010641297,-0.82870961010641297
624,-0.59127711858341592,-0.10416666666666652,-0.79961045191674929
625,-0.51784115295846456,-0.20534115295846458,-0.83034115295846456
626,0.52083333333333348,-0.20370961010641275,-0.82870961010641275
627,0.53312132736539253,-0.19604533930127416,-0.82104533930127421
628,0.625,-0.14094438007780735,-0.76594438007780741
629,0.625,-0.10416666666666652,-0.77296410473653643
630,0.67527397855461602,-0.10416666666666652,-0.72916666666666663
631,0.65852172653132102,-0.17481160680201219,-0.72916666666666663
632,-0.65219030312828519,-0.027190303128285187,-0.75635696979495182
633,-0.625,-0.047728891104064149,-0.77689555777073083
634,-0.625,0,-0.77994570984085299
635,-0.6530949579027211,0,-0.75726162456938773
636,-0.68328481176800193,0,-0.72916666666666663
637,-0.67926422353960803,-0.054264223539607942,-0.72916666666666663
638,-0.59262665717656571,-0.071793323843232282,-0.80095999050989897
639,-0.59518858130281627,0,-0.80352191463614953
640,0.625,-0.047728891104064149,-0.77689555777073083
641,0.625,0,-0.77994570984085299
642,0.68328481176800182,0,-0.72916666666666663
643,0.67932074312502377,-0.049845923541642849,-0.72916666666666663
644,-0.65006257924467259,0.079104087421994096,-0.75422924591133922
645,-0.625,0.057361959808022972,-0.77597137352531032
646,-0.625,0.10416666666666674,-0.77296410473653643
647,-0.64922447329005517,0.10416666666666674,-0.75339113995672191
648,-0.67527397855461602,0.10416666666666674,-0.72916666666666663
649,-0.67932074312502388,0.049845923541642773,-0.72916666666666663
650,-0.5938995766035926,0.031100423396407343,-0.80223290993692598
651,-0.59127711858341592,0.10416666666666674,-0.79961045191674929
652,0.625,0.057361959808022972,-0.77597137352531032
653,0.625,0.10416666666666674,-0.77296410473653643
654,0.67527397855461602,0.10416666666666674,-0.72916666666666663
655,0.67926422353960791,0.054264223539607893,-0.72916666666666663
656,-0.6389117304670362,0.19442160286629728,-0.74307839713370283
657,-0.625,0.18025444582175515,-0.75724555417824491
658,-0.625,0.20833333333333348,-0.75180059557138412
659,-0.63750739393949618,0.20833333333333348,-0.74167406060616292
660,-0.6509849939455048,0.20833333333333348,-0.72916666666666663
661,-0.65852172653132091,0.17481160680201255,-0.72916666666666663
662,-0.58652904011517271,0.14263762655149398,-0.79486237344850608
663,-0.52083333333333326,0.20833333333333348,-0.82773287654728711
664,-0.57940479560956404,0.20833333333333348,-0.78773812894289741
665,-0.51743253842288939,0.20833333333333348,-0.82993253842288939
666,0.52083333333333348,0.20833333333333348,-0.827732876547287
667,0.625,0.18025444582175515,-0.75724555417824491
668,0.625,0.20833333333333348,-0.75180059557138412
669,0.54251961328320564,0.20833333333333348,-0.81164705338346099
670,0.6509849939455048,0.20833333333333348,-0.72916666666666663
671,0.66616555451360637,0.14533222118027311,-0.72916666666666663
672,-0.625,0.27449648983133212,-0.72916666666666663
673,-0.56772212215313134,0.26561121118020203,-0.77605545548646471
674,-0.52083333333333326,0.21686072972055284,-0.82480593694611393
675,-0.52083333333333326,0.3125,-0.79379599072348195
676,-0.55918023177078968,0.3125,-0.76751356510412294
677,-0.60801784956708782,0.3125,-0.72916666666666663
678,-0.5164668270905538,0.21269983957611296,-0.8289668270905538
679,-0.49678297973483565,0.3125,-0.80928297973483565
680,0.52083333333333348,0.21686072972055287,-0.82480593694611382
681,0.52083333333333348,0.3125,-0.79379599072348173
682,0.60801784956708782,0.3125,-0.72916666666666663
683,0.61349778036920766,0.3009977803692076,-0.72916666666666663
684,0.625,0.27449648983133212,-0.72916666666666663
685,0.64400191777262961,0.227335251105963,-0.72916666666666663
686,-0.53319679267037023,0.40430320732962977,-0.7415301260037036
687,-0.52083333333333326,0.38810035222226363,-0.75773298111106968
688,-0.52083333333333326,0.41666666666666674,-0.74467509368016371
689,-0.53001779933603121,0.41666666666666674,-0.73835113266936458
690,-0.54176999131804593,0.41666666666666674,-0.72916666666666663
691,-0.57736436392467472,0.36013563607532528,-0.72916666666666663
692,-0.4861501039336214,0.34718322939971191,-0.79865010393362135
693,-0.41666666666666663,0.41666666666666674,-0.80749149571305301
694,-0.46678893428635315,0.41666666666666674,-0.77928893428635315
695,-0.39941997473324509,0.41666666666666674,-0.81608664139991172
696,0.41666666666666674,0.41666666666666674,-0.8074914957130529
697,0.52083333333333348,0.38810035222226397,-0.75773298111106935
698,0.52083333333333348,0.41666666666666674,-0.74467509368016349
699,0.48294440231344904,0.41666666666666674,-0.76705559768655107
700,0.54176999131804593,0.41666666666666674,-0.72916666666666663
701,0.57511715276425002,0.3667838194309167,-0.72916666666666663
702,-0.52083333333333326,0.44212493333068525,-0.72916666666666663
703,-0.43217509368016355,0.50532490631983651,-0.74467509368016349
704,-0.41666666666666663,0.48294440231344876,-0.76705559768655129
705,-0.41666666666666663,0.52083333333333348,-0.74467509368016349
706,-0.42657070197719227,0.52083333333333348,-0.73907070197719227
707,-0.44212493333068498,0.52083333333333348,-0.72916666666666663
708,-0.3866739909052383,0.44665934242809513,-0.80334065757190487
709,-0.3125,0.52083333333333348,-0.79379599072348173
710,-0.35737085876401842,0.52083333333333348,-0.77403752543068505
711,-0.20833333333333326,0.52083333333333348,-0.827732876547287
712,-0.28328168609709237,0.52083333333333348,-0.80411501943042563
713,-0.20370961010641275,0.52083333333333348,-0.82870961010641275
714,0.20833333333333348,0.52083333333333348,-0.827732876547287
715,0.3125,0.52083333333333348,-0.79379599072348173
716,0.21686072972055287,0.52083333333333348,-0.82480593694611382
717,0.41666666666666674,0.48294440231344904,-0.76705559768655107
718,0.41666666666666674,0.52083333333333348,-0.74467509368016349
719,0.38810035222226397,0.52083333333333348,-0.75773298111106935
720,0.44212493333068509,0.52083333333333348,-0.72916666666666663
721,0.48246484156620217,0.48246484156620217,-0.72916666666666663
722,0.52083333333333348,0.44212493333068509,-0.72916666666666663
723,0.53260678295063479,0.42844011628396811,-0.72916666666666663
724,-0.41666666666666663,0.54176999131804593,-0.72916666666666663
725,-0.3601356360753255,0.5773643639246745,-0.72916666666666663
726,-0.3125,0.60801784956708782,-0.72916666666666663
727,-0.24548289132327605,0.58785044201005732,-0.76631622465660931
728,-0.20833333333333326,0.54251961328320553,-0.81164705338346121
729,-0.20833333333333326,0.625,-0.75180059557138423
730,-0.2255182642465354,0.625,-0.74635159757986869
731,-0.27449648983133218,0.625,-0.72916666666666663
732,-0.19604533930127416,0.53312132736539253,-0.82104533930127421
733,-0.10416666666666652,0.625,-0.77296410473653643
734,-0.14094438007780735,0.625,-0.76594438007780741
735,0,0.625,-0.77994570984085299
736,-0.047728891104064149,0.625,-0.77689555777073083
737,0.10416666666666674,0.625,-0.77296410473653643
738,0.057361959808022972,0.625,-0.77597137352531032
739,0.20833333333333348,0.54251961328320564,-0.81164705338346099
740,0.20833333333333348,0.625,-0.75180059557138412
741,0.18025444582175515,0.625,-0.75724555417824491
742,0.27449648983133212,0.625,-0.72916666666666663
743,0.3009977803692076,0.61349778036920766,-0.72916666666666663
744,0.3125,0.60801784956708782,-0.72916666666666663
745,0.3667838194309167,0.57511715276425002,-0.72916666666666663
746,0.41666666666666674,0.54176999131804593,-0.72916666666666663
747,0.42844011628396811,0.53260678295063479,-0.72916666666666663
748,-0.20833333333333326,0.65098499394550491,-0.72916666666666663
749,-0.17481160680201219,0.65852172653132102,-0.72916666666666663
750,-0.10416666666666652,0.67527397855461602,-0.72916666666666663
751,-0.049845923541642849,0.67932074312502377,-0.72916666666666663
752,0,0.68328481176800182,-0.72916666666666663
753,0.054264223539607893,0.67926422353960791,-0.72916666666666663
754,0.10416666666666674,0.67527397855461602,-0.72916666666666663
755,0.14533222118027311,0.66616555451360637,-0.72916666666666663
756,0.20833333333333348,0.6509849939455048,-0.72916666666666663
757,0.227335251105963,0.64400191777262961,-0.72916666666666663
758,-0.2190655214641507,-0.73989885479748407,-0.63573218813081744
759,-0.20833333333333326,-0.74167406060616292,-0.63750739393949629
760,-0.20833333333333326,-0.72916666666666663,-0.65098499394550502
761,-0.22733525110596298,-0.72916666666666663,-0.64400191777262972
762,-0.27449648983133218,-0.72916666666666663,-0.625
763,-0.22551826424653543,-0.7463515975798688,-0.625
764,-0.20833333333333326,-0.75180059557138423,-0.625
765,-0.1261999103034902,-0.75119991030349031,-0.64703324363682369
766,-0.10416666666666652,-0.75339113995672191,-0.64922447329005517
767,-0.10416666666666652,-0.72916666666666663,-0.67527397855461613
768,-0.145332221180273,-0.72916666666666663,-0.66616555451360648
769,-0.14094438007780735,-0.76594438007780741,-0.625
770,-0.10416666666666652,-0.77296410473653643,-0.625
771,-0.027190303128285187,-0.75635696979495182,-0.65219030312828519
772,0,-0.75726162456938773,-0.6530949579027211
773,0,-0.72916666666666663,-0.68328481176800193
774,-0.054264223539607942,-0.72916666666666663,-0.67926422353960803
775,-0.047728891104064149,-0.77689555777073083,-0.625
776,0,-0.77994570984085321,-0.625
777,0.079104087421994096,-0.75422924591133922,-0.65006257924467259
778,0.10416666666666674,-0.75339113995672191,-0.64922447329005517
779,0.10416666666666674,-0.72916666666666663,-0.67527397855461613
780,0.049845923541642773,-0.72916666666666663,-0.67932074312502388
781,0.057361959808022833,-0.77597137352531054,-0.625
782,0.10416666666666674,-0.77296410473653643,-0.625
783,0.19442160286629723,-0.74307839713370294,-0.6389117304670362
784,0.20833333333333348,-0.74167406060616292,-0.63750739393949629
785,0.20833333333333348,-0.72916666666666663,-0.65098499394550502
786,0.17481160680201224,-0.72916666666666663,-0.65852172653132124
787,0.18025444582175501,-0.75724555417824502,-0.625
788,0.20833333333333348,-0.75180059557138423,-0.625
789,0.27449648983133224,-0.72916666666666663,-0.625
790,-0.4300198768482757,-0.63835321018160907,-0.63835321018160907
791,-0.41666666666666663,-0.64261242629695159,-0.64261242629695159
792,-0.41666666666666663,-0.625,-0.65912338586721952
793,-0.43728523202156078,-0.625,-0.64561856535489415
794,-0.46544608548893146,-0.625,-0.625
795,-0.43728523202156078,-0.64561856535489415,-0.625
796,-0.41666666666666663,-0.65912338586721952,-0.625
797,-0.34976719365915021,-0.66226719365915021,-0.66226719365915021
798,-0.3125,-0.67150019334804956,-0.67150019334804956
799,-0.3125,-0.625,-0.71488153709054181
800,-0.37203086131600283,-0.625,-0.68453086131600283
801,-0.37203086131600283,-0.68453086131600283,-0.625
802,-0.3125,-0.71488153709054181,-0.625
803,-0.26484015231850649,-0.68150681898517318,-0.68150681898517318
804,-0.20833333333333326,-0.69150907176296605,-0.69150907176296605
805,-0.30233869526569856,-0.625,-0.71900536193236519
806,-0.30233869526569856,-0.71900536193236519,-0.625
807,-0.17488317293141425,-0.69571650626474768,-0.69571650626474768
808,-0.10416666666666652,-0.70324305298659973,-0.70324305298659973
809,-0.079282451690216221,-0.7042824516902163,-0.7042824516902163
810,0,-0.70710678118654757,-0.70710678118654757
811,0.023015560286007073,-0.70615110638065959,-0.70615110638065959
812,0.10416666666666674,-0.70324305298659973,-0.70324305298659973
813,0.13374701127984295,-0.69958632205349047,-0.69958632205349047
814,0.20833333333333348,-0.69150907176296605,-0.69150907176296605
815,0.25565623530249387,-0.68184376469750618,-0.68184376469750618
816,0.3125,-0.67150019334804956,-0.67150019334804956
817,0.3125,-0.625,-0.71488153709054181
818,0.3125,-0.71488153709054181,-0.625
819,0.39296557578007246,-0.64870109088659422,-0.64870109088659422
820,0.41666666666666674,-0.64261242629695159,-0.64261242629695159
821,0.41666666666666674,-0.625,-0.65912338586721952
822,0.34408159993425691,-0.625,-0.69758506673240972
823,0.34408159993425691,-0.69758506673240972,-0.625
824,0.41666666666666674,-0.65912338586721952,-0.625
825,0.46544608548893163,-0.625,-0.625
826,-0.5405265896021012,-0.5405265896021012,-0.64469325626876794
827,-0.52083333333333326,-0.54882749850169565,-0.65299416516836228
828,-0.52083333333333326,-0.52083333333333326,-0.67527397855461613
829,-0.54882749850169565,-0.52083333333333326,-0.65299416516836228
830,-0.57993581992194942,-0.52083333333333326,-0.625
831,-0.55122440173992437,-0.55122440173992437,-0.625
832,-0.52083333333333326,-0.57993581992194942,-0.625
833,-0.46683303227446526,-0.57099969894113189,-0.67516636560779864
834,-0.41666666666666663,-0.58824289673901398,-0.69240956340568072
835,-0.48981372545486934,-0.52083333333333326,-0.69814705878820271
836,-0.49669435702581821,-0.60086102369248495,-0.625
837,-0.38882686986465115,-0.59716020319798446,-0.70132686986465109
838,-0.3125,-0.61752437780803737,-0.721691044474704
839,-0.30641752393178306,-0.61891752393178301,-0.72308419059844975
840,0.3125,-0.61752437780803737,-0.721691044474704
841,0.32329243161308152,-0.61420756838691848,-0.71837423505358511
842,0.41666666666666674,-0.58824289673901398,-0.69240956340568072
843,0.47703589526346368,-0.56463077140320306,-0.66879743806986969
844,0.52083333333333348,-0.54882749850169554,-0.65299416516836228
845,0.52083333333333348,-0.52083333333333326,-0.67527397855461591
846,0.52083333333333348,-0.57993581992194931,-0.625
847,0.57993581992194942,-0.52083333333333326,-0.625
848,-0.63835321018160907,-0.4300198768482757,-0.63835321018160907
849,-0.625,-0.43728523202156078,-0.64561856535489415
850,-0.625,-0.41666666666666663,-0.65912338586721952
851,-0.64261242629695159,-0.41666666666666663,-0.64261242629695159
852,-0.65912338586721952,-0.41666666666666663,-0.625
853,-0.64561856535489415,-0.43728523202156078,-0.625
854,-0.625,-0.46544608548893146,-0.625
855,-0.57099969894113189,-0.46683303227446526,-0.67516636560779864
856,-0.52083333333333326,-0.48981372545486934,-0.69814705878820271
857,-0.58824289673901398,-0.41666666666666663,-0.69240956340568072
858,-0.60086102369248495,-0.49669435702581821,-0.625
859,-0.4994410483435166,-0.4994410483435166,-0.70777438167684992
860,0.52083333333333348,-0.48981372545486918,-0.69814705878820249
861,0.58487991066078526,-0.45678675600588142,-0.66512008933921485
862,0.625,-0.43728523202156078,-0.64561856535489415
863,0.625,-0.41666666666666663,-0.65912338586721952
864,0.625,-0.46544608548893146,-0.625
865,0.65912338586721952,-0.41666666666666663,-0.625
866,-0.66226719365915021,-0.34976719365915021,-0.66226719365915021
867,-0.625,-0.37203086131600283,-0.68453086131600283
868,-0.625,-0.3125,-0.71488153709054181
869,-0.67150019334804956,-0.3125,-0.67150019334804956
870,-0.71488153709054181,-0.3125,-0.625
871,-0.68453086131600283,-0.37203086131600283,-0.625
872,-0.59716020319798446,-0.38882686986465115,-0.70132686986465109
873,-0.61752437780803737,-0.3125,-0.721691044474704
874,0.625,-0.37203086131600283,-0.68453086131600283
875,0.625,-0.3125,-0.71488153709054181
876,0.71488153709054159,-0.3125,-0.625
877,0.69758506673240928,-0.34408159993425735,-0.625
878,-0.73989885479748407,-0.2190655214641507,-0.63573218813081744
879,-0.72916666666666663,-0.22733525110596298,-0.64400191777262972
880,-0.72916666666666663,-0.20833333333333326,-0.65098499394550502
881,-0.74167406060616292,-0.20833333333333326,-0.63750739393949629
882,-0.75180059557138423,-0.20833333333333326,-0.625
883,-0.7463515975798688,-0.22551826424653543,-0.625
884,-0.72916666666666663,-0.27449648983133218,-0.625
885,-0.68150681898517318,-0.26484015231850649,-0.68150681898517318
886,-0.625,-0.30233869526569856,-0.71900536193236519
887,-0.69150907176296605,-0.20833333333333326,-0.69150907176296605
888,-0.71900536193236519,-0.30233869526569856,-0.625
889,-0.61891752393178301,-0.30641752393178306,-0.72308419059844975
890,0.625,-0.30233869526569856,-0.71900536193236519
891,0.66300351016866799,-0.27449648983133201,-0.69116315649799864
892,0.72916666666666674,-0.22733525110596281,-0.6440019177726295
893,0.72916666666666674,-0.20833333333333326,-0.6509849939455048
894,0.72916666666666674,-0.27449648983133146,-0.625
895,0.75180059557138423,-0.20833333333333326,-0.625
896,-0.75119991030349031,-0.1261999103034902,-0.64703324363682369
897,-0.72916666666666663,-0.145332221180273,-0.66616555451360648
898,-0.72916666666666663,-0.10416666666666652,-0.67527397855461613
899,-0.75339113995672191,-0.10416666666666652,-0.64922447329005517
900,-0.77296410473653643,-0.10416666666666652,-0.625
901,-0.76594438007780741,-0.14094438007780735,-0.625
902,-0.69571650626474768,-0.17488317293141425,-0.69571650626474768
903,-0.70324305298659973,-0.10416666666666652,-0.70324305298659973
904,0.72916666666666674,-0.14533222118027292,-0.66616555451360637
905,0.72916666666666674,-0.10416666666666652,-0.67527397855461591
906,0.77296410473653643,-0.10416666666666652,-0.625
907,0.75724555417824502,-0.18025444582175501,-0.625
908,-0.75635696979495182,-0.027190303128285187,-0.65219030312828519
909,-0.72916666666666663,-0.054264223539607942,-0.67926422353960803
910,-0.72916666666666663,0,-0.68328481176800193
911,-0.75726162456938773,0,-0.6530949579027211
912,-0.77994570984085321,0,-0.625
913,-0.77689555777073083,-0.047728891104064149,-0.625
914,-0.7042824516902163,-0.079282451690216221,-0.7042824516902163
915,-0.70710678118654757,0,-0.70710678118654757
916,0.72916666666666674,-0.054264223539607713,-0.6792642235396078
917,0.72916666666666674,0,-0.68328481176800171
918,0.7799457098408531,0,-0.625
919,0.77597137352531043,-0.057361959808022937,-0.625
920,-0.75422924591133922,0.079104087421994096,-0.65006257924467259
921,-0.72916666666666663,0.049845923541642773,-0.67932074312502388
922,-0.72916666666666663,0.10416666666666674,-0.67527397855461602
923,-0.75339113995672191,0.10416666666666674,-0.64922447329005517
924,-0.77296410473653643,0.10416666666666674,-0.625
925,-0.77597137352531054,0.057361959808022833,-0.625
926,-0.70615110638065959,0.023015560286007073,-0.70615110638065959
927,-0.70324305298659961,0.10416666666666674,-0.70324305298659961
928,0.72916666666666674,0.049845923541643043,-0.67932074312502366
929,0.72916666666666674,0.10416666666666674,-0.67527397855461591
930,0.77296410473653643,0.10416666666666674,-0.625
931,0.77689555777073083,0.047728891104064051,-0.625
932,-0.74307839713370283,0.19442160286629728,-0.6389117304670362
933,-0.72916666666666663,0.17481160680201255,-0.65852172653132091
934,-0.72916666666666663,0.20833333333333348,-0.6509849939455048
935,-0.74167406060616292,0.20833333333333348,-0.63750739393949618
936,-0.75180059557138401,0.20833333333333348,-0.625
937,-0.75724555417824491,0.18025444582175515,-0.625
938,-0.69958632205349036,0.13374701127984306,-0.69958632205349036
939,-0.69150907176296605,0.20833333333333348,-0.69150907176296605
940,0.72916666666666674,0.17481160680201255,-0.65852172653132091
941,0.72916666666666674,0.20833333333333348,-0.6509849939455048
942,0.75180059557138423,0.20833333333333348,-0.625
943,0.76594438007780741,0.14094438007780741,-0.625
944,-0.72916666666666663,0.27449648983133212,-0.625
945,-0.68184376469750618,0.25565623530249387,-0.68184376469750618
946,-0.625,0.3125,-0.71488153709054181
947,-0.67150019334804956,0.3125,-0.67150019334804956
948,-0.71488153709054181,0.3125,-0.625
949,-0.61752437780803737,0.3125,-0.721691044474704
950,0.625,0.3125,-0.71488153709054181
951,0.6911631564979982,0.27449648983133157,-0.66300351016866843
952,0.71488153709054159,0.3125,-0.625
953,0.71900536193236508,0.3023386952656984,-0.625
954,0.72916666666666674,0.27449648983133157,-0.625
955,0.7463515975798688,0.22551826424653548,-0.625
956,-0.64870109088659422,0.39296557578007246,-0.64870109088659422
957,-0.625,0.34408159993425691,-0.69758506673240972
958,-0.625,0.41666666666666674,-0.65912338586721952
959,-0.64261242629695159,0.41666666666666674,-0.64261242629695159
960,-0.65912338586721952,0.41666666666666674,-0.625
961,-0.69758506673240972,0.34408159993425691,-0.625
962,-0.61420756838691848,0.32329243161308152,-0.71837423505358511
963,-0.58824289673901398,0.41666666666666674,-0.69240956340568072
964,0.625,0.34408159993425691,-0.69758506673240972
965,0.625,0.41666666666666674,-0.65912338586721952
966,0.65912338586721941,0.41666666666666674,-0.625
967,0.68453086131600271,0.37203086131600277,-0.625
968,-0.625,0.46544608548893163,-0.625
969,-0.56463077140320306,0.47703589526346368,-0.66879743806986969
970,-0.52083333333333326,0.52083333333333348,-0.67527397855461591
971,-0.54882749850169554,0.52083333333333348,-0.65299416516836228
972,-0.57993581992194931,0.52083333333333348,-0.625
973,-0.48981372545486918,0.52083333333333348,-0.69814705878820249
974,0.52083333333333348,0.52083333333333348,-0.67527397855461579
975,0.55339527523373966,0.44922860856707303,-0.69660472476626034
976,0.57993581992194931,0.52083333333333348,-0.625
977,0.60086102369248495,0.49669435702581838,-0.625
978,0.625,0.46544608548893163,-0.625
979,0.64561856535489415,0.43728523202156089,-0.625
980,-0.52083333333333326,0.57993581992194942,-0.625
981,-0.45678675600588142,0.58487991066078526,-0.66512008933921485
982,-0.41666666666666663,0.625,-0.65912338586721952
983,-0.43728523202156078,0.625,-0.64561856535489415
984,-0.46544608548893146,0.625,-0.625
985,-0.3125,0.625,-0.71488153709054181
986,-0.37203086131600283,0.625,-0.68453086131600283
987,-0.30233869526569856,0.625,-0.71900536193236519
988,0.3125,0.625,-0.71488153709054181
989,0.41666666666666674,0.625,-0.65912338586721952
990,0.34408159993425691,0.625,-0.69758506673240972
991,0.44922860856707303,0.55339527523373966,-0.69660472476626034
992,0.46544608548893163,0.625,-0.625
993,0.49669435702581838,0.60086102369248495,-0.625
994,0.52083333333333348,0.57993581992194931,-0.625
995,0.55122440173992437,0.55122440173992437,-0.625
996,-0.41666666666666663,0.65912338586721952,-0.625
997,-0.34408159993425735,0.69758506673240928,-0.625
998,-0.3125,0.71488153709054159,-0.625
999,-0.27449648983133201,0.66300351016866799,-0.69116315649799864
1000,-0.20833333333333326,0.72916666666666674,-0.6509849939455048
1001,-0.22733525110596281,0.72916666666666674,-0.6440019177726295
1002,-0.27449648983133146,0.72916666666666674,-0.625
1003,-0.10416666666666652,0.72916666666666674,-0.67527397855461591
1004,-0.14533222118027284,0.72916666666666674,-0.66616555451360626
1005,0,0.72916666666666674,-0.68328481176800171
1006,-0.054264223539607713,0.72916666666666674,-0.6792642235396078
1007,0.10416666666666674,0.72916666666666674,-0.67527397855461591
1008,0.049845923541643043,0.72916666666666674,-0.67932074312502366
1009,0.20833333333333348,0.72916666666666674,-0.6509849939455048
1010,0.17481160680201255,0.72916666666666674,-0.65852172653132091
1011,0.27449648983133157,0.6911631564979982,-0.66300351016866843
1012,0.27449648983133157,0.72916666666666674,-0.625
1013,0.3023386952656984,0.71900536193236508,-0.625
1014,0.3125,0.71488153709054159,-0.625
1015,0.37203086131600277,0.68453086131600271,-0.625
1016,0.41666666666666674,0.65912338586721941,-0.625
1017,0.43728523202156089,0.64561856535489415,-0.625
1018,-0.20833333333333326,0.75180059557138423,-0.625
1019,-0.18025444582175501,0.75724555417824502,-0.625
1020,-0.10416666666666652,0.77296410473653643,-0.625
1021,-0.057361959808022937,0.77597137352531043,-0.625
1022,0,0.7799457098408531,-0.625
1023,0.047728891104064051,0.77689555777073083,-0.625
1024,0.10416666666666674,0.77296410473653643,-0.625
1025,0.14094438007780741,0.76594438007780741,-0.625
1026,0.20833333333333348,0.75180059557138423,-0.625
1027,0.22551826424653548,0.7463515975798688,-0.625
1028,-0.11195710291429029,-0.84112376958095703,-0.52862376958095703
1029,-0.10416666666666652,-0.84190068863268375,-0.52940068863268375
1030,-0.10416666666666652,-0.83333333333333326,-0.54176999131804615
1031,-0.12074165397506105,-0.83333333333333326,-0.53740832064172783
1032,-0.17933818842084306,-0.83333333333333326,-0.52083333333333326
1033,-0.11594011628396809,-0.84510678295063479,-0.52083333333333326
1034,-0.10416666666666652,-0.84708459169634276,-0.52083333333333326
1035,-0.012103611306070669,-0.845436944639404,-0.532936944639404
1036,0,-0.84584072727282955,-0.53334072727282955
1037,0,-0.83333333333333326,-0.55138643510584628
1038,-0.028078887511578401,-0.83333333333333326,-0.54891222084491176
1039,-0.019001917772629662,-0.85233525110596298,-0.52083333333333326
1040,0,-0.85340372382667873,-0.52083333333333326
1041,0.095302140866937474,-0.84219785913306255,-0.52969785913306255
1042,0.10416666666666674,-0.84190068863268375,-0.52940068863268375
1043,0.10416666666666674,-0.83333333333333326,-0.54176999131804615
1044,0.081195137418771199,-0.83333333333333326,-0.54380486258122884
1045,0.089591651108552689,-0.84790834889144728,-0.52083333333333326
1046,0.10416666666666674,-0.84708459169634276,-0.52083333333333326
1047,0.17933818842084326,-0.83333333333333326,-0.52083333333333326
1048,-0.42362750700850332,-0.73612750700850338,-0.5277941736751699
1049,-0.41666666666666663,-0.73835113266936458,-0.53001779933603133
1050,-0.41666666666666663,-0.72916666666666663,-0.54176999131804615
1051,-0.42844011628396816,-0.72916666666666663,-0.53260678295063479
1052,-0.44212493333068542,-0.72916666666666663,-0.52083333333333326
1053,-0.42657070197719243,-0.73907070197719249,-0.52083333333333326
1054,-0.41666666666666663,-0.74467509368016382,-0.52083333333333326
1055,-0.34322270858737097,-0.75988937525403766,-0.55155604192070429
1056,-0.3125,-0.76751356510412305,-0.55918023177078968
1057,-0.3125,-0.72916666666666663,-0.60801784956708782
1058,-0.3667838194309167,-0.72916666666666663,-0.57511715276425002
1059,-0.35737085876401853,-0.77403752543068516,-0.52083333333333326
1060,-0.3125,-0.79379599072348195,-0.52083333333333326
1061,-0.25808318664121144,-0.77891651997454481,-0.57058318664121144
1062,-0.20833333333333326,-0.78773812894289741,-0.57940479560956404
1063,-0.3009977803692076,-0.72916666666666663,-0.61349778036920766
1064,-0.28328168609709253,-0.80411501943042585,-0.52083333333333326
1065,-0.20833333333333326,-0.82773287654728733,-0.52083333333333326
1066,-0.16782329296339479,-0.79282329296339482,-0.58448995963006156
1067,-0.10416666666666652,-0.79961045191674929,-0.59127711858341592
1068,-0.20370961010641297,-0.82870961010641297,-0.52083333333333326
1069,-0.071793323843232282,-0.80095999050989897,-0.59262665717656571
1070,0,-0.80352191463614964,-0.59518858130281638
1071,0.031100423396407225,-0.80223290993692609,-0.59389957660359283
1072,0.10416666666666674,-0.79961045191674929,-0.59127711858341592
1073,0.14263762655149395,-0.79486237344850608,-0.58652904011517282
1074,0.20833333333333348,-0.78773812894289741,-0.57940479560956404
1075,0.20833333333333348,-0.82773287654728733,-0.52083333333333326
1076,0.26561121118020203,-0.77605545548646471,-0.56772212215313134
1077,0.3125,-0.76751356510412305,-0.55918023177078968
1078,0.3125,-0.72916666666666663,-0.60801784956708782
1079,0.21686072972055248,-0.82480593694611426,-0.52083333333333326
1080,0.3125,-0.79379599072348195,-0.52083333333333326
1081,0.40430320732962977,-0.7415301260037036,-0.53319679267037023
1082,0.41666666666666674,-0.73835113266936458,-0.53001779933603121
1083,0.41666666666666674,-0.72916666666666663,-0.54176999131804593
1084,0.36013563607532528,-0.72916666666666663,-0.57736436392467472
1085,0.38810035222226363,-0.75773298111106968,-0.52083333333333326
1086,0.41666666666666674,-0.74467509368016371,-0.52083333333333326
1087,0.44212493333068525,-0.72916666666666663,-0.52083333333333326
1088,-0.5405265896021012,-0.64469325626876794,-0.5405265896021012
1089,-0.52083333333333326,-0.65299416516836228,-0.54882749850169565
1090,-0.52083333333333326,-0.625,-0.57993581992194942
1091,-0.55122440173992437,-0.625,-0.55122440173992437
1092,-0.57993581992194942,-0.625,-0.52083333333333326
1093,-0.54882749850169565,-0.65299416516836239,-0.52083333333333326
1094,-0.52083333333333326,-0.67527397855461613,-0.52083333333333326
1095,-0.46683303227446526,-0.67516636560779864,-0.57099969894113189
1096,-0.41666666666666663,-0.69240956340568072,-0.58824289673901398
1097,-0.49669435702581821,-0.625,-0.60086102369248495
1098,-0.48981372545486934,-0.69814705878820271,-0.52083333333333326
1099,-0.38882686986465115,-0.70132686986465109,-0.59716020319798446
1100,-0.3125,-0.721691044474704,-0.61752437780803737
1101,-0.30641752393178306,-0.72308419059844975,-0.61891752393178301
1102,0.3125,-0.721691044474704,-0.61752437780803737
1103,0.32329243161308152,-0.71837423505358511,-0.61420756838691848
1104,0.41666666666666674,-0.69240956340568072,-0.58824289673901398
1105,0.47703589526346368,-0.66879743806986969,-0.56463077140320306
1106,0.52083333333333348,-0.65299416516836228,-0.54882749850169554
1107,0.52083333333333348,-0.625,-0.57993581992194931
1108,0.52083333333333348,-0.67527397855461591,-0.52083333333333326
1109,0.57993581992194942,-0.625,-0.52083333333333326
1110,-0.64469325626876794,-0.5405265896021012,-0.5405265896021012
1111,-0.625,-0.55122440173992437,-0.55122440173992437
1112,-0.625,-0.52083333333333326,-0.57993581992194942
1113,-0.65299416516836228,-0.52083333333333326,-0.54882749850169565
1114,-0.67527397855461613,-0.52083333333333326,-0.52083333333333326
1115,-0.65299416516836239,-0.54882749850169565,-0.52083333333333326
1116,-0.625,-0.57993581992194942,-0.52083333333333326
1117,-0.57735026918962573,-0.57735026918962573,-0.57735026918962573
1118,-0.52083333333333326,-0.60319063974615916,-0.60319063974615916
1119,-0.60319063974615916,-0.52083333333333326,-0.60319063974615916
1120,-0.60319063974615916,-0.60319063974615916,-0.52083333333333326
1121,-0.50580411477875586,-0.60997078144542261,-0.60997078144542261
1122,0.52083333333333348,-0.60319063974615916,-0.60319063974615916
1123,0.56589751341138406,-0.57993581992194942,-0.57993581992194942
1124,0.625,-0.55122440173992437,-0.55122440173992437
1125,0.625,-0.52083333333333326,-0.57993581992194942
1126,0.625,-0.57993581992194942,-0.52083333333333326
1127,0.67527397855461602,-0.52083333333333326,-0.52083333333333326
1128,-0.73612750700850327,-0.42362750700850327,-0.5277941736751699
1129,-0.72916666666666663,-0.42844011628396805,-0.53260678295063468
1130,-0.72916666666666663,-0.41666666666666663,-0.54176999131804593
1131,-0.73835113266936458,-0.41666666666666663,-0.53001779933603121
1132,-0.74467509368016371,-0.41666666666666663,-0.52083333333333326
1133,-0.73907070197719238,-0.42657070197719238,-0.52083333333333326
1134,-0.72916666666666663,-0.44212493333068525,-0.52083333333333326
1135,-0.67516636560779864,-0.46683303227446526,-0.57099969894113189
1136,-0.625,-0.49669435702581821,-0.60086102369248495
1137,-0.69240956340568072,-0.41666666666666663,-0.58824289673901398
1138,-0.69814705878820271,-0.48981372545486934,-0.52083333333333326
1139,-0.60997078144542261,-0.50580411477875586,-0.60997078144542261
1140,0.625,-0.49669435702581821,-0.60086102369248495
1141,0.69660472476626023,-0.44922860856707314,-0.55339527523373977
1142,0.72916666666666674,-0.42844011628396805,-0.53260678295063468
1143,0.72916666666666674,-0.41666666666666663,-0.54176999131804593
1144,0.72916666666666674,-0.44212493333068514,-0.52083333333333326
1145,0.74467509368016371,-0.41666666666666663,-0.52083333333333326
1146,-0.75988937525403766,-0.34322270858737097,-0.55155604192070429
1147,-0.72916666666666663,-0.3667838194309167,-0.57511715276425002
1148,-0.72916666666666663,-0.3125,-0.60801784956708782
1149,-0.76751356510412305,-0.3125,-0.55918023177078968
1150,-0.79379599072348195,-0.3125,-0.52083333333333326
1151,-0.77403752543068516,-0.35737085876401853,-0.52083333333333326
1152,-0.70132686986465109,-0.38882686986465115,-0.59716020319798446
1153,-0.721691044474704,-0.3125,-0.61752437780803737
1154,0.72916666666666674,-0.36678381943091665,-0.57511715276425002
1155,0.72916666666666674,-0.3125,-0.60801784956708749
1156,0.79379599072348195,-0.3125,-0.52083333333333326
1157,0.75773298111106968,-0.38810035222226369,-0.52083333333333326
1158,-0.77891651997454481,-0.25808318664121144,-0.57058318664121144
1159,-0.72916666666666663,-0.3009977803692076,-0.61349778036920766
1160,-0.78773812894289741,-0.20833333333333326,-0.57940479560956404
1161,-0.82773287654728733,-0.20833333333333326,-0.52083333333333326
1162,-0.80411501943042585,-0.28328168609709253,-0.52083333333333326
1163,-0.72308419059844975,-0.30641752393178306,-0.61891752393178301
1164,0.72916666666666674,-0.30099778036920738,-0.61349778036920732
1165,0.81164705338346121,-0.20833333333333326,-0.54251961328320553
1166,0.82773287654728733,-0.20833333333333326,-0.52083333333333326
1167,0.82480593694611404,-0.21686072972055268,-0.52083333333333326
1168,-0.84112376958095703,-0.11195710291429029,-0.52862376958095703
1169,-0.83333333333333326,-0.12074165397506105,-0.53740832064172783
1170,-0.83333333333333326,-0.10416666666666652,-0.54176999131804615
1171,-0.84190068863268375,-0.10416666666666652,-0.52940068863268375
1172,-0.84708459169634276,-0.10416666666666652,-0.52083333333333326
1173,-0.84510678295063479,-0.11594011628396809,-0.52083333333333326
1174,-0.83333333333333326,-0.17933818842084306,-0.52083333333333326
1175,-0.79282329296339482,-0.16782329296339479,-0.58448995963006156
1176,-0.79961045191674929,-0.10416666666666652,-0.59127711858341592
1177,-0.82870961010641297,-0.20370961010641297,-0.52083333333333326
1178,0.83333333333333348,-0.12074165397506073,-0.5374083206417275
1179,0.83333333333333348,-0.10416666666666652,-0.54176999131804571
1180,0.83333333333333348,-0.17933818842084165,-0.52083333333333326
1181,0.84708459169634276,-0.10416666666666652,-0.52083333333333326
1182,-0.845436944639404,-0.012103611306070669,-0.532936944639404
1183,-0.83333333333333326,-0.028078887511578401,-0.54891222084491176
1184,-0.83333333333333326,0,-0.55138643510584628
1185,-0.84584072727282955,0,-0.53334072727282955
1186,-0.85340372382667873,0,-0.52083333333333326
1187,-0.85233525110596298,-0.019001917772629662,-0.52083333333333326
1188,-0.80095999050989897,-0.071793323843232282,-0.59262665717656571
1189,-0.80352191463614964,0,-0.59518858130281638
1190,0.83333333333333348,-0.028078887511578179,-0.54891222084491154
1191,0.83333333333333348,0,-0.55138643510584606
1192,0.85340372382667884,0,-0.52083333333333326
1193,0.84790834889144728,-0.089591651108552744,-0.52083333333333326
1194,-0.84219785913306255,0.095302140866937474,-0.52969785913306255
1195,-0.83333333333333326,0.081195137418771199,-0.54380486258122884
1196,-0.83333333333333326,0.10416666666666674,-0.54176999131804615
1197,-0.84190068863268375,0.10416666666666674,-0.52940068863268375
1198,-0.84708459169634276,0.10416666666666674,-0.52083333333333326
1199,-0.84790834889144728,0.089591651108552689,-0.52083333333333326
1200,-0.80223290993692609,0.031100423396407249,-0.59389957660359272
1201,-0.79961045191674918,0.10416666666666674,-0.59127711858341592
1202,0.83333333333333348,0.081195137418771629,-0.5438048625812284
1203,0.83333333333333348,0.10416666666666674,-0.54176999131804571
1204,0.84708459169634276,0.10416666666666674,-0.52083333333333326
1205,0.85233525110596309,0.019001917772629606,-0.52083333333333326
1206,-0.83333333333333326,0.17933818842084226,-0.52083333333333326
1207,-0.79486237344850608,0.14263762655149398,-0.58652904011517271
1208,-0.7877381289428973,0.20833333333333348,-0.57940479560956393
1209,-0.82773287654728711,0.20833333333333348,-0.52083333333333326
1210,0.82104533930127432,0.19604533930127432,-0.53312132736539242
1211,0.81164705338346121,0.20833333333333348,-0.54251961328320553
1212,0.82773287654728722,0.20833333333333348,-0.52083333333333326
1213,0.82870961010641297,0.20370961010641297,-0.52083333333333326
1214,0.83333333333333348,0.17933818842084187,-0.52083333333333326
1215,0.84510678295063479,0.11594011628396811,-0.52083333333333326
1216,-0.7760554554864646,0.26561121118020209,-0.56772212215313123
1217,-0.72916666666666663,0.3125,-0.60801784956708782
1218,-0.76751356510412305,0.3125,-0.55918023177078968
1219,-0.79379599072348195,0.3125,-0.52083333333333326
1220,-0.82480593694611393,0.21686072972055284,-0.52083333333333326
1221,-0.721691044474704,0.3125,-0.61752437780803737
1222,0.72916666666666674,0.3125,-0.60801784956708749
1223,0.76631622465660931,0.24548289132327603,-0.58785044201005743
1224,0.79379599072348195,0.3125,-0.52083333333333326
1225,0.80411501943042585,0.28328168609709237,-0.52083333333333326
1226,-0.7415301260037036,0.40430320732962977,-0.53319679267037023
1227,-0.72916666666666663,0.36013563607532528,-0.57736436392467472
1228,-0.72916666666666663,0.41666666666666674,-0.54176999131804593
1229,-0.73835113266936458,0.41666666666666674,-0.53001779933603121
1230,-0.74467509368016371,0.41666666666666674,-0.52083333333333326
1231,-0.75773298111106968,0.38810035222226363,-0.52083333333333326
1232,-0.71837423505358511,0.32329243161308152,-0.61420756838691848
1233,-0.69240956340568072,0.41666666666666674,-0.58824289673901398
1234,0.72916666666666674,0.36013563607532612,-0.57736436392467383
1235,0.72916666666666674,0.41666666666666674,-0.54176999131804571
1236,0.7446750936801636,0.41666666666666674,-0.52083333333333326
1237,0.77403752543068516,0.35737085876401847,-0.52083333333333326
1238,-0.72916666666666663,0.44212493333068525,-0.52083333333333326
1239,-0.66879743806986969,0.47703589526346368,-0.56463077140320306
1240,-0.625,0.52083333333333348,-0.57993581992194931
1241,-0.65299416516836228,0.52083333333333348,-0.54882749850169554
1242,-0.67527397855461591,0.52083333333333348,-0.52083333333333326
1243,-0.60319063974615916,0.52083333333333348,-0.60319063974615916
1244,0.625,0.52083333333333348,-0.57993581992194931
1245,0.66512008933921485,0.45678675600588159,-0.58487991066078515
1246,0.67527397855461591,0.52083333333333348,-0.52083333333333326
1247,0.6981470587882026,0.4898137254548694,-0.52083333333333326
1248,0.72916666666666674,0.44212493333068509,-0.52083333333333326
1249,0.73907070197719238,0.42657070197719238,-0.52083333333333326
1250,-0.625,0.57993581992194942,-0.52083333333333326
1251,-0.57993581992194942,0.56589751341138406,-0.57993581992194942
1252,-0.52083333333333326,0.625,-0.57993581992194942
1253,-0.55122440173992437,0.625,-0.55122440173992437
1254,-0.57993581992194942,0.625,-0.52083333333333326
1255,-0.49669435702581821,0.625,-0.60086102369248495
1256,0.52083333333333348,0.625,-0.57993581992194931
1257,0.57993581992194931,0.57993581992194931,-0.56589751341138406
1258,0.57993581992194942,0.625,-0.52083333333333326
1259,0.60319063974615916,0.60319063974615916,-0.52083333333333326
1260,0.625,0.57993581992194942,-0.52083333333333326
1261,0.65299416516836228,0.54882749850169577,-0.52083333333333326
1262,-0.52083333333333326,0.67527397855461602,-0.52083333333333326
1263,-0.44922860856707314,0.69660472476626023,-0.55339527523373977
1264,-0.41666666666666663,0.72916666666666674,-0.54176999131804593
1265,-0.42844011628396805,0.72916666666666674,-0.53260678295063468
1266,-0.44212493333068514,0.72916666666666674,-0.52083333333333326
1267,-0.3125,0.72916666666666674,-0.60801784956708749
1268,-0.36678381943091665,0.72916666666666674,-0.57511715276425002
1269,-0.30099778036920738,0.72916666666666674,-0.61349778036920732
1270,0.3125,0.72916666666666674,-0.60801784956708749
1271,0.41666666666666674,0.72916666666666674,-0.54176999131804571
1272,0.36013563607532612,0.72916666666666674,-0.57736436392467383
1273,0.45678675600588159,0.66512008933921485,-0.58487991066078515
1274,0.44212493333068509,0.72916666666666674,-0.52083333333333326
1275,0.4898137254548694,0.6981470587882026,-0.52083333333333326
1276,0.52083333333333348,0.67527397855461591,-0.52083333333333326
1277,0.54882749850169577,0.65299416516836228,-0.52083333333333326
1278,-0.41666666666666663,0.74467509368016371,-0.52083333333333326
1279,-0.38810035222226369,0.75773298111106968,-0.52083333333333326
1280,-0.3125,0.79379599072348195,-0.52083333333333326
1281,-0.20833333333333326,0.81164705338346121,-0.54251961328320553
1282,-0.21686072972055268,0.82480593694611404,-0.52083333333333326
1283,-0.20833333333333326,0.82773287654728722,-0.52083333333333326
1284,-0.10416666666666652,0.83333333333333348,-0.54176999131804571
1285,-0.12074165397506073,0.83333333333333348,-0.5374083206417275
1286,-0.17933818842084165,0.83333333333333348,-0.52083333333333326
1287,0,0.83333333333333348,-0.55138643510584606
1288,-0.028078887511578179,0.83333333333333348,-0.54891222084491154
1289,0.10416666666666674,0.83333333333333348,-0.54176999131804571
1290,0.081195137418771629,0.83333333333333348,-0.5438048625812284
1291,0.19604533930127432,0.82104533930127432,-0.53312132736539242
1292,0.20833333333333348,0.81164705338346121,-0.54251961328320553
1293,0.17933818842084187,0.83333333333333348,-0.52083333333333326
1294,0.20370961010641297,0.82870961010641297,-0.52083333333333326
1295,0.20833333333333348,0.82773287654728722,-0.52083333333333326
1296,0.24548289132327603,0.76631622465660931,-0.58785044201005743
1297,0.28328168609709237,0.80411501943042585,-0.52083333333333326
1298,0.3125,0.79379599072348195,-0.52083333333333326
1299,0.35737085876401847,0.77403752543068516,-0.52083333333333326
1300,0.41666666666666674,0.7446750936801636,-0.52083333333333326
1301,0.42657070197719238,0.73907070197719238,-0.52083333333333326
1302,-0.10416666666666652,0.84708459169634276,-0.52083333333333326
1303,-0.089591651108552744,0.84790834889144728,-0.52083333333333326
1304,0,0.85340372382667884,-0.52083333333333326
1305,0.019001917772629606,0.85233525110596309,-0.52083333333333326
1306,0.10416666666666674,0.84708459169634276,-0.52083333333333326
1307,0.11594011628396811,0.84510678295063479,-0.52083333333333326
1308,-0.32323218813081744,-0.8440655214641507,-0.42739885479748407
1309,-0.3125,-0.84674107725490966,-0.43007441058824297
1310,-0.3125,-0.83333333333333326,-0.45381622465660953
1311,-0.33377217469908682,-0.83333333333333326,-0.43793884136575345
1312,-0.36001287089712369,-0.83333333333333326,-0.41666666666666663
1313,-0.32695756788909225,-0.84779090122242551,-0.41666666666666663
1314,-0.3125,-0.85340372382667873,-0.41666666666666663
1315,-0.23739477543829923,-0.86239477543829923,-0.44572810877163255
1316,-0.20833333333333326,-0.86757285273198459,-0.4509061860653179
1317,-0.20833333333333326,-0.83333333333333326,-0.51133080408272114
1318,-0.27001662914370606,-0.83333333333333326,-0.47834996247703937
1319,-0.24840195928003664,-0.87340195928003661,-0.41666666666666663
1320,-0.20833333333333326,-0.88453203301811922,-0.41666666666666663
1321,-0.1461668573599888,-0.87533352402665554,-0.45866685735998891
1322,-0.10416666666666652,-0.87983352668138293,-0.46316686001471624
1323,-0.20126901438017181,-0.83333333333333326,-0.51376901438017175
1324,-0.16369752798266946,-0.8928641946493362,-0.41666666666666663
1325,-0.10416666666666652,-0.90281677060028798,-0.41666666666666663
1326,-0.048795966207559709,-0.88212929954089303,-0.4654626328742264
1327,0,-0.88387878294750177,-0.46721211628083509
1328,-0.071506870617762008,-0.90484020395109543,-0.41666666666666663
1329,0,-0.90884303340106365,-0.41666666666666663
1330,0.055927591314199096,-0.88157240868580089,-0.4649057420191342
1331,0.10416666666666674,-0.87983352668138293,-0.46316686001471624
1332,0.030538315878400547,-0.9069616841215995,-0.41666666666666663
1333,0.10416666666666674,-0.90281677060028798,-0.41666666666666663
1334,0.16991140243663028,-0.87175526423003646,-0.45508859756336978
1335,0.20833333333333348,-0.86757285273198459,-0.4509061860653179
1336,0.20833333333333348,-0.83333333333333326,-0.51133080408272114
1337,0.14665003752296085,-0.89501662914370594,-0.41666666666666663
1338,0.20833333333333348,-0.88453203301811922,-0.41666666666666663
1339,0.29609405037517034,-0.84973928295816292,-0.43307261629149629
1340,0.3125,-0.84674107725490966,-0.43007441058824297
1341,0.3125,-0.83333333333333326,-0.45381622465660953
1342,0.23001961328320472,-0.83333333333333326,-0.49914705338346199
1343,0.28442111248842161,-0.86141222084491176,-0.41666666666666663
1344,0.3125,-0.85340372382667873,-0.41666666666666663
1345,0.36001287089712375,-0.83333333333333326,-0.41666666666666663
1346,-0.5277941736751699,-0.73612750700850338,-0.42362750700850332
1347,-0.52083333333333326,-0.73907070197719249,-0.42657070197719243
1348,-0.52083333333333326,-0.72916666666666663,-0.44212493333068542
1349,-0.5326067829506349,-0.72916666666666663,-0.42844011628396822
1350,-0.54176999131804615,-0.72916666666666663,-0.41666666666666663
1351,-0.53001779933603133,-0.73835113266936458,-0.41666666666666663
1352,-0.52083333333333326,-0.74467509368016382,-0.41666666666666663
1353,-0.4539338603258169,-0.76643386032581695,-0.4539338603258169
1354,-0.41666666666666663,-0.77928893428635315,-0.46678893428635315
1355,-0.48246484156620217,-0.72916666666666663,-0.48246484156620217
1356,-0.46678893428635315,-0.77928893428635315,-0.41666666666666663
1357,-0.41666666666666663,-0.80749149571305312,-0.41666666666666663
1358,-0.37569034419578407,-0.79235701086245069,-0.47985701086245069
1359,-0.3125,-0.80928297973483565,-0.49678297973483571
1360,-0.39941997473324509,-0.81608664139991172,-0.41666666666666663
1361,-0.29291436639436214,-0.81374769972769545,-0.50124769972769545
1362,-0.20833333333333326,-0.82993253842288961,-0.51743253842288961
1363,-0.20534115295846458,-0.83034115295846456,-0.51784115295846456
1364,0.20833333333333348,-0.82993253842288961,-0.51743253842288961
1365,0.21269983957611274,-0.82896682709055403,-0.51646682709055403
1366,0.3125,-0.80928297973483565,-0.49678297973483571
1367,0.34718322939971186,-0.79865010393362146,-0.48615010393362146
1368,0.41666666666666674,-0.77928893428635315,-0.46678893428635315
1369,0.41666666666666674,-0.80749149571305312,-0.41666666666666663
1370,0.5053249063198364,-0.74467509368016371,-0.43217509368016366
1371,0.52083333333333348,-0.73907070197719238,-0.42657070197719232
1372,0.52083333333333348,-0.72916666666666663,-0.44212493333068514
1373,0.48294440231344854,-0.76705559768655152,-0.41666666666666663
1374,0.52083333333333348,-0.7446750936801636,-0.41666666666666663
1375,0.54176999131804615,-0.72916666666666663,-0.41666666666666663
1376,-0.63835321018160907,-0.63835321018160907,-0.4300198768482757
1377,-0.625,-0.64561856535489426,-0.43728523202156083
1378,-0.625,-0.625,-0.46544608548893146
1379,-0.64561856535489426,-0.625,-0.43728523202156083
1380,-0.65912338586721952,-0.625,-0.41666666666666663
1381,-0.64261242629695159,-0.64261242629695159,-0.41666666666666663
1382,-0.625,-0.65912338586721952,-0.41666666666666663
1383,-0.57099969894113201,-0.67516636560779864,-0.46683303227446532
1384,-0.52083333333333326,-0.69814705878820271,-0.48981372545486934
1385,-0.60086102369248495,-0.625,-0.49669435702581821
1386,-0.58824289673901398,-0.69240956340568072,-0.41666666666666663
1387,-0.4994410483435166,-0.70777438167684992,-0.4994410483435166
1388,0.52083333333333348,-0.69814705878820249,-0.48981372545486918
1389,0.58487991066078526,-0.66512008933921485,-0.45678675600588142
1390,0.625,-0.64561856535489426,-0.43728523202156083
1391,0.625,-0.625,-0.46544608548893146
1392,0.625,-0.65912338586721952,-0.41666666666666663
1393,0.65912338586721941,-0.625,-0.41666666666666663
1394,-0.73612750700850338,-0.5277941736751699,-0.42362750700850332
1395,-0.72916666666666663,-0.5326067829506349,-0.42844011628396822
1396,-0.72916666666666663,-0.52083333333333326,-0.44212493333068542
1397,-0.73907070197719249,-0.52083333333333326,-0.42657070197719243
1398,-0.74467509368016382,-0.52083333333333326,-0.41666666666666663
1399,-0.73835113266936458,-0.53001779933603133,-0.41666666666666663
1400,-0.72916666666666663,-0.54176999131804615,-0.41666666666666663
1401,-0.67516636560779864,-0.57099969894113201,-0.46683303227446532
1402,-0.625,-0.60086102369248495,-0.49669435702581821
1403,-0.69814705878820271,-0.52083333333333326,-0.48981372545486934
1404,-0.69240956340568072,-0.58824289673901398,-0.41666666666666663
1405,-0.60997078144542261,-0.60997078144542261,-0.50580411477875586
1406,0.625,-0.60086102369248495,-0.49669435702581821
1407,0.69660472476626023,-0.55339527523373977,-0.44922860856707314
1408,0.72916666666666674,-0.53260678295063468,-0.42844011628396805
1409,0.72916666666666674,-0.52083333333333326,-0.44212493333068514
1410,0.72916666666666674,-0.54176999131804582,-0.41666666666666663
1411,0.74467509368016371,-0.52083333333333326,-0.41666666666666663
1412,-0.76643386032581695,-0.4539338603258169,-0.4539338603258169
1413,-0.72916666666666663,-0.48246484156620217,-0.48246484156620217
1414,-0.77928893428635315,-0.41666666666666663,-0.46678893428635315
1415,-0.80749149571305312,-0.41666666666666663,-0.41666666666666663
1416,-0.77928893428635315,-0.46678893428635315,-0.41666666666666663
1417,-0.70777438167684992,-0.4994410483435166,-0.4994410483435166
1418,0.72916666666666674,-0.48246484156620195,-0.48246484156620195
1419,0.7670555976865514,-0.41666666666666663,-0.4829444023134486
1420,0.80749149571305301,-0.41666666666666663,-0.41666666666666663
1421,0.7670555976865514,-0.4829444023134486,-0.41666666666666663
1422,-0.8440655214641507,-0.32323218813081744,-0.42739885479748407
1423,-0.83333333333333326,-0.33377217469908682,-0.43793884136575345
1424,-0.83333333333333326,-0.3125,-0.45381622465660953
1425,-0.84674107725490966,-0.3125,-0.43007441058824297
1426,-0.85340372382667873,-0.3125,-0.41666666666666663
1427,-0.84779090122242551,-0.32695756788909225,-0.41666666666666663
1428,-0.83333333333333326,-0.36001287089712369,-0.41666666666666663
1429,-0.79235701086245069,-0.37569034419578407,-0.47985701086245069
1430,-0.80928297973483565,-0.3125,-0.49678297973483571
1431,-0.81608664139991172,-0.39941997473324509,-0.41666666666666663
1432,0.83333333333333348,-0.33377217469908671,-0.43793884136575334
1433,0.83333333333333348,-0.3125,-0.4538162246566092
1434,0.83333333333333348,-0.36001287089712325,-0.41666666666666663
1435,0.85340372382667884,-0.3125,-0.41666666666666663
1436,-0.86239477543829923,-0.23739477543829923,-0.44572810877163255
1437,-0.83333333333333326,-0.27001662914370606,-0.47834996247703937
1438,-0.83333333333333326,-0.20833333333333326,-0.51133080408272114
1439,-0.86757285273198459,-0.20833333333333326,-0.4509061860653179
1440,-0.88453203301811922,-0.20833333333333326,-0.41666666666666663
1441,-0.87340195928003661,-0.24840195928003664,-0.41666666666666663
1442,-0.81374769972769545,-0.29291436639436214,-0.50124769972769545
1443,-0.82993253842288961,-0.20833333333333326,-0.51743253842288961
1444,0.83333333333333348,-0.27001662914370578,-0.47834996247703909
1445,0.83333333333333348,-0.20833333333333326,-0.51133080408272069
1446,0.88453203301811922,-0.20833333333333326,-0.41666666666666663
1447,0.86141222084491176,-0.28442111248842167,-0.41666666666666663
1448,-0.87533352402665554,-0.1461668573599888,-0.45866685735998891
1449,-0.83333333333333326,-0.20126901438017181,-0.51376901438017175
1450,-0.87983352668138293,-0.10416666666666652,-0.46316686001471624
1451,-0.90281677060028798,-0.10416666666666652,-0.41666666666666663
1452,-0.8928641946493362,-0.16369752798266946,-0.41666666666666663
1453,-0.83034115295846456,-0.20534115295846458,-0.51784115295846456
1454,0.83333333333333348,-0.20126901438017145,-0.51376901438017142
1455,0.8618996477777362,-0.10416666666666652,-0.49226701888893054
1456,0.90281677060028798,-0.10416666666666652,-0.41666666666666663
1457,0.89501662914370583,-0.14665003752296074,-0.41666666666666663
1458,-0.88212929954089303,-0.048795966207559709,-0.4654626328742264
1459,-0.88387878294750177,0,-0.46721211628083509
1460,-0.90884303340106365,0,-0.41666666666666663
1461,-0.90484020395109543,-0.071506870617762008,-0.41666666666666663
1462,0.86589527523373966,-0.071604724766260286,-0.48827139143292697
1463,0.87501712357464945,0,-0.47914954309201724
1464,0.90884303340106365,0,-0.41666666666666663
1465,0.9069616841215995,-0.030538315878400557,-0.41666666666666663
1466,-0.88157240868580089,0.055927591314199096,-0.4649057420191342
1467,-0.87983352668138293,0.10416666666666674,-0.46316686001471624
1468,-0.90281677060028798,0.10416666666666674,-0.41666666666666663
1469,-0.9069616841215995,0.030538315878400547,-0.41666666666666663
1470,0.87048289132327605,0.037149557989942621,-0.48368377534339069
1471,0.8618996477777362,0.10416666666666674,-0.49226701888893054
1472,0.90281677060028798,0.10416666666666674,-0.41666666666666663
1473,0.90484020395109543,0.071506870617762092,-0.41666666666666663
1474,-0.87175526423003635,0.16991140243663033,-0.45508859756336972
1475,-0.83333333333333326,0.20833333333333348,-0.51133080408272069
1476,-0.86757285273198448,0.20833333333333348,-0.45090618606531785
1477,-0.88453203301811911,0.20833333333333348,-0.41666666666666663
1478,-0.89501662914370583,0.14665003752296091,-0.41666666666666663
1479,-0.82993253842288939,0.20833333333333348,-0.51743253842288939
1480,0.83333333333333348,0.20833333333333348,-0.51133080408272069
1481,0.85426999131804593,0.12510332465137927,-0.49989667534862076
1482,0.88453203301811922,0.20833333333333348,-0.41666666666666663
1483,0.8928641946493362,0.16369752798266957,-0.41666666666666663
1484,-0.84973928295816292,0.29609405037517034,-0.43307261629149629
1485,-0.83333333333333326,0.23001961328320555,-0.49914705338346116
1486,-0.83333333333333326,0.3125,-0.45381622465660953
1487,-0.84674107725490966,0.3125,-0.43007441058824297
1488,-0.85340372382667873,0.3125,-0.41666666666666663
1489,-0.86141222084491176,0.28442111248842161,-0.41666666666666663
1490,-0.8289668270905538,0.21269983957611296,-0.5164668270905538
1491,-0.80928297973483565,0.3125,-0.49678297973483571
1492,0.83333333333333348,0.23001961328320567,-0.49914705338346105
1493,0.83333333333333348,0.3125,-0.4538162246566092
1494,0.85340372382667884,0.3125,-0.41666666666666663
1495,0.87340195928003661,0.24840195928003667,-0.41666666666666663
1496,-0.83333333333333326,0.36001287089712375,-0.41666666666666663
1497,-0.79865010393362146,0.34718322939971186,-0.48615010393362146
1498,-0.77928893428635315,0.41666666666666674,-0.46678893428635315
1499,-0.80749149571305312,0.41666666666666674,-0.41666666666666663
1500,0.80334065757190487,0.38667399090523813,-0.44665934242809524
1501,0.76705559768655118,0.41666666666666674,-0.48294440231344882
1502,0.80749149571305301,0.41666666666666674,-0.41666666666666663
1503,0.81608664139991172,0.39941997473324503,-0.41666666666666663
1504,0.83333333333333348,0.3600128708971233,-0.41666666666666663
1505,0.84779090122242562,0.32695756788909214,-0.41666666666666663
1506,-0.74467509368016371,0.5053249063198364,-0.43217509368016366
1507,-0.72916666666666663,0.52083333333333348,-0.44212493333068514
1508,-0.73907070197719238,0.52083333333333348,-0.42657070197719232
1509,-0.7446750936801636,0.52083333333333348,-0.41666666666666663
1510,-0.76705559768655152,0.48294440231344854,-0.41666666666666663
1511,-0.69814705878820249,0.52083333333333348,-0.48981372545486918
1512,0.72916666666666674,0.52083333333333348,-0.44212493333068498
1513,0.7446750936801636,0.4321750936801636,-0.5053249063198364
1514,0.7446750936801636,0.52083333333333348,-0.41666666666666663
1515,0.77928893428635315,0.46678893428635315,-0.41666666666666663
1516,-0.72916666666666663,0.54176999131804615,-0.41666666666666663
1517,-0.66512008933921485,0.58487991066078526,-0.45678675600588142
1518,-0.625,0.625,-0.46544608548893146
1519,-0.64561856535489426,0.625,-0.43728523202156083
1520,-0.65912338586721952,0.625,-0.41666666666666663
1521,-0.60086102369248495,0.625,-0.49669435702581821
1522,0.625,0.625,-0.46544608548893146
1523,0.66879743806986969,0.56463077140320306,-0.47703589526346363
1524,0.65912338586721941,0.625,-0.41666666666666663
1525,0.69240956340568061,0.58824289673901398,-0.41666666666666663
1526,0.72916666666666674,0.54176999131804593,-0.41666666666666663
1527,0.73835113266936458,0.53001779933603133,-0.41666666666666663
1528,-0.625,0.65912338586721941,-0.41666666666666663
1529,-0.55339527523373977,0.69660472476626023,-0.44922860856707314
1530,-0.52083333333333326,0.72916666666666674,-0.44212493333068514
1531,-0.53260678295063468,0.72916666666666674,-0.42844011628396805
1532,-0.54176999131804582,0.72916666666666674,-0.41666666666666663
1533,-0.48246484156620195,0.72916666666666674,-0.48246484156620195
1534,0.52083333333333348,0.72916666666666674,-0.44212493333068498
1535,0.56463077140320306,0.66879743806986969,-0.47703589526346363
1536,0.54176999131804593,0.72916666666666674,-0.41666666666666663
1537,0.58824289673901398,0.69240956340568061,-0.41666666666666663
1538,0.625,0.65912338586721941,-0.41666666666666663
1539,0.64261242629695159,0.64261242629695159,-0.41666666666666663
1540,-0.52083333333333326,0.74467509368016371,-0.41666666666666663
1541,-0.41666666666666663,0.7670555976865514,-0.4829444023134486
1542,-0.4829444023134486,0.7670555976865514,-0.41666666666666663
1543,-0.41666666666666663,0.80749149571305301,-0.41666666666666663
1544,-0.3125,0.83333333333333348,-0.4538162246566092
1545,-0.33377217469908671,0.83333333333333348,-0.43793884136575334
1546,-0.36001287089712325,0.83333333333333348,-0.41666666666666663
1547,-0.20833333333333326,0.83333333333333348,-0.51133080408272069
1548,-0.27001662914370578,0.83333333333333348,-0.47834996247703909
1549,-0.20126901438017145,0.83333333333333348,-0.51376901438017142
1550,0.20833333333333348,0.83333333333333348,-0.51133080408272069
1551,0.3125,0.83333333333333348,-0.4538162246566092
1552,0.23001961328320567,0.83333333333333348,-0.49914705338346105
1553,0.38667399090523813,0.80334065757190487,-0.44665934242809524
1554,0.41666666666666674,0.76705559768655118,-0.48294440231344882
1555,0.3600128708971233,0.83333333333333348,-0.41666666666666663
1556,0.39941997473324503,0.81608664139991172,-0.41666666666666663
1557,0.41666666666666674,0.80749149571305301,-0.41666666666666663
1558,0.4321750936801636,0.7446750936801636,-0.5053249063198364
1559,0.46678893428635315,0.77928893428635315,-0.41666666666666663
1560,0.52083333333333348,0.7446750936801636,-0.41666666666666663
1561,0.53001779933603133,0.73835113266936458,-0.41666666666666663
1562,-0.3125,0.85340372382667884,-0.41666666666666663
1563,-0.28442111248842167,0.86141222084491176,-0.41666666666666663
1564,-0.20833333333333326,0.88453203301811922,-0.41666666666666663
1565,-0.10416666666666652,0.8618996477777362,-0.49226701888893054
1566,-0.14665003752296074,0.89501662914370583,-0.41666666666666663
1567,-0.10416666666666652,0.90281677060028798,-0.41666666666666663
1568,-0.071604724766260286,0.86589527523373966,-0.48827139143292697
1569,0,0.87501712357464945,-0.47914954309201724
1570,-0.030538315878400557,0.9069616841215995,-0.41666666666666663
1571,0,0.90884303340106365,-0.41666666666666663
1572,0.037149557989942621,0.87048289132327605,-0.48368377534339069
1573,0.10416666666666674,0.8618996477777362,-0.49226701888893054
1574,0.071506870617762092,0.90484020395109543,-0.41666666666666663
1575,0.10416666666666674,0.90281677060028798,-0.41666666666666663
1576,0.12510332465137927,0.85426999131804593,-0.49989667534862076
1577,0.16369752798266957,0.8928641946493362,-0.41666666666666663
1578,0.20833333333333348,0.88453203301811922,-0.41666666666666663
1579,0.24840195928003667,0.87340195928003661,-0.41666666666666663
1580,0.3125,0.85340372382667884,-0.41666666666666663
1581,0.32695756788909214,0.84779090122242562,-0.41666666666666663
1582,-0.10862819883661488,-0.94196153216994838,-0.31696153216994838
1583,-0.10416666666666652,-0.9424428643344176,-0.3174428643344176
1584,-0.10416666666666652,-0.9375,-0.33003202060825115
1585,-0.11653402140906657,-0.9375,-0.32486735474240003
1586,-0.14464512361963161,-0.9375,-0.3125
1587,-0.10995471147169311,-0.94328804480502659,-0.3125
1588,-0.10416666666666652,-0.944154743717737,-0.3125
1589,-0.008864525799729156,-0.94636452579972918,-0.32136452579972918
1590,0,-0.94668446600269796,-0.3216844660026979
1591,0,-0.9375,-0.34506194190040651
1592,-0.028566314444402899,-0.9375,-0.34106631444440294
1593,-0.011773449617301437,-0.94927344961730142,-0.3125
1594,0,-0.94986345933703697,-0.3125
1595,0.099037786163838903,-0.94262888050282778,-0.31762888050282784
1596,0.10416666666666674,-0.9424428643344176,-0.3174428643344176
1597,0.10416666666666674,-0.9375,-0.33003202060825115
1598,0.083765924129772948,-0.9375,-0.33290074253689378
1599,0.097158974045223653,-0.94450769262144307,-0.3125
1600,0.10416666666666674,-0.944154743717737,-0.3125
1601,0.1446451236196318,-0.9375,-0.3125
1602,-0.42739885479748407,-0.8440655214641507,-0.32323218813081744
1603,-0.41666666666666663,-0.84779090122242551,-0.32695756788909225
1604,-0.41666666666666663,-0.83333333333333326,-0.36001287089712369
1605,-0.43793884136575345,-0.83333333333333326,-0.33377217469908682
1606,-0.45381622465660953,-0.83333333333333326,-0.3125
1607,-0.43007441058824297,-0.84674107725490966,-0.3125
1608,-0.41666666666666663,-0.85340372382667873,-0.3125
1609,-0.34852497553595702,-0.86935830886929033,-0.34852497553595702
1610,-0.3125,-0.87907487201884149,-0.35824153868550818
1611,-0.38889740623302027,-0.83333333333333326,-0.38889740623302027
1612,-0.35824153868550818,-0.87907487201884149,-0.3125
1613,-0.3125,-0.896755801361933,-0.3125
1614,-0.26484884927987679,-0.88984884927987684,-0.36901551594654347
1615,-0.20833333333333326,-0.90074289673901398,-0.37990956340568072
1616,-0.28148039212153592,-0.90648039212153586,-0.3125
1617,-0.20833333333333326,-0.92670756838691848,-0.3125
1618,-0.17595999050989897,-0.90512665717656571,-0.38429332384323234
1619,-0.10416666666666652,-0.91344964640150228,-0.39261631306816891
1620,-0.19924551030224258,-0.92841217696890932,-0.3125
1621,-0.08115110638065938,-0.91448443971399285,-0.39365110638065948
1622,0,-0.91763364976842543,-0.39680031643509206
1623,0.020795837223952444,-0.9167041627760476,-0.39587082944271423
1624,0.10416666666666674,-0.91344964640150228,-0.39261631306816891
1625,0.13190925600942291,-0.9097574106572438,-0.38892407732391049
1626,0.20833333333333348,-0.90074289673901398,-0.37990956340568072
1627,0.20833333333333348,-0.92670756838691848,-0.3125
1628,0.255454994795767,-0.89037833853756632,-0.36954500520423306
1629,0.3125,-0.87907487201884149,-0.35824153868550818
1630,0.22385473682360371,-0.9219785965097298,-0.3125
1631,0.3125,-0.896755801361933,-0.3125
1632,0.39659627617332127,-0.85340372382667873,-0.33257039049334541
1633,0.41666666666666674,-0.84779090122242551,-0.32695756788909225
1634,0.41666666666666674,-0.83333333333333326,-0.36001287089712369
1635,0.38314494013534567,-0.86685505986465439,-0.3125
1636,0.41666666666666674,-0.85340372382667873,-0.3125
1637,0.45381622465660953,-0.83333333333333326,-0.3125
1638,-0.55155604192070429,-0.75988937525403766,-0.34322270858737097
1639,-0.52083333333333326,-0.77403752543068516,-0.35737085876401853
1640,-0.57511715276425002,-0.72916666666666663,-0.3667838194309167
1641,-0.60801784956708782,-0.72916666666666663,-0.3125
1642,-0.55918023177078968,-0.76751356510412305,-0.3125
1643,-0.52083333333333326,-0.79379599072348195,-0.3125
1644,-0.47985701086245069,-0.79235701086245069,-0.37569034419578407
1645,-0.41666666666666663,-0.81608664139991172,-0.39941997473324509
1646,-0.49678297973483571,-0.80928297973483565,-0.3125
1647,-0.40387946160127836,-0.82054612826794493,-0.40387946160127836
1648,0.41666666666666674,-0.81608664139991172,-0.39941997473324509
1649,0.44665934242809513,-0.80334065757190487,-0.3866739909052383
1650,0.52083333333333348,-0.77403752543068505,-0.35737085876401842
1651,0.52083333333333348,-0.79379599072348173,-0.3125
1652,0.57736436392467483,-0.72916666666666663,-0.36013563607532528
1653,0.60801784956708782,-0.72916666666666663,-0.3125
1654,-0.66226719365915021,-0.66226719365915021,-0.34976719365915021
1655,-0.625,-0.68453086131600283,-0.37203086131600283
1656,-0.68453086131600283,-0.625,-0.37203086131600283
1657,-0.71488153709054181,-0.625,-0.3125
1658,-0.67150019334804956,-0.67150019334804956,-0.3125
1659,-0.625,-0.71488153709054181,-0.3125
1660,-0.59716020319798446,-0.70132686986465109,-0.38882686986465115
1661,-0.61752437780803737,-0.721691044474704,-0.3125
1662,0.625,-0.68453086131600283,-0.37203086131600283
1663,0.625,-0.71488153709054181,-0.3125
1664,0.69758506673240928,-0.625,-0.34408159993425735
1665,0.71488153709054159,-0.625,-0.3125
1666,-0.75988937525403766,-0.55155604192070429,-0.34322270858737097
1667,-0.72916666666666663,-0.57511715276425002,-0.3667838194309167
1668,-0.77403752543068516,-0.52083333333333326,-0.35737085876401853
1669,-0.79379599072348195,-0.52083333333333326,-0.3125
1670,-0.76751356510412294,-0.55918023177078968,-0.3125
1671,-0.72916666666666663,-0.60801784956708782,-0.3125
1672,-0.70132686986465109,-0.59716020319798446,-0.38882686986465115
1673,-0.721691044474704,-0.61752437780803737,-0.3125
1674,0.72916666666666674,-0.57511715276424979,-0.36678381943091654
1675,0.72916666666666674,-0.60801784956708749,-0.3125
1676,0.75773298111106968,-0.52083333333333326,-0.38810035222226369
1677,0.79379599072348195,-0.52083333333333326,-0.3125
1678,-0.8440655214641507,-0.42739885479748407,-0.32323218813081744
1679,-0.83333333333333326,-0.43793884136575345,-0.33377217469908682
1680,-0.83333333333333326,-0.41666666666666663,-0.36001287089712369
1681,-0.84779090122242551,-0.41666666666666663,-0.32695756788909225
1682,-0.85340372382667873,-0.41666666666666663,-0.3125
1683,-0.84674107725490966,-0.43007441058824297,-0.3125
1684,-0.83333333333333326,-0.45381622465660953,-0.3125
1685,-0.79235701086245069,-0.47985701086245064,-0.37569034419578401
1686,-0.81608664139991172,-0.41666666666666663,-0.39941997473324509
1687,-0.80928297973483565,-0.49678297973483565,-0.3125
1688,0.83333333333333348,-0.43793884136575323,-0.3337721746990866
1689,0.83333333333333348,-0.41666666666666663,-0.36001287089712308
1690,0.83333333333333348,-0.45381622465660909,-0.3125
1691,0.85340372382667873,-0.41666666666666663,-0.3125
1692,-0.86935830886929033,-0.34852497553595702,-0.34852497553595702
1693,-0.83333333333333326,-0.38889740623302027,-0.38889740623302027
1694,-0.87907487201884149,-0.3125,-0.35824153868550818
1695,-0.896755801361933,-0.3125,-0.3125
1696,-0.87907487201884149,-0.35824153868550818,-0.3125
1697,-0.82054612826794493,-0.40387946160127836,-0.40387946160127836
1698,0.83333333333333348,-0.38889740623301999,-0.38889740623301999
1699,0.86685505986465439,-0.3125,-0.38314494013534572
1700,0.896755801361933,-0.3125,-0.3125
1701,0.86685505986465416,-0.38314494013534589,-0.3125
1702,-0.88984884927987684,-0.26484884927987679,-0.36901551594654347
1703,-0.90074289673901398,-0.20833333333333326,-0.37990956340568072
1704,-0.92670756838691848,-0.20833333333333326,-0.3125
1705,-0.90648039212153586,-0.28148039212153592,-0.3125
1706,0.89949648983133212,-0.24633684350200125,-0.35050351016866793
1707,0.91876528166097315,-0.20833333333333326,-0.33123471833902685
1708,0.92670756838691848,-0.20833333333333326,-0.3125
1709,0.9219785965097298,-0.22385473682360352,-0.3125
1710,-0.94196153216994838,-0.10862819883661488,-0.31696153216994838
1711,-0.9375,-0.11653402140906657,-0.32486735474240003
1712,-0.9375,-0.10416666666666652,-0.33003202060825115
1713,-0.9424428643344176,-0.10416666666666652,-0.3174428643344176
1714,-0.944154743717737,-0.10416666666666652,-0.3125
1715,-0.94328804480502659,-0.10995471147169311,-0.3125
1716,-0.9375,-0.14464512361963161,-0.3125
1717,-0.90512665717656571,-0.17595999050989897,-0.38429332384323234
1718,-0.91344964640150228,-0.10416666666666652,-0.39261631306816891
1719,-0.92841217696890932,-0.19924551030224258,-0.3125
1720,0.9375,-0.11653402140906657,-0.32486735474240003
1721,0.9375,-0.10416666666666652,-0.33003202060825115
1722,0.9375,-0.14464512361963161,-0.3125
1723,0.944154743717737,-0.10416666666666652,-0.3125
1724,-0.94636452579972918,-0.008864525799729156,-0.32136452579972918
1725,-0.9375,-0.028566314444402899,-0.34106631444440294
1726,-0.9375,0,-0.34506194190040651
1727,-0.94668446600269796,0,-0.3216844660026979
1728,-0.94986345933703697,0,-0.3125
1729,-0.94927344961730142,-0.011773449617301437,-0.3125
1730,-0.91448443971399285,-0.08115110638065938,-0.39365110638065948
1731,-0.91763364976842543,0,-0.39680031643509206
1732,0.9375,-0.028566314444402899,-0.34106631444440294
1733,0.9375,0,-0.34506194190040651
1734,0.94986345933703697,0,-0.3125
1735,0.94450769262144307,-0.097158974045223473,-0.3125
1736,-0.94262888050282778,0.099037786163838903,-0.31762888050282784
1737,-0.9375,0.083765924129772948,-0.33290074253689378
1738,-0.9375,0.10416666666666674,-0.33003202060825115
1739,-0.9424428643344176,0.10416666666666674,-0.3174428643344176
1740,-0.944154743717737,0.10416666666666674,-0.3125
1741,-0.94450769262144307,0.097158974045223653,-0.3125
1742,-0.9167041627760476,0.020795837223952444,-0.39587082944271423
1743,-0.91344964640150228,0.10416666666666674,-0.39261631306816891
1744,0.9375,0.083765924129772948,-0.33290074253689378
1745,0.9375,0.10416666666666674,-0.33003202060825115
1746,0.944154743717737,0.10416666666666674,-0.3125
1747,0.94927344961730142,0.011773449617301448,-0.3125
1748,-0.9375,0.1446451236196318,-0.3125
1749,-0.9097574106572438,0.13190925600942291,-0.38892407732391049
1750,-0.90074289673901398,0.20833333333333348,-0.37990956340568072
1751,-0.92670756838691848,0.20833333333333348,-0.3125
1752,0.92321487042387518,0.1940482037572086,-0.32678512957612488
1753,0.91876528166097315,0.20833333333333348,-0.33123471833902685
1754,0.92670756838691848,0.20833333333333348,-0.3125
1755,0.92841217696890932,0.19924551030224277,-0.3125
1756,0.9375,0.1446451236196318,-0.3125
1757,0.94328804480502659,0.10995471147169331,-0.3125
1758,-0.89037833853756632,0.255454994795767,-0.36954500520423306
1759,-0.87907487201884149,0.3125,-0.35824153868550818
1760,-0.896755801361933,0.3125,-0.3125
1761,-0.9219785965097298,0.22385473682360371,-0.3125
1762,0.8910565443330809,0.2660565443330809,-0.3589434556669191
1763,0.86685505986465439,0.3125,-0.38314494013534572
1764,0.896755801361933,0.3125,-0.3125
1765,0.90648039212153586,0.28148039212153592,-0.3125
1766,-0.85340372382667873,0.39659627617332127,-0.33257039049334541
1767,-0.83333333333333326,0.41666666666666674,-0.36001287089712369
1768,-0.84779090122242551,0.41666666666666674,-0.32695756788909225
1769,-0.85340372382667873,0.41666666666666674,-0.3125
1770,-0.86685505986465439,0.38314494013534567,-0.3125
1771,-0.81608664139991172,0.41666666666666674,-0.39941997473324509
1772,0.83333333333333348,0.41666666666666674,-0.36001287089712308
1773,0.85340372382667884,0.33257039049334536,-0.39659627617332133
1774,0.85340372382667873,0.41666666666666674,-0.3125
1775,0.87907487201884149,0.35824153868550818,-0.3125
1776,-0.83333333333333326,0.45381622465660953,-0.3125
1777,-0.80334065757190487,0.44665934242809513,-0.3866739909052383
1778,-0.77403752543068505,0.52083333333333348,-0.35737085876401842
1779,-0.79379599072348173,0.52083333333333348,-0.3125
1780,0.79865010393362135,0.48615010393362135,-0.34718322939971208
1781,0.75773298111106946,0.52083333333333348,-0.38810035222226391
1782,0.79379599072348184,0.52083333333333348,-0.3125
1783,0.80928297973483576,0.49678297973483571,-0.3125
1784,0.83333333333333348,0.4538162246566092,-0.3125
1785,0.84674107725490966,0.43007441058824297,-0.3125
1786,-0.72916666666666663,0.57736436392467483,-0.36013563607532528
1787,-0.72916666666666663,0.60801784956708782,-0.3125
1788,-0.68453086131600283,0.625,-0.37203086131600283
1789,-0.71488153709054181,0.625,-0.3125
1790,0.718374235053585,0.61420756838691826,-0.32329243161308174
1791,0.72916666666666674,0.57736436392467394,-0.36013563607532606
1792,0.69758506673240928,0.625,-0.34408159993425735
1793,0.71488153709054159,0.625,-0.3125
1794,0.72169104447470389,0.61752437780803726,-0.3125
1795,0.72916666666666674,0.60801784956708749,-0.3125
1796,0.7415301260037036,0.53319679267037035,-0.40430320732962977
1797,0.76751356510412294,0.55918023177078968,-0.3125
1798,-0.625,0.69758506673240928,-0.34408159993425735
1799,-0.625,0.71488153709054159,-0.3125
1800,-0.57511715276424979,0.72916666666666674,-0.36678381943091654
1801,-0.60801784956708749,0.72916666666666674,-0.3125
1802,0.61420756838691826,0.718374235053585,-0.32329243161308174
1803,0.625,0.69758506673240928,-0.34408159993425735
1804,0.57736436392467394,0.72916666666666674,-0.36013563607532606
1805,0.60801784956708749,0.72916666666666674,-0.3125
1806,0.61752437780803726,0.72169104447470389,-0.3125
1807,0.625,0.71488153709054159,-0.3125
1808,0.64870109088659422,0.64870109088659422,-0.39296557578007246
1809,0.67150019334804956,0.67150019334804956,-0.3125
1810,-0.52083333333333326,0.75773298111106968,-0.38810035222226369
1811,-0.52083333333333326,0.79379599072348195,-0.3125
1812,-0.41666666666666663,0.83333333333333348,-0.36001287089712325
1813,-0.43793884136575334,0.83333333333333348,-0.33377217469908671
1814,-0.4538162246566092,0.83333333333333348,-0.3125
1815,-0.38889740623301999,0.83333333333333348,-0.38889740623301999
1816,0.41666666666666674,0.83333333333333348,-0.36001287089712308
1817,0.48615010393362135,0.79865010393362135,-0.34718322939971208
1818,0.52083333333333348,0.75773298111106946,-0.38810035222226391
1819,0.4538162246566092,0.83333333333333348,-0.3125
1820,0.49678297973483571,0.80928297973483576,-0.3125
1821,0.52083333333333348,0.79379599072348184,-0.3125
1822,0.53319679267037035,0.7415301260037036,-0.40430320732962977
1823,0.55918023177078968,0.76751356510412294,-0.3125
1824,-0.41666666666666663,0.85340372382667884,-0.3125
1825,-0.3125,0.86685505986465439,-0.38314494013534572
1826,-0.38314494013534572,0.86685505986465439,-0.3125
1827,-0.3125,0.896755801361933,-0.3125
1828,-0.24633684350200125,0.89949648983133212,-0.35050351016866793
1829,-0.20833333333333326,0.91876528166097315,-0.33123471833902685
1830,-0.22385473682360352,0.9219785965097298,-0.3125
1831,-0.20833333333333326,0.92670756838691848,-0.3125
1832,-0.10416666666666652,0.9375,-0.33003202060825115
1833,-0.11653402140906657,0.9375,-0.32486735474240003
1834,-0.14464512361963161,0.9375,-0.3125
1835,0,0.9375,-0.34506194190040651
1836,-0.028566314444402899,0.9375,-0.34106631444440294
1837,0.10416666666666674,0.9375,-0.33003202060825115
1838,0.083765924129772948,0.9375,-0.33290074253689378
1839,0.1940482037572086,0.92321487042387518,-0.32678512957612488
1840,0.20833333333333348,0.91876528166097315,-0.33123471833902685
1841,0.1446451236196318,0.9375,-0.3125
1842,0.1992455103022428,0.92841217696890932,-0.3125
1843,0.20833333333333348,0.92670756838691848,-0.3125
1844,0.2660565443330809,0.8910565443330809,-0.3589434556669191
1845,0.3125,0.86685505986465439,-0.38314494013534572
1846,0.28148039212153597,0.90648039212153597,-0.3125
1847,0.3125,0.896755801361933,-0.3125
1848,0.33257039049334536,0.85340372382667884,-0.39659627617332133
1849,0.35824153868550818,0.87907487201884149,-0.3125
1850,0.41666666666666674,0.85340372382667873,-0.3125
1851,0.43007441058824297,0.84674107725490966,-0.3125
1852,-0.10416666666666652,0.944154743717737,-0.3125
1853,-0.097158974045223473,0.94450769262144307,-0.3125
1854,0,0.94986345933703697,-0.3125
1855,0.011773449617301448,0.94927344961730142,-0.3125
1856,0.10416666666666674,0.944154743717737,-0.3125
1857,0.10995471147169331,0.94328804480502659,-0.3125
1858,-0.22043694463940389,-0.94960361130607063,-0.22043694463940389
1859,-0.20833333333333326,-0.95195756788909214,-0.2227909012224254
1860,-0.20833333333333326,-0.9375,-0.27449648983133201
1861,-0.24185505986465419,-0.9375,-0.24185505986465419
1862,-0.27449648983133201,-0.9375,-0.20833333333333326
1863,-0.2227909012224254,-0.95195756788909214,-0.20833333333333326
1864,-0.20833333333333326,-0.95554571027139024,-0.20833333333333326
1865,-0.12922924591133916,-0.96256257924467259,-0.2333959125780059
1866,-0.10416666666666652,-0.96549416516836239,-0.2363274985016956
1867,-0.1847802558228672,-0.9375,-0.28894692248953391
1868,-0.13455773507325758,-0.96789106840659112,-0.20833333333333326
1869,-0.10416666666666652,-0.97242956559393701,-0.20833333333333326
1870,-0.031241159105323615,-0.96874115910532366,-0.23957449243865694
1871,0,-0.9699639725212148,-0.240797305854548
1872,-0.038573625024832928,-0.97607362502483297,-0.20833333333333326
1873,0,-0.97800179420311362,-0.20833333333333326
1874,0.075025994100439433,-0.96664067256622732,-0.23747400589956058
1875,0.10416666666666674,-0.96549416516836239,-0.2363274985016956
1876,0.067388953255526005,-0.97427771341114078,-0.20833333333333326
1877,0.10416666666666674,-0.97242956559393701,-0.20833333333333326
1878,0.19192738370850387,-0.95390594962482966,-0.22473928295816287
1879,0.20833333333333348,-0.95195756788909214,-0.2227909012224254
1880,0.20833333333333348,-0.9375,-0.27449648983133201
1881,0.18706115863424677,-0.95877217469908671,-0.20833333333333326
1882,0.20833333333333348,-0.95554571027139024,-0.20833333333333326
1883,0.27449648983133212,-0.9375,-0.20833333333333326
1884,-0.44572810877163255,-0.86239477543829923,-0.23739477543829923
1885,-0.41666666666666663,-0.87340195928003661,-0.24840195928003664
1886,-0.47834996247703937,-0.83333333333333326,-0.27001662914370606
1887,-0.51133080408272114,-0.83333333333333326,-0.20833333333333326
1888,-0.45090618606531796,-0.86757285273198459,-0.20833333333333326
1889,-0.41666666666666663,-0.88453203301811922,-0.20833333333333326
1890,-0.36901551594654347,-0.88984884927987684,-0.26484884927987679
1891,-0.3125,-0.90648039212153586,-0.28148039212153592
1892,-0.37990956340568072,-0.90074289673901398,-0.20833333333333326
1893,-0.3125,-0.92670756838691848,-0.20833333333333326
1894,-0.28761578502354956,-0.91261578502354956,-0.28761578502354956
1895,-0.20833333333333326,-0.92929118963196633,-0.30429118963196633
1896,-0.30429118963196633,-0.92929118963196633,-0.20833333333333326
1897,-0.20118056658168126,-0.930347233248348,-0.305347233248348
1898,0.20833333333333348,-0.92929118963196633,-0.30429118963196633
1899,0.21912576494641497,-0.92670756838691848,-0.30170756838691848
1900,0.3125,-0.90648039212153586,-0.28148039212153592
1901,0.3125,-0.92670756838691848,-0.20833333333333326
1902,0.3589434556669191,-0.8910565443330809,-0.2660565443330809
1903,0.41666666666666674,-0.87340195928003661,-0.24840195928003658
1904,0.33123471833902685,-0.91876528166097315,-0.20833333333333326
1905,0.41666666666666674,-0.88453203301811911,-0.20833333333333326
1906,0.49914705338346133,-0.83333333333333326,-0.23001961328320539
1907,0.51133080408272091,-0.83333333333333326,-0.20833333333333326
1908,-0.63573218813081744,-0.73989885479748407,-0.2190655214641507
1909,-0.625,-0.7463515975798688,-0.22551826424653543
1910,-0.625,-0.72916666666666663,-0.27449648983133218
1911,-0.64400191777262972,-0.72916666666666663,-0.22733525110596298
1912,-0.65098499394550502,-0.72916666666666663,-0.20833333333333326
1913,-0.63750739393949629,-0.74167406060616292,-0.20833333333333326
1914,-0.625,-0.75180059557138423,-0.20833333333333326
1915,-0.57058318664121144,-0.77891651997454481,-0.25808318664121144
1916,-0.52083333333333326,-0.80411501943042585,-0.28328168609709253
1917,-0.61349778036920766,-0.72916666666666663,-0.3009977803692076
1918,-0.57940479560956404,-0.78773812894289741,-0.20833333333333326
1919,-0.52083333333333326,-0.82773287654728733,-0.20833333333333326
1920,-0.50124769972769545,-0.81374769972769545,-0.29291436639436214
1921,-0.51743253842288961,-0.82993253842288961,-0.20833333333333326
1922,0.52083333333333348,-0.80411501943042563,-0.28328168609709237
1923,0.52083333333333348,-0.827732876547287,-0.20833333333333326
1924,0.58785044201005732,-0.76631622465660931,-0.24548289132327605
1925,0.625,-0.7463515975798688,-0.22551826424653543
1926,0.625,-0.72916666666666663,-0.27449648983133218
1927,0.54251961328320553,-0.81164705338346121,-0.20833333333333326
1928,0.625,-0.75180059557138423,-0.20833333333333326
1929,0.65098499394550502,-0.72916666666666663,-0.20833333333333326
1930,-0.73989885479748407,-0.63573218813081744,-0.2190655214641507
1931,-0.72916666666666663,-0.64400191777262972,-0.22733525110596298
1932,-0.72916666666666663,-0.625,-0.27449648983133218
1933,-0.74635159757986869,-0.625,-0.2255182642465354
1934,-0.75180059557138423,-0.625,-0.20833333333333326
1935,-0.74167406060616292,-0.63750739393949629,-0.20833333333333326
1936,-0.72916666666666663,-0.65098499394550502,-0.20833333333333326
1937,-0.68150681898517318,-0.68150681898517318,-0.26484015231850649
1938,-0.625,-0.71900536193236519,-0.30233869526569856
1939,-0.71900536193236519,-0.625,-0.30233869526569856
1940,-0.69150907176296605,-0.69150907176296605,-0.20833333333333326
1941,-0.61891752393178301,-0.72308419059844975,-0.30641752393178306
1942,0.625,-0.71900536193236519,-0.30233869526569856
1943,0.66300351016866799,-0.69116315649799864,-0.27449648983133201
1944,0.72916666666666674,-0.6440019177726295,-0.22733525110596281
1945,0.72916666666666674,-0.625,-0.27449648983133146
1946,0.72916666666666674,-0.6509849939455048,-0.20833333333333326
1947,0.75180059557138423,-0.625,-0.20833333333333326
1948,-0.7789165199745447,-0.57058318664121144,-0.25808318664121138
1949,-0.72916666666666663,-0.61349778036920766,-0.3009977803692076
1950,-0.80411501943042585,-0.52083333333333326,-0.28328168609709253
1951,-0.82773287654728733,-0.52083333333333326,-0.20833333333333326
1952,-0.78773812894289741,-0.57940479560956404,-0.20833333333333326
1953,-0.72308419059844975,-0.61891752393178301,-0.30641752393178306
1954,0.72916666666666674,-0.61349778036920732,-0.30099778036920738
1955,0.82480593694611404,-0.52083333333333326,-0.21686072972055268
1956,0.82773287654728722,-0.52083333333333326,-0.20833333333333326
1957,0.81164705338346121,-0.54251961328320553,-0.20833333333333326
1958,-0.86239477543829923,-0.44572810877163255,-0.23739477543829923
1959,-0.83333333333333326,-0.47834996247703937,-0.27001662914370606
1960,-0.87340195928003661,-0.41666666666666663,-0.24840195928003664
1961,-0.88453203301811922,-0.41666666666666663,-0.20833333333333326
1962,-0.86757285273198459,-0.4509061860653179,-0.20833333333333326
1963,-0.83333333333333326,-0.51133080408272114,-0.20833333333333326
1964,-0.81374769972769545,-0.50124769972769545,-0.29291436639436214
1965,-0.82993253842288961,-0.51743253842288961,-0.20833333333333326
1966,0.83333333333333348,-0.47834996247703909,-0.27001662914370578
1967,0.83333333333333348,-0.51133080408272069,-0.20833333333333326
1968,0.86141222084491165,-0.41666666666666663,-0.28442111248842178
1969,0.88453203301811922,-0.41666666666666663,-0.20833333333333326
1970,-0.88984884927987684,-0.36901551594654347,-0.26484884927987679
1971,-0.90648039212153586,-0.3125,-0.28148039212153592
1972,-0.92670756838691848,-0.3125,-0.20833333333333326
1973,-0.90074289673901398,-0.37990956340568072,-0.20833333333333326
1974,0.8994964898313319,-0.3505035101686681,-0.24633684350200141
1975,0.9219785965097298,-0.3125,-0.22385473682360352
1976,0.92670756838691848,-0.3125,-0.20833333333333326
1977,0.91876528166097315,-0.33123471833902685,-0.20833333333333326
1978,-0.94960361130607063,-0.22043694463940389,-0.22043694463940389
1979,-0.9375,-0.24185505986465419,-0.24185505986465419
1980,-0.9375,-0.20833333333333326,-0.27449648983133201
1981,-0.95195756788909214,-0.20833333333333326,-0.2227909012224254
1982,-0.95554571027139024,-0.20833333333333326,-0.20833333333333326
1983,-0.95195756788909214,-0.2227909012224254,-0.20833333333333326
1984,-0.9375,-0.27449648983133201,-0.20833333333333326
1985,-0.91261578502354956,-0.28761578502354956,-0.28761578502354956
1986,-0.92929118963196633,-0.20833333333333326,-0.30429118963196633
1987,-0.92929118963196633,-0.30429118963196633,-0.20833333333333326
1988,0.9375,-0.24185505986465419,-0.24185505986465419
1989,0.9375,-0.20833333333333326,-0.27449648983133201
1990,0.9375,-0.27449648983133201,-0.20833333333333326
1991,0.95554571027139024,-0.20833333333333326,-0.20833333333333326
1992,-0.96256257924467259,-0.12922924591133916,-0.2333959125780059
1993,-0.9375,-0.1847802558228672,-0.28894692248953391
1994,-0.96549416516836239,-0.10416666666666652,-0.2363274985016956
1995,-0.97242956559393701,-0.10416666666666652,-0.20833333333333326
1996,-0.96789106840659112,-0.13455773507325758,-0.20833333333333326
1997,-0.930347233248348,-0.20118056658168126,-0.305347233248348
1998,0.9375,-0.1847802558228672,-0.28894692248953391
1999,0.94642269630101439,-0.10416666666666652,-0.30357730369898561
2000,0.97242956559393701,-0.10416666666666652,-0.20833333333333326
2001,0.95877217469908671,-0.1870611586342466,-0.20833333333333326
2002,-0.96874115910532366,-0.031241159105323615,-0.23957449243865694
2003,-0.9699639725212148,0,-0.240797305854548
2004,-0.97800179420311362,0,-0.20833333333333326
2005,-0.97607362502483297,-0.038573625024832928,-0.20833333333333326
2006,0.94708530401350777,-0.094581362653158765,-0.30291469598649223
2007,0.95407498730839435,0,-0.2959250126916057
2008,0.97800179420311362,0,-0.20833333333333326
2009,0.97427771341114067,-0.067388953255525963,-0.20833333333333326
2010,-0.96664067256622732,0.075025994100439433,-0.23747400589956058
2011,-0.96549416516836239,0.10416666666666674,-0.2363274985016956
2012,-0.97242956559393701,0.10416666666666674,-0.20833333333333326
2013,-0.97427771341114078,0.067388953255526005,-0.20833333333333326
2014,0.95300842701349697,0.015508427013496966,-0.29699157298650303
2015,0.94642269630101439,0.10416666666666674,-0.30357730369898561
2016,0.97242956559393701,0.10416666666666674,-0.20833333333333326
2017,0.97607362502483297,0.038573625024832921,-0.20833333333333326
2018,-0.95390594962482966,0.19192738370850387,-0.22473928295816287
2019,-0.9375,0.20833333333333348,-0.27449648983133201
2020,-0.95195756788909214,0.20833333333333348,-0.2227909012224254
2021,-0.95554571027139024,0.20833333333333348,-0.20833333333333326
2022,-0.95877217469908671,0.18706115863424677,-0.20833333333333326
2023,-0.92929118963196633,0.20833333333333348,-0.30429118963196633
2024,0.9375,0.20833333333333348,-0.27449648983133201
2025,0.94490208333850656,0.11156875000517333,-0.30509791666149344
2026,0.95554571027139024,0.20833333333333348,-0.20833333333333326
2027,0.96789106840659112,0.13455773507325774,-0.20833333333333326
2028,-0.9375,0.27449648983133212,-0.20833333333333326
2029,-0.92670756838691848,0.21912576494641497,-0.30170756838691848
2030,-0.90648039212153586,0.3125,-0.28148039212153592
2031,-0.92670756838691848,0.3125,-0.20833333333333326
2032,0.92670756838691848,0.30170756838691848,-0.21912576494641478
2033,0.9219785965097298,0.3125,-0.22385473682360352
2034,0.92670756838691848,0.3125,-0.20833333333333326
2035,0.92929118963196633,0.30429118963196633,-0.20833333333333326
2036,0.9375,0.27449648983133212,-0.20833333333333326
2037,0.95195756788909214,0.22279090122242556,-0.20833333333333326
2038,-0.8910565443330809,0.3589434556669191,-0.2660565443330809
2039,-0.87340195928003661,0.41666666666666674,-0.24840195928003658
2040,-0.88453203301811911,0.41666666666666674,-0.20833333333333326
2041,-0.91876528166097315,0.33123471833902685,-0.20833333333333326
2042,0.89037833853756643,0.36954500520423306,-0.25545499479576694
2043,0.86141222084491165,0.41666666666666674,-0.28442111248842178
2044,0.88453203301811922,0.41666666666666674,-0.20833333333333326
2045,0.90074289673901409,0.37990956340568072,-0.20833333333333326
2046,-0.83333333333333326,0.49914705338346133,-0.23001961328320539
2047,-0.83333333333333326,0.51133080408272091,-0.20833333333333326
2048,-0.80411501943042563,0.52083333333333348,-0.28328168609709237
2049,-0.827732876547287,0.52083333333333348,-0.20833333333333326
2050,0.8289668270905538,0.5164668270905538,-0.21269983957611296
2051,0.83333333333333348,0.49914705338346033,-0.23001961328320644
2052,0.8248059369461137,0.52083333333333348,-0.21686072972055306
2053,0.827732876547287,0.52083333333333348,-0.20833333333333326
2054,0.8299325384228895,0.5174325384228895,-0.20833333333333326
2055,0.83333333333333348,0.51133080408272047,-0.20833333333333326
2056,0.84973928295816292,0.43307261629149629,-0.29609405037517045
2057,0.86757285273198459,0.45090618606531796,-0.20833333333333326
2058,-0.76631622465660931,0.58785044201005732,-0.24548289132327605
2059,-0.72916666666666663,0.625,-0.27449648983133218
2060,-0.74635159757986869,0.625,-0.2255182642465354
2061,-0.75180059557138423,0.625,-0.20833333333333326
2062,-0.81164705338346121,0.54251961328320553,-0.20833333333333326
2063,-0.71900536193236519,0.625,-0.30233869526569856
2064,0.72916666666666674,0.625,-0.27449648983133146
2065,0.7760554554864646,0.56772212215313123,-0.26561121118020209
2066,0.75180059557138423,0.625,-0.20833333333333326
2067,0.78773812894289741,0.57940479560956404,-0.20833333333333326
2068,-0.72916666666666663,0.65098499394550502,-0.20833333333333326
2069,-0.69116315649799864,0.66300351016866799,-0.27449648983133201
2070,-0.625,0.72916666666666674,-0.27449648983133146
2071,-0.6440019177726295,0.72916666666666674,-0.22733525110596281
2072,-0.6509849939455048,0.72916666666666674,-0.20833333333333326
2073,-0.61349778036920732,0.72916666666666674,-0.30099778036920738
2074,0.625,0.72916666666666674,-0.27449648983133146
2075,0.68184376469750618,0.68184376469750618,-0.25565623530249387
2076,0.6509849939455048,0.72916666666666674,-0.20833333333333326
2077,0.69150907176296605,0.69150907176296605,-0.20833333333333326
2078,0.72916666666666674,0.6509849939455048,-0.20833333333333326
2079,0.74167406060616292,0.63750739393949618,-0.20833333333333326
2080,-0.625,0.75180059557138423,-0.20833333333333326
2081,-0.52083333333333326,0.82480593694611404,-0.21686072972055268
2082,-0.54251961328320553,0.81164705338346121,-0.20833333333333326
2083,-0.52083333333333326,0.82773287654728722,-0.20833333333333326
2084,-0.47834996247703909,0.83333333333333348,-0.27001662914370578
2085,-0.51133080408272069,0.83333333333333348,-0.20833333333333326
2086,0.5164668270905538,0.8289668270905538,-0.21269983957611296
2087,0.52083333333333348,0.8248059369461137,-0.21686072972055306
2088,0.49914705338346033,0.83333333333333348,-0.23001961328320644
2089,0.51133080408272047,0.83333333333333348,-0.20833333333333326
2090,0.5174325384228895,0.8299325384228895,-0.20833333333333326
2091,0.52083333333333348,0.827732876547287,-0.20833333333333326
2092,0.56772212215313123,0.7760554554864646,-0.26561121118020209
2093,0.57940479560956404,0.78773812894289741,-0.20833333333333326
2094,0.625,0.75180059557138423,-0.20833333333333326
2095,0.63750739393949618,0.74167406060616292,-0.20833333333333326
2096,-0.41666666666666663,0.86141222084491176,-0.28442111248842167
2097,-0.41666666666666663,0.88453203301811922,-0.20833333333333326
2098,-0.35050351016866793,0.89949648983133212,-0.24633684350200125
2099,-0.3125,0.9219785965097298,-0.22385473682360352
2100,-0.33123471833902685,0.91876528166097315,-0.20833333333333326
2101,-0.3125,0.92670756838691848,-0.20833333333333326
2102,-0.20833333333333326,0.9375,-0.27449648983133201
2103,-0.24185505986465419,0.9375,-0.24185505986465419
2104,-0.27449648983133201,0.9375,-0.20833333333333326
2105,-0.1847802558228672,0.9375,-0.28894692248953391
2106,0.20833333333333348,0.9375,-0.27449648983133201
2107,0.30170756838691848,0.92670756838691848,-0.21912576494641478
2108,0.3125,0.9219785965097298,-0.22385473682360352
2109,0.27449648983133212,0.9375,-0.20833333333333326
2110,0.30429118963196633,0.92929118963196633,-0.20833333333333326
2111,0.3125,0.92670756838691848,-0.20833333333333326
2112,0.36954500520423306,0.89037833853756643,-0.25545499479576694
2113,0.41666666666666674,0.86141222084491165,-0.28442111248842178
2114,0.37990956340568072,0.90074289673901409,-0.20833333333333326
2115,0.41666666666666674,0.88453203301811922,-0.20833333333333326
2116,0.43307261629149629,0.84973928295816292,-0.29609405037517045
2117,0.45090618606531796,0.86757285273198459,-0.20833333333333326
2118,-0.20833333333333326,0.95554571027139024,-0.20833333333333326
2119,-0.10416666666666652,0.94642269630101439,-0.30357730369898561
2120,-0.1870611586342466,0.95877217469908671,-0.20833333333333326
2121,-0.10416666666666652,0.97242956559393701,-0.20833333333333326
2122,-0.094581362653158765,0.94708530401350777,-0.30291469598649223
2123,0,0.95407498730839435,-0.2959250126916057
2124,-0.067388953255525963,0.97427771341114067,-0.20833333333333326
2125,0,0.97800179420311362,-0.20833333333333326
2126,0.015508427013496966,0.95300842701349697,-0.29699157298650303
2127,0.10416666666666674,0.94642269630101439,-0.30357730369898561
2128,0.038573625024832921,0.97607362502483297,-0.20833333333333326
2129,0.10416666666666674,0.97242956559393701,-0.20833333333333326
2130,0.11156875000517333,0.94490208333850656,-0.30509791666149344
2131,0.13455773507325774,0.96789106840659112,-0.20833333333333326
2132,0.20833333333333348,0.95554571027139024,-0.20833333333333326
2133,0.22279090122242556,0.95195756788909214,-0.20833333333333326
2134,-0.31696153216994838,-0.94196153216994838,-0.10862819883661488
2135,-0.3125,-0.94328804480502659,-0.10995471147169311
2136,-0.3125,-0.9375,-0.14464512361963161
2137,-0.32486735474240003,-0.9375,-0.11653402140906657
2138,-0.33003202060825115,-0.9375,-0.10416666666666652
2139,-0.3174428643344176,-0.9424428643344176,-0.10416666666666652
2140,-0.3125,-0.944154743717737,-0.10416666666666652
2141,-0.2333959125780059,-0.96256257924467259,-0.12922924591133916
2142,-0.20833333333333326,-0.96789106840659112,-0.13455773507325758
2143,-0.28894692248953391,-0.9375,-0.1847802558228672
2144,-0.2363274985016956,-0.96549416516836239,-0.10416666666666652
2145,-0.20833333333333326,-0.97242956559393701,-0.10416666666666652
2146,-0.14394952436414818,-0.97728285769748169,-0.14394952436414818
2147,-0.10416666666666652,-0.98237085876401842,-0.14903752543068496
2148,-0.14903752543068496,-0.98237085876401842,-0.10416666666666652
2149,-0.10416666666666652,-0.98905998270215822,-0.10416666666666652
2150,-0.04761023098747718,-0.9851102309874773,-0.15177689765414382
2151,0,-0.9871482052186511,-0.15381487188531759
2152,-0.054333530276071428,-0.99183353027607157,-0.10416666666666652
2153,0,-0.99454500520423295,-0.10416666666666652
2154,0.057277877846868802,-0.98438878881979797,-0.15105545548646446
2155,0.10416666666666674,-0.98237085876401842,-0.14903752543068496
2156,0.049882847235750157,-0.99178381943091654,-0.10416666666666652
2157,0.10416666666666674,-0.98905998270215822,-0.10416666666666652
2158,0.17340376773939647,-0.97242956559393701,-0.13909623226060353
2159,0.20833333333333348,-0.96789106840659112,-0.13455773507325758
2160,0.16716777881972711,-0.97866555451360637,-0.10416666666666652
2161,0.20833333333333348,-0.97242956559393701,-0.10416666666666652
2162,0.30509791666149344,-0.94490208333850656,-0.11156875000517312
2163,0.3125,-0.94328804480502659,-0.10995471147169311
2164,0.3125,-0.9375,-0.14464512361963161
2165,0.30357730369898561,-0.94642269630101439,-0.10416666666666652
2166,0.3125,-0.944154743717737,-0.10416666666666652
2167,0.33003202060825115,-0.9375,-0.10416666666666652
2168,-0.52862376958095703,-0.84112376958095703,-0.11195710291429029
2169,-0.52083333333333326,-0.8451067829506349,-0.11594011628396811
2170,-0.52083333333333326,-0.83333333333333326,-0.17933818842084306
2171,-0.53740832064172783,-0.83333333333333326,-0.12074165397506105
2172,-0.54176999131804615,-0.83333333333333326,-0.10416666666666652
2173,-0.52940068863268375,-0.84190068863268375,-0.10416666666666652
2174,-0.52083333333333326,-0.84708459169634276,-0.10416666666666652
2175,-0.45866685735998891,-0.87533352402665565,-0.14616685735998888
2176,-0.41666666666666663,-0.8928641946493362,-0.16369752798266946
2177,-0.51376901438017175,-0.83333333333333326,-0.20126901438017181
2178,-0.46316686001471624,-0.87983352668138293,-0.10416666666666652
2179,-0.41666666666666663,-0.90281677060028798,-0.10416666666666652
2180,-0.38429332384323234,-0.90512665717656571,-0.17595999050989897
2181,-0.3125,-0.92841217696890932,-0.19924551030224258
2182,-0.39261631306816891,-0.91344964640150228,-0.10416666666666652
2183,-0.305347233248348,-0.930347233248348,-0.20118056658168126
2184,0.3125,-0.92841217696890932,-0.19924551030224258
2185,0.32678512957612482,-0.92321487042387518,-0.19404820375720841
2186,0.41666666666666674,-0.8928641946493362,-0.16369752798266946
2187,0.41666666666666674,-0.90281677060028798,-0.10416666666666652
2188,0.49989667534862081,-0.85426999131804593,-0.12510332465137919
2189,0.52083333333333348,-0.84510678295063468,-0.11594011628396798
2190,0.52083333333333348,-0.83333333333333326,-0.17933818842084184
2191,0.49226701888893054,-0.8618996477777362,-0.10416666666666652
2192,0.52083333333333348,-0.84708459169634265,-0.10416666666666652
2193,0.54176999131804615,-0.83333333333333326,-0.10416666666666652
2194,-0.64703324363682369,-0.75119991030349031,-0.1261999103034902
2195,-0.625,-0.76594438007780741,-0.14094438007780735
2196,-0.66616555451360648,-0.72916666666666663,-0.145332221180273
2197,-0.67527397855461613,-0.72916666666666663,-0.10416666666666652
2198,-0.64922447329005517,-0.75339113995672191,-0.10416666666666652
2199,-0.625,-0.77296410473653643,-0.10416666666666652
2200,-0.58448995963006156,-0.79282329296339482,-0.16782329296339479
2201,-0.52083333333333326,-0.82870961010641297,-0.20370961010641297
2202,-0.59127711858341592,-0.79961045191674929,-0.10416666666666652
2203,-0.51784115295846456,-0.83034115295846456,-0.20534115295846458
2204,0.52083333333333348,-0.82870961010641275,-0.20370961010641275
2205,0.53312132736539253,-0.82104533930127421,-0.19604533930127416
2206,0.625,-0.76594438007780741,-0.14094438007780735
2207,0.625,-0.77296410473653643,-0.10416666666666652
2208,0.65852172653132102,-0.72916666666666663,-0.17481160680201219
2209,0.67527397855461602,-0.72916666666666663,-0.10416666666666652
2210,-0.75119991030349031,-0.64703324363682369,-0.1261999103034902
2211,-0.72916666666666663,-0.66616555451360648,-0.145332221180273
2212,-0.76594438007780741,-0.625,-0.14094438007780735
2213,-0.77296410473653643,-0.625,-0.10416666666666652
2214,-0.75339113995672191,-0.64922447329005517,-0.10416666666666652
2215,-0.72916666666666663,-0.67527397855461613,-0.10416666666666652
2216,-0.69571650626474768,-0.69571650626474768,-0.17488317293141425
2217,-0.70324305298659973,-0.70324305298659973,-0.10416666666666652
2218,0.72916666666666674,-0.66616555451360637,-0.14533222118027292
2219,0.72916666666666674,-0.67527397855461591,-0.10416666666666652
2220,0.75724555417824502,-0.625,-0.18025444582175501
2221,0.77296410473653643,-0.625,-0.10416666666666652
2222,-0.84112376958095703,-0.52862376958095703,-0.11195710291429029
2223,-0.83333333333333326,-0.53740832064172783,-0.12074165397506105
2224,-0.83333333333333326,-0.52083333333333326,-0.17933818842084306
2225,-0.84510678295063479,-0.52083333333333326,-0.11594011628396809
2226,-0.84708459169634276,-0.52083333333333326,-0.10416666666666652
2227,-0.84190068863268375,-0.52940068863268375,-0.10416666666666652
2228,-0.83333333333333326,-0.54176999131804615,-0.10416666666666652
2229,-0.79282329296339482,-0.58448995963006156,-0.16782329296339479
2230,-0.82870961010641297,-0.52083333333333326,-0.20370961010641297
2231,-0.79961045191674929,-0.59127711858341592,-0.10416666666666652
2232,0.83333333333333348,-0.5374083206417275,-0.12074165397506073
2233,0.83333333333333348,-0.52083333333333326,-0.17933818842084165
2234,0.83333333333333348,-0.54176999131804571,-0.10416666666666652
2235,0.84708459169634276,-0.52083333333333326,-0.10416666666666652
2236,-0.87533352402665554,-0.45866685735998891,-0.1461668573599888
2237,-0.83333333333333326,-0.51376901438017175,-0.20126901438017181
2238,-0.8928641946493362,-0.41666666666666663,-0.16369752798266946
2239,-0.90281677060028798,-0.41666666666666663,-0.10416666666666652
2240,-0.87983352668138282,-0.46316686001471613,-0.10416666666666652
2241,-0.83034115295846456,-0.51784115295846456,-0.20534115295846458
2242,0.83333333333333348,-0.51376901438017142,-0.20126901438017145
2243,0.89501662914370583,-0.41666666666666663,-0.14665003752296074
2244,0.90281677060028798,-0.41666666666666663,-0.10416666666666652
2245,0.8618996477777362,-0.49226701888893054,-0.10416666666666652
2246,-0.94196153216994838,-0.31696153216994838,-0.10862819883661488
2247,-0.9375,-0.32486735474240003,-0.11653402140906657
2248,-0.9375,-0.3125,-0.14464512361963161
2249,-0.94328804480502659,-0.3125,-0.10995471147169311
2250,-0.944154743717737,-0.3125,-0.10416666666666652
2251,-0.9424428643344176,-0.3174428643344176,-0.10416666666666652
2252,-0.9375,-0.33003202060825115,-0.10416666666666652
2253,-0.90512665717656571,-0.38429332384323234,-0.17595999050989897
2254,-0.92841217696890932,-0.3125,-0.19924551030224258
2255,-0.91344964640150228,-0.39261631306816891,-0.10416666666666652
2256,0.9375,-0.32486735474240003,-0.11653402140906657
2257,0.9375,-0.3125,-0.14464512361963161
2258,0.9375,-0.33003202060825115,-0.10416666666666652
2259,0.944154743717737,-0.3125,-0.10416666666666652
2260,-0.96256257924467259,-0.2333959125780059,-0.12922924591133916
2261,-0.9375,-0.28894692248953391,-0.1847802558228672
2262,-0.96789106840659112,-0.20833333333333326,-0.13455773507325758
2263,-0.97242956559393701,-0.20833333333333326,-0.10416666666666652
2264,-0.96549416516836239,-0.2363274985016956,-0.10416666666666652
2265,-0.930347233248348,-0.305347233248348,-0.20118056658168126
2266,0.9375,-0.28894692248953391,-0.1847802558228672
2267,0.95877217469908671,-0.20833333333333326,-0.1870611586342466
2268,0.97242956559393701,-0.20833333333333326,-0.10416666666666652
2269,0.94642269630101439,-0.30357730369898561,-0.10416666666666652
2270,-0.97728285769748169,-0.14394952436414818,-0.14394952436414818
2271,-0.98237085876401842,-0.10416666666666652,-0.14903752543068496
2272,-0.98905998270215822,-0.10416666666666652,-0.10416666666666652
2273,-0.98237085876401842,-0.14903752543068496,-0.10416666666666652
2274,0.9634849939455048,-0.18234833938782857,-0.18234833938782857
2275,0.97866555451360637,-0.10416666666666652,-0.167167778819727
2276,0.98905998270215822,-0.10416666666666652,-0.10416666666666652
2277,0.97866555451360637,-0.167167778819727,-0.10416666666666652
2278,-0.9851102309874773,-0.04761023098747718,-0.15177689765414382
2279,-0.9871482052186511,0,-0.15381487188531759
2280,-0.99454500520423295,0,-0.10416666666666652
2281,-0.99183353027607157,-0.054333530276071428,-0.10416666666666652
2282,0.98129743806986969,-0.060369228596796991,-0.16453589526346363
2283,0.98522889110406409,0,-0.16060444222926934
2284,0.99454500520423295,0,-0.10416666666666652
2285,0.99178381943091654,-0.04988284723575017,-0.10416666666666652
2286,-0.98438878881979797,0.057277877846868802,-0.15105545548646446
2287,-0.98237085876401842,0.10416666666666674,-0.14903752543068496
2288,-0.98905998270215822,0.10416666666666674,-0.10416666666666652
2289,-0.99178381943091654,0.049882847235750157,-0.10416666666666652
2290,0.98253700626476359,0.045037006264763459,-0.16329632706856981
2291,0.97866555451360637,0.10416666666666674,-0.167167778819727
2292,0.98905998270215822,0.10416666666666674,-0.10416666666666652
2293,0.99183353027607157,0.054333530276071434,-0.10416666666666652
2294,-0.97242956559393701,0.17340376773939647,-0.13909623226060353
2295,-0.96789106840659112,0.20833333333333348,-0.13455773507325758
2296,-0.97242956559393701,0.20833333333333348,-0.10416666666666652
2297,-0.97866555451360637,0.16716777881972711,-0.10416666666666652
2298,0.97242956559393701,0.13909623226060366,-0.17340376773939634
2299,0.95877217469908671,0.20833333333333348,-0.1870611586342466
2300,0.97242956559393701,0.20833333333333348,-0.10416666666666652
2301,0.98237085876401842,0.1490375254306851,-0.10416666666666652
2302,-0.94490208333850656,0.30509791666149344,-0.11156875000517312
2303,-0.9375,0.3125,-0.14464512361963161
2304,-0.94328804480502659,0.3125,-0.10995471147169311
2305,-0.944154743717737,0.3125,-0.10416666666666652
2306,-0.94642269630101439,0.30357730369898561,-0.10416666666666652
2307,-0.92841217696890932,0.3125,-0.19924551030224258
2308,0.9375,0.3125,-0.14464512361963161
2309,0.95390594962482966,0.22473928295816303,-0.19192738370850368
2310,0.944154743717737,0.3125,-0.10416666666666652
2311,0.96549416516836239,0.23632749850169574,-0.10416666666666652
2312,-0.9375,0.33003202060825115,-0.10416666666666652
2313,-0.92321487042387518,0.32678512957612482,-0.19404820375720841
2314,-0.8928641946493362,0.41666666666666674,-0.16369752798266946
2315,-0.90281677060028798,0.41666666666666674,-0.10416666666666652
2316,0.90975741065724391,0.38892407732391054,-0.13190925600942272
2317,0.89501662914370583,0.41666666666666674,-0.14665003752296074
2318,0.90281677060028798,0.41666666666666674,-0.10416666666666652
2319,0.91344964640150228,0.39261631306816897,-0.10416666666666652
2320,0.9375,0.33003202060825115,-0.10416666666666652
2321,0.9424428643344176,0.31744286433441765,-0.10416666666666652
2322,-0.85426999131804593,0.49989667534862081,-0.12510332465137919
2323,-0.83333333333333326,0.52083333333333348,-0.17933818842084184
2324,-0.84510678295063468,0.52083333333333348,-0.11594011628396798
2325,-0.84708459169634265,0.52083333333333348,-0.10416666666666652
2326,-0.8618996477777362,0.49226701888893054,-0.10416666666666652
2327,-0.82870961010641275,0.52083333333333348,-0.20370961010641275
2328,0.83333333333333348,0.52083333333333348,-0.17933818842084043
2329,0.87175526423003635,0.45508859756336972,-0.16991140243663025
2330,0.84708459169634265,0.52083333333333348,-0.10416666666666652
2331,0.87983352668138282,0.46316686001471619,-0.10416666666666652
2332,-0.83333333333333326,0.54176999131804615,-0.10416666666666652
2333,-0.82104533930127421,0.53312132736539253,-0.19604533930127416
2334,-0.76594438007780741,0.625,-0.14094438007780735
2335,-0.77296410473653643,0.625,-0.10416666666666652
2336,0.79486237344850608,0.5865290401151726,-0.14263762655149395
2337,0.75724555417824502,0.625,-0.18025444582175501
2338,0.77296410473653643,0.625,-0.10416666666666652
2339,0.79961045191674929,0.59127711858341581,-0.10416666666666652
2340,0.83333333333333348,0.54176999131804571,-0.10416666666666652
2341,0.84190068863268375,0.52940068863268375,-0.10416666666666652
2342,-0.72916666666666663,0.65852172653132102,-0.17481160680201219
2343,-0.72916666666666663,0.67527397855461602,-0.10416666666666652
2344,-0.66616555451360637,0.72916666666666674,-0.14533222118027292
2345,-0.67527397855461591,0.72916666666666674,-0.10416666666666652
2346,0.69958632205349036,0.69958632205349036,-0.13374701127984284
2347,0.72916666666666674,0.65852172653132091,-0.17481160680201233
2348,0.65852172653132091,0.72916666666666674,-0.17481160680201233
2349,0.67527397855461591,0.72916666666666674,-0.10416666666666652
2350,0.70324305298659973,0.70324305298659973,-0.10416666666666652
2351,0.72916666666666674,0.67527397855461591,-0.10416666666666652
2352,0.74307839713370294,0.6389117304670362,-0.19442160286629709
2353,0.75339113995672191,0.64922447329005517,-0.10416666666666652
2354,-0.625,0.75724555417824502,-0.18025444582175501
2355,-0.625,0.77296410473653643,-0.10416666666666652
2356,-0.52083333333333326,0.83333333333333348,-0.17933818842084165
2357,-0.5374083206417275,0.83333333333333348,-0.12074165397506073
2358,-0.54176999131804571,0.83333333333333348,-0.10416666666666652
2359,-0.51376901438017142,0.83333333333333348,-0.20126901438017145
2360,0.52083333333333348,0.83333333333333348,-0.17933818842084043
2361,0.5865290401151726,0.79486237344850608,-0.14263762655149395
2362,0.625,0.75724555417824502,-0.18025444582175501
2363,0.54176999131804571,0.83333333333333348,-0.10416666666666652
2364,0.59127711858341581,0.79961045191674929,-0.10416666666666652
2365,0.625,0.77296410473653643,-0.10416666666666652
2366,0.6389117304670362,0.74307839713370294,-0.19442160286629709
2367,0.64922447329005517,0.75339113995672191,-0.10416666666666652
2368,-0.52083333333333326,0.84708459169634276,-0.10416666666666652
2369,-0.41666666666666663,0.89501662914370583,-0.14665003752296074
2370,-0.49226701888893054,0.8618996477777362,-0.10416666666666652
2371,-0.41666666666666663,0.90281677060028798,-0.10416666666666652
2372,-0.3125,0.9375,-0.14464512361963161
2373,-0.32486735474240003,0.9375,-0.11653402140906657
2374,-0.33003202060825115,0.9375,-0.10416666666666652
2375,-0.28894692248953391,0.9375,-0.1847802558228672
2376,0.3125,0.9375,-0.14464512361963161
2377,0.38892407732391054,0.90975741065724391,-0.13190925600942272
2378,0.41666666666666674,0.89501662914370583,-0.14665003752296074
2379,0.33003202060825115,0.9375,-0.10416666666666652
2380,0.39261631306816897,0.91344964640150228,-0.10416666666666652
2381,0.41666666666666674,0.90281677060028798,-0.10416666666666652
2382,0.45508859756336972,0.87175526423003635,-0.16991140243663025
2383,0.46316686001471619,0.87983352668138282,-0.10416666666666652
2384,0.52083333333333348,0.84708459169634265,-0.10416666666666652
2385,0.52940068863268375,0.84190068863268375,-0.10416666666666652
2386,-0.3125,0.944154743717737,-0.10416666666666652
2387,-0.20833333333333326,0.95877217469908671,-0.1870611586342466
2388,-0.30357730369898561,0.94642269630101439,-0.10416666666666652
2389,-0.20833333333333326,0.97242956559393701,-0.10416666666666652
2390,-0.18234833938782857,0.9634849939455048,-0.18234833938782857
2391,-0.10416666666666652,0.97866555451360637,-0.167167778819727
2392,-0.167167778819727,0.97866555451360637,-0.10416666666666652
2393,-0.10416666666666652,0.98905998270215822,-0.10416666666666652
2394,-0.060369228596796991,0.98129743806986969,-0.16453589526346363
2395,0,0.98522889110406409,-0.16060444222926934
2396,-0.04988284723575017,0.99178381943091654,-0.10416666666666652
2397,0,0.99454500520423295,-0.10416666666666652
2398,0.045037006264763459,0.98253700626476359,-0.16329632706856981
2399,0.10416666666666674,0.97866555451360637,-0.167167778819727
2400,0.054333530276071434,0.99183353027607157,-0.10416666666666652
2401,0.10416666666666674,0.98905998270215822,-0.10416666666666652
2402,0.13909623226060366,0.97242956559393701,-0.17340376773939634
2403,0.20833333333333348,0.95877217469908671,-0.1870611586342466
2404,0.1490375254306851,0.98237085876401842,-0.10416666666666652
2405,0.20833333333333348,0.97242956559393701,-0.10416666666666652
2406,0.22473928295816303,0.95390594962482966,-0.19192738370850368
2407,0.23632749850169574,0.96549416516836239,-0.10416666666666652
2408,0.3125,0.944154743717737,-0.10416666666666652
2409,0.31744286433441765,0.9424428643344176,-0.10416666666666652
2410,-0.32136452579972918,-0.94636452579972918,-0.008864525799729156
2411,-0.3125,-0.94927344961730142,-0.011773449617301437
2412,-0.34106631444440294,-0.9375,-0.028566314444402899
2413,-0.34506194190040651,-0.9375,0
2414,-0.3216844660026979,-0.94668446600269796,0
2415,-0.3125,-0.94986345933703697,0
2416,-0.23957449243865694,-0.96874115910532366,-0.031241159105323615
2417,-0.20833333333333326,-0.97607362502483297,-0.038573625024832928
2418,-0.240797305854548,-0.9699639725212148,0
2419,-0.20833333333333326,-0.97800179420311362,0
2420,-0.15177689765414382,-0.9851102309874773,-0.04761023098747718
2421,-0.10416666666666652,-0.99183353027607157,-0.054333530276071428
2422,-0.15381487188531759,-0.9871482052186511,0
2423,-0.10416666666666652,-0.99454500520423295,0
2424,-0.056843764697506023,-0.99434376469750618,-0.056843764697506023
2425,0,-0.99703086131600271,-0.059530861316002638
2426,-0.059530861316002638,-0.99703086131600271,0
2427,0,-1,0
2428,0.047121661462433753,-0.99454500520423295,-0.05704500520423287
2429,0.10416666666666674,-0.99183353027607157,-0.054333530276071428
2430,0.044109687819762593,-0.9975569788469042,0
2431,0.10416666666666674,-0.99454500520423295,0
2432,0.16329632706856992,-0.98253700626476359,-0.045037006264763473
2433,0.20833333333333348,-0.97607362502483297,-0.038573625024832928
2434,0.16060444222926942,-0.98522889110406409,0
2435,0.20833333333333348,-0.97800179420311362,0
2436,0.29699157298650303,-0.95300842701349697,-0.015508427013496973
2437,0.3125,-0.94927344961730142,-0.011773449617301437
2438,0.29592501269160565,-0.95407498730839435,0
2439,0.3125,-0.94986345933703697,0
2440,0.33290074253689378,-0.9375,-0.083765924129772767
2441,0.34506194190040651,-0.9375,0
2442,-0.532936944639404,-0.845436944639404,-0.012103611306070669
2443,-0.52083333333333326,-0.85233525110596298,-0.019001917772629662
2444,-0.54891222084491176,-0.83333333333333326,-0.028078887511578401
2445,-0.55138643510584628,-0.83333333333333326,0
2446,-0.53334072727282955,-0.84584072727282955,0
2447,-0.52083333333333326,-0.85340372382667873,0
2448,-0.4654626328742264,-0.88212929954089303,-0.048795966207559709
2449,-0.41666666666666663,-0.90484020395109543,-0.071506870617762008
2450,-0.46721211628083509,-0.88387878294750177,0
2451,-0.41666666666666663,-0.90884303340106365,0
2452,-0.39365110638065948,-0.91448443971399285,-0.08115110638065938
2453,-0.39680031643509206,-0.91763364976842543,0
2454,0.41666666666666674,-0.90484020395109543,-0.071506870617761981
2455,0.41666666666666674,-0.90884303340106354,0
2456,0.48368377534339085,-0.87048289132327583,-0.037149557989942544
2457,0.52083333333333348,-0.85233525110596275,-0.019001917772629523
2458,0.4791495430920174,-0.87501712357464934,0
2459,0.52083333333333348,-0.85340372382667862,0
2460,0.54380486258122884,-0.83333333333333326,-0.081195137418771199
2461,0.55138643510584628,-0.83333333333333326,0
2462,-0.65219030312828519,-0.75635696979495182,-0.027190303128285187
2463,-0.625,-0.77689555777073083,-0.047728891104064149
2464,-0.67926422353960803,-0.72916666666666663,-0.054264223539607942
2465,-0.68328481176800193,-0.72916666666666663,0
2466,-0.6530949579027211,-0.75726162456938773,0
2467,-0.625,-0.77994570984085321,0
2468,-0.59262665717656571,-0.80095999050989897,-0.071793323843232282
2469,-0.59518858130281638,-0.80352191463614964,0
2470,0.625,-0.77689555777073083,-0.047728891104064149
2471,0.625,-0.77994570984085321,0
2472,0.67932074312502377,-0.72916666666666663,-0.049845923541642849
2473,0.68328481176800182,-0.72916666666666663,0
2474,-0.75635696979495182,-0.65219030312828519,-0.027190303128285187
2475,-0.72916666666666663,-0.67926422353960803,-0.054264223539607942
2476,-0.77689555777073083,-0.625,-0.047728891104064149
2477,-0.77994570984085299,-0.625,0
2478,-0.75726162456938773,-0.6530949579027211,0
2479,-0.72916666666666663,-0.68328481176800193,0
2480,-0.7042824516902163,-0.7042824516902163,-0.079282451690216221
2481,-0.70710678118654757,-0.70710678118654757,0
2482,0.72916666666666674,-0.6792642235396078,-0.054264223539607713
2483,0.72916666666666674,-0.68328481176800171,0
2484,0.77597137352531043,-0.625,-0.057361959808022937
2485,0.7799457098408531,-0.625,0
2486,-0.845436944639404,-0.532936944639404,-0.012103611306070669
2487,-0.83333333333333326,-0.54891222084491176,-0.028078887511578401
2488,-0.85233525110596298,-0.52083333333333326,-0.01900191777262962
2489,-0.85340372382667873,-0.52083333333333326,0
2490,-0.84584072727282955,-0.53334072727282955,0
2491,-0.83333333333333326,-0.55138643510584617,0
2492,-0.80095999050989897,-0.59262665717656571,-0.071793323843232282
2493,-0.80352191463614953,-0.59518858130281627,0
2494,0.83333333333333348,-0.54891222084491154,-0.028078887511578179
2495,0.83333333333333348,-0.55138643510584606,0
2496,0.84790834889144717,-0.52083333333333326,-0.089591651108552772
2497,0.85340372382667884,-0.52083333333333326,0
2498,-0.88212929954089303,-0.46546263287422629,-0.048795966207559625
2499,-0.90484020395109543,-0.41666666666666663,-0.071506870617762008
2500,-0.90884303340106365,-0.41666666666666663,0
2501,-0.88387878294750166,-0.46721211628083503,0
2502,0.86589527523373966,-0.48827139143292697,-0.071604724766260286
2503,0.9069616841215995,-0.41666666666666663,-0.030538315878400557
2504,0.90884303340106365,-0.41666666666666663,0
2505,0.87501712357464945,-0.47914954309201724,0
2506,-0.94636452579972918,-0.32136452579972918,-0.008864525799729156
2507,-0.9375,-0.34106631444440294,-0.028566314444402899
2508,-0.94927344961730142,-0.3125,-0.011773449617301437
2509,-0.94986345933703697,-0.3125,0
2510,-0.94668446600269796,-0.3216844660026979,0
2511,-0.9375,-0.34506194190040651,0
2512,-0.91448443971399285,-0.39365110638065948,-0.08115110638065938
2513,-0.91763364976842543,-0.39680031643509206,0
2514,0.9375,-0.34106631444440294,-0.028566314444402899
2515,0.9375,-0.34506194190040651,0
2516,0.94450769262144307,-0.3125,-0.097158974045223473
2517,0.94986345933703697,-0.3125,0
2518,-0.96874115910532366,-0.23957449243865694,-0.031241159105323615
2519,-0.97607362502483297,-0.20833333333333326,-0.038573625024832928
2520,-0.97800179420311362,-0.20833333333333326,0
2521,-0.9699639725212148,-0.240797305854548,0
2522,0.94708530401350777,-0.30291469598649223,-0.094581362653158765
2523,0.97427771341114067,-0.20833333333333326,-0.067388953255525963
2524,0.97800179420311362,-0.20833333333333326,0
2525,0.95407498730839435,-0.2959250126916057,0
2526,-0.9851102309874773,-0.15177689765414382,-0.04761023098747718
2527,-0.99183353027607157,-0.10416666666666652,-0.054333530276071428
2528,-0.99454500520423295,-0.10416666666666652,0
2529,-0.9871482052186511,-0.15381487188531759,0
2530,0.98129743806986969,-0.16453589526346363,-0.060369228596796991
2531,0.99178381943091654,-0.10416666666666652,-0.04988284723575017
2532,0.99454500520423295,-0.10416666666666652,0
2533,0.98522889110406409,-0.16060444222926934,0
2534,-0.99434376469750618,-0.056843764697506023,-0.056843764697506023
2535,-0.99703086131600271,0,-0.059530861316002638
2536,-1,0,0
2537,-0.99703086131600271,-0.059530861316002638,0
2538,0.99482736867856791,-0.046839297988098889,-0.046839297988098889
2539,0.99755697884690409,0,-0.044109687819762634
2540,1,0,0
2541,0.99755697884690409,-0.044109687819762634,0
2542,-0.99454500520423295,0.047121661462433753,-0.05704500520423287
2543,-0.99183353027607157,0.10416666666666674,-0.054333530276071428
2544,-0.99454500520423295,0.10416666666666674,0
2545,-0.9975569788469042,0.044109687819762593,0
2546,0.99454500520423295,0.057045005204232863,-0.047121661462433781
2547,0.99178381943091654,0.10416666666666674,-0.04988284723575017
2548,0.99454500520423295,0.10416666666666674,0
2549,0.99703086131600271,0.059530861316002638,0
2550,-0.98253700626476359,0.16329632706856992,-0.045037006264763473
2551,-0.97607362502483297,0.20833333333333348,-0.038573625024832928
2552,-0.97800179420311362,0.20833333333333348,0
2553,-0.98522889110406409,0.16060444222926942,0
2554,0.98438878881979797,0.1510554554864646,-0.057277877846868767
2555,0.97427771341114067,0.20833333333333348,-0.067388953255525963
2556,0.97800179420311362,0.20833333333333348,0
2557,0.9871482052186511,0.15381487188531773,0
2558,-0.95300842701349697,0.29699157298650303,-0.015508427013496973
2559,-0.94927344961730142,0.3125,-0.011773449617301437
2560,-0.94986345933703697,0.3125,0
2561,-0.95407498730839435,0.29592501269160565,0
2562,0.96664067256622732,0.23747400589956066,-0.075025994100439322
2563,0.94450769262144307,0.3125,-0.097158974045223473
2564,0.94986345933703697,0.3125,0
2565,0.9699639725212148,0.24079730585454812,0
2566,-0.9375,0.33290074253689378,-0.083765924129772767
2567,-0.9375,0.34506194190040651,0
2568,-0.90484020395109543,0.41666666666666674,-0.071506870617761981
2569,-0.90884303340106354,0.41666666666666674,0
2570,0.9167041627760476,0.39587082944271423,-0.020795837223952438
2571,0.9375,0.33290074253689378,-0.083765924129772767
2572,0.9069616841215995,0.41666666666666674,-0.030538315878400557
2573,0.90884303340106365,0.41666666666666674,0
2574,0.91763364976842543,0.39680031643509212,0
2575,0.9375,0.34506194190040651,0
2576,0.94262888050282789,0.31762888050282784,-0.099037786163838695
2577,0.94668446600269796,0.3216844660026979,0
2578,-0.87048289132327583,0.48368377534339085,-0.037149557989942544
2579,-0.85233525110596275,0.52083333333333348,-0.019001917772629523
2580,-0.85340372382667862,0.52083333333333348,0
2581,-0.87501712357464934,0.4791495430920174,0
2582,0.88157240868580089,0.4649057420191342,-0.055927591314199152
2583,0.84790834889144706,0.52083333333333348,-0.089591651108552897
2584,0.85340372382667873,0.52083333333333348,0
2585,0.88387878294750166,0.46721211628083509,0
2586,-0.83333333333333326,0.54380486258122873,-0.081195137418771296
2587,-0.83333333333333326,0.55138643510584617,0
2588,-0.77689555777073083,0.625,-0.047728891104064149
2589,-0.77994570984085299,0.625,0
2590,0.80223290993692609,0.5938995766035926,-0.031100423396407353
2591,0.83333333333333348,0.5438048625812284,-0.081195137418771629
2592,0.77597137352531043,0.625,-0.057361959808022937
2593,0.7799457098408531,0.625,0
2594,0.80352191463614964,0.59518858130281627,0
2595,0.83333333333333348,0.55138643510584606,0
2596,0.84219785913306244,0.52969785913306244,-0.095302140866937501
2597,0.84584072727282966,0.53334072727282966,0
2598,-0.72916666666666663,0.67932074312502377,-0.049845923541642849
2599,-0.72916666666666663,0.68328481176800182,0
2600,-0.6792642235396078,0.72916666666666674,-0.054264223539607713
2601,-0.68328481176800171,0.72916666666666674,0
2602,0.70615110638065959,0.70615110638065959,-0.023015560286007153
2603,0.72916666666666674,0.67932074312502366,-0.049845923541642932
2604,0.67932074312502366,0.72916666666666674,-0.049845923541642932
2605,0.68328481176800182,0.72916666666666674,0
2606,0.70710678118654757,0.70710678118654757,0
2607,0.72916666666666674,0.68328481176800182,0
2608,0.75422924591133933,0.65006257924467259,-0.079104087421994027
2609,0.75726162456938773,0.65309495790272099,0
2610,-0.625,0.77597137352531043,-0.057361959808022937
2611,-0.625,0.7799457098408531,0
2612,-0.54891222084491154,0.83333333333333348,-0.028078887511578179
2613,-0.55138643510584606,0.83333333333333348,0
2614,0.5938995766035926,0.80223290993692609,-0.031100423396407353
2615,0.625,0.77597137352531043,-0.057361959808022937
2616,0.5438048625812284,0.83333333333333348,-0.081195137418771629
2617,0.55138643510584606,0.83333333333333348,0
2618,0.59518858130281627,0.80352191463614964,0
2619,0.625,0.7799457098408531,0
2620,0.65006257924467259,0.75422924591133933,-0.079104087421994027
2621,0.65309495790272099,0.75726162456938773,0
2622,-0.52083333333333326,0.84790834889144728,-0.089591651108552744
2623,-0.52083333333333326,0.85340372382667884,0
2624,-0.48827139143292697,0.86589527523373966,-0.071604724766260286
2625,-0.41666666666666663,0.9069616841215995,-0.030538315878400557
2626,-0.47914954309201724,0.87501712357464945,0
2627,-0.41666666666666663,0.90884303340106365,0
2628,-0.34106631444440294,0.9375,-0.028566314444402899
2629,-0.34506194190040651,0.9375,0
2630,0.39587082944271423,0.9167041627760476,-0.020795837223952438
2631,0.41666666666666674,0.9069616841215995,-0.030538315878400557
2632,0.33290074253689378,0.9375,-0.083765924129772767
2633,0.34506194190040651,0.9375,0
2634,0.39680031643509212,0.91763364976842543,0
2635,0.41666666666666674,0.90884303340106365,0
2636,0.4649057420191342,0.88157240868580089,-0.055927591314199152
2637,0.52083333333333348,0.84790834889144706,-0.089591651108552897
2638,0.46721211628083509,0.88387878294750166,0
2639,0.52083333333333348,0.85340372382667873,0
2640,0.52969785913306244,0.84219785913306244,-0.095302140866937501
2641,0.53334072727282966,0.84584072727282966,0
2642,-0.3125,0.94450769262144307,-0.097158974045223473
2643,-0.3125,0.94986345933703697,0
2644,-0.30291469598649223,0.94708530401350777,-0.094581362653158765
2645,-0.20833333333333326,0.97427771341114067,-0.067388953255525963
2646,-0.2959250126916057,0.95407498730839435,0
2647,-0.20833333333333326,0.97800179420311362,0
2648,-0.16453589526346363,0.98129743806986969,-0.060369228596796991
2649,-0.10416666666666652,0.99178381943091654,-0.04988284723575017
2650,-0.16060444222926934,0.98522889110406409,0
2651,-0.10416666666666652,0.99454500520423295,0
2652,-0.046839297988098889,0.99482736867856791,-0.046839297988098889
2653,0,0.99755697884690409,-0.044109687819762634
2654,-0.044109687819762634,0.99755697884690409,0
2655,0,1,0
2656,0.057045005204232863,0.99454500520423295,-0.047121661462433781
2657,0.10416666666666674,0.99178381943091654,-0.04988284723575017
2658,0.059530861316002638,0.99703086131600271,0
2659,0.10416666666666674,0.99454500520423295,0
2660,0.1510554554864646,0.98438878881979797,-0.057277877846868767
2661,0.20833333333333348,0.97427771341114067,-0.067388953255525963
2662,0.15381487188531773,0.9871482052186511,0
2663,0.20833333333333348,0.97800179420311362,0
2664,0.23747400589956066,0.96664067256622732,-0.075025994100439322
2665,0.3125,0.94450769262144307,-0.097158974045223473
2666,0.24079730585454812,0.9699639725212148,0
2667,0.3125,0.94986345933703697,0
2668,0.31762888050282784,0.94262888050282789,-0.099037786163838695
2669,0.3216844660026979,0.94668446600269796,0
2670,-0.31762888050282784,-0.94262888050282778,0.099037786163838903
2671,-0.3125,-0.94450769262144307,0.097158974045223653
2672,-0.33290074253689378,-0.9375,0.083765924129772948
2673,-0.33003202060825115,-0.9375,0.10416666666666674
2674,-0.3174428643344176,-0.9424428643344176,0.10416666666666674
2675,-0.3125,-0.944154743717737,0.10416666666666674
2676,-0.23747400589956058,-0.96664067256622732,0.075025994100439433
2677,-0.20833333333333326,-0.97427771341114078,0.067388953255526005
2678,-0.2363274985016956,-0.96549416516836239,0.10416666666666674
2679,-0.20833333333333326,-0.97242956559393701,0.10416666666666674
2680,-0.15105545548646446,-0.98438878881979797,0.057277877846868802
2681,-0.10416666666666652,-0.99178381943091654,0.049882847235750157
2682,-0.14903752543068496,-0.98237085876401842,0.10416666666666674
2683,-0.10416666666666652,-0.98905998270215822,0.10416666666666674
2684,-0.05704500520423287,-0.99454500520423295,0.047121661462433753
2685,0,-0.9975569788469042,0.044109687819762593
2686,-0.054333530276071428,-0.99183353027607157,0.10416666666666674
2687,0,-0.99454500520423295,0.10416666666666674
2688,0.046839297988098848,-0.99482736867856791,0.046839297988098848
2689,0.10416666666666674,-0.99178381943091654,0.049882847235750157
2690,0.049882847235750157,-0.99178381943091654,0.10416666666666674
2691,0.10416666666666674,-0.98905998270215822,0.10416666666666674
2692,0.16453589526346374,-0.9812974380698698,0.060369228596796998
2693,0.20833333333333348,-0.97427771341114078,0.067388953255526005
2694,0.16716777881972711,-0.97866555451360637,0.10416666666666674
2695,0.20833333333333348,-0.97242956559393701,0.10416666666666674
2696,0.30291469598649223,-0.94708530401350777,0.094581362653158932
2697,0.3125,-0.94450769262144307,0.097158974045223653
2698,0.30357730369898561,-0.94642269630101439,0.10416666666666674
2699,0.3125,-0.944154743717737,0.10416666666666674
2700,0.34106631444440294,-0.9375,0.028566314444402965
2701,0.33003202060825115,-0.9375,0.10416666666666674
2702,-0.52969785913306255,-0.84219785913306255,0.095302140866937474
2703,-0.52083333333333326,-0.84790834889144728,0.089591651108552689
2704,-0.54380486258122884,-0.83333333333333326,0.081195137418771199
2705,-0.54176999131804615,-0.83333333333333326,0.10416666666666674
2706,-0.52940068863268375,-0.84190068863268375,0.10416666666666674
2707,-0.52083333333333326,-0.84708459169634276,0.10416666666666674
2708,-0.4649057420191342,-0.88157240868580089,0.055927591314199096
2709,-0.41666666666666663,-0.9069616841215995,0.030538315878400547
2710,-0.46316686001471624,-0.87983352668138293,0.10416666666666674
2711,-0.41666666666666663,-0.90281677060028798,0.10416666666666674
2712,-0.39587082944271423,-0.9167041627760476,0.020795837223952444
2713,-0.39261631306816891,-0.91344964640150228,0.10416666666666674
2714,0.41666666666666674,-0.9069616841215995,0.030538315878400547
2715,0.41666666666666674,-0.90281677060028798,0.10416666666666674
2716,0.48827139143292697,-0.86589527523373977,0.07160472476626023
2717,0.52083333333333348,-0.84790834889144717,0.089591651108552856
2718,0.49226701888893054,-0.8618996477777362,0.10416666666666674
2719,0.52083333333333348,-0.84708459169634265,0.10416666666666674
2720,0.54891222084491176,-0.83333333333333326,0.028078887511578339
2721,0.54176999131804615,-0.83333333333333326,0.10416666666666674
2722,-0.65006257924467259,-0.75422924591133922,0.079104087421994096
2723,-0.625,-0.77597137352531054,0.057361959808022833
2724,-0.67932074312502388,-0.72916666666666663,0.049845923541642773
2725,-0.67527397855461613,-0.72916666666666663,0.10416666666666674
2726,-0.64922447329005517,-0.75339113995672191,0.10416666666666674
2727,-0.625,-0.77296410473653643,0.10416666666666674
2728,-0.59389957660359283,-0.80223290993692609,0.031100423396407225
2729,-0.59127711858341592,-0.79961045191674929,0.10416666666666674
2730,0.625,-0.77597137352531054,0.057361959808022833
2731,0.625,-0.77296410473653643,0.10416666666666674
2732,0.67926422353960791,-0.72916666666666663,0.054264223539607893
2733,0.67527397855461602,-0.72916666666666663,0.10416666666666674
2734,-0.75422924591133922,-0.65006257924467259,0.079104087421994096
2735,-0.72916666666666663,-0.67932074312502388,0.049845923541642773
2736,-0.77597137352531032,-0.625,0.057361959808022972
2737,-0.77296410473653643,-0.625,0.10416666666666674
2738,-0.75339113995672191,-0.64922447329005517,0.10416666666666674
2739,-0.72916666666666663,-0.67527397855461613,0.10416666666666674
2740,-0.70615110638065959,-0.70615110638065959,0.023015560286007073
2741,-0.70324305298659973,-0.70324305298659973,0.10416666666666674
2742,0.72916666666666674,-0.67932074312502366,0.049845923541643043
2743,0.72916666666666674,-0.67527397855461591,0.10416666666666674
2744,0.77689555777073083,-0.625,0.047728891104064051
2745,0.77296410473653643,-0.625,0.10416666666666674
2746,-0.84219785913306255,-0.52969785913306255,0.095302140866937474
2747,-0.83333333333333326,-0.54380486258122873,0.081195137418771296
2748,-0.84790834889144728,-0.52083333333333326,0.089591651108552731
2749,-0.84708459169634276,-0.52083333333333326,0.10416666666666674
2750,-0.84190068863268375,-0.52940068863268375,0.10416666666666674
2751,-0.83333333333333326,-0.54176999131804615,0.10416666666666674
2752,-0.80223290993692598,-0.5938995766035926,0.031100423396407343
2753,-0.79961045191674929,-0.59127711858341592,0.10416666666666674
2754,0.83333333333333348,-0.5438048625812284,0.081195137418771629
2755,0.83333333333333348,-0.54176999131804571,0.10416666666666674
2756,0.85233525110596298,-0.52083333333333326,0.019001917772629565
2757,0.84708459169634276,-0.52083333333333326,0.10416666666666674
2758,-0.88157240868580078,-0.46490574201913415,0.055927591314199172
2759,-0.9069616841215995,-0.41666666666666663,0.030538315878400547
2760,-0.90281677060028798,-0.41666666666666663,0.10416666666666674
2761,-0.87983352668138282,-0.46316686001471613,0.10416666666666674
2762,0.87048289132327605,-0.48368377534339069,0.037149557989942621
2763,0.90484020395109543,-0.41666666666666663,0.071506870617762092
2764,0.90281677060028798,-0.41666666666666663,0.10416666666666674
2765,0.8618996477777362,-0.49226701888893054,0.10416666666666674
2766,-0.94262888050282789,-0.31762888050282784,0.09903778616383889
2767,-0.9375,-0.33290074253689378,0.083765924129772948
2768,-0.94450769262144307,-0.3125,0.097158974045223653
2769,-0.944154743717737,-0.3125,0.10416666666666674
2770,-0.9424428643344176,-0.3174428643344176,0.10416666666666674
2771,-0.9375,-0.33003202060825115,0.10416666666666674
2772,-0.9167041627760476,-0.39587082944271423,0.020795837223952444
2773,-0.91344964640150228,-0.39261631306816891,0.10416666666666674
2774,0.9375,-0.33290074253689378,0.083765924129772948
2775,0.9375,-0.33003202060825115,0.10416666666666674
2776,0.94927344961730142,-0.3125,0.011773449617301448
2777,0.944154743717737,-0.3125,0.10416666666666674
2778,-0.96664067256622732,-0.23747400589956058,0.075025994100439433
2779,-0.97427771341114078,-0.20833333333333326,0.067388953255526005
2780,-0.97242956559393701,-0.20833333333333326,0.10416666666666674
2781,-0.96549416516836239,-0.2363274985016956,0.10416666666666674
2782,0.95300842701349697,-0.29699157298650303,0.015508427013496966
2783,0.97607362502483297,-0.20833333333333326,0.038573625024832921
2784,0.97242956559393701,-0.20833333333333326,0.10416666666666674
2785,0.94642269630101439,-0.30357730369898561,0.10416666666666674
2786,-0.98438878881979797,-0.15105545548646446,0.057277877846868802
2787,-0.99178381943091654,-0.10416666666666652,0.049882847235750157
2788,-0.98905998270215822,-0.10416666666666652,0.10416666666666674
2789,-0.98237085876401842,-0.14903752543068496,0.10416666666666674
2790,0.98253700626476359,-0.16329632706856981,0.045037006264763459
2791,0.99183353027607157,-0.10416666666666652,0.054333530276071434
2792,0.98905998270215822,-0.10416666666666652,0.10416666666666674
2793,0.97866555451360637,-0.167167778819727,0.10416666666666674
2794,-0.99454500520423295,-0.05704500520423287,0.047121661462433753
2795,-0.9975569788469042,0,0.044109687819762593
2796,-0.99454500520423295,0,0.10416666666666674
2797,-0.99183353027607157,-0.054333530276071428,0.10416666666666674
2798,0.99454500520423295,-0.047121661462433781,0.057045005204232863
2799,0.99703086131600271,0,0.059530861316002638
2800,0.99454500520423295,0,0.10416666666666674
2801,0.99178381943091654,-0.04988284723575017,0.10416666666666674
2802,-0.99482736867856791,0.046839297988098848,0.046839297988098848
2803,-0.99178381943091654,0.10416666666666674,0.049882847235750157
2804,-0.98905998270215822,0.10416666666666674,0.10416666666666674
2805,-0.99178381943091654,0.049882847235750157,0.10416666666666674
2806,0.99434376469750618,0.056843764697506037,0.056843764697506037
2807,0.99183353027607157,0.10416666666666674,0.054333530276071434
2808,0.98905998270215822,0.10416666666666674,0.10416666666666674
2809,0.99183353027607157,0.054333530276071434,0.10416666666666674
2810,-0.9812974380698698,0.16453589526346374,0.060369228596796998
2811,-0.97427771341114078,0.20833333333333348,0.067388953255526005
2812,-0.97242956559393701,0.20833333333333348,0.10416666666666674
2813,-0.97866555451360637,0.16716777881972711,0.10416666666666674
2814,0.9851102309874773,0.15177689765414393,0.047610230987477201
2815,0.97607362502483297,0.20833333333333348,0.038573625024832921
2816,0.97242956559393701,0.20833333333333348,0.10416666666666674
2817,0.98237085876401842,0.1490375254306851,0.10416666666666674
2818,-0.94708530401350777,0.30291469598649223,0.094581362653158932
2819,-0.94450769262144307,0.3125,0.097158974045223653
2820,-0.944154743717737,0.3125,0.10416666666666674
2821,-0.94642269630101439,0.30357730369898561,0.10416666666666674
2822,0.96874115910532366,0.23957449243865703,0.031241159105323626
2823,0.94927344961730142,0.3125,0.011773449617301448
2824,0.944154743717737,0.3125,0.10416666666666674
2825,0.96549416516836239,0.23632749850169574,0.10416666666666674
2826,-0.9375,0.34106631444440294,0.028566314444402965
2827,-0.9375,0.33003202060825115,0.10416666666666674
2828,-0.9069616841215995,0.41666666666666674,0.030538315878400547
2829,-0.90281677060028798,0.41666666666666674,0.10416666666666674
2830,0.91448443971399285,0.39365110638065953,0.081151106380659518
2831,0.9375,0.34106631444440294,0.028566314444402965
2832,0.90484020395109543,0.41666666666666674,0.071506870617762092
2833,0.90281677060028798,0.41666666666666674,0.10416666666666674
2834,0.91344964640150228,0.39261631306816897,0.10416666666666674
2835,0.9375,0.33003202060825115,0.10416666666666674
2836,0.94636452579972918,0.32136452579972918,0.0088645257997291699
2837,0.9424428643344176,0.31744286433441765,0.10416666666666674
2838,-0.86589527523373977,0.48827139143292697,0.07160472476626023
2839,-0.84790834889144717,0.52083333333333348,0.089591651108552856
2840,-0.84708459169634265,0.52083333333333348,0.10416666666666674
2841,-0.8618996477777362,0.49226701888893054,0.10416666666666674
2842,0.88212929954089303,0.4654626328742264,0.048795966207559653
2843,0.85233525110596287,0.52083333333333348,0.019001917772629461
2844,0.84708459169634265,0.52083333333333348,0.10416666666666674
2845,0.87983352668138282,0.46316686001471619,0.10416666666666674
2846,-0.83333333333333326,0.54891222084491176,0.028078887511578339
2847,-0.83333333333333326,0.54176999131804615,0.10416666666666674
2848,-0.77597137352531032,0.625,0.057361959808022972
2849,-0.77296410473653643,0.625,0.10416666666666674
2850,0.80095999050989897,0.5926266571765656,0.071793323843232268
2851,0.83333333333333348,0.54891222084491154,0.028078887511578107
2852,0.77689555777073083,0.625,0.047728891104064051
2853,0.77296410473653643,0.625,0.10416666666666674
2854,0.79961045191674929,0.59127711858341581,0.10416666666666674
2855,0.83333333333333348,0.54176999131804571,0.10416666666666674
2856,0.845436944639404,0.532936944639404,0.01210361130607056
2857,0.84190068863268375,0.52940068863268375,0.10416666666666674
2858,-0.72916666666666663,0.67926422353960791,0.054264223539607893
2859,-0.72916666666666663,0.67527397855461602,0.10416666666666674
2860,-0.67932074312502366,0.72916666666666674,0.049845923541643043
2861,-0.67527397855461591,0.72916666666666674,0.10416666666666674
2862,0.7042824516902163,0.7042824516902163,0.079282451690216277
2863,0.72916666666666674,0.6792642235396078,0.054264223539607824
2864,0.6792642235396078,0.72916666666666674,0.054264223539607824
2865,0.67527397855461591,0.72916666666666674,0.10416666666666674
2866,0.70324305298659973,0.70324305298659973,0.10416666666666674
2867,0.72916666666666674,0.67527397855461591,0.10416666666666674
2868,0.75635696979495193,0.65219030312828519,0.027190303128285159
2869,0.75339113995672191,0.64922447329005517,0.10416666666666674
2870,-0.625,0.77689555777073083,0.047728891104064051
2871,-0.625,0.77296410473653643,0.10416666666666674
2872,-0.5438048625812284,0.83333333333333348,0.081195137418771629
2873,-0.54176999131804571,0.83333333333333348,0.10416666666666674
2874,0.5926266571765656,0.80095999050989897,0.071793323843232268
2875,0.625,0.77689555777073083,0.047728891104064051
2876,0.54891222084491154,0.83333333333333348,0.028078887511578107
2877,0.54176999131804571,0.83333333333333348,0.10416666666666674
2878,0.59127711858341581,0.79961045191674929,0.10416666666666674
2879,0.625,0.77296410473653643,0.10416666666666674
2880,0.65219030312828519,0.75635696979495193,0.027190303128285159
2881,0.64922447329005517,0.75339113995672191,0.10416666666666674
2882,-0.52083333333333326,0.85233525110596309,0.019001917772629606
2883,-0.52083333333333326,0.84708459169634276,0.10416666666666674
2884,-0.48368377534339069,0.87048289132327605,0.037149557989942621
2885,-0.41666666666666663,0.90484020395109543,0.071506870617762092
2886,-0.49226701888893054,0.8618996477777362,0.10416666666666674
2887,-0.41666666666666663,0.90281677060028798,0.10416666666666674
2888,-0.33290074253689378,0.9375,0.083765924129772948
2889,-0.33003202060825115,0.9375,0.10416666666666674
2890,0.39365110638065953,0.91448443971399285,0.081151106380659518
2891,0.41666666666666674,0.90484020395109543,0.071506870617762092
2892,0.34106631444440294,0.9375,0.028566314444402965
2893,0.33003202060825115,0.9375,0.10416666666666674
2894,0.39261631306816897,0.91344964640150228,0.10416666666666674
2895,0.41666666666666674,0.90281677060028798,0.10416666666666674
2896,0.4654626328742264,0.88212929954089303,0.048795966207559653
2897,0.52083333333333348,0.85233525110596287,0.019001917772629461
2898,0.46316686001471619,0.87983352668138282,0.10416666666666674
2899,0.52083333333333348,0.84708459169634265,0.10416666666666674
2900,0.532936944639404,0.845436944639404,0.01210361130607056
2901,0.52940068863268375,0.84190068863268375,0.10416666666666674
2902,-0.3125,0.94927344961730142,0.011773449617301448
2903,-0.3125,0.944154743717737,0.10416666666666674
2904,-0.29699157298650303,0.95300842701349697,0.015508427013496966
2905,-0.20833333333333326,0.97607362502483297,0.038573625024832921
2906,-0.30357730369898561,0.94642269630101439,0.10416666666666674
2907,-0.20833333333333326,0.97242956559393701,0.10416666666666674
2908,-0.16329632706856981,0.98253700626476359,0.045037006264763459
2909,-0.10416666666666652,0.99183353027607157,0.054333530276071434
2910,-0.167167778819727,0.97866555451360637,0.10416666666666674
2911,-0.10416666666666652,0.98905998270215822,0.10416666666666674
2912,-0.047121661462433781,0.99454500520423295,0.057045005204232863
2913,0,0.99703086131600271,0.059530861316002638
2914,-0.04988284723575017,0.99178381943091654,0.10416666666666674
2915,0,0.99454500520423295,0.10416666666666674
2916,0.056843764697506037,0.99434376469750618,0.056843764697506037
2917,0.10416666666666674,0.99183353027607157,0.054333530276071434
2918,0.054333530276071434,0.99183353027607157,0.10416666666666674
2919,0.10416666666666674,0.98905998270215822,0.10416666666666674
2920,0.15177689765414393,0.9851102309874773,0.047610230987477201
2921,0.20833333333333348,0.97607362502483297,0.038573625024832921
2922,0.1490375254306851,0.98237085876401842,0.10416666666666674
2923,0.20833333333333348,0.97242956559393701,0.10416666666666674
2924,0.23957449243865703,0.96874115910532366,0.031241159105323626
2925,0.3125,0.94927344961730142,0.011773449617301448
2926,0.23632749850169574,0.96549416516836239,0.10416666666666674
2927,0.3125,0.944154743717737,0.10416666666666674
2928,0.32136452579972918,0.94636452579972918,0.0088645257997291699
2929,0.31744286433441765,0.9424428643344176,0.10416666666666674
2930,-0.3125,-0.9375,0.14464512361963125
2931,-0.22473928295816287,-0.95390594962482966,0.19192738370850387
2932,-0.20833333333333326,-0.95877217469908671,0.18706115863424677
2933,-0.27449648983133146,-0.9375,0.20833333333333348
2934,-0.2227909012224254,-0.95195756788909214,0.20833333333333348
2935,-0.20833333333333326,-0.95554571027139024,0.20833333333333348
2936,-0.13909623226060353,-0.97242956559393701,0.17340376773939647
2937,-0.10416666666666652,-0.97866555451360637,0.16716777881972711
2938,-0.13455773507325758,-0.96789106840659112,0.20833333333333348
2939,-0.10416666666666652,-0.97242956559393701,0.20833333333333348
2940,-0.045037006264763473,-0.98253700626476359,0.16329632706856992
2941,0,-0.98522889110406409,0.16060444222926942
2942,-0.038573625024832928,-0.97607362502483297,0.20833333333333348
2943,0,-0.97800179420311362,0.20833333333333348
2944,0.060369228596796998,-0.9812974380698698,0.16453589526346374
2945,0.10416666666666674,-0.97866555451360637,0.16716777881972711
2946,0.067388953255526005,-0.97427771341114078,0.20833333333333348
2947,0.10416666666666674,-0.97242956559393701,0.20833333333333348
2948,0.18234833938782868,-0.9634849939455048,0.18234833938782868
2949,0.20833333333333348,-0.95877217469908671,0.18706115863424677
2950,0.18706115863424677,-0.95877217469908671,0.20833333333333348
2951,0.20833333333333348,-0.95554571027139024,0.20833333333333348
2952,0.3125,-0.9375,0.14464512361963125
2953,0.28894692248953358,-0.9375,0.184780255822867
2954,0.27449648983133157,-0.9375,0.20833333333333348
2955,0.32486735474240003,-0.9375,0.11653402140906674
2956,-0.52083333333333326,-0.83333333333333326,0.17933818842084226
2957,-0.45508859756336978,-0.87175526423003646,0.16991140243663028
2958,-0.41666666666666663,-0.89501662914370594,0.14665003752296085
2959,-0.51133080408272069,-0.83333333333333326,0.20833333333333348
2960,-0.4509061860653179,-0.86757285273198459,0.20833333333333348
2961,-0.41666666666666663,-0.88453203301811911,0.20833333333333348
2962,-0.38892407732391049,-0.9097574106572438,0.13190925600942291
2963,-0.37990956340568061,-0.90074289673901387,0.20833333333333348
2964,-0.3125,-0.92670756838691826,0.20833333333333348
2965,-0.30429118963196616,-0.92929118963196611,0.20833333333333348
2966,0.3125,-0.92670756838691826,0.20833333333333348
2967,0.41666666666666674,-0.89501662914370583,0.14665003752296091
2968,0.33123471833902718,-0.91876528166097282,0.20833333333333348
2969,0.41666666666666674,-0.884532033018119,0.20833333333333348
2970,0.52083333333333348,-0.83333333333333326,0.17933818842084207
2971,0.51376901438017164,-0.83333333333333326,0.2012690143801717
2972,0.51133080408272091,-0.83333333333333326,0.20833333333333348
2973,0.53740832064172783,-0.83333333333333326,0.12074165397506115
2974,-0.6389117304670362,-0.74307839713370294,0.19442160286629723
2975,-0.625,-0.75724555417824502,0.18025444582175501
2976,-0.65852172653132124,-0.72916666666666663,0.17481160680201224
2977,-0.65098499394550502,-0.72916666666666663,0.20833333333333348
2978,-0.63750739393949629,-0.74167406060616292,0.20833333333333348
2979,-0.625,-0.75180059557138423,0.20833333333333348
2980,-0.58652904011517282,-0.79486237344850608,0.14263762655149395
2981,-0.57940479560956404,-0.78773812894289741,0.20833333333333348
2982,-0.52083333333333326,-0.82773287654728711,0.20833333333333348
2983,-0.51743253842288939,-0.82993253842288939,0.20833333333333348
2984,0.52083333333333348,-0.827732876547287,0.20833333333333348
2985,0.625,-0.75724555417824502,0.18025444582175501
2986,0.54251961328320553,-0.81164705338346121,0.20833333333333348
2987,0.625,-0.75180059557138423,0.20833333333333348
2988,0.66616555451360637,-0.72916666666666663,0.14533222118027311
2989,0.65098499394550491,-0.72916666666666663,0.20833333333333348
2990,-0.74307839713370294,-0.6389117304670362,0.19442160286629723
2991,-0.72916666666666663,-0.65852172653132124,0.17481160680201224
2992,-0.75724555417824502,-0.625,0.18025444582175501
2993,-0.75180059557138412,-0.625,0.20833333333333348
2994,-0.74167406060616292,-0.63750739393949629,0.20833333333333348
2995,-0.72916666666666663,-0.65098499394550502,0.20833333333333348
2996,-0.69958632205349047,-0.69958632205349047,0.13374701127984295
2997,-0.69150907176296605,-0.69150907176296605,0.20833333333333348
2998,0.72916666666666674,-0.65852172653132091,0.17481160680201255
2999,0.72916666666666674,-0.6509849939455048,0.20833333333333348
3000,0.76594438007780741,-0.625,0.14094438007780741
3001,0.75180059557138423,-0.625,0.20833333333333348
3002,-0.83333333333333326,-0.52083333333333326,0.17933818842084226
3003,-0.79486237344850608,-0.58652904011517282,0.14263762655149395
3004,-0.82773287654728711,-0.52083333333333326,0.20833333333333348
3005,-0.7877381289428973,-0.57940479560956404,0.20833333333333348
3006,0.82104533930127432,-0.53312132736539242,0.19604533930127432
3007,0.83333333333333348,-0.52083333333333326,0.17933818842084187
3008,0.82870961010641297,-0.52083333333333326,0.20370961010641297
3009,0.82773287654728722,-0.52083333333333326,0.20833333333333348
3010,0.81164705338346121,-0.54251961328320553,0.20833333333333348
3011,0.84510678295063479,-0.52083333333333326,0.11594011628396811
3012,-0.87175526423003635,-0.45508859756336972,0.16991140243663036
3013,-0.89501662914370594,-0.41666666666666663,0.14665003752296085
3014,-0.88453203301811911,-0.41666666666666663,0.20833333333333348
3015,-0.86757285273198459,-0.4509061860653179,0.20833333333333348
3016,-0.83333333333333326,-0.51133080408272069,0.20833333333333348
3017,-0.82993253842288939,-0.51743253842288939,0.20833333333333348
3018,0.83333333333333348,-0.51133080408272069,0.20833333333333348
3019,0.85426999131804593,-0.49989667534862081,0.12510332465137919
3020,0.89286419464933608,-0.41666666666666663,0.16369752798266946
3021,0.884532033018119,-0.41666666666666663,0.20833333333333348
3022,-0.9375,-0.3125,0.14464512361963125
3023,-0.9097574106572438,-0.38892407732391049,0.13190925600942291
3024,-0.92670756838691826,-0.3125,0.20833333333333348
3025,-0.90074289673901387,-0.37990956340568061,0.20833333333333348
3026,0.92321487042387484,-0.32678512957612516,0.19404820375720833
3027,0.9375,-0.3125,0.14464512361963125
3028,0.9284121769689091,-0.3125,0.19924551030224258
3029,0.92670756838691826,-0.3125,0.20833333333333348
3030,0.91876528166097282,-0.33123471833902723,0.20833333333333348
3031,0.94328804480502659,-0.3125,0.10995471147169331
3032,-0.95390594962482966,-0.22473928295816287,0.19192738370850387
3033,-0.95877217469908671,-0.20833333333333326,0.18706115863424677
3034,-0.95554571027139024,-0.20833333333333326,0.20833333333333348
3035,-0.95195756788909214,-0.2227909012224254,0.20833333333333348
3036,-0.9375,-0.27449648983133146,0.20833333333333348
3037,-0.92929118963196611,-0.30429118963196616,0.20833333333333348
3038,0.9375,-0.27449648983133146,0.20833333333333348
3039,0.94490208333850656,-0.30509791666149344,0.11156875000517333
3040,0.96789106840659112,-0.20833333333333326,0.13455773507325774
3041,0.95554571027139024,-0.20833333333333326,0.20833333333333348
3042,-0.97242956559393701,-0.13909623226060353,0.17340376773939647
3043,-0.97866555451360637,-0.10416666666666652,0.16716777881972711
3044,-0.97242956559393701,-0.10416666666666652,0.20833333333333348
3045,-0.96789106840659112,-0.13455773507325758,0.20833333333333348
3046,0.97242956559393701,-0.17340376773939634,0.13909623226060366
3047,0.98237085876401842,-0.10416666666666652,0.1490375254306851
3048,0.97242956559393701,-0.10416666666666652,0.20833333333333348
3049,0.95877217469908671,-0.1870611586342466,0.20833333333333348
3050,-0.98253700626476359,-0.045037006264763473,0.16329632706856992
3051,-0.98522889110406409,0,0.16060444222926942
3052,-0.97800179420311362,0,0.20833333333333348
3053,-0.97607362502483297,-0.038573625024832928,0.20833333333333348
3054,0.98438878881979797,-0.057277877846868767,0.1510554554864646
3055,0.9871482052186511,0,0.15381487188531773
3056,0.97800179420311362,0,0.20833333333333348
3057,0.97427771341114067,-0.067388953255525963,0.20833333333333348
3058,-0.9812974380698698,0.060369228596796998,0.16453589526346374
3059,-0.97866555451360637,0.10416666666666674,0.16716777881972711
3060,-0.97242956559393701,0.10416666666666674,0.20833333333333348
3061,-0.97427771341114078,0.067388953255526005,0.20833333333333348
3062,0.9851102309874773,0.047610230987477201,0.15177689765414393
3063,0.98237085876401842,0.10416666666666674,0.1490375254306851
3064,0.97242956559393701,0.10416666666666674,0.20833333333333348
3065,0.97607362502483297,0.038573625024832921,0.20833333333333348
3066,-0.9634849939455048,0.18234833938782868,0.18234833938782868
3067,-0.95877217469908671,0.20833333333333348,0.18706115863424677
3068,-0.95554571027139024,0.20833333333333348,0.20833333333333348
3069,-0.95877217469908671,0.18706115863424677,0.20833333333333348
3070,0.97728285769748169,0.14394952436414835,0.14394952436414835
3071,0.96789106840659112,0.20833333333333348,0.13455773507325774
3072,0.95554571027139024,0.20833333333333348,0.20833333333333348
3073,0.96789106840659112,0.13455773507325774,0.20833333333333348
3074,-0.9375,0.28894692248953358,0.184780255822867
3075,-0.9375,0.3125,0.14464512361963125
3076,-0.9375,0.27449648983133157,0.20833333333333348
3077,-0.92670756838691826,0.3125,0.20833333333333348
3078,0.93034723324834789,0.30534723324834789,0.20118056658168132
3079,0.9375,0.28894692248953358,0.184780255822867
3080,0.9375,0.3125,0.14464512361963125
3081,0.9284121769689091,0.3125,0.19924551030224258
3082,0.92670756838691826,0.3125,0.20833333333333348
3083,0.92929118963196611,0.30429118963196616,0.20833333333333348
3084,0.9375,0.27449648983133157,0.20833333333333348
3085,0.96256257924467259,0.23339591257800599,0.1292292459113393
3086,0.94328804480502659,0.3125,0.10995471147169331
3087,0.95195756788909214,0.22279090122242556,0.20833333333333348
3088,-0.9375,0.32486735474240003,0.11653402140906674
3089,-0.89501662914370583,0.41666666666666674,0.14665003752296091
3090,-0.884532033018119,0.41666666666666674,0.20833333333333348
3091,-0.91876528166097282,0.33123471833902718,0.20833333333333348
3092,0.9051266571765656,0.38429332384323228,0.17595999050989902
3093,0.9375,0.32486735474240003,0.11653402140906674
3094,0.89286419464933608,0.41666666666666674,0.16369752798266946
3095,0.884532033018119,0.41666666666666674,0.20833333333333348
3096,0.90074289673901398,0.37990956340568061,0.20833333333333348
3097,0.94196153216994838,0.31696153216994838,0.10862819883661509
3098,-0.83333333333333326,0.51376901438017164,0.2012690143801717
3099,-0.83333333333333326,0.52083333333333348,0.17933818842084207
3100,-0.83333333333333326,0.51133080408272091,0.20833333333333348
3101,-0.827732876547287,0.52083333333333348,0.20833333333333348
3102,0.83034115295846456,0.51784115295846456,0.20534115295846453
3103,0.83333333333333348,0.51376901438017131,0.20126901438017136
3104,0.83333333333333348,0.52083333333333348,0.17933818842084065
3105,0.82870961010641275,0.52083333333333348,0.20370961010641275
3106,0.827732876547287,0.52083333333333348,0.20833333333333348
3107,0.8299325384228895,0.5174325384228895,0.20833333333333348
3108,0.83333333333333348,0.51133080408272047,0.20833333333333348
3109,0.87533352402665565,0.45866685735998897,0.14616685735998897
3110,0.84510678295063468,0.52083333333333348,0.11594011628396801
3111,0.86757285273198459,0.45090618606531796,0.20833333333333348
3112,-0.83333333333333326,0.53740832064172783,0.12074165397506109
3113,-0.75724555417824502,0.625,0.18025444582175501
3114,-0.75180059557138412,0.625,0.20833333333333348
3115,-0.81164705338346121,0.54251961328320553,0.20833333333333348
3116,0.79282329296339482,0.58448995963006145,0.16782329296339482
3117,0.83333333333333348,0.5374083206417275,0.12074165397506083
3118,0.76594438007780741,0.625,0.14094438007780741
3119,0.75180059557138423,0.625,0.20833333333333348
3120,0.78773812894289741,0.57940479560956404,0.20833333333333348
3121,0.84112376958095703,0.52862376958095703,0.1119571029142903
3122,-0.72916666666666663,0.66616555451360637,0.14533222118027311
3123,-0.72916666666666663,0.65098499394550491,0.20833333333333348
3124,-0.65852172653132091,0.72916666666666674,0.17481160680201255
3125,-0.6509849939455048,0.72916666666666674,0.20833333333333348
3126,0.69571650626474768,0.69571650626474768,0.17488317293141439
3127,0.72916666666666674,0.66616555451360626,0.14533222118027303
3128,0.66616555451360626,0.72916666666666674,0.14533222118027303
3129,0.6509849939455048,0.72916666666666674,0.20833333333333348
3130,0.69150907176296605,0.69150907176296605,0.20833333333333348
3131,0.72916666666666674,0.6509849939455048,0.20833333333333348
3132,0.75119991030349031,0.64703324363682357,0.12619991030349037
3133,0.74167406060616292,0.63750739393949618,0.20833333333333348
3134,-0.625,0.76594438007780741,0.14094438007780741
3135,-0.625,0.75180059557138423,0.20833333333333348
3136,-0.53312132736539242,0.82104533930127432,0.19604533930127432
3137,-0.52083333333333326,0.82870961010641297,0.20370961010641297
3138,-0.52083333333333326,0.83333333333333348,0.17933818842084187
3139,-0.54251961328320553,0.81164705338346121,0.20833333333333348
3140,-0.52083333333333326,0.82773287654728722,0.20833333333333348
3141,-0.51133080408272069,0.83333333333333348,0.20833333333333348
3142,0.51784115295846456,0.83034115295846456,0.20534115295846453
3143,0.52083333333333348,0.82870961010641275,0.20370961010641275
3144,0.52083333333333348,0.83333333333333348,0.17933818842084065
3145,0.51376901438017131,0.83333333333333348,0.20126901438017136
3146,0.51133080408272047,0.83333333333333348,0.20833333333333348
3147,0.5174325384228895,0.8299325384228895,0.20833333333333348
3148,0.52083333333333348,0.827732876547287,0.20833333333333348
3149,0.58448995963006145,0.79282329296339482,0.16782329296339482
3150,0.625,0.76594438007780741,0.14094438007780741
3151,0.5374083206417275,0.83333333333333348,0.12074165397506083
3152,0.57940479560956404,0.78773812894289741,0.20833333333333348
3153,0.625,0.75180059557138423,0.20833333333333348
3154,0.64703324363682357,0.75119991030349031,0.12619991030349037
3155,0.63750739393949618,0.74167406060616292,0.20833333333333348
3156,-0.52083333333333326,0.84510678295063479,0.11594011628396811
3157,-0.49989667534862081,0.85426999131804593,0.12510332465137919
3158,-0.41666666666666663,0.89286419464933608,0.16369752798266946
3159,-0.41666666666666663,0.884532033018119,0.20833333333333348
3160,-0.32678512957612516,0.92321487042387484,0.19404820375720833
3161,-0.3125,0.9284121769689091,0.19924551030224258
3162,-0.3125,0.9375,0.14464512361963125
3163,-0.33123471833902723,0.91876528166097282,0.20833333333333348
3164,-0.3125,0.92670756838691826,0.20833333333333348
3165,-0.27449648983133146,0.9375,0.20833333333333348
3166,0.30534723324834789,0.93034723324834789,0.20118056658168132
3167,0.3125,0.9284121769689091,0.19924551030224258
3168,0.3125,0.9375,0.14464512361963125
3169,0.28894692248953358,0.9375,0.184780255822867
3170,0.27449648983133157,0.9375,0.20833333333333348
3171,0.30429118963196616,0.92929118963196611,0.20833333333333348
3172,0.3125,0.92670756838691826,0.20833333333333348
3173,0.38429332384323228,0.9051266571765656,0.17595999050989902
3174,0.41666666666666674,0.89286419464933608,0.16369752798266946
3175,0.32486735474240003,0.9375,0.11653402140906674
3176,0.37990956340568061,0.90074289673901398,0.20833333333333348
3177,0.41666666666666674,0.884532033018119,0.20833333333333348
3178,0.45866685735998897,0.87533352402665565,0.14616685735998897
3179,0.52083333333333348,0.84510678295063468,0.11594011628396801
3180,0.45090618606531796,0.86757285273198459,0.20833333333333348
3181,0.52862376958095703,0.84112376958095703,0.1119571029142903
3182,-0.3125,0.94328804480502659,0.10995471147169331
3183,-0.30509791666149344,0.94490208333850656,0.11156875000517333
3184,-0.20833333333333326,0.96789106840659112,0.13455773507325774
3185,-0.20833333333333326,0.95554571027139024,0.20833333333333348
3186,-0.17340376773939634,0.97242956559393701,0.13909623226060366
3187,-0.10416666666666652,0.98237085876401842,0.1490375254306851
3188,-0.1870611586342466,0.95877217469908671,0.20833333333333348
3189,-0.10416666666666652,0.97242956559393701,0.20833333333333348
3190,-0.057277877846868767,0.98438878881979797,0.1510554554864646
3191,0,0.9871482052186511,0.15381487188531773
3192,-0.067388953255525963,0.97427771341114067,0.20833333333333348
3193,0,0.97800179420311362,0.20833333333333348
3194,0.047610230987477201,0.9851102309874773,0.15177689765414393
3195,0.10416666666666674,0.98237085876401842,0.1490375254306851
3196,0.038573625024832921,0.97607362502483297,0.20833333333333348
3197,0.10416666666666674,0.97242956559393701,0.20833333333333348
3198,0.14394952436414835,0.97728285769748169,0.14394952436414835
3199,0.20833333333333348,0.96789106840659112,0.13455773507325774
3200,0.13455773507325774,0.96789106840659112,0.20833333333333348
3201,0.20833333333333348,0.95554571027139024,0.20833333333333348
3202,0.23339591257800599,0.96256257924467259,0.1292292459113393
3203,0.3125,0.94328804480502659,0.10995471147169331
3204,0.22279090122242556,0.95195756788909214,0.20833333333333348
3205,0.31696153216994838,0.94196153216994838,0.10862819883661509
3206,-0.20833333333333326,-0.9375,0.27449648983133212
3207,-0.11156875000517312,-0.94490208333850656,0.30509791666149344
3208,-0.10416666666666652,-0.94642269630101439,0.30357730369898561
3209,-0.14464512361963161,-0.9375,0.3125
3210,-0.10995471147169311,-0.94328804480502659,0.3125
3211,-0.10416666666666652,-0.944154743717737,0.3125
3212,-0.015508427013496973,-0.95300842701349697,0.29699157298650303
3213,0,-0.95407498730839435,0.29592501269160565
3214,-0.011773449617301437,-0.94927344961730142,0.3125
3215,0,-0.94986345933703697,0.3125
3216,0.094581362653158932,-0.94708530401350777,0.30291469598649223
3217,0.10416666666666674,-0.94642269630101439,0.30357730369898561
3218,0.097158974045223653,-0.94450769262144307,0.3125
3219,0.10416666666666674,-0.944154743717737,0.3125
3220,0.20833333333333348,-0.9375,0.27449648983133212
3221,0.18478025582286742,-0.9375,0.28894692248953402
3222,0.1446451236196318,-0.9375,0.3125
3223,0.24185505986465433,-0.9375,0.24185505986465433
3224,-0.43307261629149629,-0.84973928295816292,0.29609405037517034
3225,-0.41666666666666663,-0.86141222084491165,0.28442111248842167
3226,-0.49914705338346116,-0.83333333333333326,0.23001961328320555
3227,-0.45381622465660953,-0.83333333333333326,0.3125
3228,-0.43007441058824297,-0.84674107725490966,0.3125
3229,-0.41666666666666663,-0.85340372382667873,0.3125
3230,-0.36954500520423295,-0.89037833853756621,0.25545499479576711
3231,-0.3125,-0.92197859650972946,0.22385473682360399
3232,-0.35824153868550818,-0.87907487201884149,0.3125
3233,-0.3125,-0.896755801361933,0.3125
3234,-0.30170756838691826,-0.92670756838691826,0.21912576494641517
3235,-0.28148039212153592,-0.90648039212153586,0.3125
3236,-0.20833333333333326,-0.92670756838691848,0.3125
3237,-0.19924551030224258,-0.92841217696890932,0.3125
3238,0.20833333333333348,-0.92670756838691848,0.3125
3239,0.3125,-0.92197859650972946,0.22385473682360399
3240,0.22385473682360371,-0.9219785965097298,0.3125
3241,0.3125,-0.896755801361933,0.3125
3242,0.35050351016866838,-0.89949648983133168,0.24633684350200177
3243,0.41666666666666674,-0.86141222084491165,0.28442111248842167
3244,0.38314494013534567,-0.86685505986465439,0.3125
3245,0.41666666666666674,-0.85340372382667873,0.3125
3246,0.47834996247703931,-0.83333333333333326,0.27001662914370594
3247,0.45381622465660953,-0.83333333333333326,0.3125
3248,-0.625,-0.72916666666666663,0.27449648983133224
3249,-0.56772212215313134,-0.77605545548646471,0.26561121118020203
3250,-0.52083333333333326,-0.82480593694611393,0.21686072972055284
3251,-0.60801784956708782,-0.72916666666666663,0.3125
3252,-0.55918023177078968,-0.76751356510412305,0.3125
3253,-0.52083333333333326,-0.79379599072348195,0.3125
3254,-0.5164668270905538,-0.8289668270905538,0.21269983957611296
3255,-0.49678297973483571,-0.80928297973483565,0.3125
3256,0.52083333333333348,-0.82480593694611382,0.21686072972055287
3257,0.52083333333333348,-0.79379599072348173,0.3125
3258,0.625,-0.72916666666666663,0.27449648983133224
3259,0.61349778036920766,-0.72916666666666663,0.3009977803692076
3260,0.60801784956708782,-0.72916666666666663,0.3125
3261,0.64400191777262972,-0.72916666666666663,0.22733525110596309
3262,-0.72916666666666663,-0.625,0.27449648983133224
3263,-0.68184376469750618,-0.68184376469750618,0.25565623530249387
3264,-0.71488153709054181,-0.625,0.3125
3265,-0.67150019334804956,-0.67150019334804956,0.3125
3266,-0.625,-0.71488153709054181,0.3125
3267,-0.61752437780803737,-0.721691044474704,0.3125
3268,0.625,-0.71488153709054181,0.3125
3269,0.69116315649799831,-0.66300351016866832,0.27449648983133168
3270,0.72916666666666674,-0.625,0.27449648983133157
3271,0.71900536193236508,-0.625,0.3023386952656984
3272,0.71488153709054159,-0.625,0.3125
3273,0.7463515975798688,-0.625,0.22551826424653548
3274,-0.7760554554864646,-0.56772212215313123,0.26561121118020209
3275,-0.82480593694611393,-0.52083333333333326,0.21686072972055284
3276,-0.79379599072348195,-0.52083333333333326,0.3125
3277,-0.76751356510412294,-0.55918023177078968,0.3125
3278,-0.72916666666666663,-0.60801784956708782,0.3125
3279,-0.721691044474704,-0.61752437780803737,0.3125
3280,0.72916666666666674,-0.60801784956708749,0.3125
3281,0.76631622465660931,-0.58785044201005743,0.24548289132327603
3282,0.80411501943042585,-0.52083333333333326,0.28328168609709237
3283,0.79379599072348195,-0.52083333333333326,0.3125
3284,-0.84973928295816292,-0.43307261629149629,0.29609405037517034
3285,-0.83333333333333326,-0.49914705338346116,0.23001961328320555
3286,-0.86141222084491165,-0.41666666666666663,0.28442111248842167
3287,-0.85340372382667873,-0.41666666666666663,0.3125
3288,-0.84674107725490966,-0.43007441058824297,0.3125
3289,-0.83333333333333326,-0.45381622465660953,0.3125
3290,-0.8289668270905538,-0.5164668270905538,0.21269983957611296
3291,-0.80928297973483565,-0.49678297973483565,0.3125
3292,0.83333333333333348,-0.49914705338346094,0.23001961328320578
3293,0.83333333333333348,-0.45381622465660909,0.3125
3294,0.87340195928003661,-0.41666666666666663,0.24840195928003667
3295,0.85340372382667873,-0.41666666666666663,0.3125
3296,-0.89037833853756621,-0.36954500520423295,0.25545499479576711
3297,-0.92197859650972946,-0.3125,0.22385473682360399
3298,-0.896755801361933,-0.3125,0.3125
3299,-0.87907487201884149,-0.35824153868550818,0.3125
3300,0.8910565443330809,-0.3589434556669191,0.2660565443330809
3301,0.90648039212153597,-0.3125,0.28148039212153597
3302,0.896755801361933,-0.3125,0.3125
3303,0.86685505986465416,-0.38314494013534589,0.3125
3304,-0.9375,-0.20833333333333326,0.27449648983133212
3305,-0.92670756838691826,-0.30170756838691826,0.21912576494641517
3306,-0.92670756838691848,-0.20833333333333326,0.3125
3307,-0.90648039212153586,-0.28148039212153592,0.3125
3308,0.92670756838691848,-0.21912576494641478,0.30170756838691848
3309,0.9375,-0.20833333333333326,0.27449648983133212
3310,0.92929118963196633,-0.20833333333333326,0.30429118963196633
3311,0.92670756838691848,-0.20833333333333326,0.3125
3312,0.9219785965097298,-0.22385473682360352,0.3125
3313,0.95195756788909214,-0.20833333333333326,0.22279090122242556
3314,-0.94490208333850656,-0.11156875000517312,0.30509791666149344
3315,-0.94642269630101439,-0.10416666666666652,0.30357730369898561
3316,-0.944154743717737,-0.10416666666666652,0.3125
3317,-0.94328804480502659,-0.10995471147169311,0.3125
3318,-0.9375,-0.14464512361963161,0.3125
3319,-0.92841217696890932,-0.19924551030224258,0.3125
3320,0.9375,-0.14464512361963161,0.3125
3321,0.95390594962482966,-0.19192738370850368,0.22473928295816303
3322,0.96549416516836239,-0.10416666666666652,0.23632749850169574
3323,0.944154743717737,-0.10416666666666652,0.3125
3324,-0.95300842701349697,-0.015508427013496973,0.29699157298650303
3325,-0.95407498730839435,0,0.29592501269160565
3326,-0.94986345933703697,0,0.3125
3327,-0.94927344961730142,-0.011773449617301437,0.3125
3328,0.96664067256622732,-0.075025994100439322,0.23747400589956066
3329,0.9699639725212148,0,0.24079730585454812
3330,0.94986345933703697,0,0.3125
3331,0.94450769262144307,-0.097158974045223473,0.3125
3332,-0.94708530401350777,0.094581362653158932,0.30291469598649223
3333,-0.94642269630101439,0.10416666666666674,0.30357730369898561
3334,-0.944154743717737,0.10416666666666674,0.3125
3335,-0.94450769262144307,0.097158974045223653,0.3125
3336,0.96874115910532366,0.031241159105323626,0.23957449243865703
3337,0.96549416516836239,0.10416666666666674,0.23632749850169574
3338,0.944154743717737,0.10416666666666674,0.3125
3339,0.94927344961730142,0.011773449617301448,0.3125
3340,-0.9375,0.18478025582286742,0.28894692248953402
3341,-0.9375,0.20833333333333348,0.27449648983133212
3342,-0.9375,0.1446451236196318,0.3125
3343,-0.92670756838691848,0.20833333333333348,0.3125
3344,0.930347233248348,0.20118056658168149,0.305347233248348
3345,0.9375,0.18478025582286742,0.28894692248953402
3346,0.9375,0.20833333333333348,0.27449648983133212
3347,0.92929118963196633,0.20833333333333348,0.30429118963196633
3348,0.92670756838691848,0.20833333333333348,0.3125
3349,0.92841217696890932,0.19924551030224277,0.3125
3350,0.9375,0.1446451236196318,0.3125
3351,0.96256257924467259,0.1292292459113393,0.23339591257800599
3352,0.95195756788909214,0.20833333333333348,0.22279090122242556
3353,0.94328804480502659,0.10995471147169331,0.3125
3354,-0.9375,0.24185505986465433,0.24185505986465433
3355,-0.92197859650972946,0.3125,0.22385473682360399
3356,-0.896755801361933,0.3125,0.3125
3357,-0.9219785965097298,0.22385473682360371,0.3125
3358,0.91261578502354956,0.28761578502354956,0.28761578502354956
3359,0.9375,0.24185505986465433,0.24185505986465433
3360,0.90648039212153597,0.3125,0.28148039212153597
3361,0.896755801361933,0.3125,0.3125
3362,0.90648039212153586,0.28148039212153592,0.3125
3363,0.94960361130607063,0.22043694463940405,0.22043694463940405
3364,-0.89949648983133168,0.35050351016866838,0.24633684350200177
3365,-0.86141222084491165,0.41666666666666674,0.28442111248842167
3366,-0.85340372382667873,0.41666666666666674,0.3125
3367,-0.86685505986465439,0.38314494013534567,0.3125
3368,0.88984884927987684,0.36901551594654353,0.26484884927987684
3369,0.87340195928003661,0.41666666666666674,0.24840195928003667
3370,0.85340372382667873,0.41666666666666674,0.3125
3371,0.87907487201884149,0.35824153868550818,0.3125
3372,-0.83333333333333326,0.47834996247703931,0.27001662914370594
3373,-0.83333333333333326,0.45381622465660953,0.3125
3374,-0.82480593694611382,0.52083333333333348,0.21686072972055287
3375,-0.79379599072348173,0.52083333333333348,0.3125
3376,0.81374769972769545,0.50124769972769545,0.29291436639436202
3377,0.83333333333333348,0.47834996247703926,0.27001662914370583
3378,0.80411501943042585,0.52083333333333348,0.28328168609709237
3379,0.79379599072348184,0.52083333333333348,0.3125
3380,0.80928297973483576,0.49678297973483571,0.3125
3381,0.83333333333333348,0.4538162246566092,0.3125
3382,0.86239477543829923,0.4457281087716326,0.23739477543829929
3383,0.84674107725490966,0.43007441058824297,0.3125
3384,-0.72916666666666663,0.61349778036920766,0.3009977803692076
3385,-0.72916666666666663,0.625,0.27449648983133224
3386,-0.72916666666666663,0.60801784956708782,0.3125
3387,-0.71488153709054181,0.625,0.3125
3388,0.72308419059844964,0.6189175239317829,0.30641752393178295
3389,0.72916666666666674,0.61349778036920743,0.30099778036920738
3390,0.72916666666666674,0.625,0.27449648983133157
3391,0.71900536193236508,0.625,0.3023386952656984
3392,0.71488153709054159,0.625,0.3125
3393,0.72169104447470389,0.61752437780803726,0.3125
3394,0.72916666666666674,0.60801784956708749,0.3125
3395,0.77891651997454481,0.57058318664121144,0.25808318664121138
3396,0.7463515975798688,0.625,0.22551826424653548
3397,0.76751356510412294,0.55918023177078968,0.3125
3398,-0.72916666666666663,0.64400191777262972,0.22733525110596309
3399,-0.66300351016866832,0.69116315649799831,0.27449648983133168
3400,-0.625,0.71900536193236508,0.3023386952656984
3401,-0.625,0.72916666666666674,0.27449648983133157
3402,-0.625,0.71488153709054159,0.3125
3403,-0.60801784956708749,0.72916666666666674,0.3125
3404,0.6189175239317829,0.72308419059844964,0.30641752393178295
3405,0.625,0.71900536193236508,0.3023386952656984
3406,0.625,0.72916666666666674,0.27449648983133157
3407,0.61349778036920743,0.72916666666666674,0.30099778036920738
3408,0.60801784956708749,0.72916666666666674,0.3125
3409,0.61752437780803726,0.72169104447470389,0.3125
3410,0.625,0.71488153709054159,0.3125
3411,0.68150681898517318,0.68150681898517318,0.26484015231850649
3412,0.72916666666666674,0.64400191777262961,0.227335251105963
3413,0.64400191777262961,0.72916666666666674,0.227335251105963
3414,0.67150019334804956,0.67150019334804956,0.3125
3415,0.73989885479748407,0.63573218813081733,0.21906552146415081
3416,-0.625,0.7463515975798688,0.22551826424653548
3417,-0.58785044201005743,0.76631622465660931,0.24548289132327603
3418,-0.52083333333333326,0.80411501943042585,0.28328168609709237
3419,-0.52083333333333326,0.79379599072348195,0.3125
3420,-0.49914705338346105,0.83333333333333348,0.23001961328320567
3421,-0.4538162246566092,0.83333333333333348,0.3125
3422,0.50124769972769545,0.81374769972769545,0.29291436639436202
3423,0.52083333333333348,0.80411501943042585,0.28328168609709237
3424,0.47834996247703926,0.83333333333333348,0.27001662914370583
3425,0.4538162246566092,0.83333333333333348,0.3125
3426,0.49678297973483571,0.80928297973483576,0.3125
3427,0.52083333333333348,0.79379599072348184,0.3125
3428,0.57058318664121144,0.77891651997454481,0.25808318664121138
3429,0.625,0.7463515975798688,0.22551826424653548
3430,0.55918023177078968,0.76751356510412294,0.3125
3431,0.63573218813081733,0.73989885479748407,0.21906552146415081
3432,-0.41666666666666663,0.87340195928003661,0.24840195928003667
3433,-0.41666666666666663,0.85340372382667884,0.3125
3434,-0.3589434556669191,0.8910565443330809,0.2660565443330809
3435,-0.3125,0.90648039212153597,0.28148039212153597
3436,-0.38314494013534572,0.86685505986465439,0.3125
3437,-0.3125,0.896755801361933,0.3125
3438,-0.21912576494641478,0.92670756838691848,0.30170756838691848
3439,-0.20833333333333326,0.92929118963196633,0.30429118963196633
3440,-0.20833333333333326,0.9375,0.27449648983133212
3441,-0.22385473682360352,0.9219785965097298,0.3125
3442,-0.20833333333333326,0.92670756838691848,0.3125
3443,-0.14464512361963161,0.9375,0.3125
3444,0.20118056658168149,0.930347233248348,0.305347233248348
3445,0.20833333333333348,0.92929118963196633,0.30429118963196633
3446,0.20833333333333348,0.9375,0.27449648983133212
3447,0.18478025582286742,0.9375,0.28894692248953402
3448,0.1446451236196318,0.9375,0.3125
3449,0.1992455103022428,0.92841217696890932,0.3125
3450,0.20833333333333348,0.92670756838691848,0.3125
3451,0.28761578502354956,0.91261578502354956,0.28761578502354956
3452,0.3125,0.90648039212153597,0.28148039212153597
3453,0.24185505986465433,0.9375,0.24185505986465433
3454,0.28148039212153597,0.90648039212153597,0.3125
3455,0.3125,0.896755801361933,0.3125
3456,0.36901551594654353,0.88984884927987684,0.26484884927987684
3457,0.41666666666666674,0.87340195928003661,0.24840195928003667
3458,0.35824153868550818,0.87907487201884149,0.3125
3459,0.41666666666666674,0.85340372382667873,0.3125
3460,0.4457281087716326,0.86239477543829923,0.23739477543829929
3461,0.43007441058824297,0.84674107725490966,0.3125
3462,-0.20833333333333326,0.95195756788909214,0.22279090122242556
3463,-0.19192738370850368,0.95390594962482966,0.22473928295816303
3464,-0.10416666666666652,0.96549416516836239,0.23632749850169574
3465,-0.10416666666666652,0.944154743717737,0.3125
3466,-0.075025994100439322,0.96664067256622732,0.23747400589956066
3467,0,0.9699639725212148,0.24079730585454812
3468,-0.097158974045223473,0.94450769262144307,0.3125
3469,0,0.94986345933703697,0.3125
3470,0.031241159105323626,0.96874115910532366,0.23957449243865703
3471,0.10416666666666674,0.96549416516836239,0.23632749850169574
3472,0.011773449617301448,0.94927344961730142,0.3125
3473,0.10416666666666674,0.944154743717737,0.3125
3474,0.1292292459113393,0.96256257924467259,0.23339591257800599
3475,0.20833333333333348,0.95195756788909214,0.22279090122242556
3476,0.10995471147169331,0.94328804480502659,0.3125
3477,0.22043694463940405,0.94960361130607063,0.22043694463940405
3478,-0.10416666666666652,-0.9375,0.33003202060825115
3479,0,-0.9375,0.34506194190040651
3480,-0.083765924129772767,-0.9375,0.33290074253689378
3481,0.10416666666666674,-0.9375,0.33003202060825115
3482,0.028566314444402965,-0.9375,0.34106631444440294
3483,0.11653402140906674,-0.9375,0.32486735474240003
3484,-0.41666666666666663,-0.83333333333333326,0.36001287089712375
3485,-0.33257039049334541,-0.85340372382667873,0.39659627617332127
3486,-0.3125,-0.86685505986465439,0.38314494013534567
3487,-0.36001287089712369,-0.83333333333333326,0.41666666666666674
3488,-0.32695756788909225,-0.84779090122242551,0.41666666666666674
3489,-0.3125,-0.85340372382667873,0.41666666666666674
3490,-0.2660565443330809,-0.8910565443330809,0.3589434556669191
3491,-0.20833333333333326,-0.91876528166097315,0.33123471833902685
3492,-0.24840195928003658,-0.87340195928003661,0.41666666666666674
3493,-0.20833333333333326,-0.884532033018119,0.41666666666666674
3494,-0.19404820375720841,-0.92321487042387518,0.32678512957612482
3495,-0.16369752798266934,-0.89286419464933608,0.41666666666666674
3496,-0.10416666666666652,-0.90281677060028798,0.41666666666666674
3497,-0.071506870617761981,-0.90484020395109543,0.41666666666666674
3498,0,-0.90884303340106354,0.41666666666666674
3499,0.030538315878400547,-0.9069616841215995,0.41666666666666674
3500,0.10416666666666674,-0.90281677060028798,0.41666666666666674
3501,0.20833333333333348,-0.91876528166097315,0.33123471833902685
3502,0.14665003752296091,-0.89501662914370583,0.41666666666666674
3503,0.20833333333333348,-0.884532033018119,0.41666666666666674
3504,0.24633684350200125,-0.89949648983133212,0.35050351016866782
3505,0.3125,-0.86685505986465439,0.38314494013534567
3506,0.28442111248842167,-0.86141222084491165,0.41666666666666674
3507,0.3125,-0.85340372382667873,0.41666666666666674
3508,0.41666666666666674,-0.83333333333333326,0.36001287089712347
3509,0.3888974062330201,-0.83333333333333326,0.3888974062330201
3510,0.36001287089712347,-0.83333333333333326,0.41666666666666674
3511,0.43793884136575356,-0.83333333333333326,0.33377217469908682
3512,-0.53319679267037023,-0.7415301260037036,0.40430320732962977
3513,-0.52083333333333326,-0.75773298111106968,0.38810035222226363
3514,-0.57736436392467472,-0.72916666666666663,0.36013563607532528
3515,-0.54176999131804593,-0.72916666666666663,0.41666666666666674
3516,-0.53001779933603121,-0.73835113266936458,0.41666666666666674
3517,-0.52083333333333326,-0.74467509368016371,0.41666666666666674
3518,-0.48615010393362146,-0.79865010393362146,0.34718322939971186
3519,-0.46678893428635315,-0.77928893428635315,0.41666666666666674
3520,-0.41666666666666663,-0.80749149571305312,0.41666666666666674
3521,-0.39941997473324509,-0.81608664139991172,0.41666666666666674
3522,0.41666666666666674,-0.8074914957130529,0.41666666666666674
3523,0.52083333333333348,-0.75773298111106935,0.38810035222226397
3524,0.48294440231344904,-0.76705559768655107,0.41666666666666674
3525,0.52083333333333348,-0.74467509368016349,0.41666666666666674
3526,0.57511715276425002,-0.72916666666666663,0.3667838194309167
3527,0.54176999131804593,-0.72916666666666663,0.41666666666666674
3528,-0.64870109088659422,-0.64870109088659422,0.39296557578007246
3529,-0.625,-0.69758506673240972,0.34408159993425691
3530,-0.69758506673240972,-0.625,0.34408159993425691
3531,-0.65912338586721952,-0.625,0.41666666666666674
3532,-0.64261242629695159,-0.64261242629695159,0.41666666666666674
3533,-0.625,-0.65912338586721952,0.41666666666666674
3534,-0.61420756838691848,-0.71837423505358511,0.32329243161308152
3535,-0.58824289673901398,-0.69240956340568072,0.41666666666666674
3536,0.625,-0.69758506673240972,0.34408159993425691
3537,0.625,-0.65912338586721952,0.41666666666666674
3538,0.68453086131600271,-0.625,0.37203086131600277
3539,0.65912338586721941,-0.625,0.41666666666666674
3540,-0.7415301260037036,-0.53319679267037023,0.40430320732962977
3541,-0.72916666666666663,-0.57736436392467472,0.36013563607532528
3542,-0.75773298111106968,-0.52083333333333326,0.38810035222226363
3543,-0.74467509368016371,-0.52083333333333326,0.41666666666666674
3544,-0.73835113266936458,-0.53001779933603121,0.41666666666666674
3545,-0.72916666666666663,-0.54176999131804593,0.41666666666666674
3546,-0.71837423505358511,-0.61420756838691848,0.32329243161308152
3547,-0.69240956340568072,-0.58824289673901398,0.41666666666666674
3548,0.72916666666666674,-0.57736436392467383,0.36013563607532612
3549,0.72916666666666674,-0.54176999131804571,0.41666666666666674
3550,0.77403752543068516,-0.52083333333333326,0.35737085876401847
3551,0.7446750936801636,-0.52083333333333326,0.41666666666666674
3552,-0.83333333333333326,-0.41666666666666663,0.36001287089712375
3553,-0.79865010393362135,-0.4861501039336214,0.34718322939971191
3554,-0.80749149571305301,-0.41666666666666663,0.41666666666666674
3555,-0.77928893428635315,-0.46678893428635315,0.41666666666666674
3556,0.80334065757190487,-0.44665934242809524,0.38667399090523813
3557,0.83333333333333348,-0.41666666666666663,0.36001287089712314
3558,0.81608664139991172,-0.41666666666666663,0.39941997473324503
3559,0.80749149571305301,-0.41666666666666663,0.41666666666666674
3560,0.76705559768655118,-0.48294440231344882,0.41666666666666674
3561,0.84779090122242551,-0.41666666666666663,0.32695756788909208
3562,-0.85340372382667873,-0.33257039049334541,0.39659627617332127
3563,-0.86685505986465439,-0.3125,0.38314494013534567
3564,-0.85340372382667873,-0.3125,0.41666666666666674
3565,-0.84779090122242551,-0.32695756788909225,0.41666666666666674
3566,-0.83333333333333326,-0.36001287089712369,0.41666666666666674
3567,-0.81608664139991172,-0.39941997473324509,0.41666666666666674
3568,0.83333333333333348,-0.36001287089712308,0.41666666666666674
3569,0.85340372382667873,-0.39659627617332138,0.33257039049334525
3570,0.87907487201884149,-0.3125,0.35824153868550818
3571,0.85340372382667873,-0.3125,0.41666666666666674
3572,-0.8910565443330809,-0.2660565443330809,0.3589434556669191
3573,-0.91876528166097315,-0.20833333333333326,0.33123471833902685
3574,-0.884532033018119,-0.20833333333333326,0.41666666666666674
3575,-0.87340195928003661,-0.24840195928003658,0.41666666666666674
3576,0.89037833853756632,-0.25545499479576705,0.36954500520423295
3577,0.90074289673901398,-0.20833333333333326,0.37990956340568061
3578,0.884532033018119,-0.20833333333333326,0.41666666666666674
3579,0.86141222084491154,-0.28442111248842189,0.41666666666666674
3580,-0.9375,-0.10416666666666652,0.33003202060825115
3581,-0.92321487042387518,-0.19404820375720841,0.32678512957612482
3582,-0.90281677060028798,-0.10416666666666652,0.41666666666666674
3583,-0.89286419464933608,-0.16369752798266934,0.41666666666666674
3584,0.90975741065724391,-0.13190925600942272,0.38892407732391054
3585,0.9375,-0.10416666666666652,0.33003202060825115
3586,0.91344964640150228,-0.10416666666666652,0.39261631306816897
3587,0.90281677060028798,-0.10416666666666652,0.41666666666666674
3588,0.89501662914370583,-0.14665003752296074,0.41666666666666674
3589,0.9424428643344176,-0.10416666666666652,0.31744286433441765
3590,-0.9375,-0.083765924129772767,0.33290074253689378
3591,-0.9375,0,0.34506194190040651
3592,-0.90884303340106354,0,0.41666666666666674
3593,-0.90484020395109543,-0.071506870617761981,0.41666666666666674
3594,0.9167041627760476,-0.020795837223952438,0.39587082944271423
3595,0.9375,-0.083765924129772767,0.33290074253689378
3596,0.9375,0,0.34506194190040651
3597,0.91763364976842543,0,0.39680031643509212
3598,0.90884303340106365,0,0.41666666666666674
3599,0.9069616841215995,-0.030538315878400557,0.41666666666666674
3600,0.94262888050282789,-0.099037786163838695,0.31762888050282784
3601,0.94668446600269796,0,0.3216844660026979
3602,-0.9375,0.028566314444402965,0.34106631444440294
3603,-0.9375,0.10416666666666674,0.33003202060825115
3604,-0.90281677060028798,0.10416666666666674,0.41666666666666674
3605,-0.9069616841215995,0.030538315878400547,0.41666666666666674
3606,0.91448443971399285,0.081151106380659518,0.39365110638065953
3607,0.9375,0.028566314444402965,0.34106631444440294
3608,0.9375,0.10416666666666674,0.33003202060825115
3609,0.91344964640150228,0.10416666666666674,0.39261631306816897
3610,0.90281677060028787,0.10416666666666674,0.41666666666666674
3611,0.90484020395109543,0.071506870617762092,0.41666666666666674
3612,0.94636452579972918,0.0088645257997291699,0.32136452579972918
3613,0.9424428643344176,0.10416666666666674,0.31744286433441765
3614,-0.9375,0.11653402140906674,0.32486735474240003
3615,-0.91876528166097315,0.20833333333333348,0.33123471833902685
3616,-0.884532033018119,0.20833333333333348,0.41666666666666674
3617,-0.89501662914370583,0.14665003752296091,0.41666666666666674
3618,0.9051266571765656,0.17595999050989902,0.38429332384323228
3619,0.9375,0.11653402140906674,0.32486735474240003
3620,0.90074289673901398,0.20833333333333348,0.37990956340568061
3621,0.884532033018119,0.20833333333333348,0.41666666666666674
3622,0.89286419464933597,0.1636975279826694,0.41666666666666674
3623,0.94196153216994838,0.10862819883661509,0.31696153216994838
3624,-0.89949648983133212,0.24633684350200125,0.35050351016866782
3625,-0.86685505986465439,0.3125,0.38314494013534567
3626,-0.85340372382667873,0.3125,0.41666666666666674
3627,-0.86141222084491165,0.28442111248842167,0.41666666666666674
3628,0.88984884927987684,0.26484884927987684,0.36901551594654347
3629,0.87907487201884149,0.3125,0.35824153868550818
3630,0.85340372382667873,0.3125,0.41666666666666674
3631,0.87340195928003661,0.24840195928003661,0.41666666666666674
3632,-0.83333333333333326,0.3888974062330201,0.3888974062330201
3633,-0.83333333333333326,0.41666666666666674,0.36001287089712347
3634,-0.83333333333333326,0.36001287089712347,0.41666666666666674
3635,-0.8074914957130529,0.41666666666666674,0.41666666666666674
3636,0.82054612826794504,0.4038794616012783,0.4038794616012783
3637,0.83333333333333348,0.38889740623302005,0.38889740623302005
3638,0.83333333333333348,0.41666666666666674,0.36001287089712314
3639,0.81608664139991172,0.41666666666666674,0.39941997473324503
3640,0.80749149571305301,0.41666666666666674,0.41666666666666674
3641,0.81608664139991172,0.39941997473324503,0.41666666666666674
3642,0.83333333333333348,0.36001287089712314,0.41666666666666674
3643,0.86935830886929044,0.34852497553595696,0.34852497553595696
3644,0.84779090122242551,0.41666666666666674,0.32695756788909208
3645,0.84779090122242551,0.32695756788909208,0.41666666666666674
3646,-0.83333333333333326,0.43793884136575356,0.33377217469908682
3647,-0.75773298111106935,0.52083333333333348,0.38810035222226397
3648,-0.74467509368016349,0.52083333333333348,0.41666666666666674
3649,-0.76705559768655107,0.48294440231344904,0.41666666666666674
3650,0.79235701086245058,0.47985701086245064,0.3756903441957839
3651,0.83333333333333348,0.43793884136575328,0.33377217469908654
3652,0.77403752543068505,0.52083333333333348,0.35737085876401831
3653,0.74467509368016349,0.52083333333333348,0.41666666666666674
3654,0.77928893428635304,0.4667889342863531,0.41666666666666674
3655,0.84406552146415081,0.42739885479748402,0.32323218813081728
3656,-0.72916666666666663,0.57511715276425002,0.3667838194309167
3657,-0.72916666666666663,0.54176999131804593,0.41666666666666674
3658,-0.69758506673240972,0.625,0.34408159993425691
3659,-0.65912338586721952,0.625,0.41666666666666674
3660,0.70132686986465109,0.59716020319798446,0.38882686986465109
3661,0.72916666666666674,0.57511715276424991,0.36678381943091654
3662,0.68453086131600271,0.625,0.37203086131600277
3663,0.65912338586721941,0.625,0.41666666666666674
3664,0.69240956340568061,0.58824289673901398,0.41666666666666674
3665,0.72916666666666674,0.54176999131804571,0.41666666666666674
3666,0.75988937525403766,0.55155604192070429,0.34322270858737092
3667,0.73835113266936447,0.53001779933603121,0.41666666666666674
3668,-0.625,0.68453086131600271,0.37203086131600277
3669,-0.625,0.65912338586721941,0.41666666666666674
3670,-0.57736436392467383,0.72916666666666674,0.36013563607532612
3671,-0.54176999131804571,0.72916666666666674,0.41666666666666674
3672,0.59716020319798446,0.70132686986465109,0.38882686986465109
3673,0.625,0.68453086131600271,0.37203086131600277
3674,0.57511715276424991,0.72916666666666674,0.36678381943091654
3675,0.54176999131804571,0.72916666666666674,0.41666666666666674
3676,0.58824289673901398,0.69240956340568061,0.41666666666666674
3677,0.625,0.65912338586721941,0.41666666666666674
3678,0.66226719365915021,0.66226719365915021,0.34976719365915021
3679,0.64261242629695159,0.64261242629695159,0.41666666666666674
3680,-0.52083333333333326,0.77403752543068516,0.35737085876401847
3681,-0.52083333333333326,0.7446750936801636,0.41666666666666674
3682,-0.44665934242809524,0.80334065757190487,0.38667399090523813
3683,-0.41666666666666663,0.81608664139991172,0.39941997473324503
3684,-0.41666666666666663,0.83333333333333348,0.3600128708971233
3685,-0.48294440231344882,0.76705559768655118,0.41666666666666674
3686,-0.41666666666666663,0.80749149571305301,0.41666666666666674
3687,-0.36001287089712308,0.83333333333333348,0.41666666666666674
3688,0.4038794616012783,0.82054612826794504,0.4038794616012783
3689,0.41666666666666674,0.81608664139991172,0.39941997473324503
3690,0.41666666666666674,0.83333333333333348,0.36001287089712314
3691,0.38889740623302005,0.83333333333333348,0.38889740623302005
3692,0.36001287089712314,0.83333333333333348,0.41666666666666674
3693,0.39941997473324503,0.81608664139991172,0.41666666666666674
3694,0.41666666666666674,0.80749149571305301,0.41666666666666674
3695,0.47985701086245064,0.79235701086245058,0.3756903441957839
3696,0.52083333333333348,0.77403752543068505,0.35737085876401831
3697,0.43793884136575328,0.83333333333333348,0.33377217469908654
3698,0.4667889342863531,0.77928893428635304,0.41666666666666674
3699,0.52083333333333348,0.74467509368016349,0.41666666666666674
3700,0.55155604192070429,0.75988937525403766,0.34322270858737092
3701,0.53001779933603121,0.73835113266936447,0.41666666666666674
3702,-0.41666666666666663,0.84779090122242562,0.32695756788909214
3703,-0.39659627617332133,0.85340372382667884,0.33257039049334536
3704,-0.3125,0.87907487201884149,0.35824153868550818
3705,-0.3125,0.85340372382667873,0.41666666666666674
3706,-0.25545499479576705,0.89037833853756632,0.36954500520423295
3707,-0.20833333333333326,0.90074289673901398,0.37990956340568061
3708,-0.28442111248842189,0.86141222084491154,0.41666666666666674
3709,-0.20833333333333326,0.884532033018119,0.41666666666666674
3710,-0.13190925600942272,0.90975741065724391,0.38892407732391054
3711,-0.10416666666666652,0.91344964640150228,0.39261631306816897
3712,-0.10416666666666652,0.9375,0.33003202060825115
3713,-0.14665003752296074,0.89501662914370583,0.41666666666666674
3714,-0.10416666666666652,0.90281677060028798,0.41666666666666674
3715,-0.020795837223952438,0.9167041627760476,0.39587082944271423
3716,0,0.91763364976842543,0.39680031643509212
3717,0,0.9375,0.34506194190040651
3718,-0.083765924129772767,0.9375,0.33290074253689378
3719,-0.030538315878400557,0.9069616841215995,0.41666666666666674
3720,0,0.90884303340106365,0.41666666666666674
3721,0.081151106380659518,0.91448443971399285,0.39365110638065953
3722,0.10416666666666674,0.91344964640150228,0.39261631306816897
3723,0.10416666666666674,0.9375,0.33003202060825115
3724,0.028566314444402965,0.9375,0.34106631444440294
3725,0.071506870617762092,0.90484020395109543,0.41666666666666674
3726,0.10416666666666674,0.90281677060028798,0.41666666666666674
3727,0.17595999050989902,0.9051266571765656,0.38429332384323228
3728,0.20833333333333348,0.90074289673901398,0.37990956340568061
3729,0.11653402140906674,0.9375,0.32486735474240003
3730,0.16369752798266946,0.89286419464933608,0.41666666666666674
3731,0.20833333333333348,0.884532033018119,0.41666666666666674
3732,0.26484884927987684,0.88984884927987684,0.36901551594654353
3733,0.3125,0.87907487201884149,0.35824153868550818
3734,0.24840195928003667,0.87340195928003661,0.41666666666666674
3735,0.3125,0.85340372382667873,0.41666666666666674
3736,0.34852497553595696,0.86935830886929044,0.34852497553595696
3737,0.41666666666666674,0.84779090122242551,0.32695756788909208
3738,0.32695756788909208,0.84779090122242551,0.41666666666666674
3739,0.42739885479748402,0.84406552146415081,0.32323218813081728
3740,-0.10416666666666652,0.9424428643344176,0.31744286433441765
3741,-0.099037786163838695,0.94262888050282789,0.31762888050282784
3742,0,0.94668446600269796,0.3216844660026979
3743,0.0088645257997291699,0.94636452579972918,0.32136452579972918
3744,0.10416666666666674,0.9424428643344176,0.31744286433441765
3745,0.10862819883661509,0.94196153216994838,0.31696153216994838
3746,-0.3125,-0.83333333333333326,0.45381622465660953
3747,-0.20833333333333326,-0.83333333333333326,0.51133080408272091
3748,-0.23001961328320539,-0.83333333333333326,0.49914705338346133
3749,-0.12510332465137913,-0.85426999131804582,0.49989667534862087
3750,-0.10416666666666652,-0.8618996477777362,0.49226701888893054
3751,-0.17933818842084184,-0.83333333333333326,0.52083333333333348
3752,-0.11594011628396798,-0.84510678295063468,0.52083333333333348
3753,-0.10416666666666652,-0.84708459169634265,0.52083333333333348
3754,-0.037149557989942544,-0.87048289132327583,0.48368377534339085
3755,0,-0.87501712357464934,0.4791495430920174
3756,-0.019001917772629523,-0.85233525110596275,0.52083333333333348
3757,0,-0.85340372382667862,0.52083333333333348
3758,0.07160472476626023,-0.86589527523373977,0.48827139143292697
3759,0.10416666666666674,-0.8618996477777362,0.49226701888893054
3760,0.089591651108552856,-0.84790834889144717,0.52083333333333348
3761,0.10416666666666674,-0.84708459169634265,0.52083333333333348
3762,0.20833333333333348,-0.83333333333333326,0.51133080408272091
3763,0.2012690143801717,-0.83333333333333326,0.51376901438017164
3764,0.17933818842084207,-0.83333333333333326,0.52083333333333348
3765,0.3125,-0.83333333333333326,0.45381622465660953
3766,0.27001662914370594,-0.83333333333333326,0.47834996247703931
3767,0.33377217469908682,-0.83333333333333326,0.43793884136575356
3768,-0.52083333333333326,-0.72916666666666663,0.44212493333068525
3769,-0.43217509368016366,-0.74467509368016371,0.5053249063198364
3770,-0.41666666666666663,-0.76705559768655152,0.48294440231344854
3771,-0.44212493333068514,-0.72916666666666663,0.52083333333333348
3772,-0.42657070197719232,-0.73907070197719238,0.52083333333333348
3773,-0.41666666666666663,-0.74467509368016371,0.52083333333333348
3774,-0.3866739909052383,-0.80334065757190487,0.44665934242809513
3775,-0.35737085876401847,-0.77403752543068516,0.52083333333333348
3776,-0.3125,-0.79379599072348173,0.52083333333333348
3777,-0.28328168609709237,-0.80411501943042563,0.52083333333333348
3778,-0.20833333333333326,-0.827732876547287,0.52083333333333348
3779,-0.20370961010641275,-0.82870961010641275,0.52083333333333348
3780,0.20833333333333348,-0.827732876547287,0.52083333333333348
3781,0.21686072972055287,-0.82480593694611382,0.52083333333333348
3782,0.3125,-0.79379599072348173,0.52083333333333348
3783,0.41666666666666674,-0.76705559768655107,0.48294440231344904
3784,0.38810035222226397,-0.75773298111106935,0.52083333333333348
3785,0.41666666666666674,-0.74467509368016349,0.52083333333333348
3786,0.52083333333333348,-0.72916666666666663,0.44212493333068509
3787,0.48246484156620217,-0.72916666666666663,0.48246484156620217
3788,0.44212493333068509,-0.72916666666666663,0.52083333333333348
3789,0.53260678295063479,-0.72916666666666663,0.42844011628396811
3790,-0.625,-0.625,0.46544608548893163
3791,-0.56463077140320306,-0.66879743806986969,0.47703589526346368
3792,-0.57993581992194931,-0.625,0.52083333333333348
3793,-0.54882749850169554,-0.65299416516836228,0.52083333333333348
3794,-0.52083333333333326,-0.67527397855461591,0.52083333333333348
3795,-0.48981372545486918,-0.69814705878820249,0.52083333333333348
3796,0.52083333333333348,-0.67527397855461579,0.52083333333333348
3797,0.55339527523373966,-0.69660472476626034,0.44922860856707303
3798,0.625,-0.625,0.46544608548893163
3799,0.60086102369248495,-0.625,0.49669435702581838
3800,0.57993581992194931,-0.625,0.52083333333333348
3801,0.64561856535489415,-0.625,0.43728523202156094
3802,-0.72916666666666663,-0.52083333333333326,0.44212493333068525
3803,-0.66879743806986969,-0.56463077140320306,0.47703589526346368
3804,-0.67527397855461591,-0.52083333333333326,0.52083333333333348
3805,-0.65299416516836228,-0.54882749850169554,0.52083333333333348
3806,-0.625,-0.57993581992194931,0.52083333333333348
3807,-0.60319063974615916,-0.60319063974615916,0.52083333333333348
3808,0.625,-0.57993581992194931,0.52083333333333348
3809,0.66512008933921485,-0.58487991066078515,0.45678675600588159
3810,0.72916666666666674,-0.52083333333333326,0.44212493333068509
3811,0.6981470587882026,-0.52083333333333326,0.4898137254548694
3812,0.67527397855461591,-0.52083333333333326,0.52083333333333348
3813,0.73907070197719238,-0.52083333333333326,0.42657070197719238
3814,-0.74467509368016349,-0.43217509368016355,0.50532490631983651
3815,-0.76705559768655129,-0.41666666666666663,0.48294440231344876
3816,-0.74467509368016349,-0.41666666666666663,0.52083333333333348
3817,-0.73907070197719227,-0.42657070197719227,0.52083333333333348
3818,-0.72916666666666663,-0.44212493333068498,0.52083333333333348
3819,-0.69814705878820249,-0.48981372545486918,0.52083333333333348
3820,0.72916666666666674,-0.44212493333068498,0.52083333333333348
3821,0.7446750936801636,-0.5053249063198364,0.4321750936801636
3822,0.77928893428635315,-0.41666666666666663,0.46678893428635315
3823,0.7446750936801636,-0.41666666666666663,0.52083333333333348
3824,-0.83333333333333326,-0.3125,0.45381622465660953
3825,-0.80334065757190487,-0.3866739909052383,0.44665934242809513
3826,-0.79379599072348173,-0.3125,0.52083333333333348
3827,-0.77403752543068516,-0.35737085876401847,0.52083333333333348
3828,0.79865010393362135,-0.34718322939971208,0.48615010393362135
3829,0.83333333333333348,-0.3125,0.4538162246566092
3830,0.80928297973483576,-0.3125,0.49678297973483571
3831,0.79379599072348184,-0.3125,0.52083333333333348
3832,0.75773298111106946,-0.38810035222226391,0.52083333333333348
3833,0.84674107725490966,-0.3125,0.43007441058824297
3834,-0.83333333333333326,-0.23001961328320539,0.49914705338346133
3835,-0.83333333333333326,-0.20833333333333326,0.51133080408272091
3836,-0.827732876547287,-0.20833333333333326,0.52083333333333348
3837,-0.80411501943042563,-0.28328168609709237,0.52083333333333348
3838,0.8289668270905538,-0.21269983957611296,0.5164668270905538
3839,0.83333333333333348,-0.23001961328320644,0.49914705338346033
3840,0.83333333333333348,-0.20833333333333326,0.51133080408272047
3841,0.8299325384228895,-0.20833333333333326,0.5174325384228895
3842,0.827732876547287,-0.20833333333333326,0.52083333333333348
3843,0.8248059369461137,-0.21686072972055306,0.52083333333333348
3844,0.84973928295816292,-0.29609405037517045,0.43307261629149629
3845,0.86757285273198459,-0.20833333333333326,0.45090618606531796
3846,-0.85426999131804582,-0.12510332465137913,0.49989667534862087
3847,-0.8618996477777362,-0.10416666666666652,0.49226701888893054
3848,-0.84708459169634265,-0.10416666666666652,0.52083333333333348
3849,-0.84510678295063468,-0.11594011628396798,0.52083333333333348
3850,-0.83333333333333326,-0.17933818842084184,0.52083333333333348
3851,-0.82870961010641275,-0.20370961010641275,0.52083333333333348
3852,0.83333333333333348,-0.17933818842084043,0.52083333333333348
3853,0.87175526423003635,-0.16991140243663025,0.45508859756336972
3854,0.87983352668138282,-0.10416666666666652,0.46316686001471619
3855,0.84708459169634265,-0.10416666666666652,0.52083333333333348
3856,-0.87048289132327583,-0.037149557989942544,0.48368377534339085
3857,-0.87501712357464934,0,0.4791495430920174
3858,-0.85340372382667862,0,0.52083333333333348
3859,-0.85233525110596275,-0.019001917772629523,0.52083333333333348
3860,0.88157240868580089,-0.055927591314199152,0.4649057420191342
3861,0.88387878294750166,0,0.46721211628083509
3862,0.85340372382667873,0,0.52083333333333348
3863,0.84790834889144706,-0.089591651108552897,0.52083333333333348
3864,-0.86589527523373977,0.07160472476626023,0.48827139143292697
3865,-0.8618996477777362,0.10416666666666674,0.49226701888893054
3866,-0.84708459169634265,0.10416666666666674,0.52083333333333348
3867,-0.84790834889144717,0.089591651108552856,0.52083333333333348
3868,0.88212929954089303,0.048795966207559653,0.4654626328742264
3869,0.87983352668138282,0.10416666666666674,0.46316686001471619
3870,0.84708459169634265,0.10416666666666674,0.52083333333333348
3871,0.85233525110596287,0.019001917772629461,0.52083333333333348
3872,-0.83333333333333326,0.2012690143801717,0.51376901438017164
3873,-0.83333333333333326,0.20833333333333348,0.51133080408272091
3874,-0.83333333333333326,0.17933818842084207,0.52083333333333348
3875,-0.827732876547287,0.20833333333333348,0.52083333333333348
3876,0.83034115295846456,0.20534115295846453,0.51784115295846456
3877,0.83333333333333348,0.20126901438017133,0.51376901438017131
3878,0.83333333333333348,0.20833333333333348,0.51133080408272047
3879,0.8299325384228895,0.20833333333333348,0.5174325384228895
3880,0.827732876547287,0.20833333333333348,0.52083333333333348
3881,0.82870961010641275,0.20370961010641275,0.52083333333333348
3882,0.83333333333333348,0.17933818842084065,0.52083333333333348
3883,0.87533352402665554,0.14616685735998891,0.45866685735998891
3884,0.86757285273198459,0.20833333333333348,0.4509061860653179
3885,0.84510678295063468,0.11594011628396801,0.52083333333333348
3886,-0.83333333333333326,0.27001662914370594,0.47834996247703931
3887,-0.83333333333333326,0.3125,0.45381622465660953
3888,-0.79379599072348173,0.3125,0.52083333333333348
3889,-0.82480593694611382,0.21686072972055287,0.52083333333333348
3890,0.81374769972769545,0.29291436639436202,0.50124769972769545
3891,0.83333333333333348,0.27001662914370578,0.4783499624770392
3892,0.83333333333333348,0.3125,0.4538162246566092
3893,0.80928297973483576,0.3125,0.49678297973483571
3894,0.79379599072348184,0.3125,0.52083333333333348
3895,0.80411501943042585,0.28328168609709237,0.52083333333333348
3896,0.86239477543829923,0.23739477543829923,0.44572810877163255
3897,0.84674107725490966,0.3125,0.43007441058824297
3898,-0.83333333333333326,0.33377217469908682,0.43793884136575356
3899,-0.76705559768655107,0.41666666666666674,0.48294440231344904
3900,-0.74467509368016349,0.41666666666666674,0.52083333333333348
3901,-0.75773298111106935,0.38810035222226397,0.52083333333333348
3902,0.79235701086245069,0.37569034419578395,0.47985701086245069
3903,0.83333333333333348,0.3337721746990866,0.43793884136575334
3904,0.77928893428635315,0.41666666666666674,0.46678893428635315
3905,0.74467509368016349,0.41666666666666674,0.52083333333333348
3906,0.77403752543068516,0.35737085876401842,0.52083333333333348
3907,0.84406552146415081,0.32323218813081728,0.42739885479748402
3908,-0.72916666666666663,0.48246484156620217,0.48246484156620217
3909,-0.72916666666666663,0.52083333333333348,0.44212493333068509
3910,-0.72916666666666663,0.44212493333068509,0.52083333333333348
3911,-0.67527397855461579,0.52083333333333348,0.52083333333333348
3912,0.70777438167684981,0.49944104834351655,0.49944104834351655
3913,0.72916666666666674,0.48246484156620195,0.48246484156620195
3914,0.72916666666666674,0.52083333333333348,0.44212493333068481
3915,0.69814705878820249,0.52083333333333348,0.48981372545486923
3916,0.67527397855461568,0.52083333333333348,0.52083333333333348
3917,0.69814705878820249,0.48981372545486923,0.52083333333333348
3918,0.72916666666666674,0.44212493333068481,0.52083333333333348
3919,0.76643386032581684,0.4539338603258169,0.4539338603258169
3920,0.73907070197719227,0.52083333333333348,0.42657070197719227
3921,0.73907070197719227,0.42657070197719227,0.52083333333333348
3922,-0.72916666666666663,0.53260678295063479,0.42844011628396811
3923,-0.69660472476626034,0.55339527523373966,0.44922860856707303
3924,-0.625,0.60086102369248495,0.49669435702581838
3925,-0.625,0.625,0.46544608548893163
3926,-0.625,0.57993581992194931,0.52083333333333348
3927,-0.57993581992194931,0.625,0.52083333333333348
3928,0.60997078144542261,0.60997078144542261,0.50580411477875609
3929,0.625,0.60086102369248495,0.49669435702581838
3930,0.625,0.625,0.46544608548893163
3931,0.60086102369248495,0.625,0.49669435702581838
3932,0.57993581992194931,0.625,0.52083333333333348
3933,0.60319063974615916,0.60319063974615916,0.52083333333333348
3934,0.625,0.57993581992194931,0.52083333333333348
3935,0.67516636560779864,0.57099969894113201,0.46683303227446538
3936,0.72916666666666674,0.53260678295063468,0.428440116283968
3937,0.64561856535489415,0.625,0.43728523202156094
3938,0.65299416516836217,0.54882749850169565,0.52083333333333348
3939,0.73612750700850327,0.52779417367517001,0.42362750700850327
3940,-0.625,0.64561856535489415,0.43728523202156094
3941,-0.58487991066078515,0.66512008933921485,0.45678675600588159
3942,-0.52083333333333326,0.6981470587882026,0.4898137254548694
3943,-0.52083333333333326,0.72916666666666674,0.44212493333068509
3944,-0.52083333333333326,0.67527397855461591,0.52083333333333348
3945,-0.44212493333068498,0.72916666666666674,0.52083333333333348
3946,0.49944104834351655,0.70777438167684981,0.49944104834351655
3947,0.52083333333333348,0.69814705878820249,0.48981372545486923
3948,0.52083333333333348,0.72916666666666674,0.44212493333068481
3949,0.48246484156620195,0.72916666666666674,0.48246484156620195
3950,0.44212493333068481,0.72916666666666674,0.52083333333333348
3951,0.48981372545486923,0.69814705878820249,0.52083333333333348
3952,0.52083333333333348,0.67527397855461568,0.52083333333333348
3953,0.57099969894113201,0.67516636560779864,0.46683303227446538
3954,0.625,0.64561856535489415,0.43728523202156094
3955,0.53260678295063468,0.72916666666666674,0.428440116283968
3956,0.54882749850169565,0.65299416516836217,0.52083333333333348
3957,0.63835321018160907,0.63835321018160907,0.43001987684827575
3958,-0.52083333333333326,0.73907070197719238,0.42657070197719238
3959,-0.5053249063198364,0.7446750936801636,0.4321750936801636
3960,-0.41666666666666663,0.77928893428635315,0.46678893428635315
3961,-0.41666666666666663,0.7446750936801636,0.52083333333333348
3962,-0.34718322939971208,0.79865010393362135,0.48615010393362135
3963,-0.3125,0.80928297973483576,0.49678297973483571
3964,-0.3125,0.83333333333333348,0.4538162246566092
3965,-0.38810035222226391,0.75773298111106946,0.52083333333333348
3966,-0.3125,0.79379599072348184,0.52083333333333348
3967,-0.21269983957611296,0.8289668270905538,0.5164668270905538
3968,-0.20833333333333326,0.8299325384228895,0.5174325384228895
3969,-0.20833333333333326,0.83333333333333348,0.51133080408272047
3970,-0.23001961328320644,0.83333333333333348,0.49914705338346033
3971,-0.21686072972055306,0.8248059369461137,0.52083333333333348
3972,-0.20833333333333326,0.827732876547287,0.52083333333333348
3973,-0.17933818842084043,0.83333333333333348,0.52083333333333348
3974,0.20534115295846453,0.83034115295846456,0.51784115295846456
3975,0.20833333333333348,0.8299325384228895,0.5174325384228895
3976,0.20833333333333348,0.83333333333333348,0.51133080408272047
3977,0.20126901438017136,0.83333333333333348,0.51376901438017131
3978,0.17933818842084065,0.83333333333333348,0.52083333333333348
3979,0.20370961010641275,0.82870961010641275,0.52083333333333348
3980,0.20833333333333348,0.827732876547287,0.52083333333333348
3981,0.29291436639436202,0.81374769972769545,0.50124769972769545
3982,0.3125,0.80928297973483576,0.49678297973483571
3983,0.3125,0.83333333333333348,0.4538162246566092
3984,0.27001662914370583,0.83333333333333348,0.47834996247703926
3985,0.28328168609709237,0.80411501943042585,0.52083333333333348
3986,0.3125,0.79379599072348184,0.52083333333333348
3987,0.37569034419578395,0.79235701086245069,0.47985701086245069
3988,0.41666666666666674,0.77928893428635315,0.46678893428635315
3989,0.3337721746990866,0.83333333333333348,0.43793884136575334
3990,0.35737085876401842,0.77403752543068516,0.52083333333333348
3991,0.41666666666666674,0.74467509368016349,0.52083333333333348
3992,0.4539338603258169,0.76643386032581684,0.4539338603258169
3993,0.52083333333333348,0.73907070197719227,0.42657070197719227
3994,0.42657070197719227,0.73907070197719227,0.52083333333333348
3995,0.52779417367517001,0.73612750700850327,0.42362750700850327
3996,-0.3125,0.84674107725490966,0.43007441058824297
3997,-0.29609405037517045,0.84973928295816292,0.43307261629149629
3998,-0.20833333333333326,0.86757285273198459,0.45090618606531796
3999,-0.16991140243663025,0.87175526423003635,0.45508859756336972
4000,-0.10416666666666652,0.87983352668138282,0.46316686001471619
4001,-0.10416666666666652,0.84708459169634265,0.52083333333333348
4002,-0.055927591314199152,0.88157240868580089,0.4649057420191342
4003,0,0.88387878294750166,0.46721211628083509
4004,-0.089591651108552897,0.84790834889144706,0.52083333333333348
4005,0,0.85340372382667873,0.52083333333333348
4006,0.048795966207559653,0.88212929954089303,0.4654626328742264
4007,0.10416666666666674,0.87983352668138282,0.46316686001471619
4008,0.019001917772629461,0.85233525110596287,0.52083333333333348
4009,0.10416666666666674,0.84708459169634265,0.52083333333333348
4010,0.14616685735998897,0.87533352402665565,0.45866685735998897
4011,0.20833333333333348,0.86757285273198459,0.45090618606531796
4012,0.11594011628396801,0.84510678295063468,0.52083333333333348
4013,0.23739477543829929,0.86239477543829923,0.4457281087716326
4014,0.3125,0.84674107725490966,0.43007441058824297
4015,0.32323218813081728,0.84406552146415081,0.42739885479748402
4016,-0.10416666666666652,-0.83333333333333326,0.54176999131804615
4017,0,-0.83333333333333326,0.55138643510584628
4018,-0.081195137418771199,-0.83333333333333326,0.54380486258122884
4019,0.10416666666666674,-0.83333333333333326,0.54176999131804615
4020,0.028078887511578339,-0.83333333333333326,0.54891222084491176
4021,0.12074165397506115,-0.83333333333333326,0.53740832064172783
4022,-0.41666666666666663,-0.72916666666666663,0.54176999131804615
4023,-0.3125,-0.72916666666666663,0.60801784956708782
4024,-0.36013563607532528,-0.72916666666666663,0.57736436392467483
4025,-0.24548289132327605,-0.76631622465660931,0.58785044201005732
4026,-0.20833333333333326,-0.81164705338346121,0.54251961328320553
4027,-0.27449648983133218,-0.72916666666666663,0.625
4028,-0.22551826424653543,-0.7463515975798688,0.625
4029,-0.20833333333333326,-0.75180059557138423,0.625
4030,-0.19604533930127416,-0.82104533930127421,0.53312132736539253
4031,-0.14094438007780735,-0.76594438007780741,0.625
4032,-0.10416666666666652,-0.77296410473653643,0.625
4033,-0.047728891104064149,-0.77689555777073083,0.625
4034,0,-0.77994570984085321,0.625
4035,0.057361959808022833,-0.77597137352531054,0.625
4036,0.10416666666666674,-0.77296410473653643,0.625
4037,0.20833333333333348,-0.81164705338346121,0.54251961328320553
4038,0.18025444582175501,-0.75724555417824502,0.625
4039,0.20833333333333348,-0.75180059557138423,0.625
4040,0.3125,-0.72916666666666663,0.60801784956708782
4041,0.3009977803692076,-0.72916666666666663,0.61349778036920766
4042,0.27449648983133224,-0.72916666666666663,0.625
4043,0.41666666666666674,-0.72916666666666663,0.54176999131804593
4044,0.3667838194309167,-0.72916666666666663,0.57511715276425002
4045,0.42844011628396811,-0.72916666666666663,0.53260678295063479
4046,-0.52083333333333326,-0.625,0.57993581992194942
4047,-0.45678675600588142,-0.66512008933921485,0.58487991066078526
4048,-0.46544608548893146,-0.625,0.625
4049,-0.43728523202156078,-0.64561856535489415,0.625
4050,-0.41666666666666663,-0.65912338586721952,0.625
4051,-0.37203086131600283,-0.68453086131600283,0.625
4052,-0.3125,-0.71488153709054181,0.625
4053,-0.30233869526569856,-0.71900536193236519,0.625
4054,0.3125,-0.71488153709054181,0.625
4055,0.34408159993425691,-0.69758506673240972,0.625
4056,0.41666666666666674,-0.65912338586721952,0.625
4057,0.44922860856707303,-0.69660472476626034,0.55339527523373966
4058,0.52083333333333348,-0.625,0.57993581992194931
4059,0.49669435702581838,-0.625,0.60086102369248495
4060,0.46544608548893163,-0.625,0.625
4061,0.55122440173992437,-0.625,0.55122440173992437
4062,-0.625,-0.52083333333333326,0.57993581992194942
4063,-0.57993581992194942,-0.57993581992194942,0.56589751341138406
4064,-0.57993581992194942,-0.52083333333333326,0.625
4065,-0.55122440173992437,-0.55122440173992437,0.625
4066,-0.52083333333333326,-0.57993581992194942,0.625
4067,-0.49669435702581821,-0.60086102369248495,0.625
4068,0.52083333333333348,-0.57993581992194931,0.625
4069,0.57993581992194931,-0.56589751341138406,0.57993581992194931
4070,0.625,-0.52083333333333326,0.57993581992194942
4071,0.60319063974615916,-0.52083333333333326,0.60319063974615916
4072,0.57993581992194942,-0.52083333333333326,0.625
4073,0.65299416516836228,-0.52083333333333326,0.54882749850169577
4074,-0.72916666666666663,-0.41666666666666663,0.54176999131804593
4075,-0.66512008933921485,-0.45678675600588142,0.58487991066078526
4076,-0.65912338586721952,-0.41666666666666663,0.625
4077,-0.64561856535489415,-0.43728523202156078,0.625
4078,-0.625,-0.46544608548893146,0.625
4079,-0.60086102369248495,-0.49669435702581821,0.625
4080,0.625,-0.46544608548893146,0.625
4081,0.6687974380698698,-0.47703589526346352,0.56463077140320317
4082,0.72916666666666674,-0.41666666666666663,0.54176999131804593
4083,0.69240956340568072,-0.41666666666666663,0.58824289673901409
4084,0.65912338586721952,-0.41666666666666663,0.625
4085,0.73835113266936458,-0.41666666666666663,0.53001779933603133
4086,-0.72916666666666663,-0.3601356360753255,0.5773643639246745
4087,-0.72916666666666663,-0.3125,0.60801784956708782
4088,-0.71488153709054181,-0.3125,0.625
4089,-0.68453086131600283,-0.37203086131600283,0.625
4090,0.718374235053585,-0.32329243161308174,0.61420756838691826
4091,0.72916666666666674,-0.36013563607532606,0.57736436392467394
4092,0.72916666666666674,-0.3125,0.60801784956708749
4093,0.72169104447470389,-0.3125,0.61752437780803726
4094,0.71488153709054159,-0.3125,0.625
4095,0.69758506673240928,-0.34408159993425735,0.625
4096,0.7415301260037036,-0.40430320732962977,0.53319679267037035
4097,0.76751356510412294,-0.3125,0.55918023177078968
4098,-0.76631622465660931,-0.24548289132327605,0.58785044201005732
4099,-0.81164705338346121,-0.20833333333333326,0.54251961328320553
4100,-0.75180059557138423,-0.20833333333333326,0.625
4101,-0.7463515975798688,-0.22551826424653543,0.625
4102,-0.72916666666666663,-0.27449648983133218,0.625
4103,-0.71900536193236519,-0.30233869526569856,0.625
4104,0.72916666666666674,-0.27449648983133146,0.625
4105,0.7760554554864646,-0.26561121118020209,0.56772212215313123
4106,0.78773812894289741,-0.20833333333333326,0.57940479560956404
4107,0.75180059557138423,-0.20833333333333326,0.625
4108,-0.83333333333333326,-0.10416666666666652,0.54176999131804615
4109,-0.82104533930127421,-0.19604533930127416,0.53312132736539253
4110,-0.77296410473653643,-0.10416666666666652,0.625
4111,-0.76594438007780741,-0.14094438007780735,0.625
4112,0.79486237344850608,-0.14263762655149392,0.58652904011517271
4113,0.83333333333333348,-0.10416666666666652,0.54176999131804571
4114,0.79961045191674929,-0.10416666666666652,0.59127711858341581
4115,0.77296410473653643,-0.10416666666666652,0.625
4116,0.75724555417824502,-0.18025444582175501,0.625
4117,0.84190068863268375,-0.10416666666666652,0.52940068863268375
4118,-0.83333333333333326,-0.081195137418771199,0.54380486258122884
4119,-0.83333333333333326,0,0.55138643510584628
4120,-0.77994570984085321,0,0.625
4121,-0.77689555777073083,-0.047728891104064149,0.625
4122,0.80223290993692609,-0.031100423396407353,0.5938995766035926
4123,0.83333333333333348,-0.081195137418771629,0.5438048625812284
4124,0.83333333333333348,0,0.55138643510584606
4125,0.80352191463614964,0,0.59518858130281627
4126,0.7799457098408531,0,0.625
4127,0.77597137352531043,-0.057361959808022937,0.625
4128,0.84219785913306244,-0.095302140866937501,0.52969785913306244
4129,0.84584072727282966,0,0.53334072727282966
4130,-0.83333333333333326,0.028078887511578339,0.54891222084491176
4131,-0.83333333333333326,0.10416666666666674,0.54176999131804615
4132,-0.77296410473653643,0.10416666666666674,0.625
4133,-0.77597137352531054,0.057361959808022833,0.625
4134,0.80095999050989897,0.071793323843232268,0.5926266571765656
4135,0.83333333333333348,0.028078887511578107,0.54891222084491154
4136,0.83333333333333348,0.10416666666666674,0.54176999131804571
4137,0.79961045191674929,0.10416666666666674,0.59127711858341581
4138,0.77296410473653643,0.10416666666666674,0.625
4139,0.77689555777073083,0.047728891104064051,0.625
4140,0.845436944639404,0.01210361130607056,0.532936944639404
4141,0.84190068863268375,0.10416666666666674,0.52940068863268375
4142,-0.83333333333333326,0.12074165397506109,0.53740832064172783
4143,-0.81164705338346099,0.20833333333333348,0.54251961328320564
4144,-0.75180059557138401,0.20833333333333348,0.625
4145,-0.75724555417824491,0.18025444582175515,0.625
4146,0.79282329296339482,0.16782329296339482,0.58448995963006145
4147,0.83333333333333348,0.12074165397506083,0.5374083206417275
4148,0.78773812894289741,0.20833333333333348,0.57940479560956404
4149,0.75180059557138423,0.20833333333333348,0.625
4150,0.76594438007780741,0.14094438007780741,0.625
4151,0.84112376958095703,0.11195710291429031,0.52862376958095703
4152,-0.72916666666666663,0.3009977803692076,0.61349778036920766
4153,-0.72916666666666663,0.3125,0.60801784956708782
4154,-0.72916666666666663,0.27449648983133212,0.625
4155,-0.71488153709054181,0.3125,0.625
4156,0.72308419059844964,0.30641752393178295,0.6189175239317829
4157,0.72916666666666674,0.30099778036920738,0.61349778036920743
4158,0.72916666666666674,0.3125,0.60801784956708749
4159,0.72169104447470389,0.3125,0.61752437780803726
4160,0.71488153709054159,0.3125,0.625
4161,0.71900536193236508,0.3023386952656984,0.625
4162,0.72916666666666674,0.27449648983133157,0.625
4163,0.77891651997454481,0.25808318664121138,0.57058318664121144
4164,0.76751356510412294,0.3125,0.55918023177078968
4165,0.7463515975798688,0.22551826424653548,0.625
4166,-0.72916666666666663,0.3667838194309167,0.57511715276425002
4167,-0.72916666666666663,0.41666666666666674,0.54176999131804593
4168,-0.65912338586721952,0.41666666666666674,0.625
4169,-0.69758506673240972,0.34408159993425691,0.625
4170,0.70132686986465109,0.38882686986465109,0.59716020319798446
4171,0.72916666666666674,0.36678381943091654,0.57511715276424991
4172,0.72916666666666674,0.41666666666666674,0.54176999131804571
4173,0.69240956340568061,0.41666666666666674,0.58824289673901398
4174,0.65912338586721941,0.41666666666666674,0.625
4175,0.68453086131600271,0.37203086131600277,0.625
4176,0.75988937525403766,0.34322270858737092,0.55155604192070429
4177,0.73835113266936447,0.41666666666666674,0.53001779933603121
4178,-0.72916666666666663,0.42844011628396811,0.53260678295063479
4179,-0.69660472476626034,0.44922860856707303,0.55339527523373966
4180,-0.625,0.49669435702581838,0.60086102369248495
4181,-0.625,0.52083333333333348,0.57993581992194931
4182,-0.625,0.46544608548893163,0.625
4183,-0.57993581992194931,0.52083333333333348,0.625
4184,0.60997078144542261,0.50580411477875609,0.60997078144542261
4185,0.625,0.49669435702581838,0.60086102369248495
4186,0.625,0.52083333333333348,0.57993581992194931
4187,0.60319063974615916,0.52083333333333348,0.60319063974615916
4188,0.57993581992194931,0.52083333333333348,0.625
4189,0.60086102369248495,0.49669435702581838,0.625
4190,0.625,0.46544608548893163,0.625
4191,0.67516636560779864,0.46683303227446532,0.57099969894113201
4192,0.72916666666666674,0.428440116283968,0.53260678295063468
4193,0.65299416516836217,0.52083333333333348,0.54882749850169565
4194,0.64561856535489415,0.43728523202156089,0.625
4195,0.73612750700850327,0.42362750700850327,0.52779417367517001
4196,-0.625,0.55122440173992437,0.55122440173992437
4197,-0.56589751341138406,0.57993581992194931,0.57993581992194931
4198,-0.52083333333333326,0.60319063974615916,0.60319063974615916
4199,-0.52083333333333326,0.625,0.57993581992194942
4200,-0.52083333333333326,0.57993581992194942,0.625
4201,-0.46544608548893146,0.625,0.625
4202,0.50580411477875609,0.60997078144542261,0.60997078144542261
4203,0.52083333333333348,0.60319063974615916,0.60319063974615916
4204,0.52083333333333348,0.625,0.57993581992194931
4205,0.49669435702581838,0.625,0.60086102369248495
4206,0.46544608548893163,0.625,0.625
4207,0.49669435702581838,0.60086102369248495,0.625
4208,0.52083333333333348,0.57993581992194931,0.625
4209,0.57735026918962573,0.57735026918962573,0.57735026918962573
4210,0.625,0.55122440173992437,0.55122440173992437
4211,0.55122440173992437,0.625,0.55122440173992437
4212,0.55122440173992437,0.55122440173992437,0.625
4213,0.64469325626876783,0.5405265896021012,0.5405265896021012
4214,-0.52083333333333326,0.65299416516836228,0.54882749850169577
4215,-0.47703589526346352,0.6687974380698698,0.56463077140320317
4216,-0.41666666666666663,0.69240956340568072,0.58824289673901409
4217,-0.41666666666666663,0.72916666666666674,0.54176999131804593
4218,-0.41666666666666663,0.65912338586721952,0.625
4219,-0.32329243161308174,0.718374235053585,0.61420756838691826
4220,-0.3125,0.72169104447470389,0.61752437780803726
4221,-0.3125,0.72916666666666674,0.60801784956708749
4222,-0.36013563607532606,0.72916666666666674,0.57736436392467394
4223,-0.34408159993425735,0.69758506673240928,0.625
4224,-0.3125,0.71488153709054159,0.625
4225,-0.27449648983133146,0.72916666666666674,0.625
4226,0.30641752393178295,0.72308419059844964,0.6189175239317829
4227,0.3125,0.72169104447470389,0.61752437780803726
4228,0.3125,0.72916666666666674,0.60801784956708749
4229,0.30099778036920738,0.72916666666666674,0.61349778036920743
4230,0.27449648983133157,0.72916666666666674,0.625
4231,0.3023386952656984,0.71900536193236508,0.625
4232,0.3125,0.71488153709054159,0.625
4233,0.38882686986465109,0.70132686986465109,0.59716020319798446
4234,0.41666666666666674,0.69240956340568061,0.58824289673901398
4235,0.41666666666666674,0.72916666666666674,0.54176999131804571
4236,0.36678381943091654,0.72916666666666674,0.57511715276424991
4237,0.37203086131600277,0.68453086131600271,0.625
4238,0.41666666666666674,0.65912338586721941,0.625
4239,0.46683303227446532,0.67516636560779864,0.57099969894113201
4240,0.52083333333333348,0.65299416516836217,0.54882749850169565
4241,0.428440116283968,0.72916666666666674,0.53260678295063468
4242,0.43728523202156089,0.64561856535489415,0.625
4243,0.5405265896021012,0.64469325626876783,0.5405265896021012
4244,-0.41666666666666663,0.73835113266936458,0.53001779933603133
4245,-0.40430320732962977,0.7415301260037036,0.53319679267037035
4246,-0.3125,0.76751356510412294,0.55918023177078968
4247,-0.26561121118020209,0.7760554554864646,0.56772212215313123
4248,-0.20833333333333326,0.78773812894289741,0.57940479560956404
4249,-0.20833333333333326,0.75180059557138423,0.625
4250,-0.14263762655149395,0.79486237344850608,0.5865290401151726
4251,-0.10416666666666652,0.79961045191674929,0.59127711858341581
4252,-0.10416666666666652,0.83333333333333348,0.54176999131804571
4253,-0.18025444582175501,0.75724555417824502,0.625
4254,-0.10416666666666652,0.77296410473653643,0.625
4255,-0.031100423396407353,0.80223290993692609,0.5938995766035926
4256,0,0.80352191463614964,0.59518858130281627
4257,0,0.83333333333333348,0.55138643510584606
4258,-0.081195137418771629,0.83333333333333348,0.5438048625812284
4259,-0.057361959808022937,0.77597137352531043,0.625
4260,0,0.7799457098408531,0.625
4261,0.071793323843232268,0.80095999050989897,0.5926266571765656
4262,0.10416666666666674,0.79961045191674929,0.59127711858341581
4263,0.10416666666666674,0.83333333333333348,0.54176999131804571
4264,0.028078887511578107,0.83333333333333348,0.54891222084491154
4265,0.047728891104064051,0.77689555777073083,0.625
4266,0.10416666666666674,0.77296410473653643,0.625
4267,0.16782329296339482,0.79282329296339482,0.58448995963006145
4268,0.20833333333333348,0.78773812894289741,0.57940479560956404
4269,0.12074165397506083,0.83333333333333348,0.5374083206417275
4270,0.14094438007780741,0.76594438007780741,0.625
4271,0.20833333333333348,0.75180059557138423,0.625
4272,0.25808318664121138,0.77891651997454481,0.57058318664121144
4273,0.3125,0.76751356510412294,0.55918023177078968
4274,0.22551826424653548,0.7463515975798688,0.625
4275,0.34322270858737092,0.75988937525403766,0.55155604192070429
4276,0.41666666666666674,0.73835113266936447,0.53001779933603121
4277,0.42362750700850327,0.73612750700850327,0.52779417367517001
4278,-0.10416666666666652,0.84190068863268375,0.52940068863268375
4279,-0.095302140866937501,0.84219785913306244,0.52969785913306244
4280,0,0.84584072727282966,0.53334072727282966
4281,0.01210361130607056,0.845436944639404,0.532936944639404
4282,0.10416666666666674,0.84190068863268375,0.52940068863268375
4283,0.11195710291429031,0.84112376958095703,0.52862376958095703
4284,-0.20833333333333326,-0.72916666666666663,0.65098499394550502
4285,-0.10416666666666652,-0.72916666666666663,0.67527397855461602
4286,-0.17481160680201219,-0.72916666666666663,0.65852172653132102
4287,0,-0.72916666666666663,0.68328481176800182
4288,-0.049845923541642849,-0.72916666666666663,0.67932074312502377
4289,0.10416666666666674,-0.72916666666666663,0.67527397855461602
4290,0.054264223539607893,-0.72916666666666663,0.67926422353960791
4291,0.20833333333333348,-0.72916666666666663,0.65098499394550502
4292,0.14533222118027322,-0.72916666666666663,0.66616555451360648
4293,0.22733525110596309,-0.72916666666666663,0.64400191777262972
4294,-0.41666666666666663,-0.625,0.65912338586721952
4295,-0.3125,-0.625,0.71488153709054159
4296,-0.34408159993425735,-0.625,0.69758506673240928
4297,-0.27449648983133201,-0.69116315649799864,0.66300351016866799
4298,-0.27449648983133146,-0.625,0.72916666666666674
4299,-0.22733525110596281,-0.6440019177726295,0.72916666666666674
4300,-0.20833333333333326,-0.6509849939455048,0.72916666666666674
4301,-0.14533222118027292,-0.66616555451360637,0.72916666666666674
4302,-0.10416666666666652,-0.67527397855461591,0.72916666666666674
4303,-0.054264223539607713,-0.6792642235396078,0.72916666666666674
4304,0,-0.68328481176800171,0.72916666666666674
4305,0.049845923541643043,-0.67932074312502366,0.72916666666666674
4306,0.10416666666666674,-0.67527397855461591,0.72916666666666674
4307,0.17481160680201255,-0.65852172653132091,0.72916666666666674
4308,0.20833333333333348,-0.6509849939455048,0.72916666666666674
4309,0.27449648983133168,-0.66300351016866832,0.69116315649799831
4310,0.3125,-0.625,0.71488153709054159
4311,0.3023386952656984,-0.625,0.71900536193236508
4312,0.27449648983133157,-0.625,0.72916666666666674
4313,0.41666666666666674,-0.625,0.65912338586721941
4314,0.37203086131600277,-0.625,0.68453086131600271
4315,0.43728523202156094,-0.625,0.64561856535489415
4316,-0.52083333333333326,-0.52083333333333326,0.67527397855461602
4317,-0.44922860856707314,-0.55339527523373977,0.69660472476626023
4318,-0.44212493333068514,-0.52083333333333326,0.72916666666666674
4319,-0.42844011628396805,-0.53260678295063468,0.72916666666666674
4320,-0.41666666666666663,-0.54176999131804593,0.72916666666666674
4321,-0.36678381943091665,-0.57511715276425002,0.72916666666666674
4322,-0.3125,-0.60801784956708749,0.72916666666666674
4323,-0.30099778036920738,-0.61349778036920732,0.72916666666666674
4324,0.3125,-0.60801784956708749,0.72916666666666674
4325,0.36013563607532612,-0.57736436392467383,0.72916666666666674
4326,0.41666666666666674,-0.54176999131804571,0.72916666666666674
4327,0.45678675600588159,-0.58487991066078515,0.66512008933921485
4328,0.52083333333333348,-0.52083333333333326,0.67527397855461591
4329,0.4898137254548694,-0.52083333333333326,0.6981470587882026
4330,0.44212493333068509,-0.52083333333333326,0.72916666666666674
4331,0.54882749850169577,-0.52083333333333326,0.65299416516836228
4332,-0.625,-0.41666666666666663,0.65912338586721952
4333,-0.55339527523373977,-0.44922860856707314,0.69660472476626023
4334,-0.54176999131804593,-0.41666666666666663,0.72916666666666674
4335,-0.53260678295063468,-0.42844011628396805,0.72916666666666674
4336,-0.52083333333333326,-0.44212493333068514,0.72916666666666674
4337,-0.48246484156620195,-0.48246484156620195,0.72916666666666674
4338,0.52083333333333348,-0.44212493333068498,0.72916666666666674
4339,0.56463077140320317,-0.47703589526346352,0.6687974380698698
4340,0.625,-0.41666666666666663,0.65912338586721952
4341,0.58824289673901409,-0.41666666666666663,0.69240956340568072
4342,0.54176999131804593,-0.41666666666666663,0.72916666666666674
4343,0.64261242629695159,-0.41666666666666663,0.64261242629695159
4344,-0.625,-0.34408159993425735,0.69758506673240928
4345,-0.625,-0.3125,0.71488153709054159
4346,-0.60801784956708749,-0.3125,0.72916666666666674
4347,-0.57511715276425002,-0.36678381943091665,0.72916666666666674
4348,0.61420756838691826,-0.32329243161308174,0.718374235053585
4349,0.625,-0.34408159993425735,0.69758506673240928
4350,0.625,-0.3125,0.71488153709054159
4351,0.61752437780803726,-0.3125,0.72169104447470389
4352,0.60801784956708749,-0.3125,0.72916666666666674
4353,0.57736436392467394,-0.36013563607532606,0.72916666666666674
4354,0.64870109088659422,-0.39296557578007246,0.64870109088659422
4355,0.67150019334804956,-0.3125,0.67150019334804956
4356,-0.72916666666666663,-0.20833333333333326,0.65098499394550502
4357,-0.69116315649799864,-0.27449648983133201,0.66300351016866799
4358,-0.6509849939455048,-0.20833333333333326,0.72916666666666674
4359,-0.6440019177726295,-0.22733525110596281,0.72916666666666674
4360,-0.625,-0.27449648983133146,0.72916666666666674
4361,-0.61349778036920732,-0.30099778036920738,0.72916666666666674
4362,0.625,-0.27449648983133146,0.72916666666666674
4363,0.68184376469750618,-0.25565623530249387,0.68184376469750618
4364,0.72916666666666674,-0.20833333333333326,0.6509849939455048
4365,0.69150907176296605,-0.20833333333333326,0.69150907176296605
4366,0.6509849939455048,-0.20833333333333326,0.72916666666666674
4367,0.74167406060616292,-0.20833333333333326,0.63750739393949618
4368,-0.72916666666666663,-0.17481160680201219,0.65852172653132102
4369,-0.72916666666666663,-0.10416666666666652,0.67527397855461602
4370,-0.67527397855461591,-0.10416666666666652,0.72916666666666674
4371,-0.66616555451360637,-0.14533222118027292,0.72916666666666674
4372,0.69958632205349047,-0.13374701127984284,0.69958632205349047
4373,0.72916666666666674,-0.17481160680201233,0.65852172653132091
4374,0.72916666666666674,-0.10416666666666652,0.67527397855461591
4375,0.70324305298659973,-0.10416666666666652,0.70324305298659973
4376,0.67527397855461591,-0.10416666666666652,0.72916666666666674
4377,0.65852172653132091,-0.17481160680201233,0.72916666666666674
4378,0.74307839713370294,-0.19442160286629709,0.6389117304670362
4379,0.75339113995672191,-0.10416666666666652,0.64922447329005517
4380,-0.72916666666666663,-0.049845923541642849,0.67932074312502377
4381,-0.72916666666666663,0,0.68328481176800182
4382,-0.68328481176800171,0,0.72916666666666674
4383,-0.6792642235396078,-0.054264223539607713,0.72916666666666674
4384,0.70615110638065959,-0.023015560286007153,0.70615110638065959
4385,0.72916666666666674,-0.049845923541642932,0.67932074312502366
4386,0.72916666666666674,0,0.68328481176800182
4387,0.70710678118654757,0,0.70710678118654757
4388,0.68328481176800182,0,0.72916666666666674
4389,0.67932074312502366,-0.049845923541642932,0.72916666666666674
4390,0.75422924591133933,-0.079104087421994027,0.65006257924467259
4391,0.75726162456938773,0,0.65309495790272099
4392,-0.72916666666666663,0.054264223539607893,0.67926422353960791
4393,-0.72916666666666663,0.10416666666666674,0.67527397855461602
4394,-0.67527397855461591,0.10416666666666674,0.72916666666666674
4395,-0.67932074312502366,0.049845923541643043,0.72916666666666674
4396,0.7042824516902163,0.079282451690216277,0.7042824516902163
4397,0.72916666666666674,0.054264223539607824,0.6792642235396078
4398,0.72916666666666674,0.10416666666666674,0.67527397855461591
4399,0.70324305298659973,0.10416666666666674,0.70324305298659973
4400,0.67527397855461591,0.10416666666666674,0.72916666666666674
4401,0.6792642235396078,0.054264223539607824,0.72916666666666674
4402,0.75635696979495193,0.027190303128285159,0.65219030312828519
4403,0.75339113995672191,0.10416666666666674,0.64922447329005517
4404,-0.72916666666666663,0.14533222118027311,0.66616555451360637
4405,-0.72916666666666663,0.20833333333333348,0.6509849939455048
4406,-0.6509849939455048,0.20833333333333348,0.72916666666666674
4407,-0.65852172653132091,0.17481160680201255,0.72916666666666674
4408,0.69571650626474768,0.17488317293141439,0.69571650626474768
4409,0.72916666666666674,0.14533222118027303,0.66616555451360626
4410,0.72916666666666674,0.20833333333333348,0.6509849939455048
4411,0.69150907176296605,0.20833333333333348,0.69150907176296605
4412,0.6509849939455048,0.20833333333333348,0.72916666666666674
4413,0.66616555451360626,0.14533222118027303,0.72916666666666674
4414,0.75119991030349031,0.12619991030349037,0.64703324363682357
4415,0.74167406060616292,0.20833333333333348,0.63750739393949618
4416,-0.72916666666666663,0.227335251105963,0.64400191777262961
4417,-0.66300351016866843,0.27449648983133157,0.6911631564979982
4418,-0.625,0.3023386952656984,0.71900536193236508
4419,-0.625,0.3125,0.71488153709054159
4420,-0.625,0.27449648983133157,0.72916666666666674
4421,-0.60801784956708749,0.3125,0.72916666666666674
4422,0.6189175239317829,0.30641752393178295,0.72308419059844964
4423,0.625,0.3023386952656984,0.71900536193236508
4424,0.625,0.3125,0.71488153709054159
4425,0.61752437780803726,0.3125,0.72169104447470389
4426,0.60801784956708749,0.3125,0.72916666666666674
4427,0.61349778036920743,0.30099778036920738,0.72916666666666674
4428,0.625,0.27449648983133157,0.72916666666666674
4429,0.68150681898517318,0.26484015231850649,0.68150681898517318
4430,0.72916666666666674,0.227335251105963,0.64400191777262961
4431,0.67150019334804956,0.3125,0.67150019334804956
4432,0.64400191777262961,0.227335251105963,0.72916666666666674
4433,0.73989885479748407,0.21906552146415081,0.63573218813081733
4434,-0.625,0.37203086131600277,0.68453086131600271
4435,-0.625,0.41666666666666674,0.65912338586721941
4436,-0.54176999131804571,0.41666666666666674,0.72916666666666674
4437,-0.57736436392467383,0.36013563607532612,0.72916666666666674
4438,0.59716020319798446,0.38882686986465109,0.70132686986465109
4439,0.625,0.37203086131600277,0.68453086131600271
4440,0.625,0.41666666666666674,0.65912338586721941
4441,0.58824289673901398,0.41666666666666674,0.69240956340568061
4442,0.54176999131804571,0.41666666666666674,0.72916666666666674
4443,0.57511715276424991,0.36678381943091654,0.72916666666666674
4444,0.66226719365915021,0.34976719365915021,0.66226719365915021
4445,0.64261242629695159,0.41666666666666674,0.64261242629695159
4446,-0.625,0.43728523202156094,0.64561856535489415
4447,-0.58487991066078515,0.45678675600588159,0.66512008933921485
4448,-0.52083333333333326,0.4898137254548694,0.6981470587882026
4449,-0.52083333333333326,0.52083333333333348,0.67527397855461591
4450,-0.52083333333333326,0.44212493333068509,0.72916666666666674
4451,-0.44212493333068498,0.52083333333333348,0.72916666666666674
4452,0.49944104834351655,0.49944104834351655,0.70777438167684981
4453,0.52083333333333348,0.48981372545486923,0.69814705878820249
4454,0.52083333333333348,0.52083333333333348,0.67527397855461568
4455,0.48981372545486923,0.52083333333333348,0.69814705878820249
4456,0.44212493333068481,0.52083333333333348,0.72916666666666674
4457,0.48246484156620195,0.48246484156620195,0.72916666666666674
4458,0.52083333333333348,0.44212493333068481,0.72916666666666674
4459,0.57099969894113201,0.46683303227446538,0.67516636560779864
4460,0.625,0.43728523202156094,0.64561856535489415
4461,0.54882749850169565,0.52083333333333348,0.65299416516836217
4462,0.53260678295063468,0.428440116283968,0.72916666666666674
4463,0.63835321018160907,0.43001987684827575,0.63835321018160907
4464,-0.52083333333333326,0.54882749850169577,0.65299416516836228
4465,-0.47703589526346352,0.56463077140320317,0.6687974380698698
4466,-0.41666666666666663,0.58824289673901409,0.69240956340568072
4467,-0.41666666666666663,0.625,0.65912338586721952
4468,-0.41666666666666663,0.54176999131804593,0.72916666666666674
4469,-0.32329243161308174,0.61420756838691826,0.718374235053585
4470,-0.3125,0.61752437780803726,0.72169104447470389
4471,-0.3125,0.625,0.71488153709054159
4472,-0.34408159993425735,0.625,0.69758506673240928
4473,-0.36013563607532606,0.57736436392467394,0.72916666666666674
4474,-0.3125,0.60801784956708749,0.72916666666666674
4475,-0.27449648983133146,0.625,0.72916666666666674
4476,0.30641752393178295,0.6189175239317829,0.72308419059844964
4477,0.3125,0.61752437780803726,0.72169104447470389
4478,0.3125,0.625,0.71488153709054159
4479,0.3023386952656984,0.625,0.71900536193236508
4480,0.27449648983133157,0.625,0.72916666666666674
4481,0.30099778036920738,0.61349778036920743,0.72916666666666674
4482,0.3125,0.60801784956708749,0.72916666666666674
4483,0.38882686986465109,0.59716020319798446,0.70132686986465109
4484,0.41666666666666674,0.58824289673901398,0.69240956340568061
4485,0.41666666666666674,0.625,0.65912338586721941
4486,0.37203086131600277,0.625,0.68453086131600271
4487,0.36678381943091654,0.57511715276424991,0.72916666666666674
4488,0.41666666666666674,0.54176999131804571,0.72916666666666674
4489,0.46683303227446538,0.57099969894113201,0.67516636560779864
4490,0.52083333333333348,0.54882749850169565,0.65299416516836217
4491,0.43728523202156094,0.625,0.64561856535489415
4492,0.428440116283968,0.53260678295063468,0.72916666666666674
4493,0.5405265896021012,0.5405265896021012,0.64469325626876783
4494,-0.41666666666666663,0.64261242629695159,0.64261242629695159
4495,-0.39296557578007246,0.64870109088659422,0.64870109088659422
4496,-0.3125,0.67150019334804956,0.67150019334804956
4497,-0.25565623530249387,0.68184376469750618,0.68184376469750618
4498,-0.20833333333333326,0.69150907176296605,0.69150907176296605
4499,-0.20833333333333326,0.72916666666666674,0.6509849939455048
4500,-0.20833333333333326,0.6509849939455048,0.72916666666666674
4501,-0.13374701127984284,0.69958632205349047,0.69958632205349047
4502,-0.10416666666666652,0.70324305298659973,0.70324305298659973
4503,-0.10416666666666652,0.72916666666666674,0.67527397855461591
4504,-0.17481160680201233,0.72916666666666674,0.65852172653132091
4505,-0.17481160680201233,0.65852172653132091,0.72916666666666674
4506,-0.10416666666666652,0.67527397855461591,0.72916666666666674
4507,-0.023015560286007153,0.70615110638065959,0.70615110638065959
4508,0,0.70710678118654757,0.70710678118654757
4509,0,0.72916666666666674,0.68328481176800182
4510,-0.049845923541642932,0.72916666666666674,0.67932074312502366
4511,-0.049845923541642932,0.67932074312502366,0.72916666666666674
4512,0,0.68328481176800182,0.72916666666666674
4513,0.079282451690216277,0.7042824516902163,0.7042824516902163
4514,0.10416666666666674,0.70324305298659973,0.70324305298659973
4515,0.10416666666666674,0.72916666666666674,0.67527397855461591
4516,0.054264223539607824,0.72916666666666674,0.6792642235396078
4517,0.054264223539607824,0.6792642235396078,0.72916666666666674
4518,0.10416666666666674,0.67527397855461591,0.72916666666666674
4519,0.17488317293141439,0.69571650626474768,0.69571650626474768
4520,0.20833333333333348,0.69150907176296605,0.69150907176296605
4521,0.20833333333333348,0.72916666666666674,0.6509849939455048
4522,0.14533222118027303,0.72916666666666674,0.66616555451360626
4523,0.14533222118027303,0.66616555451360626,0.72916666666666674
4524,0.20833333333333348,0.6509849939455048,0.72916666666666674
4525,0.26484015231850649,0.68150681898517318,0.68150681898517318
4526,0.3125,0.67150019334804956,0.67150019334804956
4527,0.227335251105963,0.72916666666666674,0.64400191777262961
4528,0.227335251105963,0.64400191777262961,0.72916666666666674
4529,0.34976719365915021,0.66226719365915021,0.66226719365915021
4530,0.41666666666666674,0.64261242629695159,0.64261242629695159
4531,0.43001987684827575,0.63835321018160907,0.63835321018160907
4532,-0.20833333333333326,0.74167406060616292,0.63750739393949618
4533,-0.19442160286629709,0.74307839713370294,0.6389117304670362
4534,-0.10416666666666652,0.75339113995672191,0.64922447329005517
4535,-0.079104087421994027,0.75422924591133933,0.65006257924467259
4536,0,0.75726162456938773,0.65309495790272099
4537,0.027190303128285159,0.75635696979495193,0.65219030312828519
4538,0.10416666666666674,0.75339113995672191,0.64922447329005517
4539,0.12619991030349037,0.75119991030349031,0.64703324363682357
4540,0.20833333333333348,0.74167406060616292,0.63750739393949618
4541,0.21906552146415081,0.73989885479748407,0.63573218813081733
4542,-0.20833333333333326,-0.625,0.75180059557138423
4543,-0.10416666666666652,-0.625,0.77296410473653643
4544,-0.18025444582175501,-0.625,0.75724555417824502
4545,0,-0.625,0.7799457098408531
4546,-0.057361959808022937,-0.625,0.77597137352531043
4547,0.10416666666666674,-0.625,0.77296410473653643
4548,0.047728891104064051,-0.625,0.77689555777073083
4549,0.20833333333333348,-0.625,0.75180059557138423
4550,0.14094438007780741,-0.625,0.76594438007780741
4551,0.22551826424653548,-0.625,0.7463515975798688
4552,-0.41666666666666663,-0.52083333333333326,0.74467509368016371
4553,-0.3125,-0.52083333333333326,0.79379599072348195
4554,-0.38810035222226369,-0.52083333333333326,0.75773298111106968
4555,-0.20833333333333326,-0.54251961328320553,0.81164705338346121
4556,-0.20833333333333326,-0.52083333333333326,0.82773287654728733
4557,-0.21686072972055268,-0.52083333333333326,0.82480593694611404
4558,-0.17933818842084165,-0.52083333333333326,0.83333333333333348
4559,-0.12074165397506073,-0.5374083206417275,0.83333333333333348
4560,-0.10416666666666652,-0.54176999131804571,0.83333333333333348
4561,-0.028078887511578179,-0.54891222084491154,0.83333333333333348
4562,0,-0.55138643510584606,0.83333333333333348
4563,0.081195137418771629,-0.5438048625812284,0.83333333333333348
4564,0.10416666666666674,-0.54176999131804571,0.83333333333333348
4565,0.19604533930127432,-0.53312132736539242,0.82104533930127432
4566,0.20833333333333348,-0.54251961328320553,0.81164705338346121
4567,0.20833333333333348,-0.52083333333333326,0.82773287654728722
4568,0.20370961010641297,-0.52083333333333326,0.82870961010641297
4569,0.17933818842084187,-0.52083333333333326,0.83333333333333348
4570,0.24548289132327603,-0.58785044201005743,0.76631622465660931
4571,0.3125,-0.52083333333333326,0.79379599072348195
4572,0.28328168609709237,-0.52083333333333326,0.80411501943042585
4573,0.41666666666666674,-0.52083333333333326,0.7446750936801636
4574,0.35737085876401847,-0.52083333333333326,0.77403752543068516
4575,0.42657070197719238,-0.52083333333333326,0.73907070197719238
4576,-0.52083333333333326,-0.41666666666666663,0.74467509368016371
4577,-0.41666666666666663,-0.4829444023134486,0.7670555976865514
4578,-0.41666666666666663,-0.41666666666666663,0.80749149571305301
4579,-0.4829444023134486,-0.41666666666666663,0.7670555976865514
4580,-0.36001287089712325,-0.41666666666666663,0.83333333333333348
4581,-0.33377217469908671,-0.43793884136575334,0.83333333333333348
4582,-0.3125,-0.4538162246566092,0.83333333333333348
4583,-0.27001662914370578,-0.47834996247703909,0.83333333333333348
4584,-0.20833333333333326,-0.51133080408272069,0.83333333333333348
4585,-0.20126901438017145,-0.51376901438017142,0.83333333333333348
4586,0.20833333333333348,-0.51133080408272069,0.83333333333333348
4587,0.23001961328320567,-0.49914705338346105,0.83333333333333348
4588,0.3125,-0.4538162246566092,0.83333333333333348
4589,0.38667399090523813,-0.44665934242809524,0.80334065757190487
4590,0.41666666666666674,-0.48294440231344882,0.76705559768655118
4591,0.41666666666666674,-0.41666666666666663,0.80749149571305301
4592,0.39941997473324503,-0.41666666666666663,0.81608664139991172
4593,0.3600128708971233,-0.41666666666666663,0.83333333333333348
4594,0.4321750936801636,-0.5053249063198364,0.7446750936801636
4595,0.52083333333333348,-0.41666666666666663,0.7446750936801636
4596,0.46678893428635315,-0.41666666666666663,0.77928893428635315
4597,0.53001779933603133,-0.41666666666666663,0.73835113266936458
4598,-0.52083333333333326,-0.38810035222226369,0.75773298111106968
4599,-0.52083333333333326,-0.3125,0.79379599072348195
4600,-0.45381622465660909,-0.3125,0.83333333333333348
4601,-0.43793884136575323,-0.3337721746990866,0.83333333333333348
4602,-0.41666666666666663,-0.36001287089712308,0.83333333333333348
4603,-0.38889740623301999,-0.38889740623301999,0.83333333333333348
4604,0.41666666666666674,-0.36001287089712308,0.83333333333333348
4605,0.48615010393362124,-0.34718322939971225,0.79865010393362124
4606,0.52083333333333348,-0.38810035222226402,0.75773298111106935
4607,0.52083333333333348,-0.3125,0.79379599072348161
4608,0.49678297973483559,-0.3125,0.80928297973483554
4609,0.45381622465660904,-0.3125,0.83333333333333348
4610,0.53319679267037035,-0.40430320732962977,0.7415301260037036
4611,0.55918023177078968,-0.3125,0.76751356510412294
4612,-0.625,-0.20833333333333326,0.75180059557138423
4613,-0.52083333333333326,-0.21686072972055268,0.82480593694611404
4614,-0.52083333333333326,-0.20833333333333326,0.82773287654728733
4615,-0.54251961328320553,-0.20833333333333326,0.81164705338346121
4616,-0.51133080408272069,-0.20833333333333326,0.83333333333333348
4617,-0.47834996247703909,-0.27001662914370578,0.83333333333333348
4618,0.5164668270905538,-0.21269983957611296,0.8289668270905538
4619,0.52083333333333348,-0.21686072972055306,0.8248059369461137
4620,0.52083333333333348,-0.20833333333333326,0.827732876547287
4621,0.5174325384228895,-0.20833333333333326,0.8299325384228895
4622,0.51133080408272047,-0.20833333333333326,0.83333333333333348
4623,0.49914705338346033,-0.23001961328320644,0.83333333333333348
4624,0.56772212215313123,-0.26561121118020209,0.7760554554864646
4625,0.625,-0.20833333333333326,0.75180059557138423
4626,0.57940479560956404,-0.20833333333333326,0.78773812894289741
4627,0.63750739393949618,-0.20833333333333326,0.74167406060616292
4628,-0.625,-0.18025444582175501,0.75724555417824502
4629,-0.625,-0.10416666666666652,0.77296410473653643
4630,-0.54176999131804571,-0.10416666666666652,0.83333333333333348
4631,-0.5374083206417275,-0.12074165397506073,0.83333333333333348
4632,-0.52083333333333326,-0.17933818842084165,0.83333333333333348
4633,-0.51376901438017142,-0.20126901438017145,0.83333333333333348
4634,0.52083333333333348,-0.17933818842084043,0.83333333333333348
4635,0.58652904011517271,-0.14263762655149392,0.79486237344850608
4636,0.625,-0.18025444582175501,0.75724555417824502
4637,0.625,-0.10416666666666652,0.77296410473653643
4638,0.59127711858341581,-0.10416666666666652,0.79961045191674929
4639,0.54176999131804571,-0.10416666666666652,0.83333333333333348
4640,0.6389117304670362,-0.19442160286629709,0.74307839713370294
4641,0.64922447329005517,-0.10416666666666652,0.75339113995672191
4642,-0.625,-0.057361959808022937,0.77597137352531043
4643,-0.625,0,0.7799457098408531
4644,-0.55138643510584606,0,0.83333333333333348
4645,-0.54891222084491154,-0.028078887511578179,0.83333333333333348
4646,0.5938995766035926,-0.031100423396407353,0.80223290993692609
4647,0.625,-0.057361959808022937,0.77597137352531043
4648,0.625,0,0.7799457098408531
4649,0.59518858130281627,0,0.80352191463614964
4650,0.55138643510584606,0,0.83333333333333348
4651,0.5438048625812284,-0.081195137418771629,0.83333333333333348
4652,0.65006257924467259,-0.079104087421994027,0.75422924591133933
4653,0.65309495790272099,0,0.75726162456938773
4654,-0.625,0.047728891104064051,0.77689555777073083
4655,-0.625,0.10416666666666674,0.77296410473653643
4656,-0.54176999131804571,0.10416666666666674,0.83333333333333348
4657,-0.5438048625812284,0.081195137418771629,0.83333333333333348
4658,0.5926266571765656,0.071793323843232268,0.80095999050989897
4659,0.625,0.047728891104064051,0.77689555777073083
4660,0.625,0.10416666666666674,0.77296410473653643
4661,0.59127711858341581,0.10416666666666674,0.79961045191674929
4662,0.54176999131804571,0.10416666666666674,0.83333333333333348
4663,0.54891222084491154,0.028078887511578107,0.83333333333333348
4664,0.65219030312828519,0.027190303128285159,0.75635696979495193
4665,0.64922447329005517,0.10416666666666674,0.75339113995672191
4666,-0.625,0.14094438007780741,0.76594438007780741
4667,-0.625,0.20833333333333348,0.75180059557138423
4668,-0.53312132736539242,0.19604533930127432,0.82104533930127432
4669,-0.52083333333333326,0.20370961010641297,0.82870961010641297
4670,-0.52083333333333326,0.20833333333333348,0.82773287654728722
4671,-0.54251961328320553,0.20833333333333348,0.81164705338346121
4672,-0.52083333333333326,0.17933818842084187,0.83333333333333348
4673,-0.51133080408272069,0.20833333333333348,0.83333333333333348
4674,0.51784115295846456,0.20534115295846453,0.83034115295846456
4675,0.52083333333333348,0.20370961010641275,0.82870961010641275
4676,0.52083333333333348,0.20833333333333348,0.827732876547287
4677,0.5174325384228895,0.20833333333333348,0.8299325384228895
4678,0.51133080408272047,0.20833333333333348,0.83333333333333348
4679,0.51376901438017131,0.20126901438017133,0.83333333333333348
4680,0.52083333333333348,0.17933818842084065,0.83333333333333348
4681,0.58448995963006145,0.16782329296339482,0.79282329296339482
4682,0.625,0.14094438007780741,0.76594438007780741
4683,0.625,0.20833333333333348,0.75180059557138423
4684,0.57940479560956404,0.20833333333333348,0.78773812894289741
4685,0.5374083206417275,0.12074165397506083,0.83333333333333348
4686,0.64703324363682357,0.12619991030349037,0.75119991030349031
4687,0.63750739393949618,0.20833333333333348,0.74167406060616292
4688,-0.625,0.22551826424653548,0.7463515975798688
4689,-0.58785044201005743,0.24548289132327603,0.76631622465660931
4690,-0.52083333333333326,0.28328168609709237,0.80411501943042585
4691,-0.52083333333333326,0.3125,0.79379599072348195
4692,-0.45381622465660909,0.3125,0.83333333333333348
4693,-0.49914705338346094,0.23001961328320578,0.83333333333333348
4694,0.50124769972769534,0.29291436639436191,0.81374769972769534
4695,0.52083333333333348,0.2832816860970922,0.80411501943042563
4696,0.52083333333333348,0.3125,0.79379599072348161
4697,0.49678297973483559,0.3125,0.80928297973483554
4698,0.45381622465660904,0.3125,0.83333333333333348
4699,0.47834996247703904,0.27001662914370561,0.83333333333333348
4700,0.57058318664121144,0.25808318664121138,0.77891651997454481
4701,0.625,0.22551826424653548,0.7463515975798688
4702,0.55918023177078968,0.3125,0.76751356510412294
4703,0.63573218813081733,0.21906552146415081,0.73989885479748407
4704,-0.52083333333333326,0.35737085876401847,0.77403752543068516
4705,-0.52083333333333326,0.41666666666666674,0.7446750936801636
4706,-0.44665934242809524,0.38667399090523813,0.80334065757190487
4707,-0.41666666666666663,0.39941997473324503,0.81608664139991172
4708,-0.41666666666666663,0.41666666666666674,0.80749149571305301
4709,-0.48294440231344882,0.41666666666666674,0.76705559768655118
4710,-0.41666666666666663,0.36001287089712314,0.83333333333333348
4711,-0.36001287089712308,0.41666666666666674,0.83333333333333348
4712,0.4038794616012783,0.4038794616012783,0.82054612826794504
4713,0.41666666666666674,0.39941997473324503,0.81608664139991172
4714,0.41666666666666674,0.41666666666666674,0.80749149571305301
4715,0.39941997473324503,0.41666666666666674,0.81608664139991172
4716,0.36001287089712314,0.41666666666666674,0.83333333333333348
4717,0.38889740623302005,0.38889740623302005,0.83333333333333348
4718,0.41666666666666674,0.36001287089712314,0.83333333333333348
4719,0.47985701086245064,0.3756903441957839,0.79235701086245058
4720,0.52083333333333348,0.35737085876401831,0.77403752543068505
4721,0.52083333333333348,0.41666666666666674,0.74467509368016349
4722,0.4667889342863531,0.41666666666666674,0.77928893428635304
4723,0.43793884136575328,0.33377217469908654,0.83333333333333348
4724,0.55155604192070429,0.34322270858737092,0.75988937525403766
4725,0.53001779933603121,0.41666666666666674,0.73835113266936447
4726,-0.52083333333333326,0.42657070197719238,0.73907070197719238
4727,-0.5053249063198364,0.4321750936801636,0.7446750936801636
4728,-0.41666666666666663,0.46678893428635315,0.77928893428635315
4729,-0.41666666666666663,0.52083333333333348,0.7446750936801636
4730,-0.34718322939971225,0.48615010393362124,0.79865010393362124
4731,-0.3125,0.49678297973483559,0.80928297973483554
4732,-0.3125,0.52083333333333348,0.79379599072348161
4733,-0.38810035222226402,0.52083333333333348,0.75773298111106935
4734,-0.3125,0.45381622465660904,0.83333333333333348
4735,-0.21269983957611296,0.5164668270905538,0.8289668270905538
4736,-0.20833333333333326,0.5174325384228895,0.8299325384228895
4737,-0.20833333333333326,0.52083333333333348,0.827732876547287
4738,-0.21686072972055306,0.52083333333333348,0.8248059369461137
4739,-0.23001961328320644,0.49914705338346033,0.83333333333333348
4740,-0.20833333333333326,0.51133080408272047,0.83333333333333348
4741,-0.17933818842084043,0.52083333333333348,0.83333333333333348
4742,0.20534115295846453,0.51784115295846456,0.83034115295846456
4743,0.20833333333333348,0.5174325384228895,0.8299325384228895
4744,0.20833333333333348,0.52083333333333348,0.827732876547287
4745,0.20370961010641275,0.52083333333333348,0.82870961010641275
4746,0.17933818842084065,0.52083333333333348,0.83333333333333348
4747,0.20126901438017133,0.51376901438017131,0.83333333333333348
4748,0.20833333333333348,0.51133080408272047,0.83333333333333348
4749,0.29291436639436191,0.50124769972769534,0.81374769972769534
4750,0.3125,0.49678297973483559,0.80928297973483554
4751,0.3125,0.52083333333333348,0.79379599072348161
4752,0.2832816860970922,0.52083333333333348,0.80411501943042563
4753,0.27001662914370561,0.47834996247703904,0.83333333333333348
4754,0.3125,0.45381622465660904,0.83333333333333348
4755,0.3756903441957839,0.47985701086245064,0.79235701086245058
4756,0.41666666666666674,0.4667889342863531,0.77928893428635304
4757,0.41666666666666674,0.52083333333333348,0.74467509368016349
4758,0.35737085876401831,0.52083333333333348,0.77403752543068505
4759,0.33377217469908654,0.43793884136575328,0.83333333333333348
4760,0.4539338603258169,0.4539338603258169,0.76643386032581684
4761,0.52083333333333348,0.42657070197719227,0.73907070197719227
4762,0.42657070197719227,0.52083333333333348,0.73907070197719227
4763,0.52779417367517001,0.42362750700850327,0.73612750700850327
4764,-0.41666666666666663,0.53001779933603133,0.73835113266936458
4765,-0.40430320732962977,0.53319679267037035,0.7415301260037036
4766,-0.3125,0.55918023177078968,0.76751356510412294
4767,-0.26561121118020209,0.56772212215313123,0.7760554554864646
4768,-0.20833333333333326,0.57940479560956404,0.78773812894289741
4769,-0.20833333333333326,0.625,0.75180059557138423
4770,-0.14263762655149392,0.58652904011517271,0.79486237344850608
4771,-0.10416666666666652,0.59127711858341581,0.79961045191674929
4772,-0.10416666666666652,0.625,0.77296410473653643
4773,-0.18025444582175501,0.625,0.75724555417824502
4774,-0.10416666666666652,0.54176999131804571,0.83333333333333348
4775,-0.031100423396407353,0.5938995766035926,0.80223290993692609
4776,0,0.59518858130281627,0.80352191463614964
4777,0,0.625,0.7799457098408531
4778,-0.057361959808022937,0.625,0.77597137352531043
4779,-0.081195137418771629,0.5438048625812284,0.83333333333333348
4780,0,0.55138643510584606,0.83333333333333348
4781,0.071793323843232268,0.5926266571765656,0.80095999050989897
4782,0.10416666666666674,0.59127711858341581,0.79961045191674929
4783,0.10416666666666674,0.625,0.77296410473653643
4784,0.047728891104064051,0.625,0.77689555777073083
4785,0.028078887511578107,0.54891222084491154,0.83333333333333348
4786,0.10416666666666674,0.54176999131804571,0.83333333333333348
4787,0.16782329296339482,0.58448995963006145,0.79282329296339482
4788,0.20833333333333348,0.57940479560956404,0.78773812894289741
4789,0.20833333333333348,0.625,0.75180059557138423
4790,0.14094438007780741,0.625,0.76594438007780741
4791,0.12074165397506083,0.5374083206417275,0.83333333333333348
4792,0.25808318664121138,0.57058318664121144,0.77891651997454481
4793,0.3125,0.55918023177078968,0.76751356510412294
4794,0.22551826424653548,0.625,0.7463515975798688
4795,0.34322270858737092,0.55155604192070429,0.75988937525403766
4796,0.41666666666666674,0.53001779933603121,0.73835113266936447
4797,0.42362750700850327,0.52779417367517001,0.73612750700850327
4798,-0.20833333333333326,0.63750739393949618,0.74167406060616292
4799,-0.19442160286629709,0.6389117304670362,0.74307839713370294
4800,-0.10416666666666652,0.64922447329005517,0.75339113995672191
4801,-0.079104087421994027,0.65006257924467259,0.75422924591133933
4802,0,0.65309495790272099,0.75726162456938773
4803,0.027190303128285159,0.65219030312828519,0.75635696979495193
4804,0.10416666666666674,0.64922447329005517,0.75339113995672191
4805,0.12619991030349037,0.64703324363682357,0.75119991030349031
4806,0.20833333333333348,0.63750739393949618,0.74167406060616292
4807,0.21906552146415081,0.63573218813081733,0.73989885479748407
4808,-0.10416666666666652,-0.52083333333333326,0.84708459169634276
4809,0,-0.52083333333333326,0.85340372382667884
4810,-0.089591651108552772,-0.52083333333333326,0.84790834889144717
4811,0.10416666666666674,-0.52083333333333326,0.84708459169634276
4812,0.019001917772629565,-0.52083333333333326,0.85233525110596298
4813,0.11594011628396811,-0.52083333333333326,0.84510678295063479
4814,-0.3125,-0.41666666666666663,0.85340372382667884
4815,-0.20833333333333326,-0.41666666666666663,0.88453203301811922
4816,-0.28442111248842167,-0.41666666666666663,0.86141222084491176
4817,-0.10416666666666652,-0.49226701888893054,0.8618996477777362
4818,-0.10416666666666652,-0.41666666666666663,0.90281677060028798
4819,-0.14665003752296074,-0.41666666666666663,0.89501662914370583
4820,-0.071604724766260286,-0.48827139143292697,0.86589527523373966
4821,0,-0.47914954309201724,0.87501712357464945
4822,0,-0.41666666666666663,0.90884303340106365
4823,-0.030538315878400557,-0.41666666666666663,0.9069616841215995
4824,0.037149557989942621,-0.48368377534339069,0.87048289132327605
4825,0.10416666666666674,-0.49226701888893054,0.8618996477777362
4826,0.10416666666666674,-0.41666666666666663,0.90281677060028798
4827,0.071506870617762092,-0.41666666666666663,0.90484020395109543
4828,0.12510332465137927,-0.49989667534862076,0.85426999131804593
4829,0.20833333333333348,-0.41666666666666663,0.88453203301811922
4830,0.16369752798266957,-0.41666666666666663,0.8928641946493362
4831,0.3125,-0.41666666666666663,0.85340372382667884
4832,0.24840195928003667,-0.41666666666666663,0.87340195928003661
4833,0.32695756788909214,-0.41666666666666663,0.84779090122242562
4834,-0.41666666666666663,-0.3125,0.85340372382667873
4835,-0.3125,-0.38314494013534572,0.86685505986465439
4836,-0.3125,-0.3125,0.896755801361933
4837,-0.38314494013534589,-0.3125,0.86685505986465416
4838,-0.24633684350200125,-0.35050351016866793,0.89949648983133212
4839,-0.20833333333333326,-0.33123471833902685,0.91876528166097315
4840,-0.20833333333333326,-0.3125,0.92670756838691848
4841,-0.22385473682360352,-0.3125,0.9219785965097298
4842,-0.14464512361963161,-0.3125,0.9375
4843,-0.11653402140906657,-0.32486735474240003,0.9375
4844,-0.10416666666666652,-0.33003202060825115,0.9375
4845,-0.028566314444402899,-0.34106631444440294,0.9375
4846,0,-0.34506194190040651,0.9375
4847,0.083765924129772948,-0.33290074253689378,0.9375
4848,0.10416666666666674,-0.33003202060825115,0.9375
4849,0.19404820375720833,-0.32678512957612516,0.92321487042387484
4850,0.20833333333333348,-0.33123471833902723,0.91876528166097282
4851,0.20833333333333348,-0.3125,0.92670756838691826
4852,0.19924551030224258,-0.3125,0.9284121769689091
4853,0.14464512361963125,-0.3125,0.9375
4854,0.2660565443330809,-0.3589434556669191,0.8910565443330809
4855,0.3125,-0.38314494013534572,0.86685505986465439
4856,0.3125,-0.3125,0.896755801361933
4857,0.28148039212153592,-0.3125,0.90648039212153586
4858,0.33257039049334536,-0.39659627617332133,0.85340372382667884
4859,0.41666666666666674,-0.3125,0.85340372382667873
4860,0.35824153868550818,-0.3125,0.87907487201884149
4861,0.43007441058824297,-0.3125,0.84674107725490966
4862,-0.41666666666666663,-0.28442111248842178,0.86141222084491165
4863,-0.41666666666666663,-0.20833333333333326,0.88453203301811922
4864,-0.3505035101686681,-0.24633684350200141,0.8994964898313319
4865,-0.3125,-0.22385473682360352,0.9219785965097298
4866,-0.3125,-0.20833333333333326,0.92670756838691848
4867,-0.33123471833902685,-0.20833333333333326,0.91876528166097315
4868,-0.27449648983133218,-0.20833333333333326,0.9375
4869,-0.24185505986465433,-0.24185505986465433,0.9375
4870,-0.20833333333333326,-0.27449648983133218,0.9375
4871,-0.1847802558228672,-0.28894692248953391,0.9375
4872,0.20833333333333348,-0.27449648983133146,0.9375
4873,0.30170756838691848,-0.21912576494641478,0.92670756838691848
4874,0.3125,-0.22385473682360352,0.9219785965097298
4875,0.3125,-0.20833333333333326,0.92670756838691848
4876,0.30429118963196633,-0.20833333333333326,0.92929118963196633
4877,0.27449648983133212,-0.20833333333333326,0.9375
4878,0.36954500520423306,-0.25545499479576694,0.89037833853756643
4879,0.41666666666666674,-0.28442111248842178,0.86141222084491165
4880,0.41666666666666674,-0.20833333333333326,0.88453203301811922
4881,0.37990956340568072,-0.20833333333333326,0.90074289673901409
4882,0.43307261629149629,-0.29609405037517045,0.84973928295816292
4883,0.45090618606531796,-0.20833333333333326,0.86757285273198459
4884,-0.52083333333333326,-0.10416666666666652,0.84708459169634276
4885,-0.41666666666666663,-0.14665003752296074,0.89501662914370583
4886,-0.41666666666666663,-0.10416666666666652,0.90281677060028798
4887,-0.49226701888893054,-0.10416666666666652,0.8618996477777362
4888,-0.33003202060825115,-0.10416666666666652,0.9375
4889,-0.32486735474240003,-0.11653402140906657,0.9375
4890,-0.3125,-0.14464512361963161,0.9375
4891,-0.28894692248953391,-0.1847802558228672,0.9375
4892,0.3125,-0.14464512361963161,0.9375
4893,0.38892407732391054,-0.13190925600942272,0.90975741065724391
4894,0.41666666666666674,-0.14665003752296074,0.89501662914370583
4895,0.41666666666666674,-0.10416666666666652,0.90281677060028798
4896,0.39261631306816897,-0.10416666666666652,0.91344964640150228
4897,0.33003202060825115,-0.10416666666666652,0.9375
4898,0.45508859756336972,-0.16991140243663025,0.87175526423003635
4899,0.52083333333333348,-0.10416666666666652,0.84708459169634265
4900,0.46316686001471619,-0.10416666666666652,0.87983352668138282
4901,0.52940068863268375,-0.10416666666666652,0.84190068863268375
4902,-0.52083333333333326,-0.089591651108552772,0.84790834889144717
4903,-0.52083333333333326,0,0.85340372382667884
4904,-0.48827139143292697,-0.071604724766260286,0.86589527523373966
4905,-0.41666666666666663,-0.030538315878400557,0.9069616841215995
4906,-0.41666666666666663,0,0.90884303340106365
4907,-0.47914954309201724,0,0.87501712357464945
4908,-0.34506194190040651,0,0.9375
4909,-0.34106631444440294,-0.028566314444402899,0.9375
4910,0.39587082944271423,-0.020795837223952438,0.9167041627760476
4911,0.41666666666666674,-0.030538315878400557,0.9069616841215995
4912,0.41666666666666674,0,0.90884303340106365
4913,0.39680031643509212,0,0.91763364976842543
4914,0.34506194190040651,0,0.9375
4915,0.33290074253689378,-0.083765924129772767,0.9375
4916,0.4649057420191342,-0.055927591314199152,0.88157240868580089
4917,0.52083333333333348,-0.089591651108552897,0.84790834889144706
4918,0.52083333333333348,0,0.85340372382667873
4919,0.46721211628083509,0,0.88387878294750166
4920,0.52969785913306244,-0.095302140866937501,0.84219785913306244
4921,0.53334072727282966,0,0.84584072727282966
4922,-0.52083333333333326,0.019001917772629606,0.85233525110596309
4923,-0.52083333333333326,0.10416666666666674,0.84708459169634276
4924,-0.48368377534339069,0.037149557989942621,0.87048289132327605
4925,-0.41666666666666663,0.071506870617762092,0.90484020395109543
4926,-0.41666666666666663,0.10416666666666674,0.90281677060028798
4927,-0.49226701888893054,0.10416666666666674,0.8618996477777362
4928,-0.33003202060825115,0.10416666666666674,0.9375
4929,-0.33290074253689378,0.083765924129772948,0.9375
4930,0.39365110638065953,0.081151106380659518,0.91448443971399285
4931,0.41666666666666674,0.071506870617762092,0.90484020395109543
4932,0.41666666666666674,0.10416666666666674,0.90281677060028787
4933,0.39261631306816897,0.10416666666666674,0.91344964640150228
4934,0.33003202060825115,0.10416666666666674,0.9375
4935,0.34106631444440294,0.028566314444402965,0.9375
4936,0.4654626328742264,0.048795966207559653,0.88212929954089303
4937,0.52083333333333348,0.019001917772629461,0.85233525110596287
4938,0.52083333333333348,0.10416666666666674,0.84708459169634265
4939,0.46316686001471619,0.10416666666666674,0.87983352668138282
4940,0.532936944639404,0.01210361130607056,0.845436944639404
4941,0.52940068863268375,0.10416666666666674,0.84190068863268375
4942,-0.52083333333333326,0.11594011628396811,0.84510678295063479
4943,-0.49989667534862076,0.12510332465137927,0.85426999131804593
4944,-0.41666666666666663,0.16369752798266957,0.8928641946493362
4945,-0.41666666666666663,0.20833333333333348,0.88453203301811922
4946,-0.32678512957612516,0.19404820375720833,0.92321487042387484
4947,-0.3125,0.19924551030224258,0.9284121769689091
4948,-0.3125,0.20833333333333348,0.92670756838691826
4949,-0.33123471833902723,0.20833333333333348,0.91876528166097282
4950,-0.3125,0.14464512361963125,0.9375
4951,-0.27449648983133146,0.20833333333333348,0.9375
4952,0.30534723324834789,0.20118056658168132,0.93034723324834789
4953,0.3125,0.19924551030224258,0.9284121769689091
4954,0.3125,0.20833333333333348,0.92670756838691826
4955,0.30429118963196616,0.20833333333333348,0.92929118963196611
4956,0.27449648983133157,0.20833333333333348,0.9375
4957,0.28894692248953352,0.18478025582286695,0.9375
4958,0.3125,0.14464512361963125,0.9375
4959,0.38429332384323228,0.17595999050989902,0.9051266571765656
4960,0.41666666666666674,0.1636975279826694,0.89286419464933597
4961,0.41666666666666674,0.20833333333333348,0.884532033018119
4962,0.37990956340568061,0.20833333333333348,0.90074289673901398
4963,0.32486735474240003,0.11653402140906674,0.9375
4964,0.45866685735998891,0.14616685735998891,0.87533352402665554
4965,0.52083333333333348,0.11594011628396801,0.84510678295063468
4966,0.4509061860653179,0.20833333333333348,0.86757285273198459
4967,0.52862376958095703,0.1119571029142903,0.84112376958095703
4968,-0.41666666666666663,0.24840195928003667,0.87340195928003661
4969,-0.41666666666666663,0.3125,0.85340372382667873
4970,-0.3589434556669191,0.2660565443330809,0.8910565443330809
4971,-0.3125,0.28148039212153592,0.90648039212153586
4972,-0.3125,0.3125,0.896755801361933
4973,-0.38314494013534589,0.3125,0.86685505986465416
4974,-0.21912576494641478,0.30170756838691848,0.92670756838691848
4975,-0.20833333333333326,0.30429118963196633,0.92929118963196633
4976,-0.20833333333333326,0.3125,0.92670756838691848
4977,-0.22385473682360352,0.3125,0.9219785965097298
4978,-0.20833333333333326,0.27449648983133212,0.9375
4979,-0.14464512361963161,0.3125,0.9375
4980,0.20118056658168132,0.30534723324834789,0.93034723324834789
4981,0.20833333333333348,0.30429118963196616,0.92929118963196611
4982,0.20833333333333348,0.3125,0.92670756838691826
4983,0.19924551030224258,0.3125,0.9284121769689091
4984,0.14464512361963125,0.3125,0.9375
4985,0.18478025582286695,0.28894692248953352,0.9375
4986,0.20833333333333348,0.27449648983133157,0.9375
4987,0.28761578502354956,0.28761578502354956,0.91261578502354956
4988,0.3125,0.28148039212153592,0.90648039212153586
4989,0.3125,0.3125,0.896755801361933
4990,0.28148039212153592,0.3125,0.90648039212153586
4991,0.24185505986465433,0.24185505986465433,0.9375
4992,0.36901551594654347,0.26484884927987684,0.88984884927987684
4993,0.41666666666666674,0.24840195928003661,0.87340195928003661
4994,0.41666666666666674,0.3125,0.85340372382667873
4995,0.35824153868550818,0.3125,0.87907487201884149
4996,0.44572810877163255,0.23739477543829923,0.86239477543829923
4997,0.43007441058824297,0.3125,0.84674107725490966
4998,-0.41666666666666663,0.32695756788909208,0.84779090122242551
4999,-0.39659627617332138,0.33257039049334525,0.85340372382667873
5000,-0.3125,0.35824153868550818,0.87907487201884149
5001,-0.3125,0.41666666666666674,0.85340372382667873
5002,-0.25545499479576694,0.36954500520423306,0.89037833853756643
5003,-0.20833333333333326,0.37990956340568072,0.90074289673901409
5004,-0.20833333333333326,0.41666666666666674,0.88453203301811922
5005,-0.28442111248842178,0.41666666666666674,0.86141222084491165
5006,-0.13190925600942272,0.38892407732391054,0.90975741065724391
5007,-0.10416666666666652,0.39261631306816897,0.91344964640150228
5008,-0.10416666666666652,0.41666666666666674,0.90281677060028798
5009,-0.14665003752296074,0.41666666666666674,0.89501662914370583
5010,-0.10416666666666652,0.33003202060825115,0.9375
5011,-0.020795837223952438,0.39587082944271423,0.9167041627760476
5012,0,0.39680031643509212,0.91763364976842543
5013,0,0.41666666666666674,0.90884303340106365
5014,-0.030538315878400557,0.41666666666666674,0.9069616841215995
5015,-0.083765924129772767,0.33290074253689378,0.9375
5016,0,0.34506194190040651,0.9375
5017,0.081151106380659518,0.39365110638065953,0.91448443971399285
5018,0.10416666666666674,0.39261631306816897,0.91344964640150228
5019,0.10416666666666674,0.41666666666666674,0.90281677060028787
5020,0.071506870617762092,0.41666666666666674,0.90484020395109543
5021,0.028566314444402965,0.34106631444440294,0.9375
5022,0.10416666666666674,0.33003202060825115,0.9375
5023,0.17595999050989902,0.38429332384323228,0.9051266571765656
5024,0.20833333333333348,0.37990956340568061,0.90074289673901398
5025,0.20833333333333348,0.41666666666666674,0.884532033018119
5026,0.1636975279826694,0.41666666666666674,0.89286419464933597
5027,0.11653402140906674,0.32486735474240003,0.9375
5028,0.26484884927987684,0.36901551594654347,0.88984884927987684
5029,0.3125,0.35824153868550818,0.87907487201884149
5030,0.3125,0.41666666666666674,0.85340372382667873
5031,0.24840195928003661,0.41666666666666674,0.87340195928003661
5032,0.34852497553595696,0.34852497553595696,0.86935830886929044
5033,0.41666666666666674,0.32695756788909208,0.84779090122242551
5034,0.32695756788909208,0.41666666666666674,0.84779090122242551
5035,0.42739885479748402,0.32323218813081728,0.84406552146415081
5036,-0.3125,0.43007441058824297,0.84674107725490966
5037,-0.29609405037517045,0.43307261629149629,0.84973928295816292
5038,-0.20833333333333326,0.45090618606531796,0.86757285273198459
5039,-0.16991140243663025,0.45508859756336972,0.87175526423003635
5040,-0.10416666666666652,0.46316686001471619,0.87983352668138282
5041,-0.10416666666666652,0.52083333333333348,0.84708459169634265
5042,-0.055927591314199152,0.4649057420191342,0.88157240868580089
5043,0,0.46721211628083509,0.88387878294750166
5044,0,0.52083333333333348,0.85340372382667873
5045,-0.089591651108552897,0.52083333333333348,0.84790834889144706
5046,0.048795966207559653,0.4654626328742264,0.88212929954089303
5047,0.10416666666666674,0.46316686001471619,0.87983352668138282
5048,0.10416666666666674,0.52083333333333348,0.84708459169634265
5049,0.019001917772629461,0.52083333333333348,0.85233525110596287
5050,0.14616685735998891,0.45866685735998891,0.87533352402665554
5051,0.20833333333333348,0.4509061860653179,0.86757285273198459
5052,0.11594011628396801,0.52083333333333348,0.84510678295063468
5053,0.23739477543829923,0.44572810877163255,0.86239477543829923
5054,0.3125,0.43007441058824297,0.84674107725490966
5055,0.32323218813081728,0.42739885479748402,0.84406552146415081
5056,-0.10416666666666652,0.52940068863268375,0.84190068863268375
5057,-0.095302140866937501,0.52969785913306244,0.84219785913306244
5058,0,0.53334072727282966,0.84584072727282966
5059,0.01210361130607056,0.532936944639404,0.845436944639404
5060,0.10416666666666674,0.52940068863268375,0.84190068863268375
5061,0.1119571029142903,0.52862376958095703,0.84112376958095703
5062,-0.10416666666666652,-0.3125,0.944154743717737
5063,0,-0.3125,0.94986345933703697
5064,-0.097158974045223473,-0.3125,0.94450769262144307
5065,0.10416666666666674,-0.3125,0.944154743717737
5066,0.011773449617301448,-0.3125,0.94927344961730142
5067,0.10995471147169331,-0.3125,0.94328804480502659
5068,-0.20833333333333326,-0.20833333333333326,0.95554571027139024
5069,-0.10416666666666652,-0.30357730369898561,0.94642269630101439
5070,-0.10416666666666652,-0.20833333333333326,0.97242956559393701
5071,-0.18706115863424649,-0.20833333333333326,0.95877217469908682
5072,-0.094581362653158765,-0.30291469598649223,0.94708530401350777
5073,0,-0.2959250126916057,0.95407498730839435
5074,0,-0.20833333333333326,0.97800179420311362
5075,-0.067388953255525963,-0.20833333333333326,0.97427771341114067
5076,0.015508427013496966,-0.29699157298650303,0.95300842701349697
5077,0.10416666666666674,-0.30357730369898561,0.94642269630101439
5078,0.10416666666666674,-0.20833333333333326,0.97242956559393701
5079,0.038573625024832921,-0.20833333333333326,0.97607362502483297
5080,0.11156875000517333,-0.30509791666149344,0.94490208333850656
5081,0.20833333333333348,-0.20833333333333326,0.95554571027139024
5082,0.13455773507325774,-0.20833333333333326,0.96789106840659112
5083,0.22279090122242556,-0.20833333333333326,0.95195756788909214
5084,-0.3125,-0.10416666666666652,0.944154743717737
5085,-0.20833333333333326,-0.18706115863424649,0.95877217469908682
5086,-0.20833333333333326,-0.10416666666666652,0.97242956559393701
5087,-0.30357730369898561,-0.10416666666666652,0.94642269630101439
5088,-0.18234833938782843,-0.18234833938782843,0.96348499394550491
5089,-0.10416666666666652,-0.167167778819727,0.97866555451360637
5090,-0.10416666666666652,-0.10416666666666652,0.98905998270215822
5091,-0.167167778819727,-0.10416666666666652,0.97866555451360637
5092,-0.060369228596796991,-0.16453589526346363,0.98129743806986969
5093,0,-0.16060444222926934,0.98522889110406409
5094,0,-0.10416666666666652,0.99454500520423295
5095,-0.04988284723575017,-0.10416666666666652,0.99178381943091654
5096,0.045037006264763459,-0.16329632706856981,0.98253700626476359
5097,0.10416666666666674,-0.167167778819727,0.97866555451360637
5098,0.10416666666666674,-0.10416666666666652,0.98905998270215822
5099,0.054333530276071434,-0.10416666666666652,0.99183353027607157
5100,0.13909623226060366,-0.17340376773939634,0.97242956559393701
5101,0.20833333333333348,-0.1870611586342466,0.95877217469908671
5102,0.20833333333333348,-0.10416666666666652,0.97242956559393701
5103,0.1490375254306851,-0.10416666666666652,0.98237085876401842
5104,0.22473928295816303,-0.19192738370850368,0.95390594962482966
5105,0.3125,-0.10416666666666652,0.944154743717737
5106,0.23632749850169574,-0.10416666666666652,0.96549416516836239
5107,0.31744286433441765,-0.10416666666666652,0.9424428643344176
5108,-0.3125,-0.097158974045223473,0.94450769262144307
5109,-0.3125,0,0.94986345933703697
5110,-0.30291469598649223,-0.094581362653158765,0.94708530401350777
5111,-0.20833333333333326,-0.067388953255525963,0.97427771341114067
5112,-0.20833333333333326,0,0.97800179420311362
5113,-0.2959250126916057,0,0.95407498730839435
5114,-0.16453589526346363,-0.060369228596796991,0.98129743806986969
5115,-0.10416666666666652,-0.04988284723575017,0.99178381943091654
5116,-0.10416666666666652,0,0.99454500520423295
5117,-0.16060444222926934,0,0.98522889110406409
5118,-0.046839297988098889,-0.046839297988098889,0.99482736867856791
5119,0,-0.044109687819762634,0.99755697884690409
5120,0,0,1
5121,-0.044109687819762634,0,0.99755697884690409
5122,0.057045005204232863,-0.047121661462433781,0.99454500520423295
5123,0.10416666666666674,-0.04988284723575017,0.99178381943091654
5124,0.10416666666666674,0,0.99454500520423295
5125,0.059530861316002638,0,0.99703086131600271
5126,0.1510554554864646,-0.057277877846868767,0.98438878881979797
5127,0.20833333333333348,-0.067388953255525963,0.97427771341114067
5128,0.20833333333333348,0,0.97800179420311362
5129,0.15381487188531773,0,0.9871482052186511
5130,0.23747400589956066,-0.075025994100439322,0.96664067256622732
5131,0.3125,-0.097158974045223473,0.94450769262144307
5132,0.3125,0,0.94986345933703697
5133,0.24079730585454812,0,0.9699639725212148
5134,0.31762888050282784,-0.099037786163838695,0.94262888050282789
5135,0.3216844660026979,0,0.94668446600269796
5136,-0.3125,0.011773449617301448,0.94927344961730142
5137,-0.3125,0.10416666666666674,0.944154743717737
5138,-0.29699157298650303,0.015508427013496966,0.95300842701349697
5139,-0.20833333333333326,0.038573625024832921,0.97607362502483297
5140,-0.20833333333333326,0.10416666666666674,0.97242956559393701
5141,-0.30357730369898561,0.10416666666666674,0.94642269630101439
5142,-0.16329632706856981,0.045037006264763459,0.98253700626476359
5143,-0.10416666666666652,0.054333530276071434,0.99183353027607157
5144,-0.10416666666666652,0.10416666666666674,0.98905998270215822
5145,-0.167167778819727,0.10416666666666674,0.97866555451360637
5146,-0.047121661462433781,0.057045005204232863,0.99454500520423295
5147,0,0.059530861316002638,0.99703086131600271
5148,0,0.10416666666666674,0.99454500520423295
5149,-0.04988284723575017,0.10416666666666674,0.99178381943091654
5150,0.056843764697506037,0.056843764697506037,0.99434376469750618
5151,0.10416666666666674,0.054333530276071434,0.99183353027607157
5152,0.10416666666666674,0.10416666666666674,0.98905998270215822
5153,0.054333530276071434,0.10416666666666674,0.99183353027607157
5154,0.15177689765414393,0.047610230987477201,0.9851102309874773
5155,0.20833333333333348,0.038573625024832921,0.97607362502483297
5156,0.20833333333333348,0.10416666666666674,0.9724295655939369
5157,0.1490375254306851,0.10416666666666674,0.98237085876401842
5158,0.23957449243865703,0.031241159105323626,0.96874115910532366
5159,0.3125,0.011773449617301448,0.94927344961730142
5160,0.3125,0.10416666666666674,0.944154743717737
5161,0.23632749850169565,0.10416666666666674,0.96549416516836228
5162,0.32136452579972918,0.0088645257997291699,0.94636452579972918
5163,0.31744286433441765,0.10416666666666674,0.9424428643344176
5164,-0.3125,0.10995471147169331,0.94328804480502659
5165,-0.30509791666149344,0.11156875000517333,0.94490208333850656
5166,-0.20833333333333326,0.13455773507325774,0.96789106840659112
5167,-0.20833333333333326,0.20833333333333348,0.95554571027139024
5168,-0.17340376773939634,0.13909623226060366,0.97242956559393701
5169,-0.10416666666666652,0.1490375254306851,0.98237085876401842
5170,-0.10416666666666652,0.20833333333333348,0.97242956559393701
5171,-0.1870611586342466,0.20833333333333348,0.95877217469908671
5172,-0.057277877846868767,0.1510554554864646,0.98438878881979797
5173,0,0.15381487188531773,0.9871482052186511
5174,0,0.20833333333333348,0.97800179420311362
5175,-0.067388953255525963,0.20833333333333348,0.97427771341114067
5176,0.047610230987477201,0.15177689765414393,0.9851102309874773
5177,0.10416666666666674,0.1490375254306851,0.98237085876401842
5178,0.10416666666666674,0.20833333333333348,0.9724295655939369
5179,0.038573625024832921,0.20833333333333348,0.97607362502483297
5180,0.14394952436414835,0.14394952436414835,0.97728285769748169
5181,0.20833333333333348,0.13455773507325766,0.967891068406591
5182,0.20833333333333348,0.20833333333333348,0.95554571027139024
5183,0.13455773507325766,0.20833333333333348,0.967891068406591
5184,0.23339591257800593,0.12922924591133925,0.96256257924467259
5185,0.3125,0.10995471147169331,0.94328804480502659
5186,0.22279090122242556,0.20833333333333348,0.95195756788909214
5187,0.31696153216994838,0.10862819883661509,0.94196153216994838
5188,-0.20833333333333326,0.22279090122242556,0.95195756788909214
5189,-0.19192738370850368,0.22473928295816303,0.95390594962482966
5190,-0.10416666666666652,0.23632749850169574,0.96549416516836239
5191,-0.10416666666666652,0.3125,0.944154743717737
5192,-0.075025994100439322,0.23747400589956066,0.96664067256622732
5193,0,0.24079730585454812,0.9699639725212148
5194,0,0.3125,0.94986345933703697
5195,-0.097158974045223473,0.3125,0.94450769262144307
5196,0.031241159105323626,0.23957449243865703,0.96874115910532366
5197,0.10416666666666674,0.23632749850169565,0.96549416516836228
5198,0.10416666666666674,0.3125,0.944154743717737
5199,0.011773449617301448,0.3125,0.94927344961730142
5200,0.12922924591133925,0.23339591257800593,0.96256257924467259
5201,0.20833333333333348,0.22279090122242556,0.95195756788909214
5202,0.10995471147169331,0.3125,0.94328804480502659
5203,0.22043694463940405,0.22043694463940405,0.94960361130607063
5204,-0.10416666666666652,0.31744286433441765,0.9424428643344176
5205,-0.099037786163838695,0.31762888050282784,0.94262888050282789
5206,0,0.3216844660026979,0.94668446600269796
5207,0.0088645257997291699,0.32136452579972918,0.94636452579972918
5208,0.10416666666666674,0.31744286433441765,0.9424428643344176
5209,0.10862819883661509,0.31696153216994838,0.94196153216994838
