id,a,b,c
0,0,2,1
1,0,3,2
2,0,4,3
3,0,5,4
4,0,6,5
5,0,1,6
6,7,9,8
7,7,10,9
8,1,2,10
9,1,10,7
10,1,11,6
11,1,7,11
12,7,12,11
13,7,8,12
14,13,15,14
15,13,16,15
16,8,9,16
17,8,16,13
18,8,17,12
19,8,13,17
20,13,18,17
21,13,14,18
22,14,15,19
23,14,19,18
24,20,22,21
25,20,23,22
26,20,24,23
27,20,25,24
28,20,26,25
29,20,21,26
30,27,29,28
31,27,30,29
32,21,22,30
33,21,30,27
34,21,31,26
35,21,27,31
36,3,4,31
37,3,31,27
38,3,28,2
39,3,27,28
40,32,34,33
41,32,35,34
42,28,29,35
43,28,35,32
44,28,32,2
45,2,32,10
46,10,33,9
47,10,32,33
48,36,38,37
49,36,39,38
50,33,34,39
51,33,39,36
52,33,36,9
53,9,36,16
54,16,37,15
55,16,36,37
56,40,42,41
57,40,43,42
58,37,38,43
59,37,43,40
60,37,40,15
61,15,44,19
62,15,40,44
63,40,41,44
64,41,42,45
65,41,45,44
66,46,48,47
67,46,49,48
68,46,50,49
69,46,51,50
70,23,24,51
71,23,51,46
72,23,47,22
73,23,46,47
74,52,54,53
75,52,55,54
76,47,48,55
77,47,55,52
78,47,52,22
79,22,52,30
80,30,53,29
81,30,52,53
82,56,58,57
83,56,59,58
84,53,54,59
85,53,59,56
86,53,56,29
87,29,56,35
88,35,57,34
89,35,56,57
90,60,62,61
91,60,63,62
92,57,58,63
93,57,63,60
94,57,60,34
95,34,60,39
96,39,61,38
97,39,60,61
98,64,66,65
99,64,67,66
100,61,62,67
101,61,67,64
102,61,64,38
103,38,64,43
104,43,65,42
105,43,64,65
106,65,66,68
107,65,68,69
108,65,69,42
109,42,69,45
110,70,72,71
111,70,73,72
112,70,74,73
113,70,75,74
114,49,50,75
115,49,75,70
116,49,71,48
117,49,70,71
118,76,78,77
119,76,79,78
120,71,72,79
121,71,79,76
122,71,76,48
123,48,76,55
124,55,77,54
125,55,76,77
126,80,82,81
127,80,83,82
128,77,78,83
129,77,83,80
130,77,80,54
131,54,80,59
132,59,81,58
133,59,80,81
134,84,86,85
135,84,87,86
136,81,82,87
137,81,87,84
138,81,84,58
139,58,84,63
140,63,85,62
141,63,84,85
142,88,90,89
143,88,91,90
144,85,86,91
145,85,91,88
146,85,88,62
147,62,88,67
148,67,89,66
149,67,88,89
150,89,90,92
151,89,92,93
152,89,93,66
153,66,93,68
154,73,74,94
155,73,94,72
156,95,97,96
157,95,98,97
158,95,99,98
159,72,94,99
160,72,99,95
161,72,95,79
162,79,96,78
163,79,95,96
164,100,102,101
165,100,103,102
166,96,97,103
167,96,103,100
168,96,100,78
169,78,100,83
170,83,101,82
171,83,100,101
172,104,106,105
173,104,107,106
174,101,102,107
175,101,107,104
176,101,104,82
177,82,104,87
178,87,105,86
179,87,104,105
180,105,106,108
181,105,108,109
182,105,109,86
183,86,109,110
184,86,110,91
185,91,110,90
186,90,110,111
187,90,111,92
188,98,99,112
189,98,112,97
190,97,112,113
191,97,113,114
192,97,114,103
193,103,114,102
194,102,114,115
195,102,115,116
196,102,116,107
197,107,116,106
198,106,116,117
199,106,117,108
200,118,120,119
201,118,121,120
202,118,122,121
203,118,123,122
204,118,124,123
205,118,119,124
206,125,127,126
207,125,128,127
208,119,120,128
209,119,128,125
210,119,129,124
211,119,125,129
212,125,130,129
213,125,126,130
214,131,133,132
215,131,134,133
216,126,127,134
217,126,134,131
218,126,135,130
219,126,131,135
220,131,136,135
221,131,132,136
222,137,139,138
223,137,140,139
224,132,133,140
225,132,140,137
226,132,141,136
227,132,137,141
228,137,142,141
229,137,138,142
230,143,145,144
231,143,146,145
232,138,139,146
233,138,146,143
234,138,147,142
235,138,143,147
236,143,148,147
237,143,144,148
238,144,145,149
239,144,149,148
240,150,152,151
241,150,153,152
242,150,154,153
243,150,155,154
244,150,156,155
245,150,151,156
246,157,159,158
247,157,160,159
248,151,152,160
249,151,160,157
250,151,161,156
251,151,157,161
252,157,162,161
253,157,158,162
254,163,165,164
255,163,166,165
256,158,159,166
257,158,166,163
258,158,167,162
259,158,163,167
260,121,122,167
261,121,167,163
262,121,164,120
263,121,163,164
264,168,170,169
265,168,171,170
266,164,165,171
267,164,171,168
268,164,168,120
269,120,168,128
270,128,169,127
271,128,168,169
272,172,174,173
273,172,175,174
274,169,170,175
275,169,175,172
276,169,172,127
277,127,172,134
278,134,173,133
279,134,172,173
280,176,178,177
281,176,179,178
282,173,174,179
283,173,179,176
284,173,176,133
285,133,176,140
286,140,177,139
287,140,176,177
288,180,182,181
289,180,183,182
290,177,178,183
291,177,183,180
292,177,180,139
293,139,180,146
294,146,181,145
295,146,180,181
296,184,186,185
297,184,187,186
298,181,182,187
299,181,187,184
300,181,184,145
301,145,188,149
302,145,184,188
303,184,185,188
304,189,191,190
305,189,192,191
306,185,186,192
307,185,192,189
308,185,193,188
309,185,189,193
310,189,194,193
311,189,190,194
312,190,191,195
313,190,195,194
314,196,198,197
315,196,199,198
316,196,200,199
317,196,201,200
318,196,202,201
319,196,197,202
320,203,205,204
321,203,206,205
322,197,198,206
323,197,206,203
324,197,207,202
325,197,203,207
326,153,154,207
327,153,207,203
328,153,204,152
329,153,203,204
330,208,210,209
331,208,211,210
332,204,205,211
333,204,211,208
334,204,208,152
335,152,208,160
336,160,209,159
337,160,208,209
338,212,214,213
339,212,215,214
340,209,210,215
341,209,215,212
342,209,212,159
343,159,212,166
344,166,213,165
345,166,212,213
346,216,218,217
347,216,219,218
348,213,214,219
349,213,219,216
350,213,216,165
351,165,216,171
352,171,217,170
353,171,216,217
354,220,222,221
355,220,223,222
356,217,218,223
357,217,223,220
358,217,220,170
359,170,220,175
360,175,221,174
361,175,220,221
362,224,226,225
363,224,227,226
364,221,222,227
365,221,227,224
366,221,224,174
367,174,224,179
368,179,225,178
369,179,224,225
370,228,230,229
371,228,231,230
372,225,226,231
373,225,231,228
374,225,228,178
375,178,228,183
376,183,229,182
377,183,228,229
378,232,234,233
379,232,235,234
380,229,230,235
381,229,235,232
382,229,232,182
383,182,232,187
384,187,233,186
385,187,232,233
386,236,238,237
387,236,239,238
388,233,234,239
389,233,239,236
390,233,236,186
391,186,236,192
392,192,237,191
393,192,236,237
394,240,242,241
395,240,243,242
396,237,238,243
397,237,243,240
398,237,240,191
399,191,244,195
400,191,240,244
401,240,241,244
402,241,242,245
403,241,245,244
404,246,248,247
405,246,249,248
406,246,250,249
407,246,251,250
408,199,200,251
409,199,251,246
410,199,247,198
411,199,246,247
412,252,254,253
413,252,255,254
414,247,248,255
415,247,255,252
416,247,252,198
417,198,252,206
418,206,253,205
419,206,252,253
420,256,258,257
421,256,259,258
422,253,254,259
423,253,259,256
424,253,256,205
425,205,256,211
426,211,257,210
427,211,256,257
428,260,262,261
429,260,263,262
430,257,258,263
431,257,263,260
432,257,260,210
433,210,260,215
434,215,261,214
435,215,260,261
436,264,266,265
437,264,267,266
438,261,262,267
439,261,267,264
440,261,264,214
441,214,264,219
442,219,265,218
443,219,264,265
444,268,270,269
445,268,271,270
446,265,266,271
447,265,271,268
448,265,268,218
449,218,268,223
450,223,269,222
451,223,268,269
452,272,274,273
453,272,275,274
454,269,270,275
455,269,275,272
456,269,272,222
457,222,272,227
458,227,273,226
459,227,272,273
460,276,278,277
461,276,279,278
462,273,274,279
463,273,279,276
464,273,276,226
465,226,276,231
466,231,277,230
467,231,276,277
468,280,282,281
469,280,283,282
470,277,278,283
471,277,283,280
472,277,280,230
473,230,280,235
474,235,281,234
475,235,280,281
476,284,286,285
477,284,287,286
478,281,282,287
479,281,287,284
480,281,284,234
481,234,284,239
482,239,285,238
483,239,284,285
484,288,290,289
485,288,291,290
486,285,286,291
487,285,291,288
488,285,288,238
489,238,288,243
490,243,289,242
491,243,288,289
492,289,290,292
493,289,292,293
494,289,293,242
495,242,293,245
496,294,296,295
497,294,297,296
498,294,298,297
499,294,299,298
500,294,300,299
501,294,295,300
502,301,303,302
503,301,304,303
504,295,296,304
505,295,304,301
506,295,305,300
507,295,301,305
508,249,250,305
509,249,305,301
510,249,302,248
511,249,301,302
512,306,308,307
513,306,309,308
514,302,303,309
515,302,309,306
516,302,306,248
517,248,306,255
518,255,307,254
519,255,306,307
520,310,312,311
521,310,313,312
522,307,308,313
523,307,313,310
524,307,310,254
525,254,310,259
526,259,311,258
527,259,310,311
528,314,316,315
529,314,317,316
530,311,312,317
531,311,317,314
532,311,314,258
533,258,314,263
534,263,315,262
535,263,314,315
536,5,6,319
537,5,319,318
538,5,320,4
539,5,318,320
540,315,316,320
541,315,320,318
542,315,318,262
543,262,318,267
544,267,319,266
545,267,318,319
546,11,12,322
547,11,322,321
548,11,321,6
549,6,321,319
550,319,321,266
551,266,321,271
552,271,322,270
553,271,321,322
554,17,18,324
555,17,324,323
556,17,323,12
557,12,323,322
558,322,323,270
559,270,323,275
560,275,324,274
561,275,323,324
562,325,327,326
563,18,19,327
564,18,327,325
565,18,325,324
566,324,325,274
567,274,325,279
568,279,326,278
569,279,325,326
570,328,330,329
571,328,331,330
572,326,327,331
573,326,331,328
574,326,328,278
575,278,328,283
576,283,329,282
577,283,328,329
578,332,334,333
579,332,335,334
580,329,330,335
581,329,335,332
582,329,332,282
583,282,332,287
584,287,333,286
585,287,332,333
586,336,338,337
587,336,339,338
588,333,334,339
589,333,339,336
590,333,336,286
591,286,336,291
592,291,337,290
593,291,336,337
594,340,342,341
595,340,343,342
596,337,338,343
597,337,343,340
598,337,340,290
599,290,344,292
600,290,340,344
601,340,341,344
602,341,342,345
603,341,345,344
604,346,348,347
605,346,349,348
606,346,350,349
607,346,351,350
608,297,298,351
609,297,351,346
610,297,347,296
611,297,346,347
612,352,354,353
613,352,355,354
614,347,348,355
615,347,355,352
616,347,352,296
617,296,352,304
618,304,353,303
619,304,352,353
620,356,358,357
621,356,359,358
622,353,354,359
623,353,359,356
624,353,356,303
625,303,356,309
626,309,357,308
627,309,356,357
628,360,362,361
629,360,363,362
630,357,358,363
631,357,363,360
632,357,360,308
633,308,360,313
634,313,361,312
635,313,360,361
636,25,26,365
637,25,365,364
638,25,366,24
639,25,364,366
640,361,362,366
641,361,366,364
642,361,364,312
643,312,364,317
644,317,365,316
645,317,364,365
646,4,367,31
647,31,367,26
648,26,367,365
649,365,367,316
650,316,367,320
651,320,367,4
652,19,44,368
653,19,368,327
654,369,371,370
655,44,45,371
656,44,371,369
657,44,369,368
658,368,369,327
659,327,369,331
660,331,370,330
661,331,369,370
662,372,374,373
663,372,375,374
664,370,371,375
665,370,375,372
666,370,372,330
667,330,372,335
668,335,373,334
669,335,372,373
670,376,378,377
671,376,379,378
672,373,374,379
673,373,379,376
674,373,376,334
675,334,376,339
676,339,377,338
677,339,376,377
678,380,382,381
679,380,383,382
680,377,378,383
681,377,383,380
682,377,380,338
683,338,380,343
684,343,381,342
685,343,380,381
686,381,382,384
687,381,384,385
688,381,385,342
689,342,385,345
690,386,388,387
691,386,389,388
692,386,390,389
693,386,391,390
694,349,350,391
695,349,391,386
696,349,387,348
697,349,386,387
698,392,394,393
699,392,395,394
700,387,388,395
701,387,395,392
702,387,392,348
703,348,392,355
704,355,393,354
705,355,392,393
706,396,398,397
707,396,399,398
708,393,394,399
709,393,399,396
710,393,396,354
711,354,396,359
712,359,397,358
713,359,396,397
714,400,402,401
715,400,403,402
716,397,398,403
717,397,403,400
718,397,400,358
719,358,400,363
720,363,401,362
721,363,400,401
722,24,404,51
723,51,405,50
724,51,404,405
725,401,402,405
726,401,405,404
727,401,404,362
728,362,404,366
729,366,404,24
730,45,69,407
731,45,407,406
732,69,68,407
733,45,406,371
734,408,410,409
735,408,411,410
736,406,407,411
737,406,411,408
738,406,408,371
739,371,408,375
740,375,409,374
741,375,408,409
742,412,414,413
743,412,415,414
744,409,410,415
745,409,415,412
746,409,412,374
747,374,412,379
748,379,413,378
749,379,412,413
750,416,418,417
751,416,419,418
752,413,414,419
753,413,419,416
754,413,416,378
755,378,416,383
756,383,417,382
757,383,416,417
758,417,418,420
759,417,420,421
760,417,421,382
761,382,421,384
762,422,424,423
763,422,425,424
764,422,426,425
765,422,427,426
766,389,390,427
767,389,427,422
768,389,423,388
769,389,422,423
770,428,430,429
771,428,431,430
772,423,424,431
773,423,431,428
774,423,428,388
775,388,428,395
776,395,429,394
777,395,428,429
778,432,434,433
779,432,435,434
780,429,430,435
781,429,435,432
782,429,432,394
783,394,432,399
784,399,433,398
785,399,432,433
786,436,438,437
787,436,439,438
788,433,434,439
789,433,439,436
790,433,436,398
791,398,436,403
792,403,437,402
793,403,436,437
794,50,440,75
795,75,441,74
796,75,440,441
797,437,438,441
798,437,441,440
799,437,440,402
800,402,440,405
801,405,440,50
802,68,93,443
803,68,443,442
804,93,92,443
805,68,442,407
806,444,446,445
807,444,447,446
808,442,443,447
809,442,447,444
810,442,444,407
811,407,444,411
812,411,445,410
813,411,444,445
814,448,450,449
815,448,451,450
816,445,446,451
817,445,451,448
818,445,448,410
819,410,448,415
820,415,449,414
821,415,448,449
822,452,454,453
823,452,455,454
824,449,450,455
825,449,455,452
826,449,452,414
827,414,452,419
828,419,453,418
829,419,452,453
830,453,454,456
831,453,456,457
832,453,457,418
833,418,457,420
834,458,460,459
835,458,461,460
836,458,462,461
837,458,463,462
838,425,426,463
839,425,463,458
840,425,459,424
841,425,458,459
842,464,466,465
843,464,467,466
844,459,460,467
845,459,467,464
846,459,464,424
847,424,464,431
848,431,465,430
849,431,464,465
850,468,470,469
851,468,471,470
852,465,466,471
853,465,471,468
854,465,468,430
855,430,468,435
856,435,469,434
857,435,468,469
858,472,474,473
859,472,475,474
860,469,470,475
861,469,475,472
862,469,472,434
863,434,472,439
864,439,473,438
865,439,472,473
866,74,477,94
867,74,476,477
868,476,478,477
869,473,474,478
870,473,478,476
871,473,476,438
872,438,476,441
873,441,476,74
874,94,479,99
875,94,477,479
876,109,480,110
877,109,108,480
878,92,111,482
879,92,482,481
880,111,110,483
881,111,483,482
882,110,480,483
883,92,481,443
884,484,486,485
885,484,487,486
886,481,482,487
887,481,487,484
888,481,484,443
889,443,484,447
890,447,485,446
891,447,484,485
892,488,490,489
893,488,491,490
894,485,486,491
895,485,491,488
896,485,488,446
897,446,488,451
898,451,489,450
899,451,488,489
900,492,494,493
901,492,495,494
902,489,490,495
903,489,495,492
904,489,492,450
905,450,492,455
906,455,493,454
907,455,492,493
908,493,494,496
909,493,496,497
910,493,497,454
911,454,497,456
912,461,462,498
913,461,498,460
914,499,501,500
915,499,502,501
916,499,503,502
917,460,498,503
918,460,503,499
919,460,499,467
920,467,500,466
921,467,499,500
922,504,506,505
923,504,507,506
924,500,501,507
925,500,507,504
926,500,504,466
927,466,504,471
928,471,505,470
929,471,504,505
930,508,510,509
931,508,511,510
932,505,506,511
933,505,511,508
934,505,508,470
935,470,508,475
936,475,509,474
937,475,508,509
938,512,514,513
939,512,515,514
940,509,510,515
941,509,515,512
942,509,512,474
943,474,512,478
944,478,513,477
945,478,512,513
946,99,517,112
947,99,516,517
948,516,518,517
949,513,514,518
950,513,518,516
951,513,516,477
952,477,516,479
953,479,516,99
954,113,519,114
955,113,112,520
956,113,520,519
957,112,517,520
958,115,521,116
959,115,114,522
960,115,522,521
961,114,519,522
962,108,117,524
963,108,524,523
964,117,116,525
965,117,525,524
966,116,521,525
967,108,523,480
968,526,528,527
969,526,529,528
970,523,524,529
971,523,529,526
972,523,526,480
973,480,526,483
974,483,527,482
975,483,526,527
976,530,532,531
977,530,533,532
978,527,528,533
979,527,533,530
980,527,530,482
981,482,530,487
982,487,531,486
983,487,530,531
984,534,536,535
985,534,537,536
986,531,532,537
987,531,537,534
988,531,534,486
989,486,534,491
990,491,535,490
991,491,534,535
992,535,536,538
993,535,538,539
994,535,539,490
995,490,539,540
996,490,540,495
997,495,540,494
998,494,540,541
999,494,541,496
1000,542,544,543
1001,542,545,544
1002,542,546,545
1003,542,547,546
1004,502,503,547
1005,502,547,542
1006,502,543,501
1007,502,542,543
1008,548,550,549
1009,548,551,550
1010,543,544,551
1011,543,551,548
1012,543,548,501
1013,501,548,507
1014,507,549,506
1015,507,548,549
1016,552,554,553
1017,552,555,554
1018,549,550,555
1019,549,555,552
1020,549,552,506
1021,506,552,511
1022,511,553,510
1023,511,552,553
1024,556,558,557
1025,556,559,558
1026,553,554,559
1027,553,559,556
1028,553,556,510
1029,510,556,515
1030,515,557,514
1031,515,556,557
1032,560,562,561
1033,560,563,562
1034,557,558,563
1035,557,563,560
1036,557,560,514
1037,514,560,518
1038,518,561,517
1039,518,560,561
1040,564,566,565
1041,564,567,566
1042,561,562,567
1043,561,567,564
1044,561,564,517
1045,517,564,520
1046,520,565,519
1047,520,564,565
1048,568,570,569
1049,568,571,570
1050,565,566,571
1051,565,571,568
1052,565,568,519
1053,519,568,522
1054,522,569,521
1055,522,568,569
1056,572,574,573
1057,572,575,574
1058,569,570,575
1059,569,575,572
1060,569,572,521
1061,521,572,525
1062,525,573,524
1063,525,572,573
1064,576,578,577
1065,576,579,578
1066,573,574,579
1067,573,579,576
1068,573,576,524
1069,524,576,529
1070,529,577,528
1071,529,576,577
1072,580,582,581
1073,580,583,582
1074,577,578,583
1075,577,583,580
1076,577,580,528
1077,528,580,533
1078,533,581,532
1079,533,580,581
1080,584,586,585
1081,584,587,586
1082,581,582,587
1083,581,587,584
1084,581,584,532
1085,532,584,537
1086,537,585,536
1087,537,584,585
1088,585,586,588
1089,585,588,589
1090,585,589,536
1091,536,589,538
1092,545,546,590
1093,545,590,544
1094,591,593,592
1095,591,594,593
1096,591,595,594
1097,544,590,595
1098,544,595,591
1099,544,591,551
1100,551,592,550
1101,551,591,592
1102,596,598,597
1103,596,599,598
1104,592,593,599
1105,592,599,596
1106,592,596,550
1107,550,596,555
1108,555,597,554
1109,555,596,597
1110,600,602,601
1111,600,603,602
1112,597,598,603
1113,597,603,600
1114,597,600,554
1115,554,600,559
1116,559,601,558
1117,559,600,601
1118,604,606,605
1119,604,607,606
1120,601,602,607
1121,601,607,604
1122,601,604,558
1123,558,604,563
1124,563,605,562
1125,563,604,605
1126,608,610,609
1127,608,611,610
1128,605,606,611
1129,605,611,608
1130,605,608,562
1131,562,608,567
1132,567,609,566
1133,567,608,609
1134,612,614,613
1135,612,615,614
1136,609,610,615
1137,609,615,612
1138,609,612,566
1139,566,612,571
1140,571,613,570
1141,571,612,613
1142,616,618,617
1143,616,619,618
1144,613,614,619
1145,613,619,616
1146,613,616,570
1147,570,616,575
1148,575,617,574
1149,575,616,617
1150,620,622,621
1151,620,623,622
1152,617,618,623
1153,617,623,620
1154,617,620,574
1155,574,620,579
1156,579,621,578
1157,579,620,621
1158,624,626,625
1159,624,627,626
1160,621,622,627
1161,621,627,624
1162,621,624,578
1163,578,624,583
1164,583,625,582
1165,583,624,625
1166,625,626,628
1167,625,628,629
1168,625,629,582
1169,582,629,630
1170,582,630,587
1171,587,630,586
1172,586,630,631
1173,586,631,588
1174,594,595,632
1175,594,632,593
1176,593,632,633
1177,593,633,634
1178,593,634,599
1179,599,634,598
1180,635,637,636
1181,635,638,637
1182,635,639,638
1183,598,634,639
1184,598,639,635
1185,598,635,603
1186,603,636,602
1187,603,635,636
1188,640,642,641
1189,640,643,642
1190,636,637,643
1191,636,643,640
1192,636,640,602
1193,602,640,607
1194,607,641,606
1195,607,640,641
1196,644,646,645
1197,644,647,646
1198,641,642,647
1199,641,647,644
1200,641,644,606
1201,606,644,611
1202,611,645,610
1203,611,644,645
1204,648,650,649
1205,648,651,650
1206,645,646,651
1207,645,651,648
1208,645,648,610
1209,610,648,615
1210,615,649,614
1211,615,648,649
1212,652,654,653
1213,652,655,654
1214,649,650,655
1215,649,655,652
1216,649,652,614
1217,614,652,619
1218,619,653,618
1219,619,652,653
1220,653,654,656
1221,653,656,657
1222,653,657,618
1223,618,657,658
1224,618,658,623
1225,623,658,622
1226,622,658,659
1227,622,659,660
1228,622,660,627
1229,627,660,626
1230,626,660,661
1231,626,661,628
1232,638,639,662
1233,638,662,637
1234,637,662,663
1235,637,663,664
1236,637,664,643
1237,643,664,642
1238,642,664,665
1239,642,665,666
1240,642,666,647
1241,647,666,646
1242,646,666,667
1243,646,667,668
1244,646,668,651
1245,651,668,650
1246,650,668,669
1247,650,669,670
1248,650,670,655
1249,655,670,654
1250,654,670,671
1251,654,671,656
1252,672,674,673
1253,672,675,674
1254,672,676,675
1255,672,677,676
1256,672,678,677
1257,672,673,678
1258,679,681,680
1259,679,682,681
1260,673,674,682
1261,673,682,679
1262,673,683,678
1263,673,679,683
1264,679,684,683
1265,679,680,684
1266,685,687,686
1267,685,688,687
1268,680,681,688
1269,680,688,685
1270,680,689,684
1271,680,685,689
1272,685,690,689
1273,685,686,690
1274,691,693,692
1275,691,694,693
1276,686,687,694
1277,686,694,691
1278,686,695,690
1279,686,691,695
1280,691,696,695
1281,691,692,696
1282,697,699,698
1283,697,700,699
1284,692,693,700
1285,692,700,697
1286,692,701,696
1287,692,697,701
1288,697,702,701
1289,697,698,702
1290,703,705,704
1291,703,706,705
1292,698,699,706
1293,698,706,703
1294,698,707,702
1295,698,703,707
1296,703,708,707
1297,703,704,708
1298,709,711,710
1299,709,712,711
1300,704,705,712
1301,704,712,709
1302,704,713,708
1303,704,709,713
1304,709,714,713
1305,709,710,714
1306,710,711,715
1307,710,715,714
1308,716,718,717
1309,716,719,718
1310,716,720,719
1311,716,721,720
1312,716,722,721
1313,716,717,722
1314,723,725,724
1315,723,726,725
1316,717,718,726
1317,717,726,723
1318,717,727,722
1319,717,723,727
1320,723,728,727
1321,723,724,728
1322,729,731,730
1323,729,732,731
1324,724,725,732
1325,724,732,729
1326,724,733,728
1327,724,729,733
1328,675,676,733
1329,675,733,729
1330,675,730,674
1331,675,729,730
1332,734,736,735
1333,734,737,736
1334,730,731,737
1335,730,737,734
1336,730,734,674
1337,674,734,682
1338,682,735,681
1339,682,734,735
1340,738,740,739
1341,738,741,740
1342,735,736,741
1343,735,741,738
1344,735,738,681
1345,681,738,688
1346,688,739,687
1347,688,738,739
1348,742,744,743
1349,742,745,744
1350,739,740,745
1351,739,745,742
1352,739,742,687
1353,687,742,694
1354,694,743,693
1355,694,742,743
1356,746,748,747
1357,746,749,748
1358,743,744,749
1359,743,749,746
1360,743,746,693
1361,693,746,700
1362,700,747,699
1363,700,746,747
1364,750,752,751
1365,750,753,752
1366,747,748,753
1367,747,753,750
1368,747,750,699
1369,699,750,706
1370,706,751,705
1371,706,750,751
1372,754,756,755
1373,754,757,756
1374,751,752,757
1375,751,757,754
1376,751,754,705
1377,705,754,712
1378,712,755,711
1379,712,754,755
1380,758,760,759
1381,758,761,760
1382,755,756,761
1383,755,761,758
1384,755,758,711
1385,711,762,715
1386,711,758,762
1387,758,759,762
1388,763,765,764
1389,763,766,765
1390,759,760,766
1391,759,766,763
1392,759,767,762
1393,759,763,767
1394,763,768,767
1395,763,764,768
1396,764,765,769
1397,764,769,768
1398,770,772,771
1399,770,773,772
1400,770,774,773
1401,770,775,774
1402,770,776,775
1403,770,771,776
1404,777,779,778
1405,777,780,779
1406,771,772,780
1407,771,780,777
1408,771,781,776
1409,771,777,781
1410,719,720,781
1411,719,781,777
1412,719,778,718
1413,719,777,778
1414,782,784,783
1415,782,785,784
1416,778,779,785
1417,778,785,782
1418,778,782,718
1419,718,782,726
1420,726,783,725
1421,726,782,783
1422,786,788,787
1423,786,789,788
1424,783,784,789
1425,783,789,786
1426,783,786,725
1427,725,786,732
1428,732,787,731
1429,732,786,787
1430,123,124,791
1431,123,791,790
1432,123,792,122
1433,123,790,792
1434,787,788,792
1435,787,792,790
1436,787,790,731
1437,731,790,737
1438,737,791,736
1439,737,790,791
1440,129,130,794
1441,129,794,793
1442,129,793,124
1443,124,793,791
1444,791,793,736
1445,736,793,741
1446,741,794,740
1447,741,793,794
1448,135,136,796
1449,135,796,795
1450,135,795,130
1451,130,795,794
1452,794,795,740
1453,740,795,745
1454,745,796,744
1455,745,795,796
1456,141,142,798
1457,141,798,797
1458,141,797,136
1459,136,797,796
1460,796,797,744
1461,744,797,749
1462,749,798,748
1463,749,797,798
1464,147,148,800
1465,147,800,799
1466,147,799,142
1467,142,799,798
1468,798,799,748
1469,748,799,753
1470,753,800,752
1471,753,799,800
1472,801,803,802
1473,148,149,803
1474,148,803,801
1475,148,801,800
1476,800,801,752
1477,752,801,757
1478,757,802,756
1479,757,801,802
1480,804,806,805
1481,804,807,806
1482,802,803,807
1483,802,807,804
1484,802,804,756
1485,756,804,761
1486,761,805,760
1487,761,804,805
1488,808,810,809
1489,808,811,810
1490,805,806,811
1491,805,811,808
1492,805,808,760
1493,760,808,766
1494,766,809,765
1495,766,808,809
1496,812,814,813
1497,812,815,814
1498,809,810,815
1499,809,815,812
1500,809,812,765
1501,765,816,769
1502,765,812,816
1503,812,813,816
1504,813,814,817
1505,813,817,816
1506,818,820,819
1507,818,821,820
1508,818,822,821
1509,818,823,822
1510,818,824,823
1511,818,819,824
1512,825,827,826
1513,825,828,827
1514,819,820,828
1515,819,828,825
1516,819,829,824
1517,819,825,829
1518,773,774,829
1519,773,829,825
1520,773,826,772
1521,773,825,826
1522,830,832,831
1523,830,833,832
1524,826,827,833
1525,826,833,830
1526,826,830,772
1527,772,830,780
1528,780,831,779
1529,780,830,831
1530,155,156,835
1531,155,835,834
1532,155,836,154
1533,155,834,836
1534,831,832,836
1535,831,836,834
1536,831,834,779
1537,779,834,785
1538,785,835,784
1539,785,834,835
1540,161,162,838
1541,161,838,837
1542,161,837,156
1543,156,837,835
1544,835,837,784
1545,784,837,789
1546,789,838,788
1547,789,837,838
1548,122,839,167
1549,167,839,162
1550,162,839,838
1551,838,839,788
1552,788,839,792
1553,792,839,122
1554,149,188,840
1555,149,840,803
1556,193,194,842
1557,193,842,841
1558,193,841,188
1559,188,841,840
1560,840,841,803
1561,803,841,807
1562,807,842,806
1563,807,841,842
1564,843,845,844
1565,194,195,845
1566,194,845,843
1567,194,843,842
1568,842,843,806
1569,806,843,811
1570,811,844,810
1571,811,843,844
1572,846,848,847
1573,846,849,848
1574,844,845,849
1575,844,849,846
1576,844,846,810
1577,810,846,815
1578,815,847,814
1579,815,846,847
1580,850,852,851
1581,850,853,852
1582,847,848,853
1583,847,853,850
1584,847,850,814
1585,814,854,817
1586,814,850,854
1587,850,851,854
1588,851,852,855
1589,851,855,854
1590,856,858,857
1591,856,859,858
1592,856,860,859
1593,856,861,860
1594,821,822,861
1595,821,861,856
1596,821,857,820
1597,821,856,857
1598,862,864,863
1599,862,865,864
1600,857,858,865
1601,857,865,862
1602,857,862,820
1603,820,862,828
1604,828,863,827
1605,828,862,863
1606,201,202,867
1607,201,867,866
1608,201,868,200
1609,201,866,868
1610,863,864,868
1611,863,868,866
1612,863,866,827
1613,827,866,833
1614,833,867,832
1615,833,866,867
1616,154,869,207
1617,207,869,202
1618,202,869,867
1619,867,869,832
1620,832,869,836
1621,836,869,154
1622,195,244,870
1623,195,870,845
1624,871,873,872
1625,244,245,873
1626,244,873,871
1627,244,871,870
1628,870,871,845
1629,845,871,849
1630,849,872,848
1631,849,871,872
1632,874,876,875
1633,874,877,876
1634,872,873,877
1635,872,877,874
1636,872,874,848
1637,848,874,853
1638,853,875,852
1639,853,874,875
1640,875,876,878
1641,875,878,879
1642,875,879,852
1643,852,879,855
1644,880,882,881
1645,880,883,882
1646,880,884,883
1647,880,885,884
1648,880,886,885
1649,880,881,886
1650,887,889,888
1651,887,890,889
1652,881,882,890
1653,881,890,887
1654,881,891,886
1655,881,887,891
1656,859,860,891
1657,859,891,887
1658,859,888,858
1659,859,887,888
1660,892,894,893
1661,892,895,894
1662,888,889,895
1663,888,895,892
1664,888,892,858
1665,858,892,865
1666,865,893,864
1667,865,892,893
1668,200,896,251
1669,251,897,250
1670,251,896,897
1671,893,894,897
1672,893,897,896
1673,893,896,864
1674,864,896,868
1675,868,896,200
1676,245,293,899
1677,245,899,898
1678,293,292,899
1679,245,898,873
1680,900,902,901
1681,900,903,902
1682,898,899,903
1683,898,903,900
1684,898,900,873
1685,873,900,877
1686,877,901,876
1687,877,900,901
1688,904,906,905
1689,904,907,906
1690,901,902,907
1691,901,907,904
1692,901,904,876
1693,876,908,878
1694,876,904,908
1695,904,905,908
1696,905,906,909
1697,905,909,908
1698,910,912,911
1699,910,913,912
1700,910,914,913
1701,910,915,914
1702,883,884,915
1703,883,915,910
1704,883,911,882
1705,883,910,911
1706,916,918,917
1707,916,919,918
1708,911,912,919
1709,911,919,916
1710,911,916,882
1711,882,916,890
1712,890,917,889
1713,890,916,917
1714,299,300,921
1715,299,921,920
1716,299,922,298
1717,299,920,922
1718,917,918,922
1719,917,922,920
1720,917,920,889
1721,889,920,895
1722,895,921,894
1723,895,920,921
1724,250,923,305
1725,305,923,300
1726,300,923,921
1727,921,923,894
1728,894,923,897
1729,897,923,250
1730,292,344,924
1731,292,924,899
1732,925,927,926
1733,344,345,927
1734,344,927,925
1735,344,925,924
1736,924,925,899
1737,899,925,903
1738,903,926,902
1739,903,925,926
1740,928,930,929
1741,928,931,930
1742,926,927,931
1743,926,931,928
1744,926,928,902
1745,902,928,907
1746,907,929,906
1747,907,928,929
1748,929,930,932
1749,929,932,933
1750,929,933,906
1751,906,933,909
1752,934,936,935
1753,934,937,936
1754,934,938,937
1755,934,939,938
1756,913,914,939
1757,913,939,934
1758,913,935,912
1759,913,934,935
1760,940,942,941
1761,940,943,942
1762,935,936,943
1763,935,943,940
1764,935,940,912
1765,912,940,919
1766,919,941,918
1767,919,940,941
1768,298,944,351
1769,351,945,350
1770,351,944,945
1771,941,942,945
1772,941,945,944
1773,941,944,918
1774,918,944,922
1775,922,944,298
1776,345,385,947
1777,345,947,946
1778,385,384,947
1779,345,946,927
1780,948,950,949
1781,948,951,950
1782,946,947,951
1783,946,951,948
1784,946,948,927
1785,927,948,931
1786,931,949,930
1787,931,948,949
1788,949,950,952
1789,949,952,953
1790,949,953,930
1791,930,953,932
1792,954,956,955
1793,954,957,956
1794,954,958,957
1795,954,959,958
1796,937,938,959
1797,937,959,954
1798,937,955,936
1799,937,954,955
1800,960,962,961
1801,960,963,962
1802,955,956,963
1803,955,963,960
1804,955,960,936
1805,936,960,943
1806,943,961,942
1807,943,960,961
1808,350,964,391
1809,391,965,390
1810,391,964,965
1811,961,962,965
1812,961,965,964
1813,961,964,942
1814,942,964,945
1815,945,964,350
1816,384,421,967
1817,384,967,966
1818,421,420,967
1819,384,966,947
1820,968,970,969
1821,968,971,970
1822,966,967,971
1823,966,971,968
1824,966,968,947
1825,947,968,951
1826,951,969,950
1827,951,968,969
1828,969,970,972
1829,969,972,973
1830,969,973,950
1831,950,973,952
1832,974,976,975
1833,974,977,976
1834,974,978,977
1835,974,979,978
1836,957,958,979
1837,957,979,974
1838,957,975,956
1839,957,974,975
1840,980,982,981
1841,980,983,982
1842,975,976,983
1843,975,983,980
1844,975,980,956
1845,956,980,963
1846,963,981,962
1847,963,980,981
1848,390,984,427
1849,427,985,426
1850,427,984,985
1851,981,982,985
1852,981,985,984
1853,981,984,962
1854,962,984,965
1855,965,984,390
1856,420,457,987
1857,420,987,986
1858,457,456,987
1859,420,986,967
1860,988,990,989
1861,988,991,990
1862,986,987,991
1863,986,991,988
1864,986,988,967
1865,967,988,971
1866,971,989,970
1867,971,988,989
1868,989,990,992
1869,989,992,993
1870,989,993,970
1871,970,993,972
1872,994,996,995
1873,994,997,996
1874,994,998,997
1875,994,999,998
1876,977,978,999
1877,977,999,994
1878,977,995,976
1879,977,994,995
1880,1000,1002,1001
1881,1000,1003,1002
1882,995,996,1003
1883,995,1003,1000
1884,995,1000,976
1885,976,1000,983
1886,983,1001,982
1887,983,1000,1001
1888,426,1004,463
1889,463,1005,462
1890,463,1004,1005
1891,1001,1002,1005
1892,1001,1005,1004
1893,1001,1004,982
1894,982,1004,985
1895,985,1004,426
1896,456,497,1007
1897,456,1007,1006
1898,497,496,1007
1899,456,1006,987
1900,1008,1010,1009
1901,1008,1011,1010
1902,1006,1007,1011
1903,1006,1011,1008
1904,1006,1008,987
1905,987,1008,991
1906,991,1009,990
1907,991,1008,1009
1908,1009,1010,1012
1909,1009,1012,1013
1910,1009,1013,990
1911,990,1013,992
1912,1014,1016,1015
1913,1014,1017,1016
1914,1014,1018,1017
1915,1014,1019,1018
1916,997,998,1019
1917,997,1019,1014
1918,997,1015,996
1919,997,1014,1015
1920,1020,1022,1021
1921,1020,1023,1022
1922,1015,1016,1023
1923,1015,1023,1020
1924,1015,1020,996
1925,996,1020,1003
1926,1003,1021,1002
1927,1003,1020,1021
1928,462,1025,498
1929,462,1024,1025
1930,1024,1026,1025
1931,1021,1022,1026
1932,1021,1026,1024
1933,1021,1024,1002
1934,1002,1024,1005
1935,1005,1024,462
1936,498,1027,503
1937,498,1025,1027
1938,539,1028,540
1939,539,538,1028
1940,496,541,1030
1941,496,1030,1029
1942,541,540,1031
1943,541,1031,1030
1944,540,1028,1031
1945,496,1029,1007
1946,1032,1034,1033
1947,1032,1035,1034
1948,1029,1030,1035
1949,1029,1035,1032
1950,1029,1032,1007
1951,1007,1032,1011
1952,1011,1033,1010
1953,1011,1032,1033
1954,1033,1034,1036
1955,1033,1036,1037
1956,1033,1037,1010
1957,1010,1037,1012
1958,1017,1018,1038
1959,1017,1038,1016
1960,1039,1041,1040
1961,1039,1042,1041
1962,1039,1043,1042
1963,1016,1038,1043
1964,1016,1043,1039
1965,1016,1039,1023
1966,1023,1040,1022
1967,1023,1039,1040
1968,1044,1046,1045
1969,1044,1047,1046
1970,1040,1041,1047
1971,1040,1047,1044
1972,1040,1044,1022
1973,1022,1044,1026
1974,1026,1045,1025
1975,1026,1044,1045
1976,503,1048,547
1977,547,1049,546
1978,547,1048,1049
1979,1045,1046,1049
1980,1045,1049,1048
1981,1045,1048,1025
1982,1025,1048,1027
1983,1027,1048,503
1984,538,589,1051
1985,538,1051,1050
1986,589,588,1051
1987,538,1050,1028
1988,1052,1054,1053
1989,1052,1055,1054
1990,1050,1051,1055
1991,1050,1055,1052
1992,1050,1052,1028
1993,1028,1052,1031
1994,1031,1053,1030
1995,1031,1052,1053
1996,1053,1054,1056
1997,1053,1056,1057
1998,1053,1057,1030
1999,1030,1057,1058
2000,1030,1058,1035
2001,1035,1058,1034
2002,1034,1058,1059
2003,1034,1059,1036
2004,1060,1062,1061
2005,1060,1063,1062
2006,1060,1064,1063
2007,1060,1065,1064
2008,1042,1043,1065
2009,1042,1065,1060
2010,1042,1061,1041
2011,1042,1060,1061
2012,1066,1068,1067
2013,1066,1069,1068
2014,1061,1062,1069
2015,1061,1069,1066
2016,1061,1066,1041
2017,1041,1066,1047
2018,1047,1067,1046
2019,1047,1066,1067
2020,546,1071,590
2021,546,1070,1071
2022,1070,1072,1071
2023,1067,1068,1072
2024,1067,1072,1070
2025,1067,1070,1046
2026,1046,1070,1049
2027,1049,1070,546
2028,590,1073,595
2029,590,1071,1073
2030,629,1074,630
2031,629,628,1074
2032,588,631,1076
2033,588,1076,1075
2034,631,630,1077
2035,631,1077,1076
2036,630,1074,1077
2037,588,1075,1051
2038,1078,1080,1079
2039,1078,1081,1080
2040,1075,1076,1081
2041,1075,1081,1078
2042,1075,1078,1051
2043,1051,1078,1055
2044,1055,1079,1054
2045,1055,1078,1079
2046,1079,1080,1082
2047,1079,1082,1083
2048,1079,1083,1054
2049,1054,1083,1056
2050,1063,1064,1084
2051,1063,1084,1062
2052,1085,1087,1086
2053,1085,1088,1087
2054,1085,1089,1088
2055,1062,1084,1089
2056,1062,1089,1085
2057,1062,1085,1069
2058,1069,1086,1068
2059,1069,1085,1086
2060,1090,1092,1091
2061,1090,1093,1092
2062,1086,1087,1093
2063,1086,1093,1090
2064,1086,1090,1068
2065,1068,1090,1072
2066,1072,1091,1071
2067,1072,1090,1091
2068,595,1095,632
2069,595,1094,1095
2070,1094,1096,1095
2071,1091,1092,1096
2072,1091,1096,1094
2073,1091,1094,1071
2074,1071,1094,1073
2075,1073,1094,595
2076,633,1097,634
2077,633,632,1098
2078,633,1098,1097
2079,632,1095,1098
2080,634,1099,639
2081,634,1097,1099
2082,657,1100,658
2083,657,656,1100
2084,659,1101,660
2085,659,658,1102
2086,659,1102,1101
2087,658,1100,1102
2088,628,661,1104
2089,628,1104,1103
2090,661,660,1105
2091,661,1105,1104
2092,660,1101,1105
2093,628,1103,1074
2094,1106,1108,1107
2095,1106,1109,1108
2096,1103,1104,1109
2097,1103,1109,1106
2098,1103,1106,1074
2099,1074,1106,1077
2100,1077,1107,1076
2101,1077,1106,1107
2102,1107,1108,1110
2103,1107,1110,1111
2104,1107,1111,1076
2105,1076,1111,1112
2106,1076,1112,1081
2107,1081,1112,1080
2108,1080,1112,1113
2109,1080,1113,1082
2110,1088,1089,1114
2111,1088,1114,1087
2112,1115,1117,1116
2113,1115,1118,1117
2114,1115,1119,1118
2115,1087,1114,1119
2116,1087,1119,1115
2117,1087,1115,1093
2118,1093,1116,1092
2119,1093,1115,1116
2120,1120,1122,1121
2121,1120,1123,1122
2122,1116,1117,1123
2123,1116,1123,1120
2124,1116,1120,1092
2125,1092,1120,1096
2126,1096,1121,1095
2127,1096,1120,1121
2128,1124,1126,1125
2129,1124,1127,1126
2130,1121,1122,1127
2131,1121,1127,1124
2132,1121,1124,1095
2133,1095,1124,1098
2134,1098,1125,1097
2135,1098,1124,1125
2136,639,1129,662
2137,639,1128,1129
2138,1128,1130,1129
2139,1125,1126,1130
2140,1125,1130,1128
2141,1125,1128,1097
2142,1097,1128,1099
2143,1099,1128,639
2144,663,1131,664
2145,663,662,1132
2146,663,1132,1131
2147,662,1129,1132
2148,665,1133,666
2149,665,664,1134
2150,665,1134,1133
2151,664,1131,1134
2152,667,1135,668
2153,667,666,1136
2154,667,1136,1135
2155,666,1133,1136
2156,669,1137,670
2157,669,668,1138
2158,669,1138,1137
2159,668,1135,1138
2160,656,671,1140
2161,656,1140,1139
2162,671,670,1141
2163,671,1141,1140
2164,670,1137,1141
2165,656,1139,1100
2166,1142,1144,1143
2167,1142,1145,1144
2168,1139,1140,1145
2169,1139,1145,1142
2170,1139,1142,1100
2171,1100,1142,1102
2172,1102,1143,1101
2173,1102,1142,1143
2174,1146,1148,1147
2175,1146,1149,1148
2176,1143,1144,1149
2177,1143,1149,1146
2178,1143,1146,1101
2179,1101,1146,1105
2180,1105,1147,1104
2181,1105,1146,1147
2182,1147,1148,1150
2183,1147,1150,1151
2184,1147,1151,1104
2185,1104,1151,1152
2186,1104,1152,1109
2187,1109,1152,1108
2188,1108,1152,1153
2189,1108,1153,1110
2190,1118,1119,1154
2191,1118,1154,1117
2192,1117,1154,1155
2193,1117,1155,1156
2194,1117,1156,1123
2195,1123,1156,1122
2196,1157,1159,1158
2197,1157,1160,1159
2198,1157,1161,1160
2199,1122,1156,1161
2200,1122,1161,1157
2201,1122,1157,1127
2202,1127,1158,1126
2203,1127,1157,1158
2204,1162,1164,1163
2205,1162,1165,1164
2206,1158,1159,1165
2207,1158,1165,1162
2208,1158,1162,1126
2209,1126,1162,1130
2210,1130,1163,1129
2211,1130,1162,1163
2212,1166,1168,1167
2213,1166,1169,1168
2214,1163,1164,1169
2215,1163,1169,1166
2216,1163,1166,1129
2217,1129,1166,1132
2218,1132,1167,1131
2219,1132,1166,1167
2220,1170,1172,1171
2221,1170,1173,1172
2222,1167,1168,1173
2223,1167,1173,1170
2224,1167,1170,1131
2225,1131,1170,1134
2226,1134,1171,1133
2227,1134,1170,1171
2228,1174,1176,1175
2229,1174,1177,1176
2230,1171,1172,1177
2231,1171,1177,1174
2232,1171,1174,1133
2233,1133,1174,1136
2234,1136,1175,1135
2235,1136,1174,1175
2236,1178,1180,1179
2237,1178,1181,1180
2238,1175,1176,1181
2239,1175,1181,1178
2240,1175,1178,1135
2241,1135,1178,1138
2242,1138,1179,1137
2243,1138,1178,1179
2244,1182,1184,1183
2245,1182,1185,1184
2246,1179,1180,1185
2247,1179,1185,1182
2248,1179,1182,1137
2249,1137,1182,1141
2250,1141,1183,1140
2251,1141,1182,1183
2252,1183,1184,1186
2253,1183,1186,1187
2254,1183,1187,1140
2255,1140,1187,1188
2256,1140,1188,1145
2257,1145,1188,1144
2258,1144,1188,1189
2259,1144,1189,1190
2260,1144,1190,1149
2261,1149,1190,1148
2262,1148,1190,1191
2263,1148,1191,1150
2264,1160,1161,1192
2265,1160,1192,1159
2266,1159,1192,1193
2267,1159,1193,1194
2268,1159,1194,1165
2269,1165,1194,1164
2270,1164,1194,1195
2271,1164,1195,1196
2272,1164,1196,1169
2273,1169,1196,1168
2274,1168,1196,1197
2275,1168,1197,1198
2276,1168,1198,1173
2277,1173,1198,1172
2278,1172,1198,1199
2279,1172,1199,1200
2280,1172,1200,1177
2281,1177,1200,1176
2282,1176,1200,1201
2283,1176,1201,1202
2284,1176,1202,1181
2285,1181,1202,1180
2286,1180,1202,1203
2287,1180,1203,1204
2288,1180,1204,1185
2289,1185,1204,1184
2290,1184,1204,1205
2291,1184,1205,1186
2292,1206,1208,1207
2293,1206,1209,1208
2294,1206,1210,1209
2295,1206,1211,1210
2296,1206,1212,1211
2297,1206,1207,1212
2298,1213,1215,1214
2299,1213,1216,1215
2300,1207,1208,1216
2301,1207,1216,1213
2302,1207,1217,1212
2303,1207,1213,1217
2304,1213,1218,1217
2305,1213,1214,1218
2306,1219,1221,1220
2307,1219,1222,1221
2308,1214,1215,1222
2309,1214,1222,1219
2310,1214,1223,1218
2311,1214,1219,1223
2312,1219,1224,1223
2313,1219,1220,1224
2314,1225,1227,1226
2315,1225,1228,1227
2316,1220,1221,1228
2317,1220,1228,1225
2318,1220,1229,1224
2319,1220,1225,1229
2320,1225,1230,1229
2321,1225,1226,1230
2322,1231,1233,1232
2323,1231,1234,1233
2324,1226,1227,1234
2325,1226,1234,1231
2326,1226,1235,1230
2327,1226,1231,1235
2328,1231,1236,1235
2329,1231,1232,1236
2330,1237,1239,1238
2331,1237,1240,1239
2332,1232,1233,1240
2333,1232,1240,1237
2334,1232,1241,1236
2335,1232,1237,1241
2336,1237,1242,1241
2337,1237,1238,1242
2338,1243,1245,1244
2339,1243,1246,1245
2340,1238,1239,1246
2341,1238,1246,1243
2342,1238,1247,1242
2343,1238,1243,1247
2344,1243,1248,1247
2345,1243,1244,1248
2346,1244,1245,1249
2347,1244,1249,1248
2348,1250,1252,1251
2349,1250,1253,1252
2350,1250,1254,1253
2351,1250,1255,1254
2352,1250,1256,1255
2353,1250,1251,1256
2354,1257,1259,1258
2355,1257,1260,1259
2356,1251,1252,1260
2357,1251,1260,1257
2358,1251,1261,1256
2359,1251,1257,1261
2360,1257,1262,1261
2361,1257,1258,1262
2362,1263,1265,1264
2363,1263,1266,1265
2364,1258,1259,1266
2365,1258,1266,1263
2366,1258,1267,1262
2367,1258,1263,1267
2368,1209,1210,1267
2369,1209,1267,1263
2370,1209,1264,1208
2371,1209,1263,1264
2372,1268,1270,1269
2373,1268,1271,1270
2374,1264,1265,1271
2375,1264,1271,1268
2376,1264,1268,1208
2377,1208,1268,1216
2378,1216,1269,1215
2379,1216,1268,1269
2380,1272,1274,1273
2381,1272,1275,1274
2382,1269,1270,1275
2383,1269,1275,1272
2384,1269,1272,1215
2385,1215,1272,1222
2386,1222,1273,1221
2387,1222,1272,1273
2388,1276,1278,1277
2389,1276,1279,1278
2390,1273,1274,1279
2391,1273,1279,1276
2392,1273,1276,1221
2393,1221,1276,1228
2394,1228,1277,1227
2395,1228,1276,1277
2396,1280,1282,1281
2397,1280,1283,1282
2398,1277,1278,1283
2399,1277,1283,1280
2400,1277,1280,1227
2401,1227,1280,1234
2402,1234,1281,1233
2403,1234,1280,1281
2404,1284,1286,1285
2405,1284,1287,1286
2406,1281,1282,1287
2407,1281,1287,1284
2408,1281,1284,1233
2409,1233,1284,1240
2410,1240,1285,1239
2411,1240,1284,1285
2412,1288,1290,1289
2413,1288,1291,1290
2414,1285,1286,1291
2415,1285,1291,1288
2416,1285,1288,1239
2417,1239,1288,1246
2418,1246,1289,1245
2419,1246,1288,1289
2420,1292,1294,1293
2421,1292,1295,1294
2422,1289,1290,1295
2423,1289,1295,1292
2424,1289,1292,1245
2425,1245,1296,1249
2426,1245,1292,1296
2427,1292,1293,1296
2428,1297,1299,1298
2429,1297,1300,1299
2430,1293,1294,1300
2431,1293,1300,1297
2432,1293,1301,1296
2433,1293,1297,1301
2434,1297,1302,1301
2435,1297,1298,1302
2436,1298,1299,1303
2437,1298,1303,1302
2438,1304,1306,1305
2439,1304,1307,1306
2440,1304,1308,1307
2441,1304,1309,1308
2442,1304,1310,1309
2443,1304,1305,1310
2444,1311,1313,1312
2445,1311,1314,1313
2446,1305,1306,1314
2447,1305,1314,1311
2448,1305,1315,1310
2449,1305,1311,1315
2450,1253,1254,1315
2451,1253,1315,1311
2452,1253,1312,1252
2453,1253,1311,1312
2454,1316,1318,1317
2455,1316,1319,1318
2456,1312,1313,1319
2457,1312,1319,1316
2458,1312,1316,1252
2459,1252,1316,1260
2460,1260,1317,1259
2461,1260,1316,1317
2462,677,678,1321
2463,677,1321,1320
2464,677,1322,676
2465,677,1320,1322
2466,1317,1318,1322
2467,1317,1322,1320
2468,1317,1320,1259
2469,1259,1320,1266
2470,1266,1321,1265
2471,1266,1320,1321
2472,683,684,1324
2473,683,1324,1323
2474,683,1323,678
2475,678,1323,1321
2476,1321,1323,1265
2477,1265,1323,1271
2478,1271,1324,1270
2479,1271,1323,1324
2480,689,690,1326
2481,689,1326,1325
2482,689,1325,684
2483,684,1325,1324
2484,1324,1325,1270
2485,1270,1325,1275
2486,1275,1326,1274
2487,1275,1325,1326
2488,695,696,1328
2489,695,1328,1327
2490,695,1327,690
2491,690,1327,1326
2492,1326,1327,1274
2493,1274,1327,1279
2494,1279,1328,1278
2495,1279,1327,1328
2496,701,702,1330
2497,701,1330,1329
2498,701,1329,696
2499,696,1329,1328
2500,1328,1329,1278
2501,1278,1329,1283
2502,1283,1330,1282
2503,1283,1329,1330
2504,707,708,1332
2505,707,1332,1331
2506,707,1331,702
2507,702,1331,1330
2508,1330,1331,1282
2509,1282,1331,1287
2510,1287,1332,1286
2511,1287,1331,1332
2512,713,714,1334
2513,713,1334,1333
2514,713,1333,708
2515,708,1333,1332
2516,1332,1333,1286
2517,1286,1333,1291
2518,1291,1334,1290
2519,1291,1333,1334
2520,1335,1337,1336
2521,714,715,1337
2522,714,1337,1335
2523,714,1335,1334
2524,1334,1335,1290
2525,1290,1335,1295
2526,1295,1336,1294
2527,1295,1335,1336
2528,1338,1340,1339
2529,1338,1341,1340
2530,1336,1337,1341
2531,1336,1341,1338
2532,1336,1338,1294
2533,1294,1338,1300
2534,1300,1339,1299
2535,1300,1338,1339
2536,1342,1344,1343
2537,1342,1345,1344
2538,1339,1340,1345
2539,1339,1345,1342
2540,1339,1342,1299
2541,1299,1346,1303
2542,1299,1342,1346
2543,1342,1343,1346
2544,1343,1344,1347
2545,1343,1347,1346
2546,1348,1350,1349
2547,1348,1351,1350
2548,1348,1352,1351
2549,1348,1353,1352
2550,1348,1354,1353
2551,1348,1349,1354
2552,1355,1357,1356
2553,1355,1358,1357
2554,1349,1350,1358
2555,1349,1358,1355
2556,1349,1359,1354
2557,1349,1355,1359
2558,1307,1308,1359
2559,1307,1359,1355
2560,1307,1356,1306
2561,1307,1355,1356
2562,721,722,1361
2563,721,1361,1360
2564,721,1362,720
2565,721,1360,1362
2566,1356,1357,1362
2567,1356,1362,1360
2568,1356,1360,1306
2569,1306,1360,1314
2570,1314,1361,1313
2571,1314,1360,1361
2572,727,728,1364
2573,727,1364,1363
2574,727,1363,722
2575,722,1363,1361
2576,1361,1363,1313
2577,1313,1363,1319
2578,1319,1364,1318
2579,1319,1363,1364
2580,676,1365,733
2581,733,1365,728
2582,728,1365,1364
2583,1364,1365,1318
2584,1318,1365,1322
2585,1322,1365,676
2586,715,762,1366
2587,715,1366,1337
2588,767,768,1368
2589,767,1368,1367
2590,767,1367,762
2591,762,1367,1366
2592,1366,1367,1337
2593,1337,1367,1341
2594,1341,1368,1340
2595,1341,1367,1368
2596,1369,1371,1370
2597,768,769,1371
2598,768,1371,1369
2599,768,1369,1368
2600,1368,1369,1340
2601,1340,1369,1345
2602,1345,1370,1344
2603,1345,1369,1370
2604,1372,1374,1373
2605,1372,1375,1374
2606,1370,1371,1375
2607,1370,1375,1372
2608,1370,1372,1344
2609,1344,1376,1347
2610,1344,1372,1376
2611,1372,1373,1376
2612,1373,1374,1377
2613,1373,1377,1376
2614,1378,1380,1379
2615,1378,1381,1380
2616,1378,1382,1381
2617,1378,1383,1382
2618,1378,1384,1383
2619,1378,1379,1384
2620,1385,1387,1386
2621,1385,1388,1387
2622,1379,1380,1388
2623,1379,1388,1385
2624,1379,1389,1384
2625,1379,1385,1389
2626,1351,1352,1389
2627,1351,1389,1385
2628,1351,1386,1350
2629,1351,1385,1386
2630,775,776,1391
2631,775,1391,1390
2632,775,1392,774
2633,775,1390,1392
2634,1386,1387,1392
2635,1386,1392,1390
2636,1386,1390,1350
2637,1350,1390,1358
2638,1358,1391,1357
2639,1358,1390,1391
2640,720,1393,781
2641,781,1393,776
2642,776,1393,1391
2643,1391,1393,1357
2644,1357,1393,1362
2645,1362,1393,720
2646,769,816,1394
2647,769,1394,1371
2648,1395,1397,1396
2649,816,817,1397
2650,816,1397,1395
2651,816,1395,1394
2652,1394,1395,1371
2653,1371,1395,1375
2654,1375,1396,1374
2655,1375,1395,1396
2656,1398,1400,1399
2657,1398,1401,1400
2658,1396,1397,1401
2659,1396,1401,1398
2660,1396,1398,1374
2661,1374,1402,1377
2662,1374,1398,1402
2663,1398,1399,1402
2664,1399,1400,1403
2665,1399,1403,1402
2666,1404,1406,1405
2667,1404,1407,1406
2668,1404,1408,1407
2669,1404,1409,1408
2670,1404,1410,1409
2671,1404,1405,1410
2672,1411,1413,1412
2673,1411,1414,1413
2674,1405,1406,1414
2675,1405,1414,1411
2676,1405,1415,1410
2677,1405,1411,1415
2678,1381,1382,1415
2679,1381,1415,1411
2680,1381,1412,1380
2681,1381,1411,1412
2682,823,824,1417
2683,823,1417,1416
2684,823,1418,822
2685,823,1416,1418
2686,1412,1413,1418
2687,1412,1418,1416
2688,1412,1416,1380
2689,1380,1416,1388
2690,1388,1417,1387
2691,1388,1416,1417
2692,774,1419,829
2693,829,1419,824
2694,824,1419,1417
2695,1417,1419,1387
2696,1387,1419,1392
2697,1392,1419,774
2698,817,854,1420
2699,817,1420,1397
2700,1421,1423,1422
2701,854,855,1423
2702,854,1423,1421
2703,854,1421,1420
2704,1420,1421,1397
2705,1397,1421,1401
2706,1401,1422,1400
2707,1401,1421,1422
2708,1424,1426,1425
2709,1424,1427,1426
2710,1422,1423,1427
2711,1422,1427,1424
2712,1422,1424,1400
2713,1400,1428,1403
2714,1400,1424,1428
2715,1424,1425,1428
2716,1425,1426,1429
2717,1425,1429,1428
2718,1430,1432,1431
2719,1430,1433,1432
2720,1430,1434,1433
2721,1430,1435,1434
2722,1407,1408,1435
2723,1407,1435,1430
2724,1407,1431,1406
2725,1407,1430,1431
2726,1436,1438,1437
2727,1436,1439,1438
2728,1431,1432,1439
2729,1431,1439,1436
2730,1431,1436,1406
2731,1406,1436,1414
2732,1414,1437,1413
2733,1414,1436,1437
2734,822,1440,861
2735,861,1441,860
2736,861,1440,1441
2737,1437,1438,1441
2738,1437,1441,1440
2739,1437,1440,1413
2740,1413,1440,1418
2741,1418,1440,822
2742,855,879,1443
2743,855,1443,1442
2744,879,878,1443
2745,855,1442,1423
2746,1444,1446,1445
2747,1444,1447,1446
2748,1442,1443,1447
2749,1442,1447,1444
2750,1442,1444,1423
2751,1423,1444,1427
2752,1427,1445,1426
2753,1427,1444,1445
2754,1445,1446,1448
2755,1445,1448,1449
2756,1445,1449,1426
2757,1426,1449,1429
2758,1450,1452,1451
2759,1450,1453,1452
2760,1450,1454,1453
2761,1450,1455,1454
2762,1450,1456,1455
2763,1450,1451,1456
2764,1457,1459,1458
2765,1457,1460,1459
2766,1451,1452,1460
2767,1451,1460,1457
2768,1451,1461,1456
2769,1451,1457,1461
2770,1433,1434,1461
2771,1433,1461,1457
2772,1433,1458,1432
2773,1433,1457,1458
2774,885,886,1463
2775,885,1463,1462
2776,885,1464,884
2777,885,1462,1464
2778,1458,1459,1464
2779,1458,1464,1462
2780,1458,1462,1432
2781,1432,1462,1439
2782,1439,1463,1438
2783,1439,1462,1463
2784,860,1465,891
2785,891,1465,886
2786,886,1465,1463
2787,1463,1465,1438
2788,1438,1465,1441
2789,1441,1465,860
2790,878,908,1466
2791,878,1466,1443
2792,1467,1469,1468
2793,908,909,1469
2794,908,1469,1467
2795,908,1467,1466
2796,1466,1467,1443
2797,1443,1467,1447
2798,1447,1468,1446
2799,1447,1467,1468
2800,1470,1472,1471
2801,1470,1473,1472
2802,1468,1469,1473
2803,1468,1473,1470
2804,1468,1470,1446
2805,1446,1474,1448
2806,1446,1470,1474
2807,1470,1471,1474
2808,1471,1472,1475
2809,1471,1475,1474
2810,1476,1478,1477
2811,1476,1479,1478
2812,1476,1480,1479
2813,1476,1481,1480
2814,1453,1454,1481
2815,1453,1481,1476
2816,1453,1477,1452
2817,1453,1476,1477
2818,1482,1484,1483
2819,1482,1485,1484
2820,1477,1478,1485
2821,1477,1485,1482
2822,1477,1482,1452
2823,1452,1482,1460
2824,1460,1483,1459
2825,1460,1482,1483
2826,884,1486,915
2827,915,1487,914
2828,915,1486,1487
2829,1483,1484,1487
2830,1483,1487,1486
2831,1483,1486,1459
2832,1459,1486,1464
2833,1464,1486,884
2834,909,933,1489
2835,909,1489,1488
2836,933,932,1489
2837,909,1488,1469
2838,1490,1492,1491
2839,1490,1493,1492
2840,1488,1489,1493
2841,1488,1493,1490
2842,1488,1490,1469
2843,1469,1490,1473
2844,1473,1491,1472
2845,1473,1490,1491
2846,1491,1492,1494
2847,1491,1494,1495
2848,1491,1495,1472
2849,1472,1495,1475
2850,1496,1498,1497
2851,1496,1499,1498
2852,1496,1500,1499
2853,1496,1501,1500
2854,1479,1480,1501
2855,1479,1501,1496
2856,1479,1497,1478
2857,1479,1496,1497
2858,1502,1504,1503
2859,1502,1505,1504
2860,1497,1498,1505
2861,1497,1505,1502
2862,1497,1502,1478
2863,1478,1502,1485
2864,1485,1503,1484
2865,1485,1502,1503
2866,914,1506,939
2867,939,1507,938
2868,939,1506,1507
2869,1503,1504,1507
2870,1503,1507,1506
2871,1503,1506,1484
2872,1484,1506,1487
2873,1487,1506,914
2874,932,953,1509
2875,932,1509,1508
2876,953,952,1509
2877,932,1508,1489
2878,1510,1512,1511
2879,1510,1513,1512
2880,1508,1509,1513
2881,1508,1513,1510
2882,1508,1510,1489
2883,1489,1510,1493
2884,1493,1511,1492
2885,1493,1510,1511
2886,1511,1512,1514
2887,1511,1514,1515
2888,1511,1515,1492
2889,1492,1515,1494
2890,1516,1518,1517
2891,1516,1519,1518
2892,1516,1520,1519
2893,1516,1521,1520
2894,1499,1500,1521
2895,1499,1521,1516
2896,1499,1517,1498
2897,1499,1516,1517
2898,1522,1524,1523
2899,1522,1525,1524
2900,1517,1518,1525
2901,1517,1525,1522
2902,1517,1522,1498
2903,1498,1522,1505
2904,1505,1523,1504
2905,1505,1522,1523
2906,938,1526,959
2907,959,1527,958
2908,959,1526,1527
2909,1523,1524,1527
2910,1523,1527,1526
2911,1523,1526,1504
2912,1504,1526,1507
2913,1507,1526,938
2914,952,973,1529
2915,952,1529,1528
2916,973,972,1529
2917,952,1528,1509
2918,1530,1532,1531
2919,1530,1533,1532
2920,1528,1529,1533
2921,1528,1533,1530
2922,1528,1530,1509
2923,1509,1530,1513
2924,1513,1531,1512
2925,1513,1530,1531
2926,1531,1532,1534
2927,1531,1534,1535
2928,1531,1535,1512
2929,1512,1535,1514
2930,1536,1538,1537
2931,1536,1539,1538
2932,1536,1540,1539
2933,1536,1541,1540
2934,1519,1520,1541
2935,1519,1541,1536
2936,1519,1537,1518
2937,1519,1536,1537
2938,1542,1544,1543
2939,1542,1545,1544
2940,1537,1538,1545
2941,1537,1545,1542
2942,1537,1542,1518
2943,1518,1542,1525
2944,1525,1543,1524
2945,1525,1542,1543
2946,958,1546,979
2947,979,1547,978
2948,979,1546,1547
2949,1543,1544,1547
2950,1543,1547,1546
2951,1543,1546,1524
2952,1524,1546,1527
2953,1527,1546,958
2954,972,993,1549
2955,972,1549,1548
2956,993,992,1549
2957,972,1548,1529
2958,1550,1552,1551
2959,1550,1553,1552
2960,1548,1549,1553
2961,1548,1553,1550
2962,1548,1550,1529
2963,1529,1550,1533
2964,1533,1551,1532
2965,1533,1550,1551
2966,1551,1552,1554
2967,1551,1554,1555
2968,1551,1555,1532
2969,1532,1555,1534
2970,1556,1558,1557
2971,1556,1559,1558
2972,1556,1560,1559
2973,1556,1561,1560
2974,1539,1540,1561
2975,1539,1561,1556
2976,1539,1557,1538
2977,1539,1556,1557
2978,1562,1564,1563
2979,1562,1565,1564
2980,1557,1558,1565
2981,1557,1565,1562
2982,1557,1562,1538
2983,1538,1562,1545
2984,1545,1563,1544
2985,1545,1562,1563
2986,978,1566,999
2987,999,1567,998
2988,999,1566,1567
2989,1563,1564,1567
2990,1563,1567,1566
2991,1563,1566,1544
2992,1544,1566,1547
2993,1547,1566,978
2994,992,1013,1569
2995,992,1569,1568
2996,1013,1012,1569
2997,992,1568,1549
2998,1570,1572,1571
2999,1570,1573,1572
3000,1568,1569,1573
3001,1568,1573,1570
3002,1568,1570,1549
3003,1549,1570,1553
3004,1553,1571,1552
3005,1553,1570,1571
3006,1571,1572,1574
3007,1571,1574,1575
3008,1571,1575,1552
3009,1552,1575,1554
3010,1576,1578,1577
3011,1576,1579,1578
3012,1576,1580,1579
3013,1576,1581,1580
3014,1559,1560,1581
3015,1559,1581,1576
3016,1559,1577,1558
3017,1559,1576,1577
3018,1582,1584,1583
3019,1582,1585,1584
3020,1577,1578,1585
3021,1577,1585,1582
3022,1577,1582,1558
3023,1558,1582,1565
3024,1565,1583,1564
3025,1565,1582,1583
3026,998,1586,1019
3027,1019,1587,1018
3028,1019,1586,1587
3029,1583,1584,1587
3030,1583,1587,1586
3031,1583,1586,1564
3032,1564,1586,1567
3033,1567,1586,998
3034,1012,1037,1589
3035,1012,1589,1588
3036,1037,1036,1589
3037,1012,1588,1569
3038,1590,1592,1591
3039,1590,1593,1592
3040,1588,1589,1593
3041,1588,1593,1590
3042,1588,1590,1569
3043,1569,1590,1573
3044,1573,1591,1572
3045,1573,1590,1591
3046,1591,1592,1594
3047,1591,1594,1595
3048,1591,1595,1572
3049,1572,1595,1574
3050,1579,1580,1596
3051,1579,1596,1578
3052,1597,1599,1598
3053,1597,1600,1599
3054,1597,1601,1600
3055,1578,1596,1601
3056,1578,1601,1597
3057,1578,1597,1585
3058,1585,1598,1584
3059,1585,1597,1598
3060,1018,1603,1038
3061,1018,1602,1603
3062,1602,1604,1603
3063,1598,1599,1604
3064,1598,1604,1602
3065,1598,1602,1584
3066,1584,1602,1587
3067,1587,1602,1018
3068,1038,1605,1043
3069,1038,1603,1605
3070,1057,1606,1058
3071,1057,1056,1606
3072,1036,1059,1608
3073,1036,1608,1607
3074,1059,1058,1609
3075,1059,1609,1608
3076,1058,1606,1609
3077,1036,1607,1589
3078,1607,1608,1610
3079,1607,1610,1611
3080,1607,1611,1589
3081,1589,1611,1612
3082,1589,1612,1593
3083,1593,1612,1592
3084,1592,1612,1613
3085,1592,1613,1594
3086,1614,1616,1615
3087,1614,1617,1616
3088,1614,1618,1617
3089,1614,1619,1618
3090,1600,1601,1619
3091,1600,1619,1614
3092,1600,1615,1599
3093,1600,1614,1615
3094,1620,1622,1621
3095,1620,1623,1622
3096,1615,1616,1623
3097,1615,1623,1620
3098,1615,1620,1599
3099,1599,1620,1604
3100,1604,1621,1603
3101,1604,1620,1621
3102,1043,1624,1065
3103,1065,1625,1064
3104,1065,1624,1625
3105,1621,1622,1625
3106,1621,1625,1624
3107,1621,1624,1603
3108,1603,1624,1605
3109,1605,1624,1043
3110,1056,1083,1627
3111,1056,1627,1626
3112,1083,1082,1627
3113,1056,1626,1606
3114,1628,1630,1629
3115,1628,1631,1630
3116,1626,1627,1631
3117,1626,1631,1628
3118,1626,1628,1606
3119,1606,1628,1609
3120,1609,1629,1608
3121,1609,1628,1629
3122,1629,1630,1632
3123,1629,1632,1633
3124,1629,1633,1608
3125,1608,1633,1610
3126,1617,1618,1634
3127,1617,1634,1616
3128,1635,1637,1636
3129,1635,1638,1637
3130,1635,1639,1638
3131,1616,1634,1639
3132,1616,1639,1635
3133,1616,1635,1623
3134,1623,1636,1622
3135,1623,1635,1636
3136,1064,1641,1084
3137,1064,1640,1641
3138,1640,1642,1641
3139,1636,1637,1642
3140,1636,1642,1640
3141,1636,1640,1622
3142,1622,1640,1625
3143,1625,1640,1064
3144,1084,1643,1089
3145,1084,1641,1643
3146,1111,1644,1112
3147,1111,1110,1644
3148,1082,1113,1646
3149,1082,1646,1645
3150,1113,1112,1647
3151,1113,1647,1646
3152,1112,1644,1647
3153,1082,1645,1627
3154,1645,1646,1648
3155,1645,1648,1649
3156,1645,1649,1627
3157,1627,1649,1650
3158,1627,1650,1631
3159,1631,1650,1630
3160,1630,1650,1651
3161,1630,1651,1632
3162,1638,1639,1652
3163,1638,1652,1637
3164,1653,1655,1654
3165,1653,1656,1655
3166,1653,1657,1656
3167,1637,1652,1657
3168,1637,1657,1653
3169,1637,1653,1642
3170,1642,1654,1641
3171,1642,1653,1654
3172,1089,1659,1114
3173,1089,1658,1659
3174,1658,1660,1659
3175,1654,1655,1660
3176,1654,1660,1658
3177,1654,1658,1641
3178,1641,1658,1643
3179,1643,1658,1089
3180,1114,1661,1119
3181,1114,1659,1661
3182,1151,1662,1152
3183,1151,1150,1662
3184,1110,1153,1664
3185,1110,1664,1663
3186,1153,1152,1665
3187,1153,1665,1664
3188,1152,1662,1665
3189,1110,1663,1644
3190,1663,1664,1666
3191,1663,1666,1667
3192,1663,1667,1644
3193,1644,1667,1668
3194,1644,1668,1647
3195,1647,1668,1646
3196,1646,1668,1669
3197,1646,1669,1648
3198,1656,1657,1670
3199,1656,1670,1655
3200,1671,1673,1672
3201,1671,1674,1673
3202,1671,1675,1674
3203,1655,1670,1675
3204,1655,1675,1671
3205,1655,1671,1660
3206,1660,1672,1659
3207,1660,1671,1672
3208,1119,1677,1154
3209,1119,1676,1677
3210,1676,1678,1677
3211,1672,1673,1678
3212,1672,1678,1676
3213,1672,1676,1659
3214,1659,1676,1661
3215,1661,1676,1119
3216,1155,1679,1156
3217,1155,1154,1680
3218,1155,1680,1679
3219,1154,1677,1680
3220,1156,1681,1161
3221,1156,1679,1681
3222,1187,1682,1188
3223,1187,1186,1682
3224,1189,1683,1190
3225,1189,1188,1684
3226,1189,1684,1683
3227,1188,1682,1684
3228,1150,1191,1686
3229,1150,1686,1685
3230,1191,1190,1687
3231,1191,1687,1686
3232,1190,1683,1687
3233,1150,1685,1662
3234,1685,1686,1688
3235,1685,1688,1689
3236,1685,1689,1662
3237,1662,1689,1690
3238,1662,1690,1665
3239,1665,1690,1664
3240,1664,1690,1691
3241,1664,1691,1666
3242,1674,1675,1692
3243,1674,1692,1673
3244,1693,1695,1694
3245,1693,1696,1695
3246,1693,1697,1696
3247,1673,1692,1697
3248,1673,1697,1693
3249,1673,1693,1678
3250,1678,1694,1677
3251,1678,1693,1694
3252,1698,1700,1699
3253,1698,1701,1700
3254,1694,1695,1701
3255,1694,1701,1698
3256,1694,1698,1677
3257,1677,1698,1680
3258,1680,1699,1679
3259,1680,1698,1699
3260,1161,1703,1192
3261,1161,1702,1703
3262,1702,1704,1703
3263,1699,1700,1704
3264,1699,1704,1702
3265,1699,1702,1679
3266,1679,1702,1681
3267,1681,1702,1161
3268,1193,1705,1194
3269,1193,1192,1706
3270,1193,1706,1705
3271,1192,1703,1706
3272,1195,1707,1196
3273,1195,1194,1708
3274,1195,1708,1707
3275,1194,1705,1708
3276,1197,1709,1198
3277,1197,1196,1710
3278,1197,1710,1709
3279,1196,1707,1710
3280,1199,1711,1200
3281,1199,1198,1712
3282,1199,1712,1711
3283,1198,1709,1712
3284,1201,1713,1202
3285,1201,1200,1714
3286,1201,1714,1713
3287,1200,1711,1714
3288,1203,1715,1204
3289,1203,1202,1716
3290,1203,1716,1715
3291,1202,1713,1716
3292,1186,1205,1718
3293,1186,1718,1717
3294,1205,1204,1719
3295,1205,1719,1718
3296,1204,1715,1719
3297,1186,1717,1682
3298,1720,1722,1721
3299,1720,1723,1722
3300,1717,1718,1723
3301,1717,1723,1720
3302,1717,1720,1682
3303,1682,1720,1684
3304,1684,1721,1683
3305,1684,1720,1721
3306,1721,1722,1724
3307,1721,1724,1725
3308,1721,1725,1683
3309,1683,1725,1726
3310,1683,1726,1687
3311,1687,1726,1686
3312,1686,1726,1727
3313,1686,1727,1688
3314,1696,1697,1728
3315,1696,1728,1695
3316,1695,1728,1729
3317,1695,1729,1730
3318,1695,1730,1701
3319,1701,1730,1700
3320,1731,1733,1732
3321,1731,1734,1733
3322,1731,1735,1734
3323,1700,1730,1735
3324,1700,1735,1731
3325,1700,1731,1704
3326,1704,1732,1703
3327,1704,1731,1732
3328,1736,1738,1737
3329,1736,1739,1738
3330,1732,1733,1739
3331,1732,1739,1736
3332,1732,1736,1703
3333,1703,1736,1706
3334,1706,1737,1705
3335,1706,1736,1737
3336,1740,1742,1741
3337,1740,1743,1742
3338,1737,1738,1743
3339,1737,1743,1740
3340,1737,1740,1705
3341,1705,1740,1708
3342,1708,1741,1707
3343,1708,1740,1741
3344,1744,1746,1745
3345,1744,1747,1746
3346,1741,1742,1747
3347,1741,1747,1744
3348,1741,1744,1707
3349,1707,1744,1710
3350,1710,1745,1709
3351,1710,1744,1745
3352,1748,1750,1749
3353,1748,1751,1750
3354,1745,1746,1751
3355,1745,1751,1748
3356,1745,1748,1709
3357,1709,1748,1712
3358,1712,1749,1711
3359,1712,1748,1749
3360,1752,1754,1753
3361,1752,1755,1754
3362,1749,1750,1755
3363,1749,1755,1752
3364,1749,1752,1711
3365,1711,1752,1714
3366,1714,1753,1713
3367,1714,1752,1753
3368,1756,1758,1757
3369,1756,1759,1758
3370,1753,1754,1759
3371,1753,1759,1756
3372,1753,1756,1713
3373,1713,1756,1716
3374,1716,1757,1715
3375,1716,1756,1757
3376,1757,1758,1760
3377,1757,1760,1761
3378,1757,1761,1715
3379,1715,1761,1762
3380,1715,1762,1719
3381,1719,1762,1718
3382,1718,1762,1763
3383,1718,1763,1764
3384,1718,1764,1723
3385,1723,1764,1722
3386,1722,1764,1765
3387,1722,1765,1724
3388,1734,1735,1766
3389,1734,1766,1733
3390,1733,1766,1767
3391,1733,1767,1768
3392,1733,1768,1739
3393,1739,1768,1738
3394,1738,1768,1769
3395,1738,1769,1770
3396,1738,1770,1743
3397,1743,1770,1742
3398,1742,1770,1771
3399,1742,1771,1772
3400,1742,1772,1747
3401,1747,1772,1746
3402,1746,1772,1773
3403,1746,1773,1774
3404,1746,1774,1751
3405,1751,1774,1750
3406,1750,1774,1775
3407,1750,1775,1776
3408,1750,1776,1755
3409,1755,1776,1754
3410,1754,1776,1777
3411,1754,1777,1778
3412,1754,1778,1759
3413,1759,1778,1758
3414,1758,1778,1779
3415,1758,1779,1760
3416,1780,1782,1781
3417,1780,1783,1782
3418,1780,1784,1783
3419,1780,1785,1784
3420,1780,1786,1785
3421,1780,1781,1786
3422,1787,1789,1788
3423,1787,1790,1789
3424,1781,1782,1790
3425,1781,1790,1787
3426,1781,1791,1786
3427,1781,1787,1791
3428,1787,1792,1791
3429,1787,1788,1792
3430,1793,1795,1794
3431,1793,1796,1795
3432,1788,1789,1796
3433,1788,1796,1793
3434,1788,1797,1792
3435,1788,1793,1797
3436,1793,1798,1797
3437,1793,1794,1798
3438,1799,1801,1800
3439,1799,1802,1801
3440,1794,1795,1802
3441,1794,1802,1799
3442,1794,1803,1798
3443,1794,1799,1803
3444,1799,1804,1803
3445,1799,1800,1804
3446,1805,1807,1806
3447,1805,1808,1807
3448,1800,1801,1808
3449,1800,1808,1805
3450,1800,1809,1804
3451,1800,1805,1809
3452,1805,1810,1809
3453,1805,1806,1810
3454,1811,1813,1812
3455,1811,1814,1813
3456,1806,1807,1814
3457,1806,1814,1811
3458,1806,1815,1810
3459,1806,1811,1815
3460,1811,1816,1815
3461,1811,1812,1816
3462,1817,1819,1818
3463,1817,1820,1819
3464,1812,1813,1820
3465,1812,1820,1817
3466,1812,1821,1816
3467,1812,1817,1821
3468,1817,1822,1821
3469,1817,1818,1822
3470,1823,1825,1824
3471,1823,1826,1825
3472,1818,1819,1826
3473,1818,1826,1823
3474,1818,1827,1822
3475,1818,1823,1827
3476,1823,1828,1827
3477,1823,1824,1828
3478,1829,1831,1830
3479,1829,1832,1831
3480,1824,1825,1832
3481,1824,1832,1829
3482,1824,1833,1828
3483,1824,1829,1833
3484,1829,1834,1833
3485,1829,1830,1834
3486,1830,1831,1835
3487,1830,1835,1834
3488,1836,1838,1837
3489,1836,1839,1838
3490,1836,1840,1839
3491,1836,1841,1840
3492,1836,1842,1841
3493,1836,1837,1842
3494,1843,1845,1844
3495,1843,1846,1845
3496,1837,1838,1846
3497,1837,1846,1843
3498,1837,1847,1842
3499,1837,1843,1847
3500,1843,1848,1847
3501,1843,1844,1848
3502,1849,1851,1850
3503,1849,1852,1851
3504,1844,1845,1852
3505,1844,1852,1849
3506,1844,1853,1848
3507,1844,1849,1853
3508,1783,1784,1853
3509,1783,1853,1849
3510,1783,1850,1782
3511,1783,1849,1850
3512,1211,1212,1855
3513,1211,1855,1854
3514,1211,1856,1210
3515,1211,1854,1856
3516,1850,1851,1856
3517,1850,1856,1854
3518,1850,1854,1782
3519,1782,1854,1790
3520,1790,1855,1789
3521,1790,1854,1855
3522,1217,1218,1858
3523,1217,1858,1857
3524,1217,1857,1212
3525,1212,1857,1855
3526,1855,1857,1789
3527,1789,1857,1796
3528,1796,1858,1795
3529,1796,1857,1858
3530,1223,1224,1860
3531,1223,1860,1859
3532,1223,1859,1218
3533,1218,1859,1858
3534,1858,1859,1795
3535,1795,1859,1802
3536,1802,1860,1801
3537,1802,1859,1860
3538,1229,1230,1862
3539,1229,1862,1861
3540,1229,1861,1224
3541,1224,1861,1860
3542,1860,1861,1801
3543,1801,1861,1808
3544,1808,1862,1807
3545,1808,1861,1862
3546,1235,1236,1864
3547,1235,1864,1863
3548,1235,1863,1230
3549,1230,1863,1862
3550,1862,1863,1807
3551,1807,1863,1814
3552,1814,1864,1813
3553,1814,1863,1864
3554,1241,1242,1866
3555,1241,1866,1865
3556,1241,1865,1236
3557,1236,1865,1864
3558,1864,1865,1813
3559,1813,1865,1820
3560,1820,1866,1819
3561,1820,1865,1866
3562,1247,1248,1868
3563,1247,1868,1867
3564,1247,1867,1242
3565,1242,1867,1866
3566,1866,1867,1819
3567,1819,1867,1826
3568,1826,1868,1825
3569,1826,1867,1868
3570,1869,1871,1870
3571,1248,1249,1871
3572,1248,1871,1869
3573,1248,1869,1868
3574,1868,1869,1825
3575,1825,1869,1832
3576,1832,1870,1831
3577,1832,1869,1870
3578,1872,1874,1873
3579,1872,1875,1874
3580,1870,1871,1875
3581,1870,1875,1872
3582,1870,1872,1831
3583,1831,1876,1835
3584,1831,1872,1876
3585,1872,1873,1876
3586,1877,1879,1878
3587,1877,1880,1879
3588,1873,1874,1880
3589,1873,1880,1877
3590,1873,1881,1876
3591,1873,1877,1881
3592,1877,1882,1881
3593,1877,1878,1882
3594,1878,1879,1883
3595,1878,1883,1882
3596,1884,1886,1885
3597,1884,1887,1886
3598,1884,1888,1887
3599,1884,1889,1888
3600,1884,1890,1889
3601,1884,1885,1890
3602,1891,1893,1892
3603,1891,1894,1893
3604,1885,1886,1894
3605,1885,1894,1891
3606,1885,1895,1890
3607,1885,1891,1895
3608,1839,1840,1895
3609,1839,1895,1891
3610,1839,1892,1838
3611,1839,1891,1892
3612,1255,1256,1897
3613,1255,1897,1896
3614,1255,1898,1254
3615,1255,1896,1898
3616,1892,1893,1898
3617,1892,1898,1896
3618,1892,1896,1838
3619,1838,1896,1846
3620,1846,1897,1845
3621,1846,1896,1897
3622,1261,1262,1900
3623,1261,1900,1899
3624,1261,1899,1256
3625,1256,1899,1897
3626,1897,1899,1845
3627,1845,1899,1852
3628,1852,1900,1851
3629,1852,1899,1900
3630,1210,1901,1267
3631,1267,1901,1262
3632,1262,1901,1900
3633,1900,1901,1851
3634,1851,1901,1856
3635,1856,1901,1210
3636,1249,1296,1902
3637,1249,1902,1871
3638,1301,1302,1904
3639,1301,1904,1903
3640,1301,1903,1296
3641,1296,1903,1902
3642,1902,1903,1871
3643,1871,1903,1875
3644,1875,1904,1874
3645,1875,1903,1904
3646,1905,1907,1906
3647,1302,1303,1907
3648,1302,1907,1905
3649,1302,1905,1904
3650,1904,1905,1874
3651,1874,1905,1880
3652,1880,1906,1879
3653,1880,1905,1906
3654,1908,1910,1909
3655,1908,1911,1910
3656,1906,1907,1911
3657,1906,1911,1908
3658,1906,1908,1879
3659,1879,1912,1883
3660,1879,1908,1912
3661,1908,1909,1912
3662,1909,1910,1913
3663,1909,1913,1912
3664,1914,1916,1915
3665,1914,1917,1916
3666,1914,1918,1917
3667,1914,1919,1918
3668,1914,1920,1919
3669,1914,1915,1920
3670,1921,1923,1922
3671,1921,1924,1923
3672,1915,1916,1924
3673,1915,1924,1921
3674,1915,1925,1920
3675,1915,1921,1925
3676,1887,1888,1925
3677,1887,1925,1921
3678,1887,1922,1886
3679,1887,1921,1922
3680,1309,1310,1927
3681,1309,1927,1926
3682,1309,1928,1308
3683,1309,1926,1928
3684,1922,1923,1928
3685,1922,1928,1926
3686,1922,1926,1886
3687,1886,1926,1894
3688,1894,1927,1893
3689,1894,1926,1927
3690,1254,1929,1315
3691,1315,1929,1310
3692,1310,1929,1927
3693,1927,1929,1893
3694,1893,1929,1898
3695,1898,1929,1254
3696,1303,1346,1930
3697,1303,1930,1907
3698,1931,1933,1932
3699,1346,1347,1933
3700,1346,1933,1931
3701,1346,1931,1930
3702,1930,1931,1907
3703,1907,1931,1911
3704,1911,1932,1910
3705,1911,1931,1932
3706,1934,1936,1935
3707,1934,1937,1936
3708,1932,1933,1937
3709,1932,1937,1934
3710,1932,1934,1910
3711,1910,1938,1913
3712,1910,1934,1938
3713,1934,1935,1938
3714,1935,1936,1939
3715,1935,1939,1938
3716,1940,1942,1941
3717,1940,1943,1942
3718,1940,1944,1943
3719,1940,1945,1944
3720,1940,1946,1945
3721,1940,1941,1946
3722,1947,1949,1948
3723,1947,1950,1949
3724,1941,1942,1950
3725,1941,1950,1947
3726,1941,1951,1946
3727,1941,1947,1951
3728,1917,1918,1951
3729,1917,1951,1947
3730,1917,1948,1916
3731,1917,1947,1948
3732,1353,1354,1953
3733,1353,1953,1952
3734,1353,1954,1352
3735,1353,1952,1954
3736,1948,1949,1954
3737,1948,1954,1952
3738,1948,1952,1916
3739,1916,1952,1924
3740,1924,1953,1923
3741,1924,1952,1953
3742,1308,1955,1359
3743,1359,1955,1354
3744,1354,1955,1953
3745,1953,1955,1923
3746,1923,1955,1928
3747,1928,1955,1308
3748,1347,1376,1956
3749,1347,1956,1933
3750,1957,1959,1958
3751,1376,1377,1959
3752,1376,1959,1957
3753,1376,1957,1956
3754,1956,1957,1933
3755,1933,1957,1937
3756,1937,1958,1936
3757,1937,1957,1958
3758,1960,1962,1961
3759,1960,1963,1962
3760,1958,1959,1963
3761,1958,1963,1960
3762,1958,1960,1936
3763,1936,1964,1939
3764,1936,1960,1964
3765,1960,1961,1964
3766,1961,1962,1965
3767,1961,1965,1964
3768,1966,1968,1967
3769,1966,1969,1968
3770,1966,1970,1969
3771,1966,1971,1970
3772,1966,1972,1971
3773,1966,1967,1972
3774,1973,1975,1974
3775,1973,1976,1975
3776,1967,1968,1976
3777,1967,1976,1973
3778,1967,1977,1972
3779,1967,1973,1977
3780,1943,1944,1977
3781,1943,1977,1973
3782,1943,1974,1942
3783,1943,1973,1974
3784,1383,1384,1979
3785,1383,1979,1978
3786,1383,1980,1382
3787,1383,1978,1980
3788,1974,1975,1980
3789,1974,1980,1978
3790,1974,1978,1942
3791,1942,1978,1950
3792,1950,1979,1949
3793,1950,1978,1979
3794,1352,1981,1389
3795,1389,1981,1384
3796,1384,1981,1979
3797,1979,1981,1949
3798,1949,1981,1954
3799,1954,1981,1352
3800,1377,1402,1982
3801,1377,1982,1959
3802,1983,1985,1984
3803,1402,1403,1985
3804,1402,1985,1983
3805,1402,1983,1982
3806,1982,1983,1959
3807,1959,1983,1963
3808,1963,1984,1962
3809,1963,1983,1984
3810,1986,1988,1987
3811,1986,1989,1988
3812,1984,1985,1989
3813,1984,1989,1986
3814,1984,1986,1962
3815,1962,1990,1965
3816,1962,1986,1990
3817,1986,1987,1990
3818,1987,1988,1991
3819,1987,1991,1990
3820,1992,1994,1993
3821,1992,1995,1994
3822,1992,1996,1995
3823,1992,1997,1996
3824,1969,1970,1997
3825,1969,1997,1992
3826,1969,1993,1968
3827,1969,1992,1993
3828,1409,1410,1999
3829,1409,1999,1998
3830,1409,2000,1408
3831,1409,1998,2000
3832,1993,1994,2000
3833,1993,2000,1998
3834,1993,1998,1968
3835,1968,1998,1976
3836,1976,1999,1975
3837,1976,1998,1999
3838,1382,2001,1415
3839,1415,2001,1410
3840,1410,2001,1999
3841,1999,2001,1975
3842,1975,2001,1980
3843,1980,2001,1382
3844,1403,1428,2002
3845,1403,2002,1985
3846,2003,2005,2004
3847,1428,1429,2005
3848,1428,2005,2003
3849,1428,2003,2002
3850,2002,2003,1985
3851,1985,2003,1989
3852,1989,2004,1988
3853,1989,2003,2004
3854,2004,2005,2006
3855,2004,2006,2007
3856,2004,2007,1988
3857,1988,2007,1991
3858,2008,2010,2009
3859,2008,2011,2010
3860,2008,2012,2011
3861,2008,2013,2012
3862,2008,2014,2013
3863,2008,2009,2014
3864,2015,2017,2016
3865,2015,2018,2017
3866,2009,2010,2018
3867,2009,2018,2015
3868,2009,2019,2014
3869,2009,2015,2019
3870,1995,1996,2019
3871,1995,2019,2015
3872,1995,2016,1994
3873,1995,2015,2016
3874,1408,2020,1435
3875,1435,2021,1434
3876,1435,2020,2021
3877,2016,2017,2021
3878,2016,2021,2020
3879,2016,2020,1994
3880,1994,2020,2000
3881,2000,2020,1408
3882,1429,1449,2023
3883,1429,2023,2022
3884,1449,1448,2023
3885,1429,2022,2005
3886,2024,2026,2025
3887,2024,2027,2026
3888,2022,2023,2027
3889,2022,2027,2024
3890,2022,2024,2005
3891,2005,2028,2006
3892,2005,2024,2028
3893,2024,2025,2028
3894,2025,2026,2029
3895,2025,2029,2028
3896,2030,2032,2031
3897,2030,2033,2032
3898,2030,2034,2033
3899,2030,2035,2034
3900,2011,2012,2035
3901,2011,2035,2030
3902,2011,2031,2010
3903,2011,2030,2031
3904,1455,1456,2037
3905,1455,2037,2036
3906,1455,2038,1454
3907,1455,2036,2038
3908,2031,2032,2038
3909,2031,2038,2036
3910,2031,2036,2010
3911,2010,2036,2018
3912,2018,2037,2017
3913,2018,2036,2037
3914,1434,2039,1461
3915,1461,2039,1456
3916,1456,2039,2037
3917,2037,2039,2017
3918,2017,2039,2021
3919,2021,2039,1434
3920,1448,1474,2040
3921,1448,2040,2023
3922,2041,2043,2042
3923,1474,1475,2043
3924,1474,2043,2041
3925,1474,2041,2040
3926,2040,2041,2023
3927,2023,2041,2027
3928,2027,2042,2026
3929,2027,2041,2042
3930,2042,2043,2044
3931,2042,2044,2045
3932,2042,2045,2026
3933,2026,2045,2029
3934,2046,2048,2047
3935,2046,2049,2048
3936,2046,2050,2049
3937,2046,2051,2050
3938,2033,2034,2051
3939,2033,2051,2046
3940,2033,2047,2032
3941,2033,2046,2047
3942,1454,2052,1481
3943,1481,2053,1480
3944,1481,2052,2053
3945,2047,2048,2053
3946,2047,2053,2052
3947,2047,2052,2032
3948,2032,2052,2038
3949,2038,2052,1454
3950,1475,1495,2055
3951,1475,2055,2054
3952,1495,1494,2055
3953,1475,2054,2043
3954,2054,2055,2056
3955,2054,2056,2057
3956,2054,2057,2043
3957,2043,2057,2044
3958,2058,2060,2059
3959,2058,2061,2060
3960,2058,2062,2061
3961,2058,2063,2062
3962,2049,2050,2063
3963,2049,2063,2058
3964,2049,2059,2048
3965,2049,2058,2059
3966,1480,2064,1501
3967,1501,2065,1500
3968,1501,2064,2065
3969,2059,2060,2065
3970,2059,2065,2064
3971,2059,2064,2048
3972,2048,2064,2053
3973,2053,2064,1480
3974,1494,1515,2067
3975,1494,2067,2066
3976,1515,1514,2067
3977,1494,2066,2055
3978,2066,2067,2068
3979,2066,2068,2069
3980,2066,2069,2055
3981,2055,2069,2056
3982,2070,2072,2071
3983,2070,2073,2072
3984,2070,2074,2073
3985,2070,2075,2074
3986,2061,2062,2075
3987,2061,2075,2070
3988,2061,2071,2060
3989,2061,2070,2071
3990,1500,2076,1521
3991,1521,2077,1520
3992,1521,2076,2077
3993,2071,2072,2077
3994,2071,2077,2076
3995,2071,2076,2060
3996,2060,2076,2065
3997,2065,2076,1500
3998,1514,1535,2079
3999,1514,2079,2078
4000,1535,1534,2079
4001,1514,2078,2067
4002,2078,2079,2080
4003,2078,2080,2081
4004,2078,2081,2067
4005,2067,2081,2068
4006,2082,2084,2083
4007,2082,2085,2084
4008,2082,2086,2085
4009,2082,2087,2086
4010,2073,2074,2087
4011,2073,2087,2082
4012,2073,2083,2072
4013,2073,2082,2083
4014,1520,2088,1541
4015,1541,2089,1540
4016,1541,2088,2089
4017,2083,2084,2089
4018,2083,2089,2088
4019,2083,2088,2072
4020,2072,2088,2077
4021,2077,2088,1520
4022,1534,1555,2091
4023,1534,2091,2090
4024,1555,1554,2091
4025,1534,2090,2079
4026,2090,2091,2092
4027,2090,2092,2093
4028,2090,2093,2079
4029,2079,2093,2080
4030,2094,2096,2095
4031,2094,2097,2096
4032,2094,2098,2097
4033,2094,2099,2098
4034,2085,2086,2099
4035,2085,2099,2094
4036,2085,2095,2084
4037,2085,2094,2095
4038,1540,2100,1561
4039,1561,2101,1560
4040,1561,2100,2101
4041,2095,2096,2101
4042,2095,2101,2100
4043,2095,2100,2084
4044,2084,2100,2089
4045,2089,2100,1540
4046,1554,1575,2103
4047,1554,2103,2102
4048,1575,1574,2103
4049,1554,2102,2091
4050,2102,2103,2104
4051,2102,2104,2105
4052,2102,2105,2091
4053,2091,2105,2092
4054,2106,2108,2107
4055,2106,2109,2108
4056,2106,2110,2109
4057,2106,2111,2110
4058,2097,2098,2111
4059,2097,2111,2106
4060,2097,2107,2096
4061,2097,2106,2107
4062,1560,2112,1581
4063,1581,2113,1580
4064,1581,2112,2113
4065,2107,2108,2113
4066,2107,2113,2112
4067,2107,2112,2096
4068,2096,2112,2101
4069,2101,2112,1560
4070,1574,1595,2115
4071,1574,2115,2114
4072,1595,1594,2115
4073,1574,2114,2103
4074,2114,2115,2116
4075,2114,2116,2117
4076,2114,2117,2103
4077,2103,2117,2104
4078,2118,2120,2119
4079,2118,2121,2120
4080,2118,2122,2121
4081,2118,2123,2122
4082,2109,2110,2123
4083,2109,2123,2118
4084,2109,2119,2108
4085,2109,2118,2119
4086,1580,2125,1596
4087,1580,2124,2125
4088,2124,2126,2125
4089,2119,2120,2126
4090,2119,2126,2124
4091,2119,2124,2108
4092,2108,2124,2113
4093,2113,2124,1580
4094,1596,2127,1601
4095,1596,2125,2127
4096,1611,2128,1612
4097,1611,1610,2128
4098,1594,1613,2130
4099,1594,2130,2129
4100,1613,1612,2131
4101,1613,2131,2130
4102,1612,2128,2131
4103,1594,2129,2115
4104,2129,2130,2132
4105,2129,2132,2133
4106,2129,2133,2115
4107,2115,2133,2116
4108,2121,2122,2134
4109,2121,2134,2120
4110,2135,2137,2136
4111,2135,2138,2137
4112,2135,2139,2138
4113,2120,2134,2139
4114,2120,2139,2135
4115,2120,2135,2126
4116,2126,2136,2125
4117,2126,2135,2136
4118,1601,2140,1619
4119,1619,2141,1618
4120,1619,2140,2141
4121,2136,2137,2141
4122,2136,2141,2140
4123,2136,2140,2125
4124,2125,2140,2127
4125,2127,2140,1601
4126,1610,1633,2143
4127,1610,2143,2142
4128,1633,1632,2143
4129,1610,2142,2128
4130,2142,2143,2144
4131,2142,2144,2145
4132,2142,2145,2128
4133,2128,2145,2146
4134,2128,2146,2131
4135,2131,2146,2130
4136,2130,2146,2147
4137,2130,2147,2132
4138,2148,2150,2149
4139,2148,2151,2150
4140,2148,2152,2151
4141,2148,2153,2152
4142,2138,2139,2153
4143,2138,2153,2148
4144,2138,2149,2137
4145,2138,2148,2149
4146,1618,2155,1634
4147,1618,2154,2155
4148,2154,2156,2155
4149,2149,2150,2156
4150,2149,2156,2154
4151,2149,2154,2137
4152,2137,2154,2141
4153,2141,2154,1618
4154,1634,2157,1639
4155,1634,2155,2157
4156,1649,2158,1650
4157,1649,1648,2158
4158,1632,1651,2160
4159,1632,2160,2159
4160,1651,1650,2161
4161,1651,2161,2160
4162,1650,2158,2161
4163,1632,2159,2143
4164,2159,2160,2162
4165,2159,2162,2163
4166,2159,2163,2143
4167,2143,2163,2144
4168,2151,2152,2164
4169,2151,2164,2150
4170,2165,2167,2166
4171,2165,2168,2167
4172,2165,2169,2168
4173,2150,2164,2169
4174,2150,2169,2165
4175,2150,2165,2156
4176,2156,2166,2155
4177,2156,2165,2166
4178,1639,2171,1652
4179,1639,2170,2171
4180,2170,2172,2171
4181,2166,2167,2172
4182,2166,2172,2170
4183,2166,2170,2155
4184,2155,2170,2157
4185,2157,2170,1639
4186,1652,2173,1657
4187,1652,2171,2173
4188,1667,2174,1668
4189,1667,1666,2174
4190,1648,1669,2176
4191,1648,2176,2175
4192,1669,1668,2177
4193,1669,2177,2176
4194,1668,2174,2177
4195,1648,2175,2158
4196,2175,2176,2178
4197,2175,2178,2179
4198,2175,2179,2158
4199,2158,2179,2180
4200,2158,2180,2161
4201,2161,2180,2160
4202,2160,2180,2181
4203,2160,2181,2162
4204,2168,2169,2182
4205,2168,2182,2167
4206,2183,2185,2184
4207,2183,2186,2185
4208,2183,2187,2186
4209,2167,2182,2187
4210,2167,2187,2183
4211,2167,2183,2172
4212,2172,2184,2171
4213,2172,2183,2184
4214,1657,2189,1670
4215,1657,2188,2189
4216,2188,2190,2189
4217,2184,2185,2190
4218,2184,2190,2188
4219,2184,2188,2171
4220,2171,2188,2173
4221,2173,2188,1657
4222,1670,2191,1675
4223,1670,2189,2191
4224,1689,2192,1690
4225,1689,1688,2192
4226,1666,1691,2194
4227,1666,2194,2193
4228,1691,1690,2195
4229,1691,2195,2194
4230,1690,2192,2195
4231,1666,2193,2174
4232,2193,2194,2196
4233,2193,2196,2197
4234,2193,2197,2174
4235,2174,2197,2198
4236,2174,2198,2177
4237,2177,2198,2176
4238,2176,2198,2199
4239,2176,2199,2178
4240,2186,2187,2200
4241,2186,2200,2185
4242,2201,2203,2202
4243,2201,2204,2203
4244,2201,2205,2204
4245,2185,2200,2205
4246,2185,2205,2201
4247,2185,2201,2190
4248,2190,2202,2189
4249,2190,2201,2202
4250,1675,2207,1692
4251,1675,2206,2207
4252,2206,2208,2207
4253,2202,2203,2208
4254,2202,2208,2206
4255,2202,2206,2189
4256,2189,2206,2191
4257,2191,2206,1675
4258,1692,2209,1697
4259,1692,2207,2209
4260,1725,2210,1726
4261,1725,1724,2210
4262,1688,1727,2212
4263,1688,2212,2211
4264,1727,1726,2213
4265,1727,2213,2212
4266,1726,2210,2213
4267,1688,2211,2192
4268,2211,2212,2214
4269,2211,2214,2215
4270,2211,2215,2192
4271,2192,2215,2216
4272,2192,2216,2195
4273,2195,2216,2194
4274,2194,2216,2217
4275,2194,2217,2196
4276,2204,2205,2218
4277,2204,2218,2203
4278,2219,2221,2220
4279,2219,2222,2221
4280,2219,2223,2222
4281,2203,2218,2223
4282,2203,2223,2219
4283,2203,2219,2208
4284,2208,2220,2207
4285,2208,2219,2220
4286,1697,2225,1728
4287,1697,2224,2225
4288,2224,2226,2225
4289,2220,2221,2226
4290,2220,2226,2224
4291,2220,2224,2207
4292,2207,2224,2209
4293,2209,2224,1697
4294,1729,2227,1730
4295,1729,1728,2228
4296,1729,2228,2227
4297,1728,2225,2228
4298,1730,2229,1735
4299,1730,2227,2229
4300,1761,2230,1762
4301,1761,1760,2230
4302,1763,2231,1764
4303,1763,1762,2232
4304,1763,2232,2231
4305,1762,2230,2232
4306,1724,1765,2234
4307,1724,2234,2233
4308,1765,1764,2235
4309,1765,2235,2234
4310,1764,2231,2235
4311,1724,2233,2210
4312,2233,2234,2236
4313,2233,2236,2237
4314,2233,2237,2210
4315,2210,2237,2238
4316,2210,2238,2213
4317,2213,2238,2212
4318,2212,2238,2239
4319,2212,2239,2214
4320,2222,2223,2240
4321,2222,2240,2221
4322,2221,2240,2241
4323,2221,2241,2242
4324,2221,2242,2226
4325,2226,2242,2225
4326,2243,2245,2244
4327,2243,2246,2245
4328,2243,2247,2246
4329,2225,2242,2247
4330,2225,2247,2243
4331,2225,2243,2228
4332,2228,2244,2227
4333,2228,2243,2244
4334,1735,2249,1766
4335,1735,2248,2249
4336,2248,2250,2249
4337,2244,2245,2250
4338,2244,2250,2248
4339,2244,2248,2227
4340,2227,2248,2229
4341,2229,2248,1735
4342,1767,2251,1768
4343,1767,1766,2252
4344,1767,2252,2251
4345,1766,2249,2252
4346,1769,2253,1770
4347,1769,1768,2254
4348,1769,2254,2253
4349,1768,2251,2254
4350,1771,2255,1772
4351,1771,1770,2256
4352,1771,2256,2255
4353,1770,2253,2256
4354,1773,2257,1774
4355,1773,1772,2258
4356,1773,2258,2257
4357,1772,2255,2258
4358,1775,2259,1776
4359,1775,1774,2260
4360,1775,2260,2259
4361,1774,2257,2260
4362,1777,2261,1778
4363,1777,1776,2262
4364,1777,2262,2261
4365,1776,2259,2262
4366,1760,1779,2264
4367,1760,2264,2263
4368,1779,1778,2265
4369,1779,2265,2264
4370,1778,2261,2265
4371,1760,2263,2230
4372,2263,2264,2266
4373,2263,2266,2267
4374,2263,2267,2230
4375,2230,2267,2268
4376,2230,2268,2232
4377,2232,2268,2231
4378,2231,2268,2269
4379,2231,2269,2270
4380,2231,2270,2235
4381,2235,2270,2234
4382,2234,2270,2271
4383,2234,2271,2236
4384,2246,2247,2272
4385,2246,2272,2245
4386,2245,2272,2273
4387,2245,2273,2274
4388,2245,2274,2250
4389,2250,2274,2249
4390,2249,2274,2275
4391,2249,2275,2276
4392,2249,2276,2252
4393,2252,2276,2251
4394,2251,2276,2277
4395,2251,2277,2278
4396,2251,2278,2254
4397,2254,2278,2253
4398,2253,2278,2279
4399,2253,2279,2280
4400,2253,2280,2256
4401,2256,2280,2255
4402,2255,2280,2281
4403,2255,2281,2282
4404,2255,2282,2258
4405,2258,2282,2257
4406,2257,2282,2283
4407,2257,2283,2284
4408,2257,2284,2260
4409,2260,2284,2259
4410,2259,2284,2285
4411,2259,2285,2286
4412,2259,2286,2262
4413,2262,2286,2261
4414,2261,2286,2287
4415,2261,2287,2288
4416,2261,2288,2265
4417,2265,2288,2264
4418,2264,2288,2289
4419,2264,2289,2266
4420,2290,2292,2291
4421,2290,2293,2292
4422,2290,2294,2293
4423,2290,2295,2294
4424,2290,2296,2295
4425,2290,2291,2296
4426,2297,2299,2298
4427,2297,2300,2299
4428,2291,2292,2300
4429,2291,2300,2297
4430,2291,2301,2296
4431,2291,2297,2301
4432,2297,2302,2301
4433,2297,2298,2302
4434,2303,2305,2304
4435,2303,2306,2305
4436,2298,2299,2306
4437,2298,2306,2303
4438,2298,2307,2302
4439,2298,2303,2307
4440,2303,2308,2307
4441,2303,2304,2308
4442,2304,2305,2309
4443,2304,2309,2308
4444,2310,2312,2311
4445,2310,2313,2312
4446,2310,2314,2313
4447,2310,2315,2314
4448,2310,2316,2315
4449,2310,2311,2316
4450,2317,2319,2318
4451,2317,2320,2319
4452,2311,2312,2320
4453,2311,2320,2317
4454,2311,2321,2316
4455,2311,2317,2321
4456,2317,2322,2321
4457,2317,2318,2322
4458,2323,2325,2324
4459,2323,2326,2325
4460,2318,2319,2326
4461,2318,2326,2323
4462,2318,2327,2322
4463,2318,2323,2327
4464,2323,2328,2327
4465,2323,2324,2328
4466,2329,2331,2330
4467,2329,2332,2331
4468,2324,2325,2332
4469,2324,2332,2329
4470,2324,2333,2328
4471,2324,2329,2333
4472,2329,2334,2333
4473,2329,2330,2334
4474,2335,2337,2336
4475,2335,2338,2337
4476,2330,2331,2338
4477,2330,2338,2335
4478,2330,2339,2334
4479,2330,2335,2339
4480,2293,2294,2339
4481,2293,2339,2335
4482,2293,2336,2292
4483,2293,2335,2336
4484,2340,2342,2341
4485,2340,2343,2342
4486,2336,2337,2343
4487,2336,2343,2340
4488,2336,2340,2292
4489,2292,2340,2300
4490,2300,2341,2299
4491,2300,2340,2341
4492,2344,2346,2345
4493,2344,2347,2346
4494,2341,2342,2347
4495,2341,2347,2344
4496,2341,2344,2299
4497,2299,2344,2306
4498,2306,2345,2305
4499,2306,2344,2345
4500,2348,2350,2349
4501,2348,2351,2350
4502,2345,2346,2351
4503,2345,2351,2348
4504,2345,2348,2305
4505,2305,2352,2309
4506,2305,2348,2352
4507,2348,2349,2352
4508,2353,2355,2354
4509,2353,2356,2355
4510,2349,2350,2356
4511,2349,2356,2353
4512,2349,2357,2352
4513,2349,2353,2357
4514,2353,2358,2357
4515,2353,2354,2358
4516,2359,2361,2360
4517,2359,2362,2361
4518,2354,2355,2362
4519,2354,2362,2359
4520,2354,2363,2358
4521,2354,2359,2363
4522,2359,2364,2363
4523,2359,2360,2364
4524,2365,2367,2366
4525,2365,2368,2367
4526,2360,2361,2368
4527,2360,2368,2365
4528,2360,2369,2364
4529,2360,2365,2369
4530,2365,2370,2369
4531,2365,2366,2370
4532,2366,2367,2371
4533,2366,2371,2370
4534,2372,2374,2373
4535,2372,2375,2374
4536,2372,2376,2375
4537,2372,2377,2376
4538,2372,2378,2377
4539,2372,2373,2378
4540,2379,2381,2380
4541,2379,2382,2381
4542,2373,2374,2382
4543,2373,2382,2379
4544,2373,2383,2378
4545,2373,2379,2383
4546,2379,2384,2383
4547,2379,2380,2384
4548,2385,2387,2386
4549,2385,2388,2387
4550,2380,2381,2388
4551,2380,2388,2385
4552,2380,2389,2384
4553,2380,2385,2389
4554,2313,2314,2389
4555,2313,2389,2385
4556,2313,2386,2312
4557,2313,2385,2386
4558,1785,1786,2391
4559,1785,2391,2390
4560,1785,2392,1784
4561,1785,2390,2392
4562,2386,2387,2392
4563,2386,2392,2390
4564,2386,2390,2312
4565,2312,2390,2320
4566,2320,2391,2319
4567,2320,2390,2391
4568,1791,1792,2394
4569,1791,2394,2393
4570,1791,2393,1786
4571,1786,2393,2391
4572,2391,2393,2319
4573,2319,2393,2326
4574,2326,2394,2325
4575,2326,2393,2394
4576,1797,1798,2396
4577,1797,2396,2395
4578,1797,2395,1792
4579,1792,2395,2394
4580,2394,2395,2325
4581,2325,2395,2332
4582,2332,2396,2331
4583,2332,2395,2396
4584,1803,1804,2398
4585,1803,2398,2397
4586,1803,2397,1798
4587,1798,2397,2396
4588,2396,2397,2331
4589,2331,2397,2338
4590,2338,2398,2337
4591,2338,2397,2398
4592,1809,1810,2400
4593,1809,2400,2399
4594,1809,2399,1804
4595,1804,2399,2398
4596,2398,2399,2337
4597,2337,2399,2343
4598,2343,2400,2342
4599,2343,2399,2400
4600,1815,1816,2402
4601,1815,2402,2401
4602,1815,2401,1810
4603,1810,2401,2400
4604,2400,2401,2342
4605,2342,2401,2347
4606,2347,2402,2346
4607,2347,2401,2402
4608,1821,1822,2404
4609,1821,2404,2403
4610,1821,2403,1816
4611,1816,2403,2402
4612,2402,2403,2346
4613,2346,2403,2351
4614,2351,2404,2350
4615,2351,2403,2404
4616,1827,1828,2406
4617,1827,2406,2405
4618,1827,2405,1822
4619,1822,2405,2404
4620,2404,2405,2350
4621,2350,2405,2356
4622,2356,2406,2355
4623,2356,2405,2406
4624,1833,1834,2408
4625,1833,2408,2407
4626,1833,2407,1828
4627,1828,2407,2406
4628,2406,2407,2355
4629,2355,2407,2362
4630,2362,2408,2361
4631,2362,2407,2408
4632,2409,2411,2410
4633,1834,1835,2411
4634,1834,2411,2409
4635,1834,2409,2408
4636,2408,2409,2361
4637,2361,2409,2368
4638,2368,2410,2367
4639,2368,2409,2410
4640,2412,2414,2413
4641,2412,2415,2414
4642,2410,2411,2415
4643,2410,2415,2412
4644,2410,2412,2367
4645,2367,2416,2371
4646,2367,2412,2416
4647,2412,2413,2416
4648,2417,2419,2418
4649,2417,2420,2419
4650,2413,2414,2420
4651,2413,2420,2417
4652,2413,2421,2416
4653,2413,2417,2421
4654,2417,2422,2421
4655,2417,2418,2422
4656,2418,2419,2423
4657,2418,2423,2422
4658,2424,2426,2425
4659,2424,2427,2426
4660,2424,2428,2427
4661,2424,2429,2428
4662,2424,2430,2429
4663,2424,2425,2430
4664,2431,2433,2432
4665,2431,2434,2433
4666,2425,2426,2434
4667,2425,2434,2431
4668,2425,2435,2430
4669,2425,2431,2435
4670,2375,2376,2435
4671,2375,2435,2431
4672,2375,2432,2374
4673,2375,2431,2432
4674,1841,1842,2437
4675,1841,2437,2436
4676,1841,2438,1840
4677,1841,2436,2438
4678,2432,2433,2438
4679,2432,2438,2436
4680,2432,2436,2374
4681,2374,2436,2382
4682,2382,2437,2381
4683,2382,2436,2437
4684,1847,1848,2440
4685,1847,2440,2439
4686,1847,2439,1842
4687,1842,2439,2437
4688,2437,2439,2381
4689,2381,2439,2388
4690,2388,2440,2387
4691,2388,2439,2440
4692,1784,2441,1853
4693,1853,2441,1848
4694,1848,2441,2440
4695,2440,2441,2387
4696,2387,2441,2392
4697,2392,2441,1784
4698,1835,1876,2442
4699,1835,2442,2411
4700,1881,1882,2444
4701,1881,2444,2443
4702,1881,2443,1876
4703,1876,2443,2442
4704,2442,2443,2411
4705,2411,2443,2415
4706,2415,2444,2414
4707,2415,2443,2444
4708,2445,2447,2446
4709,1882,1883,2447
4710,1882,2447,2445
4711,1882,2445,2444
4712,2444,2445,2414
4713,2414,2445,2420
4714,2420,2446,2419
4715,2420,2445,2446
4716,2448,2450,2449
4717,2448,2451,2450
4718,2446,2447,2451
4719,2446,2451,2448
4720,2446,2448,2419
4721,2419,2452,2423
4722,2419,2448,2452
4723,2448,2449,2452
4724,2449,2450,2453
4725,2449,2453,2452
4726,2454,2456,2455
4727,2454,2457,2456
4728,2454,2458,2457
4729,2454,2459,2458
4730,2454,2460,2459
4731,2454,2455,2460
4732,2461,2463,2462
4733,2461,2464,2463
4734,2455,2456,2464
4735,2455,2464,2461
4736,2455,2465,2460
4737,2455,2461,2465
4738,2427,2428,2465
4739,2427,2465,2461
4740,2427,2462,2426
4741,2427,2461,2462
4742,1889,1890,2467
4743,1889,2467,2466
4744,1889,2468,1888
4745,1889,2466,2468
4746,2462,2463,2468
4747,2462,2468,2466
4748,2462,2466,2426
4749,2426,2466,2434
4750,2434,2467,2433
4751,2434,2466,2467
4752,1840,2469,1895
4753,1895,2469,1890
4754,1890,2469,2467
4755,2467,2469,2433
4756,2433,2469,2438
4757,2438,2469,1840
4758,1883,1912,2470
4759,1883,2470,2447
4760,2471,2473,2472
4761,1912,1913,2473
4762,1912,2473,2471
4763,1912,2471,2470
4764,2470,2471,2447
4765,2447,2471,2451
4766,2451,2472,2450
4767,2451,2471,2472
4768,2474,2476,2475
4769,2474,2477,2476
4770,2472,2473,2477
4771,2472,2477,2474
4772,2472,2474,2450
4773,2450,2478,2453
4774,2450,2474,2478
4775,2474,2475,2478
4776,2475,2476,2479
4777,2475,2479,2478
4778,2480,2482,2481
4779,2480,2483,2482
4780,2480,2484,2483
4781,2480,2485,2484
4782,2480,2486,2485
4783,2480,2481,2486
4784,2487,2489,2488
4785,2487,2490,2489
4786,2481,2482,2490
4787,2481,2490,2487
4788,2481,2491,2486
4789,2481,2487,2491
4790,2457,2458,2491
4791,2457,2491,2487
4792,2457,2488,2456
4793,2457,2487,2488
4794,1919,1920,2493
4795,1919,2493,2492
4796,1919,2494,1918
4797,1919,2492,2494
4798,2488,2489,2494
4799,2488,2494,2492
4800,2488,2492,2456
4801,2456,2492,2464
4802,2464,2493,2463
4803,2464,2492,2493
4804,1888,2495,1925
4805,1925,2495,1920
4806,1920,2495,2493
4807,2493,2495,2463
4808,2463,2495,2468
4809,2468,2495,1888
4810,1913,1938,2496
4811,1913,2496,2473
4812,2497,2499,2498
4813,1938,1939,2499
4814,1938,2499,2497
4815,1938,2497,2496
4816,2496,2497,2473
4817,2473,2497,2477
4818,2477,2498,2476
4819,2477,2497,2498
4820,2500,2502,2501
4821,2500,2503,2502
4822,2498,2499,2503
4823,2498,2503,2500
4824,2498,2500,2476
4825,2476,2504,2479
4826,2476,2500,2504
4827,2500,2501,2504
4828,2501,2502,2505
4829,2501,2505,2504
4830,2506,2508,2507
4831,2506,2509,2508
4832,2506,2510,2509
4833,2506,2511,2510
4834,2506,2512,2511
4835,2506,2507,2512
4836,2513,2515,2514
4837,2513,2516,2515
4838,2507,2508,2516
4839,2507,2516,2513
4840,2507,2517,2512
4841,2507,2513,2517
4842,2483,2484,2517
4843,2483,2517,2513
4844,2483,2514,2482
4845,2483,2513,2514
4846,1945,1946,2519
4847,1945,2519,2518
4848,1945,2520,1944
4849,1945,2518,2520
4850,2514,2515,2520
4851,2514,2520,2518
4852,2514,2518,2482
4853,2482,2518,2490
4854,2490,2519,2489
4855,2490,2518,2519
4856,1918,2521,1951
4857,1951,2521,1946
4858,1946,2521,2519
4859,2519,2521,2489
4860,2489,2521,2494
4861,2494,2521,1918
4862,1939,1964,2522
4863,1939,2522,2499
4864,2523,2525,2524
4865,1964,1965,2525
4866,1964,2525,2523
4867,1964,2523,2522
4868,2522,2523,2499
4869,2499,2523,2503
4870,2503,2524,2502
4871,2503,2523,2524
4872,2526,2528,2527
4873,2526,2529,2528
4874,2524,2525,2529
4875,2524,2529,2526
4876,2524,2526,2502
4877,2502,2530,2505
4878,2502,2526,2530
4879,2526,2527,2530
4880,2527,2528,2531
4881,2527,2531,2530
4882,2532,2534,2533
4883,2532,2535,2534
4884,2532,2536,2535
4885,2532,2537,2536
4886,2509,2510,2537
4887,2509,2537,2532
4888,2509,2533,2508
4889,2509,2532,2533
4890,1971,1972,2539
4891,1971,2539,2538
4892,1971,2540,1970
4893,1971,2538,2540
4894,2533,2534,2540
4895,2533,2540,2538
4896,2533,2538,2508
4897,2508,2538,2516
4898,2516,2539,2515
4899,2516,2538,2539
4900,1944,2541,1977
4901,1977,2541,1972
4902,1972,2541,2539
4903,2539,2541,2515
4904,2515,2541,2520
4905,2520,2541,1944
4906,1965,1990,2542
4907,1965,2542,2525
4908,2543,2545,2544
4909,1990,1991,2545
4910,1990,2545,2543
4911,1990,2543,2542
4912,2542,2543,2525
4913,2525,2543,2529
4914,2529,2544,2528
4915,2529,2543,2544
4916,2544,2545,2546
4917,2544,2546,2547
4918,2544,2547,2528
4919,2528,2547,2531
4920,2548,2550,2549
4921,2548,2551,2550
4922,2548,2552,2551
4923,2548,2553,2552
4924,2548,2554,2553
4925,2548,2549,2554
4926,2555,2557,2556
4927,2555,2558,2557
4928,2549,2550,2558
4929,2549,2558,2555
4930,2549,2559,2554
4931,2549,2555,2559
4932,2535,2536,2559
4933,2535,2559,2555
4934,2535,2556,2534
4935,2535,2555,2556
4936,1970,2560,1997
4937,1997,2561,1996
4938,1997,2560,2561
4939,2556,2557,2561
4940,2556,2561,2560
4941,2556,2560,2534
4942,2534,2560,2540
4943,2540,2560,1970
4944,1991,2007,2563
4945,1991,2563,2562
4946,2007,2006,2563
4947,1991,2562,2545
4948,2564,2566,2565
4949,2564,2567,2566
4950,2562,2563,2567
4951,2562,2567,2564
4952,2562,2564,2545
4953,2545,2568,2546
4954,2545,2564,2568
4955,2564,2565,2568
4956,2565,2566,2569
4957,2565,2569,2568
4958,2570,2572,2571
4959,2570,2573,2572
4960,2570,2574,2573
4961,2570,2575,2574
4962,2551,2552,2575
4963,2551,2575,2570
4964,2551,2571,2550
4965,2551,2570,2571
4966,2013,2014,2577
4967,2013,2577,2576
4968,2013,2578,2012
4969,2013,2576,2578
4970,2571,2572,2578
4971,2571,2578,2576
4972,2571,2576,2550
4973,2550,2576,2558
4974,2558,2577,2557
4975,2558,2576,2577
4976,1996,2579,2019
4977,2019,2579,2014
4978,2014,2579,2577
4979,2577,2579,2557
4980,2557,2579,2561
4981,2561,2579,1996
4982,2006,2028,2580
4983,2006,2580,2563
4984,2581,2583,2582
4985,2028,2029,2583
4986,2028,2583,2581
4987,2028,2581,2580
4988,2580,2581,2563
4989,2563,2581,2567
4990,2567,2582,2566
4991,2567,2581,2582
4992,2582,2583,2584
4993,2582,2584,2585
4994,2582,2585,2566
4995,2566,2585,2569
4996,2586,2588,2587
4997,2586,2589,2588
4998,2586,2590,2589
4999,2586,2591,2590
5000,2573,2574,2591
5001,2573,2591,2586
5002,2573,2587,2572
5003,2573,2586,2587
5004,2012,2592,2035
5005,2035,2593,2034
5006,2035,2592,2593
5007,2587,2588,2593
5008,2587,2593,2592
5009,2587,2592,2572
5010,2572,2592,2578
5011,2578,2592,2012
5012,2029,2045,2595
5013,2029,2595,2594
5014,2045,2044,2595
5015,2029,2594,2583
5016,2594,2595,2596
5017,2594,2596,2597
5018,2594,2597,2583
5019,2583,2597,2584
5020,2598,2600,2599
5021,2598,2601,2600
5022,2598,2602,2601
5023,2598,2603,2602
5024,2589,2590,2603
5025,2589,2603,2598
5026,2589,2599,2588
5027,2589,2598,2599
5028,2034,2604,2051
5029,2051,2605,2050
5030,2051,2604,2605
5031,2599,2600,2605
5032,2599,2605,2604
5033,2599,2604,2588
5034,2588,2604,2593
5035,2593,2604,2034
5036,2044,2057,2607
5037,2044,2607,2606
5038,2057,2056,2607
5039,2044,2606,2595
5040,2606,2607,2608
5041,2606,2608,2609
5042,2606,2609,2595
5043,2595,2609,2596
5044,2610,2612,2611
5045,2610,2613,2612
5046,2610,2614,2613
5047,2610,2615,2614
5048,2610,2616,2615
5049,2610,2611,2616
5050,2617,2619,2618
5051,2617,2620,2619
5052,2611,2612,2620
5053,2611,2620,2617
5054,2611,2621,2616
5055,2611,2617,2621
5056,2601,2602,2621
5057,2601,2621,2617
5058,2601,2618,2600
5059,2601,2617,2618
5060,2050,2622,2063
5061,2063,2623,2062
5062,2063,2622,2623
5063,2618,2619,2623
5064,2618,2623,2622
5065,2618,2622,2600
5066,2600,2622,2605
5067,2605,2622,2050
5068,2056,2069,2625
5069,2056,2625,2624
5070,2069,2068,2625
5071,2056,2624,2607
5072,2626,2628,2627
5073,2626,2629,2628
5074,2624,2625,2629
5075,2624,2629,2626
5076,2624,2626,2607
5077,2607,2630,2608
5078,2607,2626,2630
5079,2626,2627,2630
5080,2627,2628,2631
5081,2627,2631,2630
5082,2632,2634,2633
5083,2632,2635,2634
5084,2632,2636,2635
5085,2632,2637,2636
5086,2613,2614,2637
5087,2613,2637,2632
5088,2613,2633,2612
5089,2613,2632,2633
5090,2638,2640,2639
5091,2638,2641,2640
5092,2633,2634,2641
5093,2633,2641,2638
5094,2633,2638,2612
5095,2612,2638,2620
5096,2620,2639,2619
5097,2620,2638,2639
5098,2062,2642,2075
5099,2075,2643,2074
5100,2075,2642,2643
5101,2639,2640,2643
5102,2639,2643,2642
5103,2639,2642,2619
5104,2619,2642,2623
5105,2623,2642,2062
5106,2068,2081,2645
5107,2068,2645,2644
5108,2081,2080,2645
5109,2068,2644,2625
5110,2646,2648,2647
5111,2646,2649,2648
5112,2644,2645,2649
5113,2644,2649,2646
5114,2644,2646,2625
5115,2625,2646,2629
5116,2629,2647,2628
5117,2629,2646,2647
5118,2647,2648,2650
5119,2647,2650,2651
5120,2647,2651,2628
5121,2628,2651,2631
5122,2652,2654,2653
5123,2652,2655,2654
5124,2652,2656,2655
5125,2652,2657,2656
5126,2635,2636,2657
5127,2635,2657,2652
5128,2635,2653,2634
5129,2635,2652,2653
5130,2658,2660,2659
5131,2658,2661,2660
5132,2653,2654,2661
5133,2653,2661,2658
5134,2653,2658,2634
5135,2634,2658,2641
5136,2641,2659,2640
5137,2641,2658,2659
5138,2074,2662,2087
5139,2087,2663,2086
5140,2087,2662,2663
5141,2659,2660,2663
5142,2659,2663,2662
5143,2659,2662,2640
5144,2640,2662,2643
5145,2643,2662,2074
5146,2080,2093,2665
5147,2080,2665,2664
5148,2093,2092,2665
5149,2080,2664,2645
5150,2666,2668,2667
5151,2666,2669,2668
5152,2664,2665,2669
5153,2664,2669,2666
5154,2664,2666,2645
5155,2645,2666,2649
5156,2649,2667,2648
5157,2649,2666,2667
5158,2667,2668,2670
5159,2667,2670,2671
5160,2667,2671,2648
5161,2648,2671,2650
5162,2655,2656,2672
5163,2655,2672,2654
5164,2673,2675,2674
5165,2673,2676,2675
5166,2673,2677,2676
5167,2654,2672,2677
5168,2654,2677,2673
5169,2654,2673,2661
5170,2661,2674,2660
5171,2661,2673,2674
5172,2086,2678,2099
5173,2099,2679,2098
5174,2099,2678,2679
5175,2674,2675,2679
5176,2674,2679,2678
5177,2674,2678,2660
5178,2660,2678,2663
5179,2663,2678,2086
5180,2092,2105,2681
5181,2092,2681,2680
5182,2105,2104,2681
5183,2092,2680,2665
5184,2680,2681,2682
5185,2680,2682,2683
5186,2680,2683,2665
5187,2665,2683,2684
5188,2665,2684,2669
5189,2669,2684,2668
5190,2668,2684,2685
5191,2668,2685,2670
5192,2686,2688,2687
5193,2686,2689,2688
5194,2686,2690,2689
5195,2686,2691,2690
5196,2676,2677,2691
5197,2676,2691,2686
5198,2676,2687,2675
5199,2676,2686,2687
5200,2098,2692,2111
5201,2111,2693,2110
5202,2111,2692,2693
5203,2687,2688,2693
5204,2687,2693,2692
5205,2687,2692,2675
5206,2675,2692,2679
5207,2679,2692,2098
5208,2104,2117,2695
5209,2104,2695,2694
5210,2117,2116,2695
5211,2104,2694,2681
5212,2694,2695,2696
5213,2694,2696,2697
5214,2694,2697,2681
5215,2681,2697,2682
5216,2698,2700,2699
5217,2698,2701,2700
5218,2698,2702,2701
5219,2698,2703,2702
5220,2689,2690,2703
5221,2689,2703,2698
5222,2689,2699,2688
5223,2689,2698,2699
5224,2110,2704,2123
5225,2123,2705,2122
5226,2123,2704,2705
5227,2699,2700,2705
5228,2699,2705,2704
5229,2699,2704,2688
5230,2688,2704,2693
5231,2693,2704,2110
5232,2116,2133,2707
5233,2116,2707,2706
5234,2133,2132,2707
5235,2116,2706,2695
5236,2706,2707,2708
5237,2706,2708,2709
5238,2706,2709,2695
5239,2695,2709,2696
5240,2710,2712,2711
5241,2710,2713,2712
5242,2710,2714,2713
5243,2710,2715,2714
5244,2701,2702,2715
5245,2701,2715,2710
5246,2701,2711,2700
5247,2701,2710,2711
5248,2122,2717,2134
5249,2122,2716,2717
5250,2716,2718,2717
5251,2711,2712,2718
5252,2711,2718,2716
5253,2711,2716,2700
5254,2700,2716,2705
5255,2705,2716,2122
5256,2134,2719,2139
5257,2134,2717,2719
5258,2145,2720,2146
5259,2145,2144,2720
5260,2132,2147,2722
5261,2132,2722,2721
5262,2147,2146,2723
5263,2147,2723,2722
5264,2146,2720,2723
5265,2132,2721,2707
5266,2721,2722,2724
5267,2721,2724,2725
5268,2721,2725,2707
5269,2707,2725,2708
5270,2713,2714,2726
5271,2713,2726,2712
5272,2727,2729,2728
5273,2727,2730,2729
5274,2727,2731,2730
5275,2712,2726,2731
5276,2712,2731,2727
5277,2712,2727,2718
5278,2718,2728,2717
5279,2718,2727,2728
5280,2139,2732,2153
5281,2153,2733,2152
5282,2153,2732,2733
5283,2728,2729,2733
5284,2728,2733,2732
5285,2728,2732,2717
5286,2717,2732,2719
5287,2719,2732,2139
5288,2144,2163,2735
5289,2144,2735,2734
5290,2163,2162,2735
5291,2144,2734,2720
5292,2734,2735,2736
5293,2734,2736,2737
5294,2734,2737,2720
5295,2720,2737,2738
5296,2720,2738,2723
5297,2723,2738,2722
5298,2722,2738,2739
5299,2722,2739,2724
5300,2740,2742,2741
5301,2740,2743,2742
5302,2740,2744,2743
5303,2740,2745,2744
5304,2730,2731,2745
5305,2730,2745,2740
5306,2730,2741,2729
5307,2730,2740,2741
5308,2152,2747,2164
5309,2152,2746,2747
5310,2746,2748,2747
5311,2741,2742,2748
5312,2741,2748,2746
5313,2741,2746,2729
5314,2729,2746,2733
5315,2733,2746,2152
5316,2164,2749,2169
5317,2164,2747,2749
5318,2179,2750,2180
5319,2179,2178,2750
5320,2162,2181,2752
5321,2162,2752,2751
5322,2181,2180,2753
5323,2181,2753,2752
5324,2180,2750,2753
5325,2162,2751,2735
5326,2751,2752,2754
5327,2751,2754,2755
5328,2751,2755,2735
5329,2735,2755,2736
5330,2743,2744,2756
5331,2743,2756,2742
5332,2757,2759,2758
5333,2757,2760,2759
5334,2757,2761,2760
5335,2742,2756,2761
5336,2742,2761,2757
5337,2742,2757,2748
5338,2748,2758,2747
5339,2748,2757,2758
5340,2169,2763,2182
5341,2169,2762,2763
5342,2762,2764,2763
5343,2758,2759,2764
5344,2758,2764,2762
5345,2758,2762,2747
5346,2747,2762,2749
5347,2749,2762,2169
5348,2182,2765,2187
5349,2182,2763,2765
5350,2197,2766,2198
5351,2197,2196,2766
5352,2178,2199,2768
5353,2178,2768,2767
5354,2199,2198,2769
5355,2199,2769,2768
5356,2198,2766,2769
5357,2178,2767,2750
5358,2767,2768,2770
5359,2767,2770,2771
5360,2767,2771,2750
5361,2750,2771,2772
5362,2750,2772,2753
5363,2753,2772,2752
5364,2752,2772,2773
5365,2752,2773,2754
5366,2760,2761,2774
5367,2760,2774,2759
5368,2775,2777,2776
5369,2775,2778,2777
5370,2775,2779,2778
5371,2759,2774,2779
5372,2759,2779,2775
5373,2759,2775,2764
5374,2764,2776,2763
5375,2764,2775,2776
5376,2187,2781,2200
5377,2187,2780,2781
5378,2780,2782,2781
5379,2776,2777,2782
5380,2776,2782,2780
5381,2776,2780,2763
5382,2763,2780,2765
5383,2765,2780,2187
5384,2200,2783,2205
5385,2200,2781,2783
5386,2215,2784,2216
5387,2215,2214,2784
5388,2196,2217,2786
5389,2196,2786,2785
5390,2217,2216,2787
5391,2217,2787,2786
5392,2216,2784,2787
5393,2196,2785,2766
5394,2785,2786,2788
5395,2785,2788,2789
5396,2785,2789,2766
5397,2766,2789,2790
5398,2766,2790,2769
5399,2769,2790,2768
5400,2768,2790,2791
5401,2768,2791,2770
5402,2778,2779,2792
5403,2778,2792,2777
5404,2793,2795,2794
5405,2793,2796,2795
5406,2793,2797,2796
5407,2777,2792,2797
5408,2777,2797,2793
5409,2777,2793,2782
5410,2782,2794,2781
5411,2782,2793,2794
5412,2205,2799,2218
5413,2205,2798,2799
5414,2798,2800,2799
5415,2794,2795,2800
5416,2794,2800,2798
5417,2794,2798,2781
5418,2781,2798,2783
5419,2783,2798,2205
5420,2218,2801,2223
5421,2218,2799,2801
5422,2237,2802,2238
5423,2237,2236,2802
5424,2214,2239,2804
5425,2214,2804,2803
5426,2239,2238,2805
5427,2239,2805,2804
5428,2238,2802,2805
5429,2214,2803,2784
5430,2803,2804,2806
5431,2803,2806,2807
5432,2803,2807,2784
5433,2784,2807,2808
5434,2784,2808,2787
5435,2787,2808,2786
5436,2786,2808,2809
5437,2786,2809,2788
5438,2796,2797,2810
5439,2796,2810,2795
5440,2811,2813,2812
5441,2811,2814,2813
5442,2811,2815,2814
5443,2795,2810,2815
5444,2795,2815,2811
5445,2795,2811,2800
5446,2800,2812,2799
5447,2800,2811,2812
5448,2223,2817,2240
5449,2223,2816,2817
5450,2816,2818,2817
5451,2812,2813,2818
5452,2812,2818,2816
5453,2812,2816,2799
5454,2799,2816,2801
5455,2801,2816,2223
5456,2241,2819,2242
5457,2241,2240,2820
5458,2241,2820,2819
5459,2240,2817,2820
5460,2242,2821,2247
5461,2242,2819,2821
5462,2267,2822,2268
5463,2267,2266,2822
5464,2269,2823,2270
5465,2269,2268,2824
5466,2269,2824,2823
5467,2268,2822,2824
5468,2236,2271,2826
5469,2236,2826,2825
5470,2271,2270,2827
5471,2271,2827,2826
5472,2270,2823,2827
5473,2236,2825,2802
5474,2825,2826,2828
5475,2825,2828,2829
5476,2825,2829,2802
5477,2802,2829,2830
5478,2802,2830,2805
5479,2805,2830,2804
5480,2804,2830,2831
5481,2804,2831,2806
5482,2814,2815,2832
5483,2814,2832,2813
5484,2813,2832,2833
5485,2813,2833,2834
5486,2813,2834,2818
5487,2818,2834,2817
5488,2835,2837,2836
5489,2835,2838,2837
5490,2835,2839,2838
5491,2817,2834,2839
5492,2817,2839,2835
5493,2817,2835,2820
5494,2820,2836,2819
5495,2820,2835,2836
5496,2247,2841,2272
5497,2247,2840,2841
5498,2840,2842,2841
5499,2836,2837,2842
5500,2836,2842,2840
5501,2836,2840,2819
5502,2819,2840,2821
5503,2821,2840,2247
5504,2273,2843,2274
5505,2273,2272,2844
5506,2273,2844,2843
5507,2272,2841,2844
5508,2275,2845,2276
5509,2275,2274,2846
5510,2275,2846,2845
5511,2274,2843,2846
5512,2277,2847,2278
5513,2277,2276,2848
5514,2277,2848,2847
5515,2276,2845,2848
5516,2279,2849,2280
5517,2279,2278,2850
5518,2279,2850,2849
5519,2278,2847,2850
5520,2281,2851,2282
5521,2281,2280,2852
5522,2281,2852,2851
5523,2280,2849,2852
5524,2283,2853,2284
5525,2283,2282,2854
5526,2283,2854,2853
5527,2282,2851,2854
5528,2285,2855,2286
5529,2285,2284,2856
5530,2285,2856,2855
5531,2284,2853,2856
5532,2287,2857,2288
5533,2287,2286,2858
5534,2287,2858,2857
5535,2286,2855,2858
5536,2266,2289,2860
5537,2266,2860,2859
5538,2289,2288,2861
5539,2289,2861,2860
5540,2288,2857,2861
5541,2266,2859,2822
5542,2859,2860,2862
5543,2859,2862,2863
5544,2859,2863,2822
5545,2822,2863,2864
5546,2822,2864,2824
5547,2824,2864,2823
5548,2823,2864,2865
5549,2823,2865,2866
5550,2823,2866,2827
5551,2827,2866,2826
5552,2826,2866,2867
5553,2826,2867,2828
5554,2838,2839,2868
5555,2838,2868,2837
5556,2837,2868,2869
5557,2837,2869,2870
5558,2837,2870,2842
5559,2842,2870,2841
5560,2841,2870,2871
5561,2841,2871,2872
5562,2841,2872,2844
5563,2844,2872,2843
5564,2843,2872,2873
5565,2843,2873,2874
5566,2843,2874,2846
5567,2846,2874,2845
5568,2875,2877,2876
5569,2875,2878,2877
5570,2875,2879,2878
5571,2845,2874,2879
5572,2845,2879,2875
5573,2845,2875,2848
5574,2848,2876,2847
5575,2848,2875,2876
5576,2880,2882,2881
5577,2880,2883,2882
5578,2876,2877,2883
5579,2876,2883,2880
5580,2876,2880,2847
5581,2847,2880,2850
5582,2850,2881,2849
5583,2850,2880,2881
5584,2884,2886,2885
5585,2884,2887,2886
5586,2881,2882,2887
5587,2881,2887,2884
5588,2881,2884,2849
5589,2849,2884,2852
5590,2852,2885,2851
5591,2852,2884,2885
5592,2885,2886,2888
5593,2885,2888,2889
5594,2885,2889,2851
5595,2851,2889,2890
5596,2851,2890,2854
5597,2854,2890,2853
5598,2853,2890,2891
5599,2853,2891,2892
5600,2853,2892,2856
5601,2856,2892,2855
5602,2855,2892,2893
5603,2855,2893,2894
5604,2855,2894,2858
5605,2858,2894,2857
5606,2857,2894,2895
5607,2857,2895,2896
5608,2857,2896,2861
5609,2861,2896,2860
5610,2860,2896,2897
5611,2860,2897,2862
5612,2878,2879,2898
5613,2878,2898,2877
5614,2877,2898,2899
5615,2877,2899,2900
5616,2877,2900,2883
5617,2883,2900,2882
5618,2882,2900,2901
5619,2882,2901,2902
5620,2882,2902,2887
5621,2887,2902,2886
5622,2886,2902,2903
5623,2886,2903,2888
5624,2904,2906,2905
5625,2904,2907,2906
5626,2904,2908,2907
5627,2904,2909,2908
5628,2904,2910,2909
5629,2904,2905,2910
5630,2911,2913,2912
5631,2911,2914,2913
5632,2905,2906,2914
5633,2905,2914,2911
5634,2905,2915,2910
5635,2905,2911,2915
5636,2911,2916,2915
5637,2911,2912,2916
5638,2917,2919,2918
5639,2917,2920,2919
5640,2912,2913,2920
5641,2912,2920,2917
5642,2912,2921,2916
5643,2912,2917,2921
5644,2917,2922,2921
5645,2917,2918,2922
5646,2918,2919,2923
5647,2918,2923,2922
5648,2924,2926,2925
5649,2924,2927,2926
5650,2924,2928,2927
5651,2924,2929,2928
5652,2924,2930,2929
5653,2924,2925,2930
5654,2931,2933,2932
5655,2931,2934,2933
5656,2925,2926,2934
5657,2925,2934,2931
5658,2925,2935,2930
5659,2925,2931,2935
5660,2931,2936,2935
5661,2931,2932,2936
5662,2937,2939,2938
5663,2937,2940,2939
5664,2932,2933,2940
5665,2932,2940,2937
5666,2932,2941,2936
5667,2932,2937,2941
5668,2937,2942,2941
5669,2937,2938,2942
5670,2943,2945,2944
5671,2943,2946,2945
5672,2938,2939,2946
5673,2938,2946,2943
5674,2938,2947,2942
5675,2938,2943,2947
5676,2943,2948,2947
5677,2943,2944,2948
5678,2295,2296,2950
5679,2295,2950,2949
5680,2295,2951,2294
5681,2295,2949,2951
5682,2944,2945,2951
5683,2944,2951,2949
5684,2944,2952,2948
5685,2944,2949,2952
5686,2907,2908,2952
5687,2907,2952,2949
5688,2907,2950,2906
5689,2907,2949,2950
5690,2301,2302,2954
5691,2301,2954,2953
5692,2301,2953,2296
5693,2296,2953,2950
5694,2950,2953,2906
5695,2906,2953,2914
5696,2914,2954,2913
5697,2914,2953,2954
5698,2307,2308,2956
5699,2307,2956,2955
5700,2307,2955,2302
5701,2302,2955,2954
5702,2954,2955,2913
5703,2913,2955,2920
5704,2920,2956,2919
5705,2920,2955,2956
5706,2957,2959,2958
5707,2308,2309,2959
5708,2308,2959,2957
5709,2308,2957,2956
5710,2956,2957,2919
5711,2919,2960,2923
5712,2919,2957,2960
5713,2957,2958,2960
5714,2961,2963,2962
5715,2961,2964,2963
5716,2958,2959,2964
5717,2958,2964,2961
5718,2958,2965,2960
5719,2958,2961,2965
5720,2961,2966,2965
5721,2961,2962,2966
5722,2967,2969,2968
5723,2967,2970,2969
5724,2962,2963,2970
5725,2962,2970,2967
5726,2962,2971,2966
5727,2962,2967,2971
5728,2967,2972,2971
5729,2967,2968,2972
5730,2973,2975,2974
5731,2973,2976,2975
5732,2968,2969,2976
5733,2968,2976,2973
5734,2968,2977,2972
5735,2968,2973,2977
5736,2973,2978,2977
5737,2973,2974,2978
5738,2974,2975,2979
5739,2974,2979,2978
5740,2980,2982,2981
5741,2980,2983,2982
5742,2980,2984,2983
5743,2980,2985,2984
5744,2980,2986,2985
5745,2980,2981,2986
5746,2987,2989,2988
5747,2987,2990,2989
5748,2981,2982,2990
5749,2981,2990,2987
5750,2981,2991,2986
5751,2981,2987,2991
5752,2987,2992,2991
5753,2987,2988,2992
5754,2315,2316,2994
5755,2315,2994,2993
5756,2315,2995,2314
5757,2315,2993,2995
5758,2988,2989,2995
5759,2988,2995,2993
5760,2988,2996,2992
5761,2988,2993,2996
5762,2927,2928,2996
5763,2927,2996,2993
5764,2927,2994,2926
5765,2927,2993,2994
5766,2321,2322,2998
5767,2321,2998,2997
5768,2321,2997,2316
5769,2316,2997,2994
5770,2994,2997,2926
5771,2926,2997,2934
5772,2934,2998,2933
5773,2934,2997,2998
5774,2327,2328,3000
5775,2327,3000,2999
5776,2327,2999,2322
5777,2322,2999,2998
5778,2998,2999,2933
5779,2933,2999,2940
5780,2940,3000,2939
5781,2940,2999,3000
5782,2333,2334,3002
5783,2333,3002,3001
5784,2333,3001,2328
5785,2328,3001,3000
5786,3000,3001,2939
5787,2939,3001,2946
5788,2946,3002,2945
5789,2946,3001,3002
5790,2294,3003,2339
5791,2339,3003,2334
5792,2334,3003,3002
5793,3002,3003,2945
5794,2945,3003,2951
5795,2951,3003,2294
5796,2309,2352,3004
5797,2309,3004,2959
5798,2357,2358,3006
5799,2357,3006,3005
5800,2357,3005,2352
5801,2352,3005,3004
5802,3004,3005,2959
5803,2959,3005,2964
5804,2964,3006,2963
5805,2964,3005,3006
5806,2363,2364,3008
5807,2363,3008,3007
5808,2363,3007,2358
5809,2358,3007,3006
5810,3006,3007,2963
5811,2963,3007,2970
5812,2970,3008,2969
5813,2970,3007,3008
5814,2369,2370,3010
5815,2369,3010,3009
5816,2369,3009,2364
5817,2364,3009,3008
5818,3008,3009,2969
5819,2969,3009,2976
5820,2976,3010,2975
5821,2976,3009,3010
5822,3011,3013,3012
5823,2370,2371,3013
5824,2370,3013,3011
5825,2370,3011,3010
5826,3010,3011,2975
5827,2975,3014,2979
5828,2975,3011,3014
5829,3011,3012,3014
5830,3015,3017,3016
5831,3015,3018,3017
5832,3012,3013,3018
5833,3012,3018,3015
5834,3012,3019,3014
5835,3012,3015,3019
5836,3015,3020,3019
5837,3015,3016,3020
5838,3016,3017,3021
5839,3016,3021,3020
5840,3022,3024,3023
5841,3022,3025,3024
5842,3022,3026,3025
5843,3022,3027,3026
5844,3022,3028,3027
5845,3022,3023,3028
5846,2377,2378,3030
5847,2377,3030,3029
5848,2377,3031,2376
5849,2377,3029,3031
5850,3023,3024,3031
5851,3023,3031,3029
5852,3023,3032,3028
5853,3023,3029,3032
5854,2983,2984,3032
5855,2983,3032,3029
5856,2983,3030,2982
5857,2983,3029,3030
5858,2383,2384,3034
5859,2383,3034,3033
5860,2383,3033,2378
5861,2378,3033,3030
5862,3030,3033,2982
5863,2982,3033,2990
5864,2990,3034,2989
5865,2990,3033,3034
5866,2314,3035,2389
5867,2389,3035,2384
5868,2384,3035,3034
5869,3034,3035,2989
5870,2989,3035,2995
5871,2995,3035,2314
5872,2371,2416,3036
5873,2371,3036,3013
5874,2421,2422,3038
5875,2421,3038,3037
5876,2421,3037,2416
5877,2416,3037,3036
5878,3036,3037,3013
5879,3013,3037,3018
5880,3018,3038,3017
5881,3018,3037,3038
5882,3039,3041,3040
5883,2422,2423,3041
5884,2422,3041,3039
5885,2422,3039,3038
5886,3038,3039,3017
5887,3017,3042,3021
5888,3017,3039,3042
5889,3039,3040,3042
5890,3040,3041,3043
5891,3040,3043,3042
5892,3044,3046,3045
5893,3044,3047,3046
5894,3044,3048,3047
5895,3044,3049,3048
5896,3044,3050,3049
5897,3044,3045,3050
5898,2429,2430,3052
5899,2429,3052,3051
5900,2429,3053,2428
5901,2429,3051,3053
5902,3045,3046,3053
5903,3045,3053,3051
5904,3045,3054,3050
5905,3045,3051,3054
5906,3025,3026,3054
5907,3025,3054,3051
5908,3025,3052,3024
5909,3025,3051,3052
5910,2376,3055,2435
5911,2435,3055,2430
5912,2430,3055,3052
5913,3052,3055,3024
5914,3024,3055,3031
5915,3031,3055,2376
5916,2423,2452,3056
5917,2423,3056,3041
5918,3057,3059,3058
5919,2452,2453,3059
5920,2452,3059,3057
5921,2452,3057,3056
5922,3056,3057,3041
5923,3041,3060,3043
5924,3041,3057,3060
5925,3057,3058,3060
5926,3058,3059,3061
5927,3058,3061,3060
5928,3062,3064,3063
5929,3062,3065,3064
5930,3062,3066,3065
5931,3062,3067,3066
5932,3062,3068,3067
5933,3062,3063,3068
5934,2459,2460,3070
5935,2459,3070,3069
5936,2459,3071,2458
5937,2459,3069,3071
5938,3063,3064,3071
5939,3063,3071,3069
5940,3063,3072,3068
5941,3063,3069,3072
5942,3047,3048,3072
5943,3047,3072,3069
5944,3047,3070,3046
5945,3047,3069,3070
5946,2428,3073,2465
5947,2465,3073,2460
5948,2460,3073,3070
5949,3070,3073,3046
5950,3046,3073,3053
5951,3053,3073,2428
5952,2453,2478,3074
5953,2453,3074,3059
5954,3075,3077,3076
5955,2478,2479,3077
5956,2478,3077,3075
5957,2478,3075,3074
5958,3074,3075,3059
5959,3059,3078,3061
5960,3059,3075,3078
5961,3075,3076,3078
5962,3076,3077,3079
5963,3076,3079,3078
5964,3080,3082,3081
5965,3080,3083,3082
5966,3080,3084,3083
5967,3080,3085,3084
5968,3080,3086,3085
5969,3080,3081,3086
5970,2485,2486,3088
5971,2485,3088,3087
5972,2485,3089,2484
5973,2485,3087,3089
5974,3081,3082,3089
5975,3081,3089,3087
5976,3081,3090,3086
5977,3081,3087,3090
5978,3065,3066,3090
5979,3065,3090,3087
5980,3065,3088,3064
5981,3065,3087,3088
5982,2458,3091,2491
5983,2491,3091,2486
5984,2486,3091,3088
5985,3088,3091,3064
5986,3064,3091,3071
5987,3071,3091,2458
5988,2479,2504,3092
5989,2479,3092,3077
5990,3093,3095,3094
5991,2504,2505,3095
5992,2504,3095,3093
5993,2504,3093,3092
5994,3092,3093,3077
5995,3077,3096,3079
5996,3077,3093,3096
5997,3093,3094,3096
5998,3094,3095,3097
5999,3094,3097,3096
6000,3098,3100,3099
6001,3098,3101,3100
6002,3098,3102,3101
6003,3098,3103,3102
6004,3098,3104,3103
6005,3098,3099,3104
6006,2511,2512,3106
6007,2511,3106,3105
6008,2511,3107,2510
6009,2511,3105,3107
6010,3099,3100,3107
6011,3099,3107,3105
6012,3099,3108,3104
6013,3099,3105,3108
6014,3083,3084,3108
6015,3083,3108,3105
6016,3083,3106,3082
6017,3083,3105,3106
6018,2484,3109,2517
6019,2517,3109,2512
6020,2512,3109,3106
6021,3106,3109,3082
6022,3082,3109,3089
6023,3089,3109,2484
6024,2505,2530,3110
6025,2505,3110,3095
6026,3111,3113,3112
6027,2530,2531,3113
6028,2530,3113,3111
6029,2530,3111,3110
6030,3110,3111,3095
6031,3095,3114,3097
6032,3095,3111,3114
6033,3111,3112,3114
6034,3112,3113,3115
6035,3112,3115,3114
6036,3116,3118,3117
6037,3116,3119,3118
6038,3116,3120,3119
6039,3116,3121,3120
6040,3101,3102,3121
6041,3101,3121,3116
6042,3101,3117,3100
6043,3101,3116,3117
6044,2510,3122,2537
6045,2537,3123,2536
6046,2537,3122,3123
6047,3117,3118,3123
6048,3117,3123,3122
6049,3117,3122,3100
6050,3100,3122,3107
6051,3107,3122,2510
6052,2531,2547,3125
6053,2531,3125,3124
6054,2547,2546,3125
6055,2531,3124,3113
6056,3124,3125,3126
6057,3124,3126,3127
6058,3124,3127,3113
6059,3113,3127,3115
6060,3128,3130,3129
6061,3128,3131,3130
6062,3128,3132,3131
6063,3128,3133,3132
6064,3128,3134,3133
6065,3128,3129,3134
6066,2553,2554,3136
6067,2553,3136,3135
6068,2553,3137,2552
6069,2553,3135,3137
6070,3129,3130,3137
6071,3129,3137,3135
6072,3129,3138,3134
6073,3129,3135,3138
6074,3119,3120,3138
6075,3119,3138,3135
6076,3119,3136,3118
6077,3119,3135,3136
6078,2536,3139,2559
6079,2559,3139,2554
6080,2554,3139,3136
6081,3136,3139,3118
6082,3118,3139,3123
6083,3123,3139,2536
6084,2546,2568,3140
6085,2546,3140,3125
6086,3141,3143,3142
6087,2568,2569,3143
6088,2568,3143,3141
6089,2568,3141,3140
6090,3140,3141,3125
6091,3125,3144,3126
6092,3125,3141,3144
6093,3141,3142,3144
6094,3142,3143,3145
6095,3142,3145,3144
6096,3146,3148,3147
6097,3146,3149,3148
6098,3146,3150,3149
6099,3146,3151,3150
6100,3131,3132,3151
6101,3131,3151,3146
6102,3131,3147,3130
6103,3131,3146,3147
6104,2552,3152,2575
6105,2575,3153,2574
6106,2575,3152,3153
6107,3147,3148,3153
6108,3147,3153,3152
6109,3147,3152,3130
6110,3130,3152,3137
6111,3137,3152,2552
6112,2569,2585,3155
6113,2569,3155,3154
6114,2585,2584,3155
6115,2569,3154,3143
6116,3154,3155,3156
6117,3154,3156,3157
6118,3154,3157,3143
6119,3143,3157,3145
6120,3158,3160,3159
6121,3158,3161,3160
6122,3158,3162,3161
6123,3158,3163,3162
6124,3149,3150,3163
6125,3149,3163,3158
6126,3149,3159,3148
6127,3149,3158,3159
6128,2574,3164,2591
6129,2591,3165,2590
6130,2591,3164,3165
6131,3159,3160,3165
6132,3159,3165,3164
6133,3159,3164,3148
6134,3148,3164,3153
6135,3153,3164,2574
6136,2584,2597,3167
6137,2584,3167,3166
6138,2597,2596,3167
6139,2584,3166,3155
6140,3166,3167,3168
6141,3166,3168,3169
6142,3166,3169,3155
6143,3155,3169,3156
6144,3170,3172,3171
6145,3170,3173,3172
6146,3170,3174,3173
6147,3170,3175,3174
6148,3161,3162,3175
6149,3161,3175,3170
6150,3161,3171,3160
6151,3161,3170,3171
6152,2590,3176,2603
6153,2603,3177,2602
6154,2603,3176,3177
6155,3171,3172,3177
6156,3171,3177,3176
6157,3171,3176,3160
6158,3160,3176,3165
6159,3165,3176,2590
6160,2596,2609,3179
6161,2596,3179,3178
6162,2609,2608,3179
6163,2596,3178,3167
6164,3178,3179,3180
6165,3178,3180,3181
6166,3178,3181,3167
6167,3167,3181,3168
6168,3182,3184,3183
6169,3182,3185,3184
6170,3182,3186,3185
6171,3182,3187,3186
6172,3182,3188,3187
6173,3182,3183,3188
6174,2615,2616,3190
6175,2615,3190,3189
6176,2615,3191,2614
6177,2615,3189,3191
6178,3183,3184,3191
6179,3183,3191,3189
6180,3183,3192,3188
6181,3183,3189,3192
6182,3173,3174,3192
6183,3173,3192,3189
6184,3173,3190,3172
6185,3173,3189,3190
6186,2602,3193,2621
6187,2621,3193,2616
6188,2616,3193,3190
6189,3190,3193,3172
6190,3172,3193,3177
6191,3177,3193,2602
6192,2608,2630,3194
6193,2608,3194,3179
6194,3195,3197,3196
6195,2630,2631,3197
6196,2630,3197,3195
6197,2630,3195,3194
6198,3194,3195,3179
6199,3179,3198,3180
6200,3179,3195,3198
6201,3195,3196,3198
6202,3196,3197,3199
6203,3196,3199,3198
6204,3200,3202,3201
6205,3200,3203,3202
6206,3200,3204,3203
6207,3200,3205,3204
6208,3185,3186,3205
6209,3185,3205,3200
6210,3185,3201,3184
6211,3185,3200,3201
6212,2614,3206,2637
6213,2637,3207,2636
6214,2637,3206,3207
6215,3201,3202,3207
6216,3201,3207,3206
6217,3201,3206,3184
6218,3184,3206,3191
6219,3191,3206,2614
6220,2631,2651,3209
6221,2631,3209,3208
6222,2651,2650,3209
6223,2631,3208,3197
6224,3208,3209,3210
6225,3208,3210,3211
6226,3208,3211,3197
6227,3197,3211,3199
6228,3212,3214,3213
6229,3212,3215,3214
6230,3212,3216,3215
6231,3212,3217,3216
6232,3203,3204,3217
6233,3203,3217,3212
6234,3203,3213,3202
6235,3203,3212,3213
6236,2636,3218,2657
6237,2657,3219,2656
6238,2657,3218,3219
6239,3213,3214,3219
6240,3213,3219,3218
6241,3213,3218,3202
6242,3202,3218,3207
6243,3207,3218,2636
6244,2650,2671,3221
6245,2650,3221,3220
6246,2671,2670,3221
6247,2650,3220,3209
6248,3220,3221,3222
6249,3220,3222,3223
6250,3220,3223,3209
6251,3209,3223,3210
6252,3215,3216,3224
6253,3215,3224,3214
6254,2656,3226,2672
6255,2656,3225,3226
6256,3225,3227,3226
6257,3225,3228,3227
6258,3214,3224,3228
6259,3214,3228,3225
6260,3214,3225,3219
6261,3219,3225,2656
6262,2672,3229,2677
6263,2672,3226,3229
6264,2683,3230,2684
6265,2683,2682,3230
6266,2670,2685,3231
6267,2685,2684,3231
6268,2684,3232,3231
6269,2684,3230,3232
6270,3231,3232,3233
6271,3231,3233,3234
6272,2670,3231,3234
6273,2670,3234,3221
6274,3221,3234,3235
6275,3221,3235,3222
6276,3236,3238,3237
6277,3236,3239,3238
6278,3236,3240,3239
6279,3236,3241,3240
6280,3227,3228,3241
6281,3227,3241,3236
6282,3227,3237,3226
6283,3227,3236,3237
6284,2677,3242,2691
6285,2691,3243,2690
6286,2691,3242,3243
6287,3237,3238,3243
6288,3237,3243,3242
6289,3237,3242,3226
6290,3226,3242,3229
6291,3229,3242,2677
6292,2682,2697,3245
6293,2682,3245,3244
6294,2697,2696,3245
6295,2682,3244,3230
6296,3244,3245,3246
6297,3244,3246,3247
6298,3244,3247,3230
6299,3230,3247,3232
6300,3248,3250,3249
6301,3248,3251,3250
6302,3248,3252,3251
6303,3248,3253,3252
6304,3239,3240,3253
6305,3239,3253,3248
6306,3239,3249,3238
6307,3239,3248,3249
6308,2690,3254,2703
6309,2703,3255,2702
6310,2703,3254,3255
6311,3249,3250,3255
6312,3249,3255,3254
6313,3249,3254,3238
6314,3238,3254,3243
6315,3243,3254,2690
6316,2696,2709,3257
6317,2696,3257,3256
6318,2709,2708,3257
6319,2696,3256,3245
6320,3256,3257,3258
6321,3256,3258,3259
6322,3256,3259,3245
6323,3245,3259,3246
6324,3260,3262,3261
6325,3260,3263,3262
6326,3260,3264,3263
6327,3260,3265,3264
6328,3251,3252,3265
6329,3251,3265,3260
6330,3251,3261,3250
6331,3251,3260,3261
6332,2702,3266,2715
6333,2715,3267,2714
6334,2715,3266,3267
6335,3261,3262,3267
6336,3261,3267,3266
6337,3261,3266,3250
6338,3250,3266,3255
6339,3255,3266,2702
6340,2708,2725,3269
6341,2708,3269,3268
6342,2725,2724,3269
6343,2708,3268,3257
6344,3268,3269,3270
6345,3268,3270,3271
6346,3268,3271,3257
6347,3257,3271,3258
6348,3263,3264,3272
6349,3263,3272,3262
6350,2714,3274,2726
6351,2714,3273,3274
6352,3273,3275,3274
6353,3273,3276,3275
6354,3262,3272,3276
6355,3262,3276,3273
6356,3262,3273,3267
6357,3267,3273,2714
6358,2726,3277,2731
6359,2726,3274,3277
6360,2737,3278,2738
6361,2737,2736,3278
6362,2724,2739,3279
6363,2739,2738,3279
6364,2738,3280,3279
6365,2738,3278,3280
6366,3279,3280,3281
6367,3279,3281,3282
6368,2724,3279,3282
6369,2724,3282,3269
6370,3269,3282,3283
6371,3269,3283,3270
6372,3284,3286,3285
6373,3284,3287,3286
6374,3284,3288,3287
6375,3284,3289,3288
6376,3275,3276,3289
6377,3275,3289,3284
6378,3275,3285,3274
6379,3275,3284,3285
6380,2731,3290,2745
6381,2745,3291,2744
6382,2745,3290,3291
6383,3285,3286,3291
6384,3285,3291,3290
6385,3285,3290,3274
6386,3274,3290,3277
6387,3277,3290,2731
6388,2736,2755,3293
6389,2736,3293,3292
6390,2755,2754,3293
6391,2736,3292,3278
6392,3292,3293,3294
6393,3292,3294,3295
6394,3292,3295,3278
6395,3278,3295,3280
6396,3287,3288,3296
6397,3287,3296,3286
6398,2744,3298,2756
6399,2744,3297,3298
6400,3297,3299,3298
6401,3297,3300,3299
6402,3286,3296,3300
6403,3286,3300,3297
6404,3286,3297,3291
6405,3291,3297,2744
6406,2756,3301,2761
6407,2756,3298,3301
6408,2771,3302,2772
6409,2771,2770,3302
6410,2754,2773,3303
6411,2773,2772,3303
6412,2772,3304,3303
6413,2772,3302,3304
6414,3303,3304,3305
6415,3303,3305,3306
6416,2754,3303,3306
6417,2754,3306,3293
6418,3293,3306,3307
6419,3293,3307,3294
6420,3299,3300,3308
6421,3299,3308,3298
6422,2761,3310,2774
6423,2761,3309,3310
6424,3309,3311,3310
6425,3309,3312,3311
6426,3298,3308,3312
6427,3298,3312,3309
6428,3298,3309,3301
6429,3301,3309,2761
6430,2774,3313,2779
6431,2774,3310,3313
6432,2789,3314,2790
6433,2789,2788,3314
6434,2770,2791,3315
6435,2791,2790,3315
6436,2790,3316,3315
6437,2790,3314,3316
6438,3315,3316,3317
6439,3315,3317,3318
6440,2770,3315,3318
6441,2770,3318,3302
6442,3302,3318,3319
6443,3302,3319,3304
6444,3311,3312,3320
6445,3311,3320,3310
6446,2779,3322,2792
6447,2779,3321,3322
6448,3321,3323,3322
6449,3321,3324,3323
6450,3310,3320,3324
6451,3310,3324,3321
6452,3310,3321,3313
6453,3313,3321,2779
6454,2792,3325,2797
6455,2792,3322,3325
6456,2807,3326,2808
6457,2807,2806,3326
6458,2788,2809,3327
6459,2809,2808,3327
6460,2808,3328,3327
6461,2808,3326,3328
6462,3327,3328,3329
6463,3327,3329,3330
6464,2788,3327,3330
6465,2788,3330,3314
6466,3314,3330,3331
6467,3314,3331,3316
6468,3323,3324,3332
6469,3323,3332,3322
6470,2797,3334,2810
6471,2797,3333,3334
6472,3333,3335,3334
6473,3333,3336,3335
6474,3322,3332,3336
6475,3322,3336,3333
6476,3322,3333,3325
6477,3325,3333,2797
6478,2810,3337,2815
6479,2810,3334,3337
6480,2829,3338,2830
6481,2829,2828,3338
6482,2806,2831,3339
6483,2831,2830,3339
6484,2830,3340,3339
6485,2830,3338,3340
6486,3339,3340,3341
6487,3339,3341,3342
6488,2806,3339,3342
6489,2806,3342,3326
6490,3326,3342,3343
6491,3326,3343,3328
6492,3335,3336,3344
6493,3335,3344,3334
6494,2815,3346,2832
6495,2815,3345,3346
6496,3345,3347,3346
6497,3345,3348,3347
6498,3334,3344,3348
6499,3334,3348,3345
6500,3334,3345,3337
6501,3337,3345,2815
6502,2833,3349,2834
6503,2833,2832,3350
6504,2833,3350,3349
6505,2832,3346,3350
6506,2834,3351,2839
6507,2834,3349,3351
6508,2863,3352,2864
6509,2863,2862,3352
6510,2865,3353,2866
6511,2865,2864,3354
6512,2865,3354,3353
6513,2864,3352,3354
6514,2828,2867,3355
6515,2867,2866,3355
6516,2866,3356,3355
6517,2866,3353,3356
6518,3355,3356,3357
6519,3355,3357,3358
6520,2828,3355,3358
6521,2828,3358,3338
6522,3338,3358,3359
6523,3338,3359,3340
6524,3347,3348,3360
6525,3347,3360,3346
6526,3346,3360,3361
6527,3346,3361,3362
6528,3346,3362,3350
6529,3350,3362,3349
6530,2839,3364,2868
6531,2839,3363,3364
6532,3363,3365,3364
6533,3363,3366,3365
6534,3349,3362,3366
6535,3349,3366,3363
6536,3349,3363,3351
6537,3351,3363,2839
6538,2869,3367,2870
6539,2869,2868,3368
6540,2869,3368,3367
6541,2868,3364,3368
6542,2871,3369,2872
6543,2871,2870,3370
6544,2871,3370,3369
6545,2870,3367,3370
6546,2873,3371,2874
6547,2873,2872,3372
6548,2873,3372,3371
6549,2872,3369,3372
6550,2874,3373,2879
6551,2874,3371,3373
6552,2889,3374,2890
6553,2889,2888,3374
6554,2891,3375,2892
6555,2891,2890,3376
6556,2891,3376,3375
6557,2890,3374,3376
6558,2893,3377,2894
6559,2893,2892,3378
6560,2893,3378,3377
6561,2892,3375,3378
6562,2895,3379,2896
6563,2895,2894,3380
6564,2895,3380,3379
6565,2894,3377,3380
6566,2862,2897,3381
6567,2897,2896,3381
6568,2896,3382,3381
6569,2896,3379,3382
6570,3381,3382,3383
6571,3381,3383,3384
6572,2862,3381,3384
6573,2862,3384,3352
6574,3352,3384,3385
6575,3352,3385,3386
6576,3352,3386,3354
6577,3354,3386,3353
6578,3353,3386,3387
6579,3353,3387,3356
6580,3365,3366,3388
6581,3365,3388,3364
6582,3364,3388,3389
6583,3364,3389,3390
6584,3364,3390,3368
6585,3368,3390,3367
6586,3367,3390,3391
6587,3367,3391,3392
6588,3367,3392,3370
6589,3370,3392,3369
6590,3369,3392,3393
6591,3369,3393,3394
6592,3369,3394,3372
6593,3372,3394,3371
6594,2879,3396,2898
6595,2879,3395,3396
6596,3395,3397,3396
6597,3395,3398,3397
6598,3371,3394,3398
6599,3371,3398,3395
6600,3371,3395,3373
6601,3373,3395,2879
6602,2899,3399,2900
6603,2899,2898,3400
6604,2899,3400,3399
6605,2898,3396,3400
6606,2901,3401,2902
6607,2901,2900,3402
6608,2901,3402,3401
6609,2900,3399,3402
6610,2888,2903,3403
6611,2903,2902,3403
6612,2902,3404,3403
6613,2902,3401,3404
6614,3403,3404,3405
6615,3403,3405,3406
6616,2888,3403,3406
6617,2888,3406,3374
6618,3374,3406,3407
6619,3374,3407,3408
6620,3374,3408,3376
6621,3376,3408,3375
6622,3375,3408,3409
6623,3375,3409,3410
6624,3375,3410,3378
6625,3378,3410,3377
6626,3377,3410,3411
6627,3377,3411,3412
6628,3377,3412,3380
6629,3380,3412,3379
6630,3379,3412,3413
6631,3379,3413,3382
6632,3397,3398,3414
6633,3397,3414,3396
6634,3396,3414,3415
6635,3396,3415,3416
6636,3396,3416,3400
6637,3400,3416,3399
6638,3399,3416,3417
6639,3399,3417,3418
6640,3399,3418,3402
6641,3402,3418,3401
6642,3401,3418,3419
6643,3401,3419,3404
6644,3420,3422,3421
6645,3420,3423,3422
6646,3420,3424,3423
6647,3420,3425,3424
6648,3420,3426,3425
6649,3420,3421,3426
6650,3427,3429,3428
6651,3427,3430,3429
6652,3421,3422,3430
6653,3421,3430,3427
6654,3421,3431,3426
6655,3421,3427,3431
6656,3427,3432,3431
6657,3427,3428,3432
6658,3433,3435,3434
6659,3433,3436,3435
6660,3428,3429,3436
6661,3428,3436,3433
6662,3428,3437,3432
6663,3428,3433,3437
6664,3433,3438,3437
6665,3433,3434,3438
6666,3439,3441,3440
6667,3439,3442,3441
6668,3434,3435,3442
6669,3434,3442,3439
6670,3434,3443,3438
6671,3434,3439,3443
6672,3439,3444,3443
6673,3439,3440,3444
6674,2909,2910,3446
6675,2909,3446,3445
6676,2909,3447,2908
6677,2909,3445,3447
6678,3440,3441,3447
6679,3440,3447,3445
6680,3440,3448,3444
6681,3440,3445,3448
6682,3445,3449,3448
6683,3445,3446,3449
6684,2915,2916,3451
6685,2915,3451,3450
6686,2915,3450,2910
6687,2910,3450,3446
6688,3446,3452,3449
6689,3446,3450,3452
6690,3450,3453,3452
6691,3450,3451,3453
6692,2921,2922,3455
6693,2921,3455,3454
6694,2921,3454,2916
6695,2916,3454,3451
6696,3451,3456,3453
6697,3451,3454,3456
6698,3454,3457,3456
6699,3454,3455,3457
6700,3458,3460,3459
6701,2922,2923,3460
6702,2922,3460,3458
6703,2922,3458,3455
6704,3455,3461,3457
6705,3455,3458,3461
6706,3458,3462,3461
6707,3458,3459,3462
6708,3463,3465,3464
6709,3463,3466,3465
6710,3459,3460,3466
6711,3459,3466,3463
6712,3459,3467,3462
6713,3459,3463,3467
6714,3463,3468,3467
6715,3463,3464,3468
6716,3469,3471,3470
6717,3469,3472,3471
6718,3464,3465,3472
6719,3464,3472,3469
6720,3464,3473,3468
6721,3464,3469,3473
6722,3469,3474,3473
6723,3469,3470,3474
6724,3475,3477,3476
6725,3475,3478,3477
6726,3470,3471,3478
6727,3470,3478,3475
6728,3470,3479,3474
6729,3470,3475,3479
6730,3475,3480,3479
6731,3475,3476,3480
6732,3476,3477,3481
6733,3476,3481,3480
6734,3482,3484,3483
6735,3482,3485,3484
6736,3482,3486,3485
6737,3482,3487,3486
6738,3482,3488,3487
6739,3482,3483,3488
6740,3489,3491,3490
6741,3489,3492,3491
6742,3483,3484,3492
6743,3483,3492,3489
6744,3483,3493,3488
6745,3483,3489,3493
6746,3489,3494,3493
6747,3489,3490,3494
6748,2929,2930,3496
6749,2929,3496,3495
6750,2929,3497,2928
6751,2929,3495,3497
6752,3490,3491,3497
6753,3490,3497,3495
6754,3490,3498,3494
6755,3490,3495,3498
6756,3423,3424,3498
6757,3423,3498,3495
6758,3423,3496,3422
6759,3423,3495,3496
6760,2935,2936,3500
6761,2935,3500,3499
6762,2935,3499,2930
6763,2930,3499,3496
6764,3496,3499,3422
6765,3422,3499,3430
6766,3430,3500,3429
6767,3430,3499,3500
6768,2941,2942,3502
6769,2941,3502,3501
6770,2941,3501,2936
6771,2936,3501,3500
6772,3500,3501,3429
6773,3429,3501,3436
6774,3436,3502,3435
6775,3436,3501,3502
6776,2947,2948,3504
6777,2947,3504,3503
6778,2947,3503,2942
6779,2942,3503,3502
6780,3502,3503,3435
6781,3435,3503,3442
6782,3442,3504,3441
6783,3442,3503,3504
6784,2908,3505,2952
6785,2952,3505,2948
6786,2948,3505,3504
6787,3504,3505,3441
6788,3441,3505,3447
6789,3447,3505,2908
6790,2923,2960,3506
6791,2923,3506,3460
6792,2965,2966,3508
6793,2965,3508,3507
6794,2965,3507,2960
6795,2960,3507,3506
6796,3506,3507,3460
6797,3460,3507,3466
6798,3466,3508,3465
6799,3466,3507,3508
6800,2971,2972,3510
6801,2971,3510,3509
6802,2971,3509,2966
6803,2966,3509,3508
6804,3508,3509,3465
6805,3465,3509,3472
6806,3472,3510,3471
6807,3472,3509,3510
6808,2977,2978,3512
6809,2977,3512,3511
6810,2977,3511,2972
6811,2972,3511,3510
6812,3510,3511,3471
6813,3471,3511,3478
6814,3478,3512,3477
6815,3478,3511,3512
6816,3513,3515,3514
6817,2978,2979,3515
6818,2978,3515,3513
6819,2978,3513,3512
6820,3512,3513,3477
6821,3477,3516,3481
6822,3477,3513,3516
6823,3513,3514,3516
6824,3517,3519,3518
6825,3517,3520,3519
6826,3514,3515,3520
6827,3514,3520,3517
6828,3514,3521,3516
6829,3514,3517,3521
6830,3517,3522,3521
6831,3517,3518,3522
6832,3518,3519,3523
6833,3518,3523,3522
6834,3524,3526,3525
6835,3524,3527,3526
6836,3524,3528,3527
6837,3524,3529,3528
6838,3524,3530,3529
6839,3524,3525,3530
6840,2985,2986,3532
6841,2985,3532,3531
6842,2985,3533,2984
6843,2985,3531,3533
6844,3525,3526,3533
6845,3525,3533,3531
6846,3525,3534,3530
6847,3525,3531,3534
6848,3485,3486,3534
6849,3485,3534,3531
6850,3485,3532,3484
6851,3485,3531,3532
6852,2991,2992,3536
6853,2991,3536,3535
6854,2991,3535,2986
6855,2986,3535,3532
6856,3532,3535,3484
6857,3484,3535,3492
6858,3492,3536,3491
6859,3492,3535,3536
6860,2928,3537,2996
6861,2996,3537,2992
6862,2992,3537,3536
6863,3536,3537,3491
6864,3491,3537,3497
6865,3497,3537,2928
6866,2979,3014,3538
6867,2979,3538,3515
6868,3019,3020,3540
6869,3019,3540,3539
6870,3019,3539,3014
6871,3014,3539,3538
6872,3538,3539,3515
6873,3515,3539,3520
6874,3520,3540,3519
6875,3520,3539,3540
6876,3541,3543,3542
6877,3020,3021,3543
6878,3020,3543,3541
6879,3020,3541,3540
6880,3540,3541,3519
6881,3519,3544,3523
6882,3519,3541,3544
6883,3541,3542,3544
6884,3542,3543,3545
6885,3542,3545,3544
6886,3546,3548,3547
6887,3546,3549,3548
6888,3546,3550,3549
6889,3546,3551,3550
6890,3546,3552,3551
6891,3546,3547,3552
6892,3553,3555,3554
6893,3553,3556,3555
6894,3547,3548,3556
6895,3547,3556,3553
6896,3547,3557,3552
6897,3547,3553,3557
6898,3553,3558,3557
6899,3553,3554,3558
6900,3027,3028,3560
6901,3027,3560,3559
6902,3027,3561,3026
6903,3027,3559,3561
6904,3554,3555,3561
6905,3554,3561,3559
6906,3554,3562,3558
6907,3554,3559,3562
6908,3527,3528,3562
6909,3527,3562,3559
6910,3527,3560,3526
6911,3527,3559,3560
6912,2984,3563,3032
6913,3032,3563,3028
6914,3028,3563,3560
6915,3560,3563,3526
6916,3526,3563,3533
6917,3533,3563,2984
6918,3021,3042,3564
6919,3021,3564,3543
6920,3565,3567,3566
6921,3042,3043,3567
6922,3042,3567,3565
6923,3042,3565,3564
6924,3564,3565,3543
6925,3543,3568,3545
6926,3543,3565,3568
6927,3565,3566,3568
6928,3569,3571,3570
6929,3569,3572,3571
6930,3566,3567,3572
6931,3566,3572,3569
6932,3566,3573,3568
6933,3566,3569,3573
6934,3569,3574,3573
6935,3569,3570,3574
6936,3570,3571,3575
6937,3570,3575,3574
6938,3576,3578,3577
6939,3576,3579,3578
6940,3576,3580,3579
6941,3576,3581,3580
6942,3576,3582,3581
6943,3576,3577,3582
6944,3583,3585,3584
6945,3583,3586,3585
6946,3577,3578,3586
6947,3577,3586,3583
6948,3577,3587,3582
6949,3577,3583,3587
6950,3549,3550,3587
6951,3549,3587,3583
6952,3549,3584,3548
6953,3549,3583,3584
6954,3049,3050,3589
6955,3049,3589,3588
6956,3049,3590,3048
6957,3049,3588,3590
6958,3584,3585,3590
6959,3584,3590,3588
6960,3584,3588,3548
6961,3548,3588,3556
6962,3556,3589,3555
6963,3556,3588,3589
6964,3026,3591,3054
6965,3054,3591,3050
6966,3050,3591,3589
6967,3589,3591,3555
6968,3555,3591,3561
6969,3561,3591,3026
6970,3043,3060,3592
6971,3043,3592,3567
6972,3593,3595,3594
6973,3060,3061,3595
6974,3060,3595,3593
6975,3060,3593,3592
6976,3592,3593,3567
6977,3567,3593,3572
6978,3572,3594,3571
6979,3572,3593,3594
6980,3596,3598,3597
6981,3596,3599,3598
6982,3594,3595,3599
6983,3594,3599,3596
6984,3594,3596,3571
6985,3571,3600,3575
6986,3571,3596,3600
6987,3596,3597,3600
6988,3597,3598,3601
6989,3597,3601,3600
6990,3602,3604,3603
6991,3602,3605,3604
6992,3602,3606,3605
6993,3602,3607,3606
6994,3579,3580,3607
6995,3579,3607,3602
6996,3579,3603,3578
6997,3579,3602,3603
6998,3067,3068,3609
6999,3067,3609,3608
7000,3067,3610,3066
7001,3067,3608,3610
7002,3603,3604,3610
7003,3603,3610,3608
7004,3603,3608,3578
7005,3578,3608,3586
7006,3586,3609,3585
7007,3586,3608,3609
7008,3048,3611,3072
7009,3072,3611,3068
7010,3068,3611,3609
7011,3609,3611,3585
7012,3585,3611,3590
7013,3590,3611,3048
7014,3061,3078,3612
7015,3061,3612,3595
7016,3613,3615,3614
7017,3078,3079,3615
7018,3078,3615,3613
7019,3078,3613,3612
7020,3612,3613,3595
7021,3595,3613,3599
7022,3599,3614,3598
7023,3599,3613,3614
7024,3614,3615,3616
7025,3614,3616,3617
7026,3614,3617,3598
7027,3598,3617,3601
7028,3618,3620,3619
7029,3618,3621,3620
7030,3618,3622,3621
7031,3618,3623,3622
7032,3618,3624,3623
7033,3618,3619,3624
7034,3085,3086,3626
7035,3085,3626,3625
7036,3085,3627,3084
7037,3085,3625,3627
7038,3619,3620,3627
7039,3619,3627,3625
7040,3619,3628,3624
7041,3619,3625,3628
7042,3605,3606,3628
7043,3605,3628,3625
7044,3605,3626,3604
7045,3605,3625,3626
7046,3066,3629,3090
7047,3090,3629,3086
7048,3086,3629,3626
7049,3626,3629,3604
7050,3604,3629,3610
7051,3610,3629,3066
7052,3079,3096,3630
7053,3079,3630,3615
7054,3631,3633,3632
7055,3096,3097,3633
7056,3096,3633,3631
7057,3096,3631,3630
7058,3630,3631,3615
7059,3615,3634,3616
7060,3615,3631,3634
7061,3631,3632,3634
7062,3632,3633,3635
7063,3632,3635,3634
7064,3636,3638,3637
7065,3636,3639,3638
7066,3636,3640,3639
7067,3636,3641,3640
7068,3636,3642,3641
7069,3636,3637,3642
7070,3103,3104,3644
7071,3103,3644,3643
7072,3103,3645,3102
7073,3103,3643,3645
7074,3637,3638,3645
7075,3637,3645,3643
7076,3637,3646,3642
7077,3637,3643,3646
7078,3621,3622,3646
7079,3621,3646,3643
7080,3621,3644,3620
7081,3621,3643,3644
7082,3084,3647,3108
7083,3108,3647,3104
7084,3104,3647,3644
7085,3644,3647,3620
7086,3620,3647,3627
7087,3627,3647,3084
7088,3097,3114,3648
7089,3097,3648,3633
7090,3649,3651,3650
7091,3114,3115,3651
7092,3114,3651,3649
7093,3114,3649,3648
7094,3648,3649,3633
7095,3633,3652,3635
7096,3633,3649,3652
7097,3649,3650,3652
7098,3650,3651,3653
7099,3650,3653,3652
7100,3654,3656,3655
7101,3654,3657,3656
7102,3654,3658,3657
7103,3654,3659,3658
7104,3639,3640,3659
7105,3639,3659,3654
7106,3639,3655,3638
7107,3639,3654,3655
7108,3102,3660,3121
7109,3121,3661,3120
7110,3121,3660,3661
7111,3655,3656,3661
7112,3655,3661,3660
7113,3655,3660,3638
7114,3638,3660,3645
7115,3645,3660,3102
7116,3115,3127,3663
7117,3115,3663,3662
7118,3127,3126,3663
7119,3115,3662,3651
7120,3662,3663,3664
7121,3662,3664,3665
7122,3662,3665,3651
7123,3651,3665,3653
7124,3666,3668,3667
7125,3666,3669,3668
7126,3666,3670,3669
7127,3666,3671,3670
7128,3666,3672,3671
7129,3666,3667,3672
7130,3133,3134,3674
7131,3133,3674,3673
7132,3133,3675,3132
7133,3133,3673,3675
7134,3667,3668,3675
7135,3667,3675,3673
7136,3667,3676,3672
7137,3667,3673,3676
7138,3657,3658,3676
7139,3657,3676,3673
7140,3657,3674,3656
7141,3657,3673,3674
7142,3120,3677,3138
7143,3138,3677,3134
7144,3134,3677,3674
7145,3674,3677,3656
7146,3656,3677,3661
7147,3661,3677,3120
7148,3126,3144,3678
7149,3126,3678,3663
7150,3679,3681,3680
7151,3144,3145,3681
7152,3144,3681,3679
7153,3144,3679,3678
7154,3678,3679,3663
7155,3663,3682,3664
7156,3663,3679,3682
7157,3679,3680,3682
7158,3680,3681,3683
7159,3680,3683,3682
7160,3684,3686,3685
7161,3684,3687,3686
7162,3684,3688,3687
7163,3684,3689,3688
7164,3669,3670,3689
7165,3669,3689,3684
7166,3669,3685,3668
7167,3669,3684,3685
7168,3132,3690,3151
7169,3151,3691,3150
7170,3151,3690,3691
7171,3685,3686,3691
7172,3685,3691,3690
7173,3685,3690,3668
7174,3668,3690,3675
7175,3675,3690,3132
7176,3145,3157,3693
7177,3145,3693,3692
7178,3157,3156,3693
7179,3145,3692,3681
7180,3692,3693,3694
7181,3692,3694,3695
7182,3692,3695,3681
7183,3681,3695,3683
7184,3696,3698,3697
7185,3696,3699,3698
7186,3696,3700,3699
7187,3696,3701,3700
7188,3687,3688,3701
7189,3687,3701,3696
7190,3687,3697,3686
7191,3687,3696,3697
7192,3150,3702,3163
7193,3163,3703,3162
7194,3163,3702,3703
7195,3697,3698,3703
7196,3697,3703,3702
7197,3697,3702,3686
7198,3686,3702,3691
7199,3691,3702,3150
7200,3156,3169,3705
7201,3156,3705,3704
7202,3169,3168,3705
7203,3156,3704,3693
7204,3704,3705,3706
7205,3704,3706,3707
7206,3704,3707,3693
7207,3693,3707,3694
7208,3708,3710,3709
7209,3708,3711,3710
7210,3708,3712,3711
7211,3708,3713,3712
7212,3699,3700,3713
7213,3699,3713,3708
7214,3699,3709,3698
7215,3699,3708,3709
7216,3162,3714,3175
7217,3175,3715,3174
7218,3175,3714,3715
7219,3709,3710,3715
7220,3709,3715,3714
7221,3709,3714,3698
7222,3698,3714,3703
7223,3703,3714,3162
7224,3168,3181,3717
7225,3168,3717,3716
7226,3181,3180,3717
7227,3168,3716,3705
7228,3716,3717,3718
7229,3716,3718,3719
7230,3716,3719,3705
7231,3705,3719,3706
7232,3187,3188,3721
7233,3187,3721,3720
7234,3187,3722,3186
7235,3187,3720,3722
7236,3720,3723,3722
7237,3720,3724,3723
7238,3711,3712,3724
7239,3711,3724,3720
7240,3711,3721,3710
7241,3711,3720,3721
7242,3174,3725,3192
7243,3192,3725,3188
7244,3188,3725,3721
7245,3721,3725,3710
7246,3710,3725,3715
7247,3715,3725,3174
7248,3180,3198,3726
7249,3180,3726,3717
7250,3198,3199,3727
7251,3198,3727,3728
7252,3198,3728,3726
7253,3726,3728,3729
7254,3726,3729,3717
7255,3717,3729,3718
7256,3186,3730,3205
7257,3205,3731,3204
7258,3205,3730,3731
7259,3730,3732,3731
7260,3730,3733,3732
7261,3722,3723,3733
7262,3722,3733,3730
7263,3722,3730,3186
7264,3199,3211,3734
7265,3211,3735,3734
7266,3211,3210,3735
7267,3734,3735,3736
7268,3734,3736,3737
7269,3727,3734,3737
7270,3727,3737,3728
7271,3727,3199,3734
7272,3204,3738,3217
7273,3217,3739,3216
7274,3217,3738,3739
7275,3738,3740,3739
7276,3738,3741,3740
7277,3731,3732,3741
7278,3731,3741,3738
7279,3731,3738,3204
7280,3210,3223,3742
7281,3223,3743,3742
7282,3223,3222,3743
7283,3742,3743,3744
7284,3742,3744,3745
7285,3735,3742,3745
7286,3735,3745,3736
7287,3735,3210,3742
7288,3216,3747,3224
7289,3216,3746,3747
7290,3746,3748,3747
7291,3746,3749,3748
7292,3746,3750,3749
7293,3739,3740,3750
7294,3739,3750,3746
7295,3739,3746,3216
7296,3224,3751,3228
7297,3224,3747,3751
7298,3233,3752,3234
7299,3233,3232,3752
7300,3222,3235,3753
7301,3235,3234,3753
7302,3234,3754,3753
7303,3234,3752,3754
7304,3753,3754,3755
7305,3743,3753,3755
7306,3743,3755,3744
7307,3743,3222,3753
7308,3756,3758,3757
7309,3756,3759,3758
7310,3756,3760,3759
7311,3756,3761,3760
7312,3748,3749,3761
7313,3748,3761,3756
7314,3748,3757,3747
7315,3748,3756,3757
7316,3228,3762,3241
7317,3241,3763,3240
7318,3241,3762,3763
7319,3757,3758,3763
7320,3757,3763,3762
7321,3757,3762,3747
7322,3747,3762,3751
7323,3751,3762,3228
7324,3232,3247,3765
7325,3232,3765,3764
7326,3247,3246,3765
7327,3232,3764,3752
7328,3764,3765,3766
7329,3764,3766,3767
7330,3764,3767,3752
7331,3752,3767,3754
7332,3768,3770,3769
7333,3768,3771,3770
7334,3768,3772,3771
7335,3768,3773,3772
7336,3759,3760,3773
7337,3759,3773,3768
7338,3759,3769,3758
7339,3759,3768,3769
7340,3240,3774,3253
7341,3253,3775,3252
7342,3253,3774,3775
7343,3769,3770,3775
7344,3769,3775,3774
7345,3769,3774,3758
7346,3758,3774,3763
7347,3763,3774,3240
7348,3246,3259,3777
7349,3246,3777,3776
7350,3259,3258,3777
7351,3246,3776,3765
7352,3776,3777,3778
7353,3776,3778,3779
7354,3776,3779,3765
7355,3765,3779,3766
7356,3780,3782,3781
7357,3780,3783,3782
7358,3780,3784,3783
7359,3780,3785,3784
7360,3771,3772,3785
7361,3771,3785,3780
7362,3771,3781,3770
7363,3771,3780,3781
7364,3252,3786,3265
7365,3265,3787,3264
7366,3265,3786,3787
7367,3781,3782,3787
7368,3781,3787,3786
7369,3781,3786,3770
7370,3770,3786,3775
7371,3775,3786,3252
7372,3258,3271,3789
7373,3258,3789,3788
7374,3271,3270,3789
7375,3258,3788,3777
7376,3788,3789,3790
7377,3788,3790,3791
7378,3788,3791,3777
7379,3777,3791,3778
7380,3783,3784,3792
7381,3783,3792,3782
7382,3264,3794,3272
7383,3264,3793,3794
7384,3793,3795,3794
7385,3793,3796,3795
7386,3782,3792,3796
7387,3782,3796,3793
7388,3782,3793,3787
7389,3787,3793,3264
7390,3272,3797,3276
7391,3272,3794,3797
7392,3281,3798,3282
7393,3281,3280,3798
7394,3270,3283,3799
7395,3283,3282,3799
7396,3282,3800,3799
7397,3282,3798,3800
7398,3799,3800,3801
7399,3799,3801,3802
7400,3270,3799,3802
7401,3270,3802,3789
7402,3789,3802,3803
7403,3789,3803,3790
7404,3804,3806,3805
7405,3804,3807,3806
7406,3804,3808,3807
7407,3804,3809,3808
7408,3795,3796,3809
7409,3795,3809,3804
7410,3795,3805,3794
7411,3795,3804,3805
7412,3276,3810,3289
7413,3289,3811,3288
7414,3289,3810,3811
7415,3805,3806,3811
7416,3805,3811,3810
7417,3805,3810,3794
7418,3794,3810,3797
7419,3797,3810,3276
7420,3280,3295,3813
7421,3280,3813,3812
7422,3295,3294,3813
7423,3280,3812,3798
7424,3812,3813,3814
7425,3812,3814,3815
7426,3812,3815,3798
7427,3798,3815,3800
7428,3807,3808,3816
7429,3807,3816,3806
7430,3288,3818,3296
7431,3288,3817,3818
7432,3817,3819,3818
7433,3817,3820,3819
7434,3806,3816,3820
7435,3806,3820,3817
7436,3806,3817,3811
7437,3811,3817,3288
7438,3296,3821,3300
7439,3296,3818,3821
7440,3305,3822,3306
7441,3305,3304,3822
7442,3294,3307,3823
7443,3307,3306,3823
7444,3306,3824,3823
7445,3306,3822,3824
7446,3823,3824,3825
7447,3823,3825,3826
7448,3294,3823,3826
7449,3294,3826,3813
7450,3813,3826,3827
7451,3813,3827,3814
7452,3819,3820,3828
7453,3819,3828,3818
7454,3300,3830,3308
7455,3300,3829,3830
7456,3829,3831,3830
7457,3829,3832,3831
7458,3818,3828,3832
7459,3818,3832,3829
7460,3818,3829,3821
7461,3821,3829,3300
7462,3308,3833,3312
7463,3308,3830,3833
7464,3317,3834,3318
7465,3317,3316,3834
7466,3304,3319,3835
7467,3319,3318,3835
7468,3318,3836,3835
7469,3318,3834,3836
7470,3835,3836,3837
7471,3835,3837,3838
7472,3304,3835,3838
7473,3304,3838,3822
7474,3822,3838,3839
7475,3822,3839,3824
7476,3840,3842,3841
7477,3840,3843,3842
7478,3840,3844,3843
7479,3840,3845,3844
7480,3831,3832,3845
7481,3831,3845,3840
7482,3831,3841,3830
7483,3831,3840,3841
7484,3312,3847,3320
7485,3312,3846,3847
7486,3846,3848,3847
7487,3841,3842,3848
7488,3841,3848,3846
7489,3841,3846,3830
7490,3830,3846,3833
7491,3833,3846,3312
7492,3320,3849,3324
7493,3320,3847,3849
7494,3329,3850,3330
7495,3329,3328,3850
7496,3316,3331,3852
7497,3316,3852,3851
7498,3331,3330,3853
7499,3331,3853,3852
7500,3330,3850,3853
7501,3316,3851,3834
7502,3851,3852,3854
7503,3851,3854,3855
7504,3851,3855,3834
7505,3834,3855,3836
7506,3843,3844,3856
7507,3843,3856,3842
7508,3857,3859,3858
7509,3857,3860,3859
7510,3857,3861,3860
7511,3842,3856,3861
7512,3842,3861,3857
7513,3842,3857,3848
7514,3848,3858,3847
7515,3848,3857,3858
7516,3324,3863,3332
7517,3324,3862,3863
7518,3862,3864,3863
7519,3858,3859,3864
7520,3858,3864,3862
7521,3858,3862,3847
7522,3847,3862,3849
7523,3849,3862,3324
7524,3332,3865,3336
7525,3332,3863,3865
7526,3341,3866,3342
7527,3341,3340,3866
7528,3328,3343,3868
7529,3328,3868,3867
7530,3343,3342,3869
7531,3343,3869,3868
7532,3342,3866,3869
7533,3328,3867,3850
7534,3867,3868,3870
7535,3867,3870,3871
7536,3867,3871,3850
7537,3850,3871,3872
7538,3850,3872,3853
7539,3853,3872,3852
7540,3852,3872,3873
7541,3852,3873,3854
7542,3860,3861,3874
7543,3860,3874,3859
7544,3859,3874,3875
7545,3859,3875,3876
7546,3859,3876,3864
7547,3864,3876,3863
7548,3336,3878,3344
7549,3336,3877,3878
7550,3877,3879,3878
7551,3877,3880,3879
7552,3863,3876,3880
7553,3863,3880,3877
7554,3863,3877,3865
7555,3865,3877,3336
7556,3344,3881,3348
7557,3344,3878,3881
7558,3357,3882,3358
7559,3357,3356,3882
7560,3340,3359,3883
7561,3359,3358,3883
7562,3358,3884,3883
7563,3358,3882,3884
7564,3883,3884,3885
7565,3883,3885,3886
7566,3340,3883,3886
7567,3340,3886,3866
7568,3866,3886,3887
7569,3866,3887,3888
7570,3866,3888,3869
7571,3869,3888,3868
7572,3868,3888,3889
7573,3868,3889,3870
7574,3879,3880,3890
7575,3879,3890,3878
7576,3348,3892,3360
7577,3348,3891,3892
7578,3891,3893,3892
7579,3891,3894,3893
7580,3878,3890,3894
7581,3878,3894,3891
7582,3878,3891,3881
7583,3881,3891,3348
7584,3361,3895,3362
7585,3361,3360,3896
7586,3361,3896,3895
7587,3360,3892,3896
7588,3362,3897,3366
7589,3362,3895,3897
7590,3383,3898,3384
7591,3383,3382,3898
7592,3385,3899,3386
7593,3385,3384,3900
7594,3385,3900,3899
7595,3384,3898,3900
7596,3356,3387,3901
7597,3387,3386,3901
7598,3386,3902,3901
7599,3386,3899,3902
7600,3901,3902,3903
7601,3901,3903,3904
7602,3356,3901,3904
7603,3356,3904,3882
7604,3882,3904,3905
7605,3882,3905,3884
7606,3893,3894,3906
7607,3893,3906,3892
7608,3892,3906,3907
7609,3892,3907,3908
7610,3892,3908,3896
7611,3896,3908,3895
7612,3366,3910,3388
7613,3366,3909,3910
7614,3909,3911,3910
7615,3909,3912,3911
7616,3895,3908,3912
7617,3895,3912,3909
7618,3895,3909,3897
7619,3897,3909,3366
7620,3389,3913,3390
7621,3389,3388,3914
7622,3389,3914,3913
7623,3388,3910,3914
7624,3391,3915,3392
7625,3391,3390,3916
7626,3391,3916,3915
7627,3390,3913,3916
7628,3393,3917,3394
7629,3393,3392,3918
7630,3393,3918,3917
7631,3392,3915,3918
7632,3394,3919,3398
7633,3394,3917,3919
7634,3405,3920,3406
7635,3405,3404,3920
7636,3407,3921,3408
7637,3407,3406,3922
7638,3407,3922,3921
7639,3406,3920,3922
7640,3409,3923,3410
7641,3409,3408,3924
7642,3409,3924,3923
7643,3408,3921,3924
7644,3411,3925,3412
7645,3411,3410,3926
7646,3411,3926,3925
7647,3410,3923,3926
7648,3382,3413,3927
7649,3413,3412,3927
7650,3412,3928,3927
7651,3412,3925,3928
7652,3927,3928,3929
7653,3927,3929,3930
7654,3382,3927,3930
7655,3382,3930,3898
7656,3898,3930,3931
7657,3898,3931,3932
7658,3898,3932,3900
7659,3900,3932,3899
7660,3899,3932,3933
7661,3899,3933,3902
7662,3911,3912,3934
7663,3911,3934,3910
7664,3910,3934,3935
7665,3910,3935,3936
7666,3910,3936,3914
7667,3914,3936,3913
7668,3913,3936,3937
7669,3913,3937,3938
7670,3913,3938,3916
7671,3916,3938,3915
7672,3915,3938,3939
7673,3915,3939,3940
7674,3915,3940,3918
7675,3918,3940,3917
7676,3398,3941,3414
7677,3917,3940,3942
7678,3917,3942,3943
7679,3917,3943,3919
7680,3919,3943,3941
7681,3919,3941,3398
7682,3415,3944,3945
7683,3415,3945,3416
7684,3415,3414,3944
7685,3414,3941,3944
7686,3941,3946,3944
7687,3941,3943,3946
7688,3944,3946,3947
7689,3944,3947,3945
7690,3417,3948,3949
7691,3417,3949,3418
7692,3417,3416,3948
7693,3416,3945,3948
7694,3945,3950,3948
7695,3945,3947,3950
7696,3948,3950,3951
7697,3948,3951,3949
7698,3404,3419,3952
7699,3419,3418,3952
7700,3418,3949,3952
7701,3949,3953,3952
7702,3949,3951,3953
7703,3952,3953,3954
7704,3404,3952,3954
7705,3404,3954,3920
7706,3920,3954,3955
7707,3920,3955,3956
7708,3920,3956,3922
7709,3922,3956,3921
7710,3921,3956,3957
7711,3921,3957,3958
7712,3921,3958,3924
7713,3924,3958,3923
7714,3923,3958,3959
7715,3923,3959,3960
7716,3923,3960,3926
7717,3926,3960,3925
7718,3925,3960,3961
7719,3925,3961,3928
7720,3962,3964,3963
7721,3962,3965,3964
7722,3962,3966,3965
7723,3962,3967,3966
7724,3962,3968,3967
7725,3962,3963,3968
7726,3969,3971,3970
7727,3969,3972,3971
7728,3963,3964,3972
7729,3963,3972,3969
7730,3963,3973,3968
7731,3963,3969,3973
7732,3969,3974,3973
7733,3969,3970,3974
7734,3975,3977,3976
7735,3975,3978,3977
7736,3970,3971,3978
7737,3970,3978,3975
7738,3970,3979,3974
7739,3970,3975,3979
7740,3975,3980,3979
7741,3975,3976,3980
7742,3981,3983,3982
7743,3981,3984,3983
7744,3976,3977,3984
7745,3976,3984,3981
7746,3976,3985,3980
7747,3976,3981,3985
7748,3981,3986,3985
7749,3981,3982,3986
7750,3987,3989,3988
7751,3987,3990,3989
7752,3982,3983,3990
7753,3982,3990,3987
7754,3982,3991,3986
7755,3982,3987,3991
7756,3987,3992,3991
7757,3987,3988,3992
7758,3993,3995,3994
7759,3993,3996,3995
7760,3988,3989,3996
7761,3988,3996,3993
7762,3988,3997,3992
7763,3988,3993,3997
7764,3993,3998,3997
7765,3993,3994,3998
7766,3999,4001,4000
7767,3999,4002,4001
7768,3994,3995,4002
7769,3994,4002,3999
7770,3994,4003,3998
7771,3994,3999,4003
7772,3999,4004,4003
7773,3999,4000,4004
7774,4005,4007,4006
7775,4005,4008,4007
7776,4000,4001,4008
7777,4000,4008,4005
7778,4000,4009,4004
7779,4000,4005,4009
7780,4005,4010,4009
7781,4005,4006,4010
7782,4011,4013,4012
7783,4011,4014,4013
7784,4006,4007,4014
7785,4006,4014,4011
7786,4006,4015,4010
7787,4006,4011,4015
7788,4011,4016,4015
7789,4011,4012,4016
7790,4012,4013,4017
7791,4012,4017,4016
7792,4018,4020,4019
7793,4018,4021,4020
7794,4018,4022,4021
7795,4018,4023,4022
7796,4018,4024,4023
7797,4018,4019,4024
7798,4025,4027,4026
7799,4025,4028,4027
7800,4019,4020,4028
7801,4019,4028,4025
7802,4019,4029,4024
7803,4019,4025,4029
7804,4025,4030,4029
7805,4025,4026,4030
7806,3425,3426,4032
7807,3425,4032,4031
7808,3425,4033,3424
7809,3425,4031,4033
7810,4026,4027,4033
7811,4026,4033,4031
7812,4026,4034,4030
7813,4026,4031,4034
7814,4031,4035,4034
7815,4031,4032,4035
7816,3431,3432,4037
7817,3431,4037,4036
7818,3431,4036,3426
7819,3426,4036,4032
7820,4032,4038,4035
7821,4032,4036,4038
7822,3965,3966,4038
7823,3965,4038,4036
7824,3965,4037,3964
7825,3965,4036,4037
7826,3437,3438,4040
7827,3437,4040,4039
7828,3437,4039,3432
7829,3432,4039,4037
7830,4037,4039,3964
7831,3964,4039,3972
7832,3972,4040,3971
7833,3972,4039,4040
7834,3443,3444,4042
7835,3443,4042,4041
7836,3443,4041,3438
7837,3438,4041,4040
7838,4040,4041,3971
7839,3971,4041,3978
7840,3978,4042,3977
7841,3978,4041,4042
7842,3448,3449,4044
7843,3448,4044,4043
7844,3448,4043,3444
7845,3444,4043,4042
7846,4042,4043,3977
7847,3977,4043,3984
7848,3984,4044,3983
7849,3984,4043,4044
7850,3452,3453,4046
7851,3452,4046,4045
7852,3452,4045,3449
7853,3449,4045,4044
7854,4044,4045,3983
7855,3983,4045,3990
7856,3990,4046,3989
7857,3990,4045,4046
7858,3456,3457,4048
7859,3456,4048,4047
7860,3456,4047,3453
7861,3453,4047,4046
7862,4046,4047,3989
7863,3989,4047,3996
7864,3996,4048,3995
7865,3996,4047,4048
7866,3461,3462,4050
7867,3461,4050,4049
7868,3461,4049,3457
7869,3457,4049,4048
7870,4048,4049,3995
7871,3995,4049,4002
7872,4002,4050,4001
7873,4002,4049,4050
7874,3467,3468,4052
7875,3467,4052,4051
7876,3467,4051,3462
7877,3462,4051,4050
7878,4050,4051,4001
7879,4001,4051,4008
7880,4008,4052,4007
7881,4008,4051,4052
7882,3473,3474,4054
7883,3473,4054,4053
7884,3473,4053,3468
7885,3468,4053,4052
7886,4052,4053,4007
7887,4007,4053,4014
7888,4014,4054,4013
7889,4014,4053,4054
7890,3479,3480,4056
7891,3479,4056,4055
7892,3479,4055,3474
7893,3474,4055,4054
7894,4054,4055,4013
7895,4013,4057,4017
7896,4013,4055,4057
7897,4055,4056,4057
7898,4058,4060,4059
7899,3480,3481,4060
7900,3480,4060,4058
7901,3480,4058,4056
7902,4056,4061,4057
7903,4056,4058,4061
7904,4058,4062,4061
7905,4058,4059,4062
7906,4063,4065,4064
7907,4063,4066,4065
7908,4059,4060,4066
7909,4059,4066,4063
7910,4059,4067,4062
7911,4059,4063,4067
7912,4063,4068,4067
7913,4063,4064,4068
7914,4064,4065,4069
7915,4064,4069,4068
7916,4070,4072,4071
7917,4070,4073,4072
7918,4070,4074,4073
7919,4070,4075,4074
7920,4070,4076,4075
7921,4070,4071,4076
7922,3487,3488,4078
7923,3487,4078,4077
7924,3487,4079,3486
7925,3487,4077,4079
7926,4071,4072,4079
7927,4071,4079,4077
7928,4071,4080,4076
7929,4071,4077,4080
7930,4021,4022,4080
7931,4021,4080,4077
7932,4021,4078,4020
7933,4021,4077,4078
7934,3493,3494,4082
7935,3493,4082,4081
7936,3493,4081,3488
7937,3488,4081,4078
7938,4078,4081,4020
7939,4020,4081,4028
7940,4028,4082,4027
7941,4028,4081,4082
7942,3424,4083,3498
7943,3498,4083,3494
7944,3494,4083,4082
7945,4082,4083,4027
7946,4027,4083,4033
7947,4033,4083,3424
7948,3481,3516,4084
7949,3481,4084,4060
7950,3521,3522,4086
7951,3521,4086,4085
7952,3521,4085,3516
7953,3516,4085,4084
7954,4084,4085,4060
7955,4060,4085,4066
7956,4066,4086,4065
7957,4066,4085,4086
7958,4087,4089,4088
7959,3522,3523,4089
7960,3522,4089,4087
7961,3522,4087,4086
7962,4086,4087,4065
7963,4065,4090,4069
7964,4065,4087,4090
7965,4087,4088,4090
7966,4088,4089,4091
7967,4088,4091,4090
7968,4092,4094,4093
7969,4092,4095,4094
7970,4092,4096,4095
7971,4092,4097,4096
7972,4092,4098,4097
7973,4092,4093,4098
7974,4099,4101,4100
7975,4099,4102,4101
7976,4093,4094,4102
7977,4093,4102,4099
7978,4093,4103,4098
7979,4093,4099,4103
7980,4099,4104,4103
7981,4099,4100,4104
7982,3529,3530,4106
7983,3529,4106,4105
7984,3529,4107,3528
7985,3529,4105,4107
7986,4100,4101,4107
7987,4100,4107,4105
7988,4100,4108,4104
7989,4100,4105,4108
7990,4073,4074,4108
7991,4073,4108,4105
7992,4073,4106,4072
7993,4073,4105,4106
7994,3486,4109,3534
7995,3534,4109,3530
7996,3530,4109,4106
7997,4106,4109,4072
7998,4072,4109,4079
7999,4079,4109,3486
8000,3523,3544,4110
8001,3523,4110,4089
8002,4111,4113,4112
8003,3544,3545,4113
8004,3544,4113,4111
8005,3544,4111,4110
8006,4110,4111,4089
8007,4089,4114,4091
8008,4089,4111,4114
8009,4111,4112,4114
8010,4115,4117,4116
8011,4115,4118,4117
8012,4112,4113,4118
8013,4112,4118,4115
8014,4112,4119,4114
8015,4112,4115,4119
8016,4115,4120,4119
8017,4115,4116,4120
8018,4116,4117,4121
8019,4116,4121,4120
8020,4122,4124,4123
8021,4122,4125,4124
8022,4122,4126,4125
8023,4122,4127,4126
8024,4122,4128,4127
8025,4122,4123,4128
8026,3551,3552,4130
8027,3551,4130,4129
8028,3551,4131,3550
8029,3551,4129,4131
8030,4123,4124,4131
8031,4123,4131,4129
8032,4123,4132,4128
8033,4123,4129,4132
8034,4095,4096,4132
8035,4095,4132,4129
8036,4095,4130,4094
8037,4095,4129,4130
8038,3557,3558,4134
8039,3557,4134,4133
8040,3557,4133,3552
8041,3552,4133,4130
8042,4130,4133,4094
8043,4094,4133,4102
8044,4102,4134,4101
8045,4102,4133,4134
8046,3528,4135,3562
8047,3562,4135,3558
8048,3558,4135,4134
8049,4134,4135,4101
8050,4101,4135,4107
8051,4107,4135,3528
8052,3545,3568,4136
8053,3545,4136,4113
8054,3573,3574,4138
8055,3573,4138,4137
8056,3573,4137,3568
8057,3568,4137,4136
8058,4136,4137,4113
8059,4113,4137,4118
8060,4118,4138,4117
8061,4118,4137,4138
8062,4139,4141,4140
8063,3574,3575,4141
8064,3574,4141,4139
8065,3574,4139,4138
8066,4138,4139,4117
8067,4117,4142,4121
8068,4117,4139,4142
8069,4139,4140,4142
8070,4140,4141,4143
8071,4140,4143,4142
8072,4144,4146,4145
8073,4144,4147,4146
8074,4144,4148,4147
8075,4144,4149,4148
8076,4144,4150,4149
8077,4144,4145,4150
8078,3581,3582,4152
8079,3581,4152,4151
8080,3581,4153,3580
8081,3581,4151,4153
8082,4145,4146,4153
8083,4145,4153,4151
8084,4145,4154,4150
8085,4145,4151,4154
8086,4125,4126,4154
8087,4125,4154,4151
8088,4125,4152,4124
8089,4125,4151,4152
8090,3550,4155,3587
8091,3587,4155,3582
8092,3582,4155,4152
8093,4152,4155,4124
8094,4124,4155,4131
8095,4131,4155,3550
8096,3575,3600,4156
8097,3575,4156,4141
8098,4157,4159,4158
8099,3600,3601,4159
8100,3600,4159,4157
8101,3600,4157,4156
8102,4156,4157,4141
8103,4141,4160,4143
8104,4141,4157,4160
8105,4157,4158,4160
8106,4158,4159,4161
8107,4158,4161,4160
8108,4162,4164,4163
8109,4162,4165,4164
8110,4162,4166,4165
8111,4162,4167,4166
8112,4147,4148,4167
8113,4147,4167,4162
8114,4147,4163,4146
8115,4147,4162,4163
8116,3580,4168,3607
8117,3607,4169,3606
8118,3607,4168,4169
8119,4163,4164,4169
8120,4163,4169,4168
8121,4163,4168,4146
8122,4146,4168,4153
8123,4153,4168,3580
8124,3601,3617,4171
8125,3601,4171,4170
8126,3617,3616,4171
8127,3601,4170,4159
8128,4170,4171,4172
8129,4170,4172,4173
8130,4170,4173,4159
8131,4159,4173,4161
8132,4174,4176,4175
8133,4174,4177,4176
8134,4174,4178,4177
8135,4174,4179,4178
8136,4174,4180,4179
8137,4174,4175,4180
8138,3623,3624,4182
8139,3623,4182,4181
8140,3623,4183,3622
8141,3623,4181,4183
8142,4175,4176,4183
8143,4175,4183,4181
8144,4175,4184,4180
8145,4175,4181,4184
8146,4165,4166,4184
8147,4165,4184,4181
8148,4165,4182,4164
8149,4165,4181,4182
8150,3606,4185,3628
8151,3628,4185,3624
8152,3624,4185,4182
8153,4182,4185,4164
8154,4164,4185,4169
8155,4169,4185,3606
8156,3616,3634,4186
8157,3616,4186,4171
8158,4187,4189,4188
8159,3634,3635,4189
8160,3634,4189,4187
8161,3634,4187,4186
8162,4186,4187,4171
8163,4171,4190,4172
8164,4171,4187,4190
8165,4187,4188,4190
8166,4188,4189,4191
8167,4188,4191,4190
8168,4192,4194,4193
8169,4192,4195,4194
8170,4192,4196,4195
8171,4192,4197,4196
8172,4192,4198,4197
8173,4192,4193,4198
8174,3641,3642,4200
8175,3641,4200,4199
8176,3641,4201,3640
8177,3641,4199,4201
8178,4193,4194,4201
8179,4193,4201,4199
8180,4193,4202,4198
8181,4193,4199,4202
8182,4177,4178,4202
8183,4177,4202,4199
8184,4177,4200,4176
8185,4177,4199,4200
8186,3622,4203,3646
8187,3646,4203,3642
8188,3642,4203,4200
8189,4200,4203,4176
8190,4176,4203,4183
8191,4183,4203,3622
8192,3635,3652,4204
8193,3635,4204,4189
8194,4205,4207,4206
8195,3652,3653,4207
8196,3652,4207,4205
8197,3652,4205,4204
8198,4204,4205,4189
8199,4189,4208,4191
8200,4189,4205,4208
8201,4205,4206,4208
8202,4206,4207,4209
8203,4206,4209,4208
8204,4210,4212,4211
8205,4210,4213,4212
8206,4210,4214,4213
8207,4210,4215,4214
8208,4195,4196,4215
8209,4195,4215,4210
8210,4195,4211,4194
8211,4195,4210,4211
8212,3640,4216,3659
8213,3659,4217,3658
8214,3659,4216,4217
8215,4211,4212,4217
8216,4211,4217,4216
8217,4211,4216,4194
8218,4194,4216,4201
8219,4201,4216,3640
8220,3653,3665,4219
8221,3653,4219,4218
8222,3665,3664,4219
8223,3653,4218,4207
8224,4218,4219,4220
8225,4218,4220,4221
8226,4218,4221,4207
8227,4207,4221,4209
8228,3671,3672,4223
8229,3671,4223,4222
8230,3671,4224,3670
8231,3671,4222,4224
8232,4222,4225,4224
8233,4222,4226,4225
8234,4213,4214,4226
8235,4213,4226,4222
8236,4213,4223,4212
8237,4213,4222,4223
8238,3658,4227,3676
8239,3676,4227,3672
8240,3672,4227,4223
8241,4223,4227,4212
8242,4212,4227,4217
8243,4217,4227,3658
8244,3664,3682,4228
8245,3664,4228,4219
8246,3682,3683,4229
8247,3682,4229,4230
8248,3682,4230,4228
8249,4228,4230,4231
8250,4228,4231,4219
8251,4219,4231,4220
8252,4232,4234,4233
8253,4232,4235,4234
8254,4232,4236,4235
8255,4232,4237,4236
8256,4232,4238,4237
8257,4232,4233,4238
8258,3670,4239,3689
8259,3689,4240,3688
8260,3689,4239,4240
8261,4233,4234,4240
8262,4233,4240,4239
8263,4233,4241,4238
8264,4233,4239,4241
8265,4224,4225,4241
8266,4224,4241,4239
8267,4224,4239,3670
8268,3683,3695,4243
8269,3683,4243,4242
8270,3695,3694,4243
8271,4229,4244,4230
8272,4229,3683,4242
8273,4229,4242,4244
8274,4242,4243,4245
8275,4242,4245,4244
8276,4246,4248,4247
8277,4246,4249,4248
8278,4246,4250,4249
8279,4246,4251,4250
8280,4235,4236,4251
8281,4235,4251,4246
8282,4235,4247,4234
8283,4235,4246,4247
8284,3688,4252,3701
8285,3701,4253,3700
8286,3701,4252,4253
8287,4247,4248,4253
8288,4247,4253,4252
8289,4247,4252,4234
8290,4234,4252,4240
8291,4240,4252,3688
8292,3694,3707,4255
8293,3694,4255,4254
8294,3707,3706,4255
8295,3694,4254,4243
8296,4254,4255,4256
8297,4254,4256,4257
8298,4254,4257,4243
8299,4243,4257,4245
8300,4258,4260,4259
8301,4258,4261,4260
8302,4258,4262,4261
8303,4258,4263,4262
8304,4249,4250,4263
8305,4249,4263,4258
8306,4249,4259,4248
8307,4249,4258,4259
8308,3700,4264,3713
8309,3713,4265,3712
8310,3713,4264,4265
8311,4259,4260,4265
8312,4259,4265,4264
8313,4259,4264,4248
8314,4248,4264,4253
8315,4253,4264,3700
8316,3706,3719,4267
8317,3706,4267,4266
8318,3719,3718,4267
8319,3706,4266,4255
8320,4266,4267,4268
8321,4266,4268,4269
8322,4266,4269,4255
8323,4255,4269,4256
8324,4270,4272,4271
8325,4270,4273,4272
8326,4270,4274,4273
8327,4270,4275,4274
8328,4261,4262,4275
8329,4261,4275,4270
8330,4261,4271,4260
8331,4261,4270,4271
8332,3712,4276,3724
8333,3724,4277,3723
8334,3724,4276,4277
8335,4271,4272,4277
8336,4271,4277,4276
8337,4271,4276,4260
8338,4260,4276,4265
8339,4265,4276,3712
8340,3718,3729,4279
8341,3718,4279,4278
8342,3729,3728,4279
8343,3718,4278,4267
8344,4278,4279,4280
8345,4278,4280,4281
8346,4278,4281,4267
8347,4267,4281,4268
8348,4282,4284,4283
8349,4282,4285,4284
8350,4282,4286,4285
8351,4282,4287,4286
8352,4273,4274,4287
8353,4273,4287,4282
8354,4273,4283,4272
8355,4273,4282,4283
8356,3723,4288,3733
8357,3733,4289,3732
8358,3733,4288,4289
8359,4283,4284,4289
8360,4283,4289,4288
8361,4283,4288,4272
8362,4272,4288,4277
8363,4277,4288,3723
8364,3728,3737,4291
8365,3728,4291,4290
8366,3737,3736,4291
8367,3728,4290,4279
8368,4290,4291,4292
8369,4290,4292,4293
8370,4290,4293,4279
8371,4279,4293,4280
8372,4294,4296,4295
8373,4294,4297,4296
8374,4294,4298,4297
8375,4294,4299,4298
8376,4285,4286,4299
8377,4285,4299,4294
8378,4285,4295,4284
8379,4285,4294,4295
8380,3732,4300,3741
8381,3741,4301,3740
8382,3741,4300,4301
8383,4295,4296,4301
8384,4295,4301,4300
8385,4295,4300,4284
8386,4284,4300,4289
8387,4289,4300,3732
8388,3736,3745,4303
8389,3736,4303,4302
8390,3745,3744,4303
8391,3736,4302,4291
8392,4302,4303,4304
8393,4302,4304,4305
8394,4302,4305,4291
8395,4291,4305,4292
8396,4306,4308,4307
8397,4306,4309,4308
8398,4306,4310,4309
8399,4306,4311,4310
8400,4297,4298,4311
8401,4297,4311,4306
8402,4297,4307,4296
8403,4297,4306,4307
8404,3740,4312,3750
8405,3750,4313,3749
8406,3750,4312,4313
8407,4307,4308,4313
8408,4307,4313,4312
8409,4307,4312,4296
8410,4296,4312,4301
8411,4301,4312,3740
8412,3744,3755,4315
8413,3744,4315,4314
8414,3755,3754,4315
8415,3744,4314,4303
8416,4314,4315,4316
8417,4314,4316,4317
8418,4314,4317,4303
8419,4303,4317,4304
8420,4318,4320,4319
8421,4318,4321,4320
8422,4318,4322,4321
8423,4318,4323,4322
8424,4309,4310,4323
8425,4309,4323,4318
8426,4309,4319,4308
8427,4309,4318,4319
8428,3749,4324,3761
8429,3761,4325,3760
8430,3761,4324,4325
8431,4319,4320,4325
8432,4319,4325,4324
8433,4319,4324,4308
8434,4308,4324,4313
8435,4313,4324,3749
8436,3754,3767,4327
8437,3754,4327,4326
8438,3767,3766,4327
8439,3754,4326,4315
8440,4326,4327,4328
8441,4326,4328,4329
8442,4326,4329,4315
8443,4315,4329,4316
8444,4330,4332,4331
8445,4330,4333,4332
8446,4330,4334,4333
8447,4330,4335,4334
8448,4321,4322,4335
8449,4321,4335,4330
8450,4321,4331,4320
8451,4321,4330,4331
8452,3760,4336,3773
8453,3773,4337,3772
8454,3773,4336,4337
8455,4331,4332,4337
8456,4331,4337,4336
8457,4331,4336,4320
8458,4320,4336,4325
8459,4325,4336,3760
8460,3766,3779,4339
8461,3766,4339,4338
8462,3779,3778,4339
8463,3766,4338,4327
8464,4338,4339,4340
8465,4338,4340,4341
8466,4338,4341,4327
8467,4327,4341,4328
8468,4333,4334,4342
8469,4333,4342,4332
8470,3772,4343,3785
8471,3785,4344,3784
8472,3785,4343,4344
8473,4343,4345,4344
8474,4332,4342,4345
8475,4332,4345,4343
8476,4332,4343,4337
8477,4337,4343,3772
8478,3778,3791,4346
8479,3791,4347,4346
8480,3791,3790,4347
8481,4346,4347,4348
8482,4346,4348,4349
8483,4346,4349,4350
8484,3778,4346,4350
8485,3778,4350,4339
8486,4339,4350,4351
8487,4339,4351,4340
8488,3784,4353,3792
8489,3784,4352,4353
8490,4352,4354,4353
8491,4352,4355,4354
8492,4352,4356,4355
8493,4344,4345,4356
8494,4344,4356,4352
8495,4344,4352,3784
8496,3792,4357,3796
8497,3792,4353,4357
8498,3801,4358,3802
8499,3801,3800,4358
8500,3790,3803,4359
8501,3803,3802,4359
8502,3802,4360,4359
8503,3802,4358,4360
8504,4359,4360,4361
8505,4347,4359,4361
8506,4347,4361,4348
8507,4347,3790,4359
8508,4362,4364,4363
8509,4362,4365,4364
8510,4362,4366,4365
8511,4362,4367,4366
8512,4354,4355,4367
8513,4354,4367,4362
8514,4354,4363,4353
8515,4354,4362,4363
8516,3796,4368,3809
8517,3809,4369,3808
8518,3809,4368,4369
8519,4363,4364,4369
8520,4363,4369,4368
8521,4363,4368,4353
8522,4353,4368,4357
8523,4357,4368,3796
8524,3800,3815,4371
8525,3800,4371,4370
8526,3815,3814,4371
8527,3800,4370,4358
8528,4370,4371,4372
8529,4370,4372,4373
8530,4370,4373,4358
8531,4358,4373,4360
8532,4365,4366,4374
8533,4365,4374,4364
8534,3808,4376,3816
8535,3808,4375,4376
8536,4375,4377,4376
8537,4375,4378,4377
8538,4364,4374,4378
8539,4364,4378,4375
8540,4364,4375,4369
8541,4369,4375,3808
8542,3816,4379,3820
8543,3816,4376,4379
8544,3825,4380,3826
8545,3825,3824,4380
8546,3814,3827,4381
8547,3827,3826,4381
8548,3826,4382,4381
8549,3826,4380,4382
8550,4381,4382,4383
8551,4381,4383,4384
8552,3814,4381,4384
8553,3814,4384,4371
8554,4371,4384,4385
8555,4371,4385,4372
8556,4377,4378,4386
8557,4377,4386,4376
8558,3820,4388,3828
8559,3820,4387,4388
8560,4387,4389,4388
8561,4387,4390,4389
8562,4376,4386,4390
8563,4376,4390,4387
8564,4376,4387,4379
8565,4379,4387,3820
8566,3828,4391,3832
8567,3828,4388,4391
8568,3837,4392,3838
8569,3837,3836,4392
8570,3824,3839,4393
8571,3839,3838,4393
8572,3838,4394,4393
8573,3838,4392,4394
8574,4393,4394,4395
8575,4393,4395,4396
8576,3824,4393,4396
8577,3824,4396,4380
8578,4380,4396,4397
8579,4380,4397,4382
8580,4398,4400,4399
8581,4398,4401,4400
8582,4398,4402,4401
8583,4398,4403,4402
8584,4389,4390,4403
8585,4389,4403,4398
8586,4389,4399,4388
8587,4389,4398,4399
8588,3832,4404,3845
8589,3845,4405,3844
8590,3845,4404,4405
8591,4399,4400,4405
8592,4399,4405,4404
8593,4399,4404,4388
8594,4388,4404,4391
8595,4391,4404,3832
8596,3836,3855,4407
8597,3836,4407,4406
8598,3855,3854,4407
8599,3836,4406,4392
8600,4406,4407,4408
8601,4406,4408,4409
8602,4406,4409,4392
8603,4392,4409,4394
8604,4401,4402,4410
8605,4401,4410,4400
8606,3844,4412,3856
8607,3844,4411,4412
8608,4411,4413,4412
8609,4411,4414,4413
8610,4400,4410,4414
8611,4400,4414,4411
8612,4400,4411,4405
8613,4405,4411,3844
8614,3856,4415,3861
8615,3856,4412,4415
8616,3871,4416,3872
8617,3871,3870,4416
8618,3854,3873,4417
8619,3873,3872,4417
8620,3872,4418,4417
8621,3872,4416,4418
8622,4417,4418,4419
8623,4417,4419,4420
8624,3854,4417,4420
8625,3854,4420,4407
8626,4407,4420,4421
8627,4407,4421,4408
8628,4413,4414,4422
8629,4413,4422,4412
8630,3861,4424,3874
8631,3861,4423,4424
8632,4423,4425,4424
8633,4423,4426,4425
8634,4412,4422,4426
8635,4412,4426,4423
8636,4412,4423,4415
8637,4415,4423,3861
8638,3875,4427,3876
8639,3875,3874,4428
8640,3875,4428,4427
8641,3874,4424,4428
8642,3876,4429,3880
8643,3876,4427,4429
8644,3885,4430,3886
8645,3885,3884,4430
8646,3887,4431,3888
8647,3887,3886,4432
8648,3887,4432,4431
8649,3886,4430,4432
8650,3870,3889,4433
8651,3889,3888,4433
8652,3888,4434,4433
8653,3888,4431,4434
8654,4433,4434,4435
8655,4433,4435,4436
8656,3870,4433,4436
8657,3870,4436,4416
8658,4416,4436,4437
8659,4416,4437,4418
8660,4425,4426,4438
8661,4425,4438,4424
8662,4424,4438,4439
8663,4424,4439,4440
8664,4424,4440,4428
8665,4428,4440,4427
8666,3880,4442,3890
8667,3880,4441,4442
8668,4441,4443,4442
8669,4441,4444,4443
8670,4427,4440,4444
8671,4427,4444,4441
8672,4427,4441,4429
8673,4429,4441,3880
8674,3890,4445,3894
8675,3890,4442,4445
8676,3903,4446,3904
8677,3903,3902,4446
8678,3884,3905,4447
8679,3905,3904,4447
8680,3904,4448,4447
8681,3904,4446,4448
8682,4447,4448,4449
8683,4447,4449,4450
8684,3884,4447,4450
8685,3884,4450,4430
8686,4430,4450,4451
8687,4430,4451,4452
8688,4430,4452,4432
8689,4432,4452,4431
8690,4431,4452,4453
8691,4431,4453,4434
8692,4443,4444,4454
8693,4443,4454,4442
8694,3894,4456,3906
8695,3894,4455,4456
8696,4455,4457,4456
8697,4455,4458,4457
8698,4442,4454,4458
8699,4442,4458,4455
8700,4442,4455,4445
8701,4445,4455,3894
8702,3907,4459,3908
8703,3907,3906,4460
8704,3907,4460,4459
8705,3906,4456,4460
8706,3908,4461,3912
8707,3908,4459,4461
8708,3929,4462,3930
8709,3929,3928,4462
8710,3931,4463,3932
8711,3931,3930,4464
8712,3931,4464,4463
8713,3930,4462,4464
8714,3902,3933,4465
8715,3933,3932,4465
8716,3932,4466,4465
8717,3932,4463,4466
8718,4465,4466,4467
8719,4465,4467,4468
8720,3902,4465,4468
8721,3902,4468,4446
8722,4446,4468,4469
8723,4446,4469,4448
8724,4457,4458,4470
8725,4457,4470,4456
8726,4456,4470,4471
8727,4456,4471,4472
8728,4456,4472,4460
8729,4460,4472,4459
8730,3912,4473,3934
8731,4459,4472,4474
8732,4459,4474,4475
8733,4459,4475,4461
8734,4461,4475,4473
8735,4461,4473,3912
8736,3935,4476,3936
8737,3935,3934,4477
8738,3935,4477,4476
8739,3934,4473,4478
8740,3934,4478,4477
8741,4473,4475,4478
8742,3937,4479,3938
8743,3937,3936,4480
8744,3937,4480,4479
8745,3936,4476,4480
8746,3939,4481,3940
8747,3939,3938,4482
8748,3939,4482,4481
8749,3938,4479,4482
8750,3942,4483,3943
8751,3942,3940,4484
8752,3942,4484,4483
8753,3940,4481,4484
8754,3946,4485,3947
8755,3946,3943,4486
8756,3946,4486,4485
8757,3943,4483,4486
8758,3950,4487,3951
8759,3950,3947,4488
8760,3950,4488,4487
8761,3947,4485,4488
8762,3953,4489,3954
8763,3953,3951,4490
8764,3953,4490,4489
8765,3951,4487,4490
8766,3955,4491,3956
8767,3955,3954,4492
8768,3955,4492,4491
8769,3954,4489,4492
8770,3957,4493,3958
8771,3957,3956,4494
8772,3957,4494,4493
8773,3956,4491,4494
8774,3959,4495,4496
8775,3959,4496,3960
8776,3959,3958,4495
8777,3958,4497,4495
8778,3958,4493,4497
8779,4495,4497,4498
8780,4495,4498,4499
8781,4495,4499,4496
8782,3928,3961,4500
8783,3961,3960,4500
8784,3960,4496,4500
8785,4496,4501,4500
8786,4496,4499,4501
8787,4500,4501,4502
8788,3928,4500,4502
8789,3928,4502,4462
8790,4462,4502,4503
8791,4462,4503,4504
8792,4462,4504,4464
8793,4464,4504,4463
8794,4463,4504,4505
8795,4463,4505,4466
8796,4477,4478,4506
8797,4477,4506,4476
8798,4476,4506,4507
8799,4476,4507,4508
8800,4476,4508,4480
8801,4480,4508,4479
8802,4479,4508,4509
8803,4479,4509,4510
8804,4479,4510,4482
8805,4482,4510,4481
8806,4481,4510,4511
8807,4481,4511,4512
8808,4481,4512,4484
8809,4484,4512,4483
8810,4483,4512,4513
8811,4483,4513,4514
8812,4483,4514,4486
8813,4486,4514,4485
8814,4485,4514,4515
8815,4485,4515,4516
8816,4485,4516,4488
8817,4488,4516,4487
8818,4487,4516,4517
8819,4487,4517,4518
8820,4487,4518,4490
8821,4490,4518,4489
8822,4489,4518,4519
8823,4489,4519,4520
8824,4489,4520,4492
8825,4492,4520,4491
8826,4491,4520,4521
8827,4491,4521,4522
8828,4491,4522,4494
8829,4494,4522,4493
8830,4493,4522,4523
8831,4493,4523,4497
8832,4524,4526,4525
8833,4524,4527,4526
8834,4524,4528,4527
8835,4524,4529,4528
8836,4524,4530,4529
8837,4524,4525,4530
8838,4531,4533,4532
8839,4531,4534,4533
8840,4525,4526,4534
8841,4525,4534,4531
8842,4525,4535,4530
8843,4525,4531,4535
8844,4531,4536,4535
8845,4531,4532,4536
8846,4537,4539,4538
8847,4537,4540,4539
8848,4532,4533,4540
8849,4532,4540,4537
8850,4532,4541,4536
8851,4532,4537,4541
8852,4537,4542,4541
8853,4537,4538,4542
8854,4543,4545,4544
8855,4543,4546,4545
8856,4538,4539,4546
8857,4538,4546,4543
8858,4538,4547,4542
8859,4538,4543,4547
8860,4543,4548,4547
8861,4543,4544,4548
8862,4549,4551,4550
8863,4549,4552,4551
8864,4544,4545,4552
8865,4544,4552,4549
8866,4544,4553,4548
8867,4544,4549,4553
8868,4549,4554,4553
8869,4549,4550,4554
8870,4555,4557,4556
8871,4555,4558,4557
8872,4550,4551,4558
8873,4550,4558,4555
8874,4550,4559,4554
8875,4550,4555,4559
8876,4555,4560,4559
8877,4555,4556,4560
8878,4561,4563,4562
8879,4561,4564,4563
8880,4556,4557,4564
8881,4556,4564,4561
8882,4556,4565,4560
8883,4556,4561,4565
8884,4561,4566,4565
8885,4561,4562,4566
8886,4562,4563,4567
8887,4562,4567,4566
8888,4568,4570,4569
8889,4568,4571,4570
8890,4568,4572,4571
8891,4568,4573,4572
8892,4568,4574,4573
8893,4568,4569,4574
8894,4575,4577,4576
8895,4575,4578,4577
8896,4569,4570,4578
8897,4569,4578,4575
8898,4569,4579,4574
8899,4569,4575,4579
8900,4575,4580,4579
8901,4575,4576,4580
8902,3967,3968,4582
8903,3967,4582,4581
8904,3967,4583,3966
8905,3967,4581,4583
8906,4576,4577,4583
8907,4576,4583,4581
8908,4576,4584,4580
8909,4576,4581,4584
8910,4581,4585,4584
8911,4581,4582,4585
8912,3973,3974,4587
8913,3973,4587,4586
8914,3973,4586,3968
8915,3968,4586,4582
8916,4582,4588,4585
8917,4582,4586,4588
8918,4527,4528,4588
8919,4527,4588,4586
8920,4527,4587,4526
8921,4527,4586,4587
8922,3979,3980,4590
8923,3979,4590,4589
8924,3979,4589,3974
8925,3974,4589,4587
8926,4587,4589,4526
8927,4526,4589,4534
8928,4534,4590,4533
8929,4534,4589,4590
8930,3985,3986,4592
8931,3985,4592,4591
8932,3985,4591,3980
8933,3980,4591,4590
8934,4590,4591,4533
8935,4533,4591,4540
8936,4540,4592,4539
8937,4540,4591,4592
8938,3991,3992,4594
8939,3991,4594,4593
8940,3991,4593,3986
8941,3986,4593,4592
8942,4592,4593,4539
8943,4539,4593,4546
8944,4546,4594,4545
8945,4546,4593,4594
8946,3997,3998,4596
8947,3997,4596,4595
8948,3997,4595,3992
8949,3992,4595,4594
8950,4594,4595,4545
8951,4545,4595,4552
8952,4552,4596,4551
8953,4552,4595,4596
8954,4003,4004,4598
8955,4003,4598,4597
8956,4003,4597,3998
8957,3998,4597,4596
8958,4596,4597,4551
8959,4551,4597,4558
8960,4558,4598,4557
8961,4558,4597,4598
8962,4009,4010,4600
8963,4009,4600,4599
8964,4009,4599,4004
8965,4004,4599,4598
8966,4598,4599,4557
8967,4557,4599,4564
8968,4564,4600,4563
8969,4564,4599,4600
8970,4015,4016,4602
8971,4015,4602,4601
8972,4015,4601,4010
8973,4010,4601,4600
8974,4600,4601,4563
8975,4563,4603,4567
8976,4563,4601,4603
8977,4601,4602,4603
8978,4604,4606,4605
8979,4016,4017,4606
8980,4016,4606,4604
8981,4016,4604,4602
8982,4602,4607,4603
8983,4602,4604,4607
8984,4604,4608,4607
8985,4604,4605,4608
8986,4609,4611,4610
8987,4609,4612,4611
8988,4605,4606,4612
8989,4605,4612,4609
8990,4605,4613,4608
8991,4605,4609,4613
8992,4609,4614,4613
8993,4609,4610,4614
8994,4610,4611,4615
8995,4610,4615,4614
8996,4616,4618,4617
8997,4616,4619,4618
8998,4616,4620,4619
8999,4616,4621,4620
9000,4616,4622,4621
9001,4616,4617,4622
9002,4023,4024,4624
9003,4023,4624,4623
9004,4023,4625,4022
9005,4023,4623,4625
9006,4617,4618,4625
9007,4617,4625,4623
9008,4617,4626,4622
9009,4617,4623,4626
9010,4623,4627,4626
9011,4623,4624,4627
9012,4029,4030,4629
9013,4029,4629,4628
9014,4029,4628,4024
9015,4024,4628,4624
9016,4624,4630,4627
9017,4624,4628,4630
9018,4571,4572,4630
9019,4571,4630,4628
9020,4571,4629,4570
9021,4571,4628,4629
9022,4034,4035,4632
9023,4034,4632,4631
9024,4034,4631,4030
9025,4030,4631,4629
9026,4629,4631,4570
9027,4570,4631,4578
9028,4578,4632,4577
9029,4578,4631,4632
9030,3966,4633,4038
9031,4038,4633,4035
9032,4035,4633,4632
9033,4632,4633,4577
9034,4577,4633,4583
9035,4583,4633,3966
9036,4017,4057,4634
9037,4017,4634,4606
9038,4061,4062,4636
9039,4061,4636,4635
9040,4061,4635,4057
9041,4057,4635,4634
9042,4634,4635,4606
9043,4606,4635,4612
9044,4612,4636,4611
9045,4612,4635,4636
9046,4067,4068,4638
9047,4067,4638,4637
9048,4067,4637,4062
9049,4062,4637,4636
9050,4636,4637,4611
9051,4611,4639,4615
9052,4611,4637,4639
9053,4637,4638,4639
9054,4640,4642,4641
9055,4068,4069,4642
9056,4068,4642,4640
9057,4068,4640,4638
9058,4638,4643,4639
9059,4638,4640,4643
9060,4640,4644,4643
9061,4640,4641,4644
9062,4641,4642,4645
9063,4641,4645,4644
9064,4646,4648,4647
9065,4646,4649,4648
9066,4646,4650,4649
9067,4646,4651,4650
9068,4646,4652,4651
9069,4646,4647,4652
9070,4075,4076,4654
9071,4075,4654,4653
9072,4075,4655,4074
9073,4075,4653,4655
9074,4647,4648,4655
9075,4647,4655,4653
9076,4647,4656,4652
9077,4647,4653,4656
9078,4619,4620,4656
9079,4619,4656,4653
9080,4619,4654,4618
9081,4619,4653,4654
9082,4022,4657,4080
9083,4080,4657,4076
9084,4076,4657,4654
9085,4654,4657,4618
9086,4618,4657,4625
9087,4625,4657,4022
9088,4069,4090,4658
9089,4069,4658,4642
9090,4659,4661,4660
9091,4090,4091,4661
9092,4090,4661,4659
9093,4090,4659,4658
9094,4658,4659,4642
9095,4642,4662,4645
9096,4642,4659,4662
9097,4659,4660,4662
9098,4660,4661,4663
9099,4660,4663,4662
9100,4664,4666,4665
9101,4664,4667,4666
9102,4664,4668,4667
9103,4664,4669,4668
9104,4664,4670,4669
9105,4664,4665,4670
9106,4097,4098,4672
9107,4097,4672,4671
9108,4097,4673,4096
9109,4097,4671,4673
9110,4665,4666,4673
9111,4665,4673,4671
9112,4665,4674,4670
9113,4665,4671,4674
9114,4671,4675,4674
9115,4671,4672,4675
9116,4103,4104,4677
9117,4103,4677,4676
9118,4103,4676,4098
9119,4098,4676,4672
9120,4672,4678,4675
9121,4672,4676,4678
9122,4649,4650,4678
9123,4649,4678,4676
9124,4649,4677,4648
9125,4649,4676,4677
9126,4074,4679,4108
9127,4108,4679,4104
9128,4104,4679,4677
9129,4677,4679,4648
9130,4648,4679,4655
9131,4655,4679,4074
9132,4091,4114,4680
9133,4091,4680,4661
9134,4119,4120,4682
9135,4119,4682,4681
9136,4119,4681,4114
9137,4114,4681,4680
9138,4680,4681,4661
9139,4661,4683,4663
9140,4661,4681,4683
9141,4681,4682,4683
9142,4684,4686,4685
9143,4120,4121,4686
9144,4120,4686,4684
9145,4120,4684,4682
9146,4682,4687,4683
9147,4682,4684,4687
9148,4684,4688,4687
9149,4684,4685,4688
9150,4685,4686,4689
9151,4685,4689,4688
9152,4690,4692,4691
9153,4690,4693,4692
9154,4690,4694,4693
9155,4690,4695,4694
9156,4690,4696,4695
9157,4690,4691,4696
9158,4127,4128,4698
9159,4127,4698,4697
9160,4127,4699,4126
9161,4127,4697,4699
9162,4691,4692,4699
9163,4691,4699,4697
9164,4691,4700,4696
9165,4691,4697,4700
9166,4667,4668,4700
9167,4667,4700,4697
9168,4667,4698,4666
9169,4667,4697,4698
9170,4096,4701,4132
9171,4132,4701,4128
9172,4128,4701,4698
9173,4698,4701,4666
9174,4666,4701,4673
9175,4673,4701,4096
9176,4121,4142,4702
9177,4121,4702,4686
9178,4703,4705,4704
9179,4142,4143,4705
9180,4142,4705,4703
9181,4142,4703,4702
9182,4702,4703,4686
9183,4686,4706,4689
9184,4686,4703,4706
9185,4703,4704,4706
9186,4704,4705,4707
9187,4704,4707,4706
9188,4149,4150,4709
9189,4149,4709,4708
9190,4149,4710,4148
9191,4149,4708,4710
9192,4708,4711,4710
9193,4708,4712,4711
9194,4693,4694,4712
9195,4693,4712,4708
9196,4693,4709,4692
9197,4693,4708,4709
9198,4126,4713,4154
9199,4154,4713,4150
9200,4150,4713,4709
9201,4709,4713,4692
9202,4692,4713,4699
9203,4699,4713,4126
9204,4143,4160,4714
9205,4143,4714,4705
9206,4160,4161,4715
9207,4160,4715,4716
9208,4160,4716,4714
9209,4714,4716,4717
9210,4714,4717,4705
9211,4705,4717,4707
9212,4718,4720,4719
9213,4718,4721,4720
9214,4718,4722,4721
9215,4718,4723,4722
9216,4718,4724,4723
9217,4718,4719,4724
9218,4148,4725,4167
9219,4167,4726,4166
9220,4167,4725,4726
9221,4719,4720,4726
9222,4719,4726,4725
9223,4719,4727,4724
9224,4719,4725,4727
9225,4710,4711,4727
9226,4710,4727,4725
9227,4710,4725,4148
9228,4161,4173,4729
9229,4161,4729,4728
9230,4173,4172,4729
9231,4715,4730,4716
9232,4715,4161,4728
9233,4715,4728,4730
9234,4728,4729,4731
9235,4728,4731,4730
9236,4732,4734,4733
9237,4732,4735,4734
9238,4732,4736,4735
9239,4732,4737,4736
9240,4732,4738,4737
9241,4732,4733,4738
9242,4179,4180,4740
9243,4179,4740,4739
9244,4179,4741,4178
9245,4179,4739,4741
9246,4733,4734,4741
9247,4733,4741,4739
9248,4733,4742,4738
9249,4733,4739,4742
9250,4721,4722,4742
9251,4721,4742,4739
9252,4721,4740,4720
9253,4721,4739,4740
9254,4166,4743,4184
9255,4184,4743,4180
9256,4180,4743,4740
9257,4740,4743,4720
9258,4720,4743,4726
9259,4726,4743,4166
9260,4172,4190,4744
9261,4172,4744,4729
9262,4745,4747,4746
9263,4190,4191,4747
9264,4190,4747,4745
9265,4190,4745,4744
9266,4744,4745,4729
9267,4729,4748,4731
9268,4729,4745,4748
9269,4745,4746,4748
9270,4746,4747,4749
9271,4746,4749,4748
9272,4197,4198,4751
9273,4197,4751,4750
9274,4197,4752,4196
9275,4197,4750,4752
9276,4750,4753,4752
9277,4750,4754,4753
9278,4735,4736,4754
9279,4735,4754,4750
9280,4735,4751,4734
9281,4735,4750,4751
9282,4178,4755,4202
9283,4202,4755,4198
9284,4198,4755,4751
9285,4751,4755,4734
9286,4734,4755,4741
9287,4741,4755,4178
9288,4191,4208,4756
9289,4191,4756,4747
9290,4208,4209,4757
9291,4208,4757,4758
9292,4208,4758,4756
9293,4756,4758,4759
9294,4756,4759,4747
9295,4747,4759,4749
9296,4760,4762,4761
9297,4760,4763,4762
9298,4760,4764,4763
9299,4760,4765,4764
9300,4760,4766,4765
9301,4760,4761,4766
9302,4196,4767,4215
9303,4215,4768,4214
9304,4215,4767,4768
9305,4761,4762,4768
9306,4761,4768,4767
9307,4761,4769,4766
9308,4761,4767,4769
9309,4752,4753,4769
9310,4752,4769,4767
9311,4752,4767,4196
9312,4209,4221,4771
9313,4209,4771,4770
9314,4221,4220,4771
9315,4757,4772,4758
9316,4757,4209,4770
9317,4757,4770,4772
9318,4770,4771,4773
9319,4770,4773,4772
9320,4774,4776,4775
9321,4774,4777,4776
9322,4774,4778,4777
9323,4774,4779,4778
9324,4763,4764,4779
9325,4763,4779,4774
9326,4763,4775,4762
9327,4763,4774,4775
9328,4214,4780,4226
9329,4226,4781,4225
9330,4226,4780,4781
9331,4775,4776,4781
9332,4775,4781,4780
9333,4775,4780,4762
9334,4762,4780,4768
9335,4768,4780,4214
9336,4220,4231,4783
9337,4220,4783,4782
9338,4231,4230,4783
9339,4220,4782,4771
9340,4782,4783,4784
9341,4782,4784,4785
9342,4782,4785,4771
9343,4771,4785,4773
9344,4237,4238,4787
9345,4237,4787,4786
9346,4237,4788,4236
9347,4237,4786,4788
9348,4786,4789,4788
9349,4786,4790,4789
9350,4777,4778,4790
9351,4777,4790,4786
9352,4777,4787,4776
9353,4777,4786,4787
9354,4225,4791,4241
9355,4241,4791,4238
9356,4238,4791,4787
9357,4787,4791,4776
9358,4776,4791,4781
9359,4781,4791,4225
9360,4230,4244,4792
9361,4230,4792,4783
9362,4244,4245,4793
9363,4244,4793,4794
9364,4244,4794,4792
9365,4792,4794,4795
9366,4792,4795,4783
9367,4783,4795,4784
9368,4796,4798,4797
9369,4796,4799,4798
9370,4796,4800,4799
9371,4796,4801,4800
9372,4796,4802,4801
9373,4796,4797,4802
9374,4236,4803,4251
9375,4251,4804,4250
9376,4251,4803,4804
9377,4797,4798,4804
9378,4797,4804,4803
9379,4797,4805,4802
9380,4797,4803,4805
9381,4788,4789,4805
9382,4788,4805,4803
9383,4788,4803,4236
9384,4245,4257,4807
9385,4245,4807,4806
9386,4257,4256,4807
9387,4793,4808,4794
9388,4793,4245,4806
9389,4793,4806,4808
9390,4806,4807,4809
9391,4806,4809,4808
9392,4810,4812,4811
9393,4810,4813,4812
9394,4810,4814,4813
9395,4810,4815,4814
9396,4799,4800,4815
9397,4799,4815,4810
9398,4799,4811,4798
9399,4799,4810,4811
9400,4250,4816,4263
9401,4263,4817,4262
9402,4263,4816,4817
9403,4811,4812,4817
9404,4811,4817,4816
9405,4811,4816,4798
9406,4798,4816,4804
9407,4804,4816,4250
9408,4256,4269,4819
9409,4256,4819,4818
9410,4269,4268,4819
9411,4256,4818,4807
9412,4818,4819,4820
9413,4818,4820,4821
9414,4818,4821,4807
9415,4807,4821,4809
9416,4822,4824,4823
9417,4822,4825,4824
9418,4822,4826,4825
9419,4822,4827,4826
9420,4813,4814,4827
9421,4813,4827,4822
9422,4813,4823,4812
9423,4813,4822,4823
9424,4262,4828,4275
9425,4275,4829,4274
9426,4275,4828,4829
9427,4823,4824,4829
9428,4823,4829,4828
9429,4823,4828,4812
9430,4812,4828,4817
9431,4817,4828,4262
9432,4268,4281,4831
9433,4268,4831,4830
9434,4281,4280,4831
9435,4268,4830,4819
9436,4830,4831,4832
9437,4830,4832,4833
9438,4830,4833,4819
9439,4819,4833,4820
9440,4834,4836,4835
9441,4834,4837,4836
9442,4834,4838,4837
9443,4834,4839,4838
9444,4825,4826,4839
9445,4825,4839,4834
9446,4825,4835,4824
9447,4825,4834,4835
9448,4274,4840,4287
9449,4287,4841,4286
9450,4287,4840,4841
9451,4835,4836,4841
9452,4835,4841,4840
9453,4835,4840,4824
9454,4824,4840,4829
9455,4829,4840,4274
9456,4280,4293,4843
9457,4280,4843,4842
9458,4293,4292,4843
9459,4280,4842,4831
9460,4842,4843,4844
9461,4842,4844,4845
9462,4842,4845,4831
9463,4831,4845,4832
9464,4846,4848,4847
9465,4846,4849,4848
9466,4846,4850,4849
9467,4846,4851,4850
9468,4837,4838,4851
9469,4837,4851,4846
9470,4837,4847,4836
9471,4837,4846,4847
9472,4286,4852,4299
9473,4299,4853,4298
9474,4299,4852,4853
9475,4847,4848,4853
9476,4847,4853,4852
9477,4847,4852,4836
9478,4836,4852,4841
9479,4841,4852,4286
9480,4292,4305,4855
9481,4292,4855,4854
9482,4305,4304,4855
9483,4292,4854,4843
9484,4854,4855,4856
9485,4854,4856,4857
9486,4854,4857,4843
9487,4843,4857,4844
9488,4858,4860,4859
9489,4858,4861,4860
9490,4858,4862,4861
9491,4858,4863,4862
9492,4849,4850,4863
9493,4849,4863,4858
9494,4849,4859,4848
9495,4849,4858,4859
9496,4298,4864,4311
9497,4311,4865,4310
9498,4311,4864,4865
9499,4859,4860,4865
9500,4859,4865,4864
9501,4859,4864,4848
9502,4848,4864,4853
9503,4853,4864,4298
9504,4304,4317,4867
9505,4304,4867,4866
9506,4317,4316,4867
9507,4304,4866,4855
9508,4866,4867,4868
9509,4866,4868,4869
9510,4866,4869,4855
9511,4855,4869,4856
9512,4870,4872,4871
9513,4870,4873,4872
9514,4870,4874,4873
9515,4870,4875,4874
9516,4861,4862,4875
9517,4861,4875,4870
9518,4861,4871,4860
9519,4861,4870,4871
9520,4310,4876,4323
9521,4323,4877,4322
9522,4323,4876,4877
9523,4871,4872,4877
9524,4871,4877,4876
9525,4871,4876,4860
9526,4860,4876,4865
9527,4865,4876,4310
9528,4316,4329,4879
9529,4316,4879,4878
9530,4329,4328,4879
9531,4316,4878,4867
9532,4878,4879,4880
9533,4878,4880,4881
9534,4878,4881,4867
9535,4867,4881,4868
9536,4873,4874,4882
9537,4873,4882,4872
9538,4322,4883,4335
9539,4335,4884,4334
9540,4335,4883,4884
9541,4883,4885,4884
9542,4872,4882,4885
9543,4872,4885,4883
9544,4872,4883,4877
9545,4877,4883,4322
9546,4328,4341,4886
9547,4341,4887,4886
9548,4341,4340,4887
9549,4886,4887,4888
9550,4886,4888,4889
9551,4886,4889,4890
9552,4328,4886,4890
9553,4328,4890,4879
9554,4879,4890,4891
9555,4879,4891,4880
9556,4334,4893,4342
9557,4334,4892,4893
9558,4892,4894,4893
9559,4892,4895,4894
9560,4892,4896,4895
9561,4884,4885,4896
9562,4884,4896,4892
9563,4884,4892,4334
9564,4342,4897,4345
9565,4342,4893,4897
9566,4349,4898,4350
9567,4349,4348,4898
9568,4340,4351,4899
9569,4351,4350,4899
9570,4350,4900,4899
9571,4350,4898,4900
9572,4899,4900,4901
9573,4887,4899,4901
9574,4887,4901,4888
9575,4887,4340,4899
9576,4902,4904,4903
9577,4902,4905,4904
9578,4902,4906,4905
9579,4902,4907,4906
9580,4894,4895,4907
9581,4894,4907,4902
9582,4894,4903,4893
9583,4894,4902,4903
9584,4345,4908,4356
9585,4356,4909,4355
9586,4356,4908,4909
9587,4903,4904,4909
9588,4903,4909,4908
9589,4903,4908,4893
9590,4893,4908,4897
9591,4897,4908,4345
9592,4348,4361,4911
9593,4348,4911,4910
9594,4361,4360,4911
9595,4348,4910,4898
9596,4910,4911,4912
9597,4910,4912,4913
9598,4910,4913,4898
9599,4898,4913,4900
9600,4905,4906,4914
9601,4905,4914,4904
9602,4355,4915,4367
9603,4367,4916,4366
9604,4367,4915,4916
9605,4915,4917,4916
9606,4904,4914,4917
9607,4904,4917,4915
9608,4904,4915,4909
9609,4909,4915,4355
9610,4360,4373,4918
9611,4373,4919,4918
9612,4373,4372,4919
9613,4918,4919,4920
9614,4918,4920,4921
9615,4918,4921,4922
9616,4360,4918,4922
9617,4360,4922,4911
9618,4911,4922,4923
9619,4911,4923,4912
9620,4366,4925,4374
9621,4366,4924,4925
9622,4924,4926,4925
9623,4924,4927,4926
9624,4924,4928,4927
9625,4916,4917,4928
9626,4916,4928,4924
9627,4916,4924,4366
9628,4374,4929,4378
9629,4374,4925,4929
9630,4383,4930,4384
9631,4383,4382,4930
9632,4372,4385,4931
9633,4385,4384,4931
9634,4384,4932,4931
9635,4384,4930,4932
9636,4931,4932,4933
9637,4919,4931,4933
9638,4919,4933,4920
9639,4919,4372,4931
9640,4926,4927,4934
9641,4926,4934,4925
9642,4378,4936,4386
9643,4378,4935,4936
9644,4935,4937,4936
9645,4935,4938,4937
9646,4925,4934,4938
9647,4925,4938,4935
9648,4925,4935,4929
9649,4929,4935,4378
9650,4386,4939,4390
9651,4386,4936,4939
9652,4395,4940,4396
9653,4395,4394,4940
9654,4382,4397,4941
9655,4397,4396,4941
9656,4396,4942,4941
9657,4396,4940,4942
9658,4941,4942,4943
9659,4941,4943,4944
9660,4382,4941,4944
9661,4382,4944,4930
9662,4930,4944,4945
9663,4930,4945,4932
9664,4937,4938,4946
9665,4937,4946,4936
9666,4390,4947,4403
9667,4403,4948,4402
9668,4403,4947,4948
9669,4947,4949,4948
9670,4936,4946,4949
9671,4936,4949,4947
9672,4936,4947,4939
9673,4939,4947,4390
9674,4394,4409,4950
9675,4409,4951,4950
9676,4409,4408,4951
9677,4950,4951,4952
9678,4950,4952,4953
9679,4950,4953,4954
9680,4394,4950,4954
9681,4394,4954,4940
9682,4940,4954,4955
9683,4940,4955,4942
9684,4402,4957,4410
9685,4402,4956,4957
9686,4956,4958,4957
9687,4956,4959,4958
9688,4956,4960,4959
9689,4948,4949,4960
9690,4948,4960,4956
9691,4948,4956,4402
9692,4410,4961,4414
9693,4410,4957,4961
9694,4419,4962,4420
9695,4419,4418,4962
9696,4408,4421,4963
9697,4421,4420,4963
9698,4420,4964,4963
9699,4420,4962,4964
9700,4963,4964,4965
9701,4951,4963,4965
9702,4951,4965,4952
9703,4951,4408,4963
9704,4958,4959,4966
9705,4958,4966,4957
9706,4414,4968,4422
9707,4414,4967,4968
9708,4967,4969,4968
9709,4967,4970,4969
9710,4957,4966,4970
9711,4957,4970,4967
9712,4957,4967,4961
9713,4961,4967,4414
9714,4422,4971,4426
9715,4422,4968,4971
9716,4435,4972,4436
9717,4435,4434,4972
9718,4418,4437,4973
9719,4437,4436,4973
9720,4436,4974,4973
9721,4436,4972,4974
9722,4973,4974,4975
9723,4973,4975,4976
9724,4418,4973,4976
9725,4418,4976,4962
9726,4962,4976,4977
9727,4962,4977,4964
9728,4969,4970,4978
9729,4969,4978,4968
9730,4426,4979,4438
9731,4968,4978,4980
9732,4968,4980,4981
9733,4968,4981,4971
9734,4971,4981,4979
9735,4971,4979,4426
9736,4439,4982,4440
9737,4439,4438,4983
9738,4439,4983,4982
9739,4438,4979,4984
9740,4438,4984,4983
9741,4979,4981,4984
9742,4440,4985,4444
9743,4440,4982,4985
9744,4449,4986,4450
9745,4449,4448,4986
9746,4451,4987,4988
9747,4451,4988,4452
9748,4451,4450,4987
9749,4450,4989,4987
9750,4450,4986,4989
9751,4987,4989,4990
9752,4987,4990,4991
9753,4987,4991,4988
9754,4434,4453,4992
9755,4453,4452,4992
9756,4452,4988,4992
9757,4988,4993,4992
9758,4988,4991,4993
9759,4992,4993,4994
9760,4434,4992,4994
9761,4434,4994,4972
9762,4972,4994,4995
9763,4972,4995,4974
9764,4983,4984,4996
9765,4983,4996,4982
9766,4444,4998,4454
9767,4444,4997,4998
9768,4997,4999,4998
9769,4997,5000,4999
9770,4982,4996,5000
9771,4982,5000,4997
9772,4982,4997,4985
9773,4985,4997,4444
9774,4454,5001,4458
9775,4454,4998,5001
9776,4467,5002,4468
9777,4467,4466,5002
9778,4448,4469,5003
9779,4469,4468,5003
9780,4468,5004,5003
9781,4468,5002,5004
9782,5003,5004,5005
9783,5003,5005,5006
9784,4448,5003,5006
9785,4448,5006,4986
9786,4986,5006,5007
9787,4986,5007,4989
9788,4999,5000,5008
9789,4999,5008,4998
9790,4458,5009,4470
9791,4998,5008,5010
9792,4998,5010,5011
9793,4998,5011,5001
9794,5001,5011,5009
9795,5001,5009,4458
9796,4471,5012,4472
9797,4471,4470,5013
9798,4471,5013,5012
9799,4470,5009,5014
9800,4470,5014,5013
9801,5009,5011,5014
9802,4474,5015,4475
9803,4474,4472,5016
9804,4474,5016,5015
9805,4472,5012,5016
9806,4475,5017,4478
9807,4475,5015,5017
9808,4498,5018,4499
9809,4498,4497,5018
9810,4501,5019,4502
9811,4501,4499,5020
9812,4501,5020,5019
9813,4499,5018,5020
9814,4503,5021,5022
9815,4503,5022,4504
9816,4503,4502,5021
9817,4502,5023,5021
9818,4502,5019,5023
9819,5021,5023,5024
9820,5021,5024,5025
9821,5021,5025,5022
9822,4466,4505,5026
9823,4505,4504,5026
9824,4504,5022,5026
9825,5022,5027,5026
9826,5022,5025,5027
9827,5026,5027,5028
9828,4466,5026,5028
9829,4466,5028,5002
9830,5002,5028,5029
9831,5002,5029,5004
9832,5013,5014,5030
9833,5013,5030,5012
9834,5012,5030,5031
9835,5012,5031,5032
9836,5012,5032,5016
9837,5016,5032,5015
9838,4478,5033,4506
9839,5015,5032,5034
9840,5015,5034,5035
9841,5015,5035,5017
9842,5017,5035,5033
9843,5017,5033,4478
9844,4507,5036,4508
9845,4507,4506,5037
9846,4507,5037,5036
9847,4506,5033,5038
9848,4506,5038,5037
9849,5033,5035,5038
9850,4509,5039,4510
9851,4509,4508,5040
9852,4509,5040,5039
9853,4508,5036,5040
9854,4511,5041,4512
9855,4511,4510,5042
9856,4511,5042,5041
9857,4510,5039,5042
9858,4513,5043,4514
9859,4513,4512,5044
9860,4513,5044,5043
9861,4512,5041,5044
9862,4515,5045,4516
9863,4515,4514,5046
9864,4515,5046,5045
9865,4514,5043,5046
9866,4517,5047,4518
9867,4517,4516,5048
9868,4517,5048,5047
9869,4516,5045,5048
9870,4519,5049,4520
9871,4519,4518,5050
9872,4519,5050,5049
9873,4518,5047,5050
9874,4521,5051,5052
9875,4521,5052,4522
9876,4521,4520,5051
9877,4520,5053,5051
9878,4520,5049,5053
9879,5051,5053,5054
9880,5051,5054,5055
9881,5051,5055,5052
9882,4497,4523,5056
9883,4523,4522,5056
9884,4522,5052,5056
9885,5052,5057,5056
9886,5052,5055,5057
9887,5056,5057,5058
9888,4497,5056,5058
9889,4497,5058,5018
9890,5018,5058,5059
9891,5018,5059,5060
9892,5018,5060,5020
9893,5020,5060,5019
9894,5019,5060,5061
9895,5019,5061,5023
9896,5037,5038,5062
9897,5037,5062,5036
9898,5036,5062,5063
9899,5036,5063,5064
9900,5036,5064,5040
9901,5040,5064,5039
9902,5039,5064,5065
9903,5039,5065,5066
9904,5039,5066,5042
9905,5042,5066,5041
9906,5041,5066,5067
9907,5041,5067,5068
9908,5041,5068,5044
9909,5044,5068,5043
9910,5043,5068,5069
9911,5043,5069,5070
9912,5043,5070,5046
9913,5046,5070,5045
9914,5045,5070,5071
9915,5045,5071,5072
9916,5045,5072,5048
9917,5048,5072,5047
9918,5047,5072,5073
9919,5047,5073,5074
9920,5047,5074,5050
9921,5050,5074,5049
9922,5049,5074,5075
9923,5049,5075,5053
9924,5076,5078,5077
9925,5076,5079,5078
9926,5076,5080,5079
9927,5076,5081,5080
9928,5076,5082,5081
9929,5076,5077,5082
9930,5083,5085,5084
9931,5083,5086,5085
9932,5077,5078,5086
9933,5077,5086,5083
9934,5077,5087,5082
9935,5077,5083,5087
9936,5083,5088,5087
9937,5083,5084,5088
9938,4529,4530,5090
9939,4529,5090,5089
9940,4529,5091,4528
9941,4529,5089,5091
9942,5084,5085,5091
9943,5084,5091,5089
9944,5084,5092,5088
9945,5084,5089,5092
9946,5089,5093,5092
9947,5089,5090,5093
9948,4535,4536,5095
9949,4535,5095,5094
9950,4535,5094,4530
9951,4530,5094,5090
9952,5090,5096,5093
9953,5090,5094,5096
9954,5094,5097,5096
9955,5094,5095,5097
9956,4541,4542,5099
9957,4541,5099,5098
9958,4541,5098,4536
9959,4536,5098,5095
9960,5095,5100,5097
9961,5095,5098,5100
9962,5098,5101,5100
9963,5098,5099,5101
9964,4547,4548,5103
9965,4547,5103,5102
9966,4547,5102,4542
9967,4542,5102,5099
9968,5099,5104,5101
9969,5099,5102,5104
9970,5102,5105,5104
9971,5102,5103,5105
9972,4553,4554,5107
9973,4553,5107,5106
9974,4553,5106,4548
9975,4548,5106,5103
9976,5103,5108,5105
9977,5103,5106,5108
9978,5106,5109,5108
9979,5106,5107,5109
9980,4559,4560,5111
9981,4559,5111,5110
9982,4559,5110,4554
9983,4554,5110,5107
9984,5107,5112,5109
9985,5107,5110,5112
9986,5110,5113,5112
9987,5110,5111,5113
9988,4565,4566,5115
9989,4565,5115,5114
9990,4565,5114,4560
9991,4560,5114,5111
9992,5111,5116,5113
9993,5111,5114,5116
9994,5114,5117,5116
9995,5114,5115,5117
9996,5118,5120,5119
9997,4566,4567,5120
9998,4566,5120,5118
9999,4566,5118,5115
10000,5115,5121,5117
10001,5115,5118,5121
10002,5118,5122,5121
10003,5118,5119,5122
10004,5123,5125,5124
10005,5123,5126,5125
10006,5119,5120,5126
10007,5119,5126,5123
10008,5119,5127,5122
10009,5119,5123,5127
10010,5123,5128,5127
10011,5123,5124,5128
10012,5124,5125,5129
10013,5124,5129,5128
10014,5130,5132,5131
10015,5130,5133,5132
10016,5130,5134,5133
10017,5130,5135,5134
10018,5130,5136,5135
10019,5130,5131,5136
10020,4573,4574,5138
10021,4573,5138,5137
10022,4573,5139,4572
10023,4573,5137,5139
10024,5131,5132,5139
10025,5131,5139,5137
10026,5131,5140,5136
10027,5131,5137,5140
10028,5137,5141,5140
10029,5137,5138,5141
10030,4579,4580,5143
10031,4579,5143,5142
10032,4579,5142,4574
10033,4574,5142,5138
10034,5138,5144,5141
10035,5138,5142,5144
10036,5079,5080,5144
10037,5079,5144,5142
10038,5079,5143,5078
10039,5079,5142,5143
10040,4584,4585,5146
10041,4584,5146,5145
10042,4584,5145,4580
10043,4580,5145,5143
10044,5143,5145,5078
10045,5078,5145,5086
10046,5086,5146,5085
10047,5086,5145,5146
10048,4528,5147,4588
10049,4588,5147,4585
10050,4585,5147,5146
10051,5146,5147,5085
10052,5085,5147,5091
10053,5091,5147,4528
10054,4567,4603,5148
10055,4567,5148,5120
10056,4607,4608,5150
10057,4607,5150,5149
10058,4607,5149,4603
10059,4603,5149,5148
10060,5148,5149,5120
10061,5120,5149,5126
10062,5126,5150,5125
10063,5126,5149,5150
10064,4613,4614,5152
10065,4613,5152,5151
10066,4613,5151,4608
10067,4608,5151,5150
10068,5150,5151,5125
10069,5125,5153,5129
10070,5125,5151,5153
10071,5151,5152,5153
10072,5154,5156,5155
10073,4614,4615,5156
10074,4614,5156,5154
10075,4614,5154,5152
10076,5152,5157,5153
10077,5152,5154,5157
10078,5154,5158,5157
10079,5154,5155,5158
10080,5155,5156,5159
10081,5155,5159,5158
10082,5160,5162,5161
10083,5160,5163,5162
10084,5160,5164,5163
10085,5160,5165,5164
10086,5160,5166,5165
10087,5160,5161,5166
10088,4621,4622,5168
10089,4621,5168,5167
10090,4621,5169,4620
10091,4621,5167,5169
10092,5161,5162,5169
10093,5161,5169,5167
10094,5161,5170,5166
10095,5161,5167,5170
10096,5167,5171,5170
10097,5167,5168,5171
10098,4626,4627,5173
10099,4626,5173,5172
10100,4626,5172,4622
10101,4622,5172,5168
10102,5168,5174,5171
10103,5168,5172,5174
10104,5133,5134,5174
10105,5133,5174,5172
10106,5133,5173,5132
10107,5133,5172,5173
10108,4572,5175,4630
10109,4630,5175,4627
10110,4627,5175,5173
10111,5173,5175,5132
10112,5132,5175,5139
10113,5139,5175,4572
10114,4615,4639,5176
10115,4615,5176,5156
10116,4643,4644,5178
10117,4643,5178,5177
10118,4643,5177,4639
10119,4639,5177,5176
10120,5176,5177,5156
10121,5156,5179,5159
10122,5156,5177,5179
10123,5177,5178,5179
10124,5180,5182,5181
10125,4644,4645,5182
10126,4644,5182,5180
10127,4644,5180,5178
10128,5178,5183,5179
10129,5178,5180,5183
10130,5180,5184,5183
10131,5180,5181,5184
10132,5181,5182,5185
10133,5181,5185,5184
10134,5186,5188,5187
10135,5186,5189,5188
10136,5186,5190,5189
10137,5186,5191,5190
10138,5186,5192,5191
10139,5186,5187,5192
10140,4651,4652,5194
10141,4651,5194,5193
10142,4651,5195,4650
10143,4651,5193,5195
10144,5187,5188,5195
10145,5187,5195,5193
10146,5187,5196,5192
10147,5187,5193,5196
10148,5163,5164,5196
10149,5163,5196,5193
10150,5163,5194,5162
10151,5163,5193,5194
10152,4620,5197,4656
10153,4656,5197,4652
10154,4652,5197,5194
10155,5194,5197,5162
10156,5162,5197,5169
10157,5169,5197,4620
10158,4645,4662,5198
10159,4645,5198,5182
10160,5199,5201,5200
10161,4662,4663,5201
10162,4662,5201,5199
10163,4662,5199,5198
10164,5198,5199,5182
10165,5182,5202,5185
10166,5182,5199,5202
10167,5199,5200,5202
10168,5200,5201,5203
10169,5200,5203,5202
10170,4669,4670,5205
10171,4669,5205,5204
10172,4669,5206,4668
10173,4669,5204,5206
10174,5204,5207,5206
10175,5204,5208,5207
10176,5204,5209,5208
10177,5204,5205,5209
10178,4674,4675,5211
10179,4674,5211,5210
10180,4674,5210,4670
10181,4670,5210,5205
10182,5205,5212,5209
10183,5205,5210,5212
10184,5189,5190,5212
10185,5189,5212,5210
10186,5189,5211,5188
10187,5189,5210,5211
10188,4650,5213,4678
10189,4678,5213,4675
10190,4675,5213,5211
10191,5211,5213,5188
10192,5188,5213,5195
10193,5195,5213,4650
10194,4663,4683,5214
10195,4663,5214,5201
10196,4687,4688,5216
10197,4687,5216,5215
10198,4687,5215,4683
10199,4683,5215,5214
10200,5214,5215,5201
10201,5201,5217,5203
10202,5201,5215,5217
10203,5215,5216,5217
10204,4688,4689,5218
10205,4688,5218,5219
10206,4688,5219,5216
10207,5216,5219,5217
10208,4695,4696,5221
10209,4695,5221,5220
10210,4695,5222,4694
10211,4695,5220,5222
10212,5220,5223,5222
10213,5220,5224,5223
10214,5220,5225,5224
10215,5220,5221,5225
10216,4668,5226,4700
10217,4700,5226,4696
10218,4696,5226,5221
10219,5221,5227,5225
10220,5221,5226,5227
10221,5206,5207,5227
10222,5206,5227,5226
10223,5206,5226,4668
10224,4689,4706,5228
10225,5218,5229,5219
10226,5218,4689,5228
10227,5218,5228,5229
10228,4706,4707,5230
10229,4706,5230,5231
10230,4706,5231,5228
10231,5228,5231,5229
10232,5232,5234,5233
10233,5232,5235,5234
10234,5232,5236,5235
10235,5232,5237,5236
10236,5232,5238,5237
10237,5232,5233,5238
10238,4694,5239,4712
10239,4712,5240,4711
10240,4712,5239,5240
10241,5233,5234,5240
10242,5233,5240,5239
10243,5233,5241,5238
10244,5233,5239,5241
10245,5222,5223,5241
10246,5222,5241,5239
10247,5222,5239,4694
10248,4707,4717,5243
10249,4707,5243,5242
10250,4717,4716,5243
10251,5230,5244,5231
10252,5230,4707,5242
10253,5230,5242,5244
10254,5242,5243,5245
10255,5242,5245,5244
10256,5246,5248,5247
10257,5246,5249,5248
10258,5246,5250,5249
10259,5246,5251,5250
10260,5246,5252,5251
10261,5246,5247,5252
10262,4723,4724,5254
10263,4723,5254,5253
10264,4723,5255,4722
10265,4723,5253,5255
10266,5247,5248,5255
10267,5247,5255,5253
10268,5247,5256,5252
10269,5247,5253,5256
10270,5235,5236,5256
10271,5235,5256,5253
10272,5235,5254,5234
10273,5235,5253,5254
10274,4711,5257,4727
10275,4727,5257,4724
10276,4724,5257,5254
10277,5254,5257,5234
10278,5234,5257,5240
10279,5240,5257,4711
10280,4716,4730,5258
10281,4716,5258,5243
10282,5259,5261,5260
10283,4730,4731,5261
10284,4730,5261,5259
10285,4730,5259,5258
10286,5258,5259,5243
10287,5243,5262,5245
10288,5243,5259,5262
10289,5259,5260,5262
10290,5260,5261,5263
10291,5260,5263,5262
10292,4737,4738,5265
10293,4737,5265,5264
10294,4737,5266,4736
10295,4737,5264,5266
10296,5264,5267,5266
10297,5264,5268,5267
10298,5249,5250,5268
10299,5249,5268,5264
10300,5249,5265,5248
10301,5249,5264,5265
10302,4722,5269,4742
10303,4742,5269,4738
10304,4738,5269,5265
10305,5265,5269,5248
10306,5248,5269,5255
10307,5255,5269,4722
10308,4731,4748,5270
10309,4731,5270,5261
10310,4748,4749,5271
10311,4748,5271,5272
10312,4748,5272,5270
10313,5270,5272,5273
10314,5270,5273,5261
10315,5261,5273,5263
10316,5274,5276,5275
10317,5274,5277,5276
10318,5274,5278,5277
10319,5274,5279,5278
10320,5274,5280,5279
10321,5274,5275,5280
10322,4736,5281,4754
10323,4754,5282,4753
10324,4754,5281,5282
10325,5275,5276,5282
10326,5275,5282,5281
10327,5275,5283,5280
10328,5275,5281,5283
10329,5266,5267,5283
10330,5266,5283,5281
10331,5266,5281,4736
10332,4749,4759,5285
10333,4749,5285,5284
10334,4759,4758,5285
10335,5271,5286,5272
10336,5271,4749,5284
10337,5271,5284,5286
10338,5284,5285,5287
10339,5284,5287,5286
10340,4765,4766,5289
10341,4765,5289,5288
10342,4765,5290,4764
10343,4765,5288,5290
10344,5288,5291,5290
10345,5288,5292,5291
10346,5277,5278,5292
10347,5277,5292,5288
10348,5277,5289,5276
10349,5277,5288,5289
10350,4753,5293,4769
10351,4769,5293,4766
10352,4766,5293,5289
10353,5289,5293,5276
10354,5276,5293,5282
10355,5282,5293,4753
10356,4758,4772,5294
10357,4758,5294,5285
10358,4772,4773,5295
10359,4772,5295,5296
10360,4772,5296,5294
10361,5294,5296,5297
10362,5294,5297,5285
10363,5285,5297,5287
10364,5298,5300,5299
10365,5298,5301,5300
10366,5298,5302,5301
10367,5298,5303,5302
10368,5298,5304,5303
10369,5298,5299,5304
10370,4764,5305,4779
10371,4779,5306,4778
10372,4779,5305,5306
10373,5299,5300,5306
10374,5299,5306,5305
10375,5299,5307,5304
10376,5299,5305,5307
10377,5290,5291,5307
10378,5290,5307,5305
10379,5290,5305,4764
10380,4773,4785,5309
10381,4773,5309,5308
10382,4785,4784,5309
10383,5295,5310,5296
10384,5295,4773,5308
10385,5295,5308,5310
10386,5308,5309,5311
10387,5308,5311,5310
10388,5312,5314,5313
10389,5312,5315,5314
10390,5312,5316,5315
10391,5312,5317,5316
10392,5301,5302,5317
10393,5301,5317,5312
10394,5301,5313,5300
10395,5301,5312,5313
10396,4778,5318,4790
10397,4790,5319,4789
10398,4790,5318,5319
10399,5313,5314,5319
10400,5313,5319,5318
10401,5313,5318,5300
10402,5300,5318,5306
10403,5306,5318,4778
10404,4784,4795,5321
10405,4784,5321,5320
10406,4795,4794,5321
10407,4784,5320,5309
10408,5320,5321,5322
10409,5320,5322,5323
10410,5320,5323,5309
10411,5309,5323,5311
10412,4801,4802,5325
10413,4801,5325,5324
10414,4801,5326,4800
10415,4801,5324,5326
10416,5324,5327,5326
10417,5324,5328,5327
10418,5315,5316,5328
10419,5315,5328,5324
10420,5315,5325,5314
10421,5315,5324,5325
10422,4789,5329,4805
10423,4805,5329,4802
10424,4802,5329,5325
10425,5325,5329,5314
10426,5314,5329,5319
10427,5319,5329,4789
10428,4794,4808,5330
10429,4794,5330,5321
10430,4808,4809,5331
10431,4808,5331,5332
10432,4808,5332,5330
10433,5330,5332,5333
10434,5330,5333,5321
10435,5321,5333,5322
10436,4800,5334,4815
10437,4815,5335,4814
10438,4815,5334,5335
10439,5334,5336,5335
10440,5334,5337,5336
10441,5326,5327,5337
10442,5326,5337,5334
10443,5326,5334,4800
10444,4809,4821,5338
10445,4821,5339,5338
10446,4821,4820,5339
10447,5338,5339,5340
10448,5338,5340,5341
10449,5331,5338,5341
10450,5331,5341,5332
10451,5331,4809,5338
10452,4814,5342,4827
10453,4827,5343,4826
10454,4827,5342,5343
10455,5342,5344,5343
10456,5342,5345,5344
10457,5335,5336,5345
10458,5335,5345,5342
10459,5335,5342,4814
10460,4820,4833,5346
10461,4833,5347,5346
10462,4833,4832,5347
10463,5346,5347,5348
10464,5346,5348,5349
10465,5339,5346,5349
10466,5339,5349,5340
10467,5339,4820,5346
10468,4826,5350,4839
10469,4839,5351,4838
10470,4839,5350,5351
10471,5350,5352,5351
10472,5350,5353,5352
10473,5343,5344,5353
10474,5343,5353,5350
10475,5343,5350,4826
10476,4832,4845,5354
10477,4845,5355,5354
10478,4845,4844,5355
10479,5354,5355,5356
10480,5354,5356,5357
10481,5347,5354,5357
10482,5347,5357,5348
10483,5347,4832,5354
10484,4838,5358,4851
10485,4851,5359,4850
10486,4851,5358,5359
10487,5358,5360,5359
10488,5358,5361,5360
10489,5351,5352,5361
10490,5351,5361,5358
10491,5351,5358,4838
10492,4844,4857,5362
10493,4857,5363,5362
10494,4857,4856,5363
10495,5362,5363,5364
10496,5362,5364,5365
10497,5355,5362,5365
10498,5355,5365,5356
10499,5355,4844,5362
10500,4850,5366,4863
10501,4863,5367,4862
10502,4863,5366,5367
10503,5366,5368,5367
10504,5366,5369,5368
10505,5359,5360,5369
10506,5359,5369,5366
10507,5359,5366,4850
10508,4856,4869,5370
10509,4869,5371,5370
10510,4869,4868,5371
10511,5370,5371,5372
10512,5370,5372,5373
10513,5363,5370,5373
10514,5363,5373,5364
10515,5363,4856,5370
10516,4862,5374,4875
10517,4875,5375,4874
10518,4875,5374,5375
10519,5374,5376,5375
10520,5374,5377,5376
10521,5367,5368,5377
10522,5367,5377,5374
10523,5367,5374,4862
10524,4868,4881,5378
10525,4881,5379,5378
10526,4881,4880,5379
10527,5378,5379,5380
10528,5378,5380,5381
10529,5371,5378,5381
10530,5371,5381,5372
10531,5371,4868,5378
10532,4874,5383,4882
10533,4874,5382,5383
10534,5382,5384,5383
10535,5382,5385,5384
10536,5382,5386,5385
10537,5375,5376,5386
10538,5375,5386,5382
10539,5375,5382,4874
10540,4882,5387,4885
10541,4882,5383,5387
10542,4889,5388,4890
10543,4889,4888,5388
10544,4880,4891,5389
10545,4891,4890,5389
10546,4890,5390,5389
10547,4890,5388,5390
10548,5389,5390,5391
10549,5379,5389,5391
10550,5379,5391,5380
10551,5379,4880,5389
10552,5392,5394,5393
10553,5392,5395,5394
10554,5392,5396,5395
10555,5392,5397,5396
10556,5384,5385,5397
10557,5384,5397,5392
10558,5384,5393,5383
10559,5384,5392,5393
10560,4885,5398,4896
10561,4896,5399,4895
10562,4896,5398,5399
10563,5393,5394,5399
10564,5393,5399,5398
10565,5393,5398,5383
10566,5383,5398,5387
10567,5387,5398,4885
10568,4888,4901,5401
10569,4888,5401,5400
10570,4901,4900,5401
10571,4888,5400,5388
10572,5400,5401,5402
10573,5400,5402,5403
10574,5400,5403,5388
10575,5388,5403,5390
10576,5395,5396,5404
10577,5395,5404,5394
10578,4895,5405,4907
10579,4907,5406,4906
10580,4907,5405,5406
10581,5405,5407,5406
10582,5394,5404,5407
10583,5394,5407,5405
10584,5394,5405,5399
10585,5399,5405,4895
10586,4900,4913,5408
10587,4913,5409,5408
10588,4913,4912,5409
10589,5408,5409,5410
10590,5408,5410,5411
10591,5408,5411,5412
10592,4900,5408,5412
10593,4900,5412,5401
10594,5401,5412,5413
10595,5401,5413,5402
10596,4906,5415,4914
10597,4906,5414,5415
10598,5414,5416,5415
10599,5414,5417,5416
10600,5414,5418,5417
10601,5406,5407,5418
10602,5406,5418,5414
10603,5406,5414,4906
10604,4914,5419,4917
10605,4914,5415,5419
10606,4921,5420,4922
10607,4921,4920,5420
10608,4912,4923,5421
10609,4923,4922,5421
10610,4922,5422,5421
10611,4922,5420,5422
10612,5421,5422,5423
10613,5409,5421,5423
10614,5409,5423,5410
10615,5409,4912,5421
10616,5416,5417,5424
10617,5416,5424,5415
10618,4917,5425,4928
10619,4928,5426,4927
10620,4928,5425,5426
10621,5425,5427,5426
10622,5415,5424,5427
10623,5415,5427,5425
10624,5415,5425,5419
10625,5419,5425,4917
10626,4920,4933,5428
10627,4933,5429,5428
10628,4933,4932,5429
10629,5428,5429,5430
10630,5428,5430,5431
10631,5428,5431,5432
10632,4920,5428,5432
10633,4920,5432,5420
10634,5420,5432,5433
10635,5420,5433,5422
10636,4927,5435,4934
10637,4927,5434,5435
10638,5434,5436,5435
10639,5434,5437,5436
10640,5434,5438,5437
10641,5426,5427,5438
10642,5426,5438,5434
10643,5426,5434,4927
10644,4934,5439,4938
10645,4934,5435,5439
10646,4943,5440,4944
10647,4943,4942,5440
10648,4932,4945,5441
10649,4945,4944,5441
10650,4944,5442,5441
10651,4944,5440,5442
10652,5441,5442,5443
10653,5429,5441,5443
10654,5429,5443,5430
10655,5429,4932,5441
10656,5436,5437,5444
10657,5436,5444,5435
10658,4938,5446,4946
10659,4938,5445,5446
10660,5445,5447,5446
10661,5445,5448,5447
10662,5435,5444,5448
10663,5435,5448,5445
10664,5435,5445,5439
10665,5439,5445,4938
10666,4946,5449,4949
10667,4946,5446,5449
10668,4953,5450,4954
10669,4953,4952,5450
10670,4942,4955,5451
10671,4955,4954,5451
10672,4954,5452,5451
10673,4954,5450,5452
10674,5451,5452,5453
10675,5451,5453,5454
10676,4942,5451,5454
10677,4942,5454,5440
10678,5440,5454,5455
10679,5440,5455,5442
10680,5447,5448,5456
10681,5447,5456,5446
10682,4949,5457,4960
10683,4960,5458,4959
10684,4960,5457,5458
10685,5457,5459,5458
10686,5446,5456,5459
10687,5446,5459,5457
10688,5446,5457,5449
10689,5449,5457,4949
10690,4952,4965,5460
10691,4965,5461,5460
10692,4965,4964,5461
10693,5460,5461,5462
10694,5460,5462,5463
10695,5460,5463,5464
10696,4952,5460,5464
10697,4952,5464,5450
10698,5450,5464,5465
10699,5450,5465,5452
10700,4959,5466,4966
10701,5458,5459,5467
10702,5458,5467,5466
10703,5458,5466,4959
10704,4966,5468,4970
10705,4966,5466,5469
10706,4966,5469,5468
10707,5466,5467,5469
10708,4975,5470,5471
10709,4975,5471,4976
10710,4975,5472,5470
10711,4975,4974,5472
10712,5470,5472,5473
10713,5470,5473,5474
10714,5470,5474,5475
10715,5470,5475,5471
10716,4964,4977,5476
10717,4977,4976,5476
10718,4976,5471,5476
10719,5471,5477,5476
10720,5471,5475,5477
10721,5461,5476,5477
10722,5461,5477,5462
10723,5461,4964,5476
10724,4970,5478,4978
10725,5468,5469,5479
10726,5468,5479,5478
10727,5468,5478,4970
10728,4980,5480,4981
10729,4980,4978,5481
10730,4980,5481,5480
10731,4978,5478,5482
10732,4978,5482,5481
10733,5478,5479,5482
10734,4981,5483,4984
10735,4981,5480,5483
10736,4990,5484,4991
10737,4990,4989,5484
10738,4993,5485,5486
10739,4993,5486,4994
10740,4993,4991,5485
10741,4991,5487,5485
10742,4991,5484,5487
10743,5485,5487,5488
10744,5485,5488,5489
10745,5485,5489,5486
10746,4974,4995,5490
10747,4995,4994,5490
10748,4994,5486,5490
10749,5486,5491,5490
10750,5486,5489,5491
10751,5472,5490,5491
10752,5472,5491,5473
10753,5472,4974,5490
10754,5481,5482,5492
10755,5481,5492,5480
10756,4984,5494,4996
10757,4984,5493,5494
10758,5493,5495,5494
10759,5493,5496,5495
10760,5480,5492,5496
10761,5480,5496,5493
10762,5480,5493,5483
10763,5483,5493,4984
10764,4996,5497,5000
10765,4996,5494,5497
10766,5005,5498,5006
10767,5005,5004,5498
10768,4989,5007,5499
10769,5007,5006,5499
10770,5006,5500,5499
10771,5006,5498,5500
10772,5499,5500,5501
10773,5499,5501,5502
10774,4989,5499,5502
10775,4989,5502,5484
10776,5484,5502,5503
10777,5484,5503,5487
10778,5495,5496,5504
10779,5495,5504,5494
10780,5000,5505,5008
10781,5494,5504,5506
10782,5494,5506,5507
10783,5494,5507,5497
10784,5497,5507,5505
10785,5497,5505,5000
10786,5010,5508,5011
10787,5010,5008,5509
10788,5010,5509,5508
10789,5008,5505,5510
10790,5008,5510,5509
10791,5505,5507,5510
10792,5011,5511,5014
10793,5011,5508,5511
10794,5024,5512,5025
10795,5024,5023,5512
10796,5027,5513,5514
10797,5027,5514,5028
10798,5027,5025,5513
10799,5025,5515,5513
10800,5025,5512,5515
10801,5513,5515,5516
10802,5513,5516,5517
10803,5513,5517,5514
10804,5004,5029,5518
10805,5029,5028,5518
10806,5028,5514,5518
10807,5514,5519,5518
10808,5514,5517,5519
10809,5518,5519,5520
10810,5004,5518,5520
10811,5004,5520,5498
10812,5498,5520,5521
10813,5498,5521,5500
10814,5509,5510,5522
10815,5509,5522,5508
10816,5014,5523,5030
10817,5508,5522,5524
10818,5508,5524,5525
10819,5508,5525,5511
10820,5511,5525,5523
10821,5511,5523,5014
10822,5031,5526,5032
10823,5031,5030,5527
10824,5031,5527,5526
10825,5030,5523,5528
10826,5030,5528,5527
10827,5523,5525,5528
10828,5034,5529,5035
10829,5034,5032,5530
10830,5034,5530,5529
10831,5032,5526,5530
10832,5035,5531,5038
10833,5035,5529,5531
10834,5054,5532,5055
10835,5054,5053,5532
10836,5057,5533,5058
10837,5057,5055,5534
10838,5057,5534,5533
10839,5055,5532,5534
10840,5059,5535,5536
10841,5059,5536,5060
10842,5059,5058,5535
10843,5058,5537,5535
10844,5058,5533,5537
10845,5535,5537,5538
10846,5535,5538,5539
10847,5535,5539,5536
10848,5023,5061,5540
10849,5061,5060,5540
10850,5060,5536,5540
10851,5536,5541,5540
10852,5536,5539,5541
10853,5540,5541,5542
10854,5023,5540,5542
10855,5023,5542,5512
10856,5512,5542,5543
10857,5512,5543,5515
10858,5527,5528,5544
10859,5527,5544,5526
10860,5526,5544,5545
10861,5526,5545,5546
10862,5526,5546,5530
10863,5530,5546,5529
10864,5038,5547,5062
10865,5529,5546,5548
10866,5529,5548,5549
10867,5529,5549,5531
10868,5531,5549,5547
10869,5531,5547,5038
10870,5063,5550,5551
10871,5063,5551,5064
10872,5063,5062,5550
10873,5062,5547,5550
10874,5547,5552,5550
10875,5547,5549,5552
10876,5550,5552,5553
10877,5550,5553,5551
10878,5065,5554,5555
10879,5065,5555,5066
10880,5065,5064,5554
10881,5064,5551,5554
10882,5551,5556,5554
10883,5551,5553,5556
10884,5554,5556,5557
10885,5554,5557,5555
10886,5067,5558,5559
10887,5067,5559,5068
10888,5067,5066,5558
10889,5066,5555,5558
10890,5555,5560,5558
10891,5555,5557,5560
10892,5558,5560,5561
10893,5558,5561,5559
10894,5069,5562,5563
10895,5069,5563,5070
10896,5069,5068,5562
10897,5068,5559,5562
10898,5559,5564,5562
10899,5559,5561,5564
10900,5562,5564,5565
10901,5562,5565,5563
10902,5071,5566,5567
10903,5071,5567,5072
10904,5071,5070,5566
10905,5070,5563,5566
10906,5563,5568,5566
10907,5563,5565,5568
10908,5566,5568,5569
10909,5566,5569,5567
10910,5073,5570,5571
10911,5073,5571,5074
10912,5073,5072,5570
10913,5072,5567,5570
10914,5567,5572,5570
10915,5567,5569,5572
10916,5570,5572,5573
10917,5570,5573,5571
10918,5053,5075,5574
10919,5075,5074,5574
10920,5074,5571,5574
10921,5571,5575,5574
10922,5571,5573,5575
10923,5574,5575,5576
10924,5053,5574,5576
10925,5053,5576,5532
10926,5532,5576,5577
10927,5532,5577,5578
10928,5532,5578,5534
10929,5534,5578,5533
10930,5533,5578,5579
10931,5533,5579,5537
10932,5580,5582,5581
10933,5580,5583,5582
10934,5580,5584,5583
10935,5580,5585,5584
10936,5580,5586,5585
10937,5580,5581,5586
10938,5587,5589,5588
10939,5587,5590,5589
10940,5581,5582,5590
10941,5581,5590,5587
10942,5581,5591,5586
10943,5581,5587,5591
10944,5587,5592,5591
10945,5587,5588,5592
10946,5593,5595,5594
10947,5593,5596,5595
10948,5588,5589,5596
10949,5588,5596,5593
10950,5588,5597,5592
10951,5588,5593,5597
10952,5593,5598,5597
10953,5593,5594,5598
10954,5599,5601,5600
10955,5599,5602,5601
10956,5594,5595,5602
10957,5594,5602,5599
10958,5594,5603,5598
10959,5594,5599,5603
10960,5599,5604,5603
10961,5599,5600,5604
10962,5605,5607,5606
10963,5605,5608,5607
10964,5600,5601,5608
10965,5600,5608,5605
10966,5600,5609,5604
10967,5600,5605,5609
10968,5605,5610,5609
10969,5605,5606,5610
10970,5611,5613,5612
10971,5611,5614,5613
10972,5606,5607,5614
10973,5606,5614,5611
10974,5606,5615,5610
10975,5606,5611,5615
10976,5611,5616,5615
10977,5611,5612,5616
10978,5617,5619,5618
10979,5617,5620,5619
10980,5612,5613,5620
10981,5612,5620,5617
10982,5612,5621,5616
10983,5612,5617,5621
10984,5617,5622,5621
10985,5617,5618,5622
10986,5618,5619,5623
10987,5618,5623,5622
10988,5624,5626,5625
10989,5624,5627,5626
10990,5624,5628,5627
10991,5624,5629,5628
10992,5624,5630,5629
10993,5624,5625,5630
10994,5081,5082,5632
10995,5081,5632,5631
10996,5081,5633,5080
10997,5081,5631,5633
10998,5625,5626,5633
10999,5625,5633,5631
11000,5625,5634,5630
11001,5625,5631,5634
11002,5631,5635,5634
11003,5631,5632,5635
11004,5087,5088,5637
11005,5087,5637,5636
11006,5087,5636,5082
11007,5082,5636,5632
11008,5632,5638,5635
11009,5632,5636,5638
11010,5636,5639,5638
11011,5636,5637,5639
11012,5092,5093,5641
11013,5092,5641,5640
11014,5092,5640,5088
11015,5088,5640,5637
11016,5637,5642,5639
11017,5637,5640,5642
11018,5583,5584,5642
11019,5583,5642,5640
11020,5583,5641,5582
11021,5583,5640,5641
11022,5096,5097,5644
11023,5096,5644,5643
11024,5096,5643,5093
11025,5093,5643,5641
11026,5641,5643,5582
11027,5582,5643,5590
11028,5590,5644,5589
11029,5590,5643,5644
11030,5100,5101,5646
11031,5100,5646,5645
11032,5100,5645,5097
11033,5097,5645,5644
11034,5644,5645,5589
11035,5589,5645,5596
11036,5596,5646,5595
11037,5596,5645,5646
11038,5104,5105,5648
11039,5104,5648,5647
11040,5104,5647,5101
11041,5101,5647,5646
11042,5646,5647,5595
11043,5595,5647,5602
11044,5602,5648,5601
11045,5602,5647,5648
11046,5108,5109,5650
11047,5108,5650,5649
11048,5108,5649,5105
11049,5105,5649,5648
11050,5648,5649,5601
11051,5601,5649,5608
11052,5608,5650,5607
11053,5608,5649,5650
11054,5112,5113,5652
11055,5112,5652,5651
11056,5112,5651,5109
11057,5109,5651,5650
11058,5650,5651,5607
11059,5607,5651,5614
11060,5614,5652,5613
11061,5614,5651,5652
11062,5116,5117,5654
11063,5116,5654,5653
11064,5116,5653,5113
11065,5113,5653,5652
11066,5652,5653,5613
11067,5613,5653,5620
11068,5620,5654,5619
11069,5620,5653,5654
11070,5121,5122,5656
11071,5121,5656,5655
11072,5121,5655,5117
11073,5117,5655,5654
11074,5654,5655,5619
11075,5619,5657,5623
11076,5619,5655,5657
11077,5655,5656,5657
11078,5127,5128,5659
11079,5127,5659,5658
11080,5127,5658,5122
11081,5122,5658,5656
11082,5656,5660,5657
11083,5656,5658,5660
11084,5658,5661,5660
11085,5658,5659,5661
11086,5662,5664,5663
11087,5128,5129,5664
11088,5128,5664,5662
11089,5128,5662,5659
11090,5659,5665,5661
11091,5659,5662,5665
11092,5662,5666,5665
11093,5662,5663,5666
11094,5663,5664,5667
11095,5663,5667,5666
11096,5668,5670,5669
11097,5668,5671,5670
11098,5668,5672,5671
11099,5668,5673,5672
11100,5668,5674,5673
11101,5668,5669,5674
11102,5135,5136,5676
11103,5135,5676,5675
11104,5135,5677,5134
11105,5135,5675,5677
11106,5669,5670,5677
11107,5669,5677,5675
11108,5669,5678,5674
11109,5669,5675,5678
11110,5675,5679,5678
11111,5675,5676,5679
11112,5140,5141,5681
11113,5140,5681,5680
11114,5140,5680,5136
11115,5136,5680,5676
11116,5676,5682,5679
11117,5676,5680,5682
11118,5627,5628,5682
11119,5627,5682,5680
11120,5627,5681,5626
11121,5627,5680,5681
11122,5080,5683,5144
11123,5144,5683,5141
11124,5141,5683,5681
11125,5681,5683,5626
11126,5626,5683,5633
11127,5633,5683,5080
11128,5129,5153,5684
11129,5129,5684,5664
11130,5157,5158,5686
11131,5157,5686,5685
11132,5157,5685,5153
11133,5153,5685,5684
11134,5684,5685,5664
11135,5664,5687,5667
11136,5664,5685,5687
11137,5685,5686,5687
11138,5688,5690,5689
11139,5158,5159,5690
11140,5158,5690,5688
11141,5158,5688,5686
11142,5686,5691,5687
11143,5686,5688,5691
11144,5688,5692,5691
11145,5688,5689,5692
11146,5689,5690,5693
11147,5689,5693,5692
11148,5694,5696,5695
11149,5694,5697,5696
11150,5694,5698,5697
11151,5694,5699,5698
11152,5694,5700,5699
11153,5694,5695,5700
11154,5165,5166,5702
11155,5165,5702,5701
11156,5165,5703,5164
11157,5165,5701,5703
11158,5695,5696,5703
11159,5695,5703,5701
11160,5695,5704,5700
11161,5695,5701,5704
11162,5701,5705,5704
11163,5701,5702,5705
11164,5170,5171,5707
11165,5170,5707,5706
11166,5170,5706,5166
11167,5166,5706,5702
11168,5702,5708,5705
11169,5702,5706,5708
11170,5671,5672,5708
11171,5671,5708,5706
11172,5671,5707,5670
11173,5671,5706,5707
11174,5134,5709,5174
11175,5174,5709,5171
11176,5171,5709,5707
11177,5707,5709,5670
11178,5670,5709,5677
11179,5677,5709,5134
11180,5159,5179,5710
11181,5159,5710,5690
11182,5183,5184,5712
11183,5183,5712,5711
11184,5183,5711,5179
11185,5179,5711,5710
11186,5710,5711,5690
11187,5690,5713,5693
11188,5690,5711,5713
11189,5711,5712,5713
11190,5714,5716,5715
11191,5184,5185,5716
11192,5184,5716,5714
11193,5184,5714,5712
11194,5712,5717,5713
11195,5712,5714,5717
11196,5714,5718,5717
11197,5714,5715,5718
11198,5715,5716,5719
11199,5715,5719,5718
11200,5720,5722,5721
11201,5720,5723,5722
11202,5720,5724,5723
11203,5720,5725,5724
11204,5720,5726,5725
11205,5720,5721,5726
11206,5191,5192,5728
11207,5191,5728,5727
11208,5191,5729,5190
11209,5191,5727,5729
11210,5721,5722,5729
11211,5721,5729,5727
11212,5721,5730,5726
11213,5721,5727,5730
11214,5697,5698,5730
11215,5697,5730,5727
11216,5697,5728,5696
11217,5697,5727,5728
11218,5164,5731,5196
11219,5196,5731,5192
11220,5192,5731,5728
11221,5728,5731,5696
11222,5696,5731,5703
11223,5703,5731,5164
11224,5185,5202,5732
11225,5185,5732,5716
11226,5733,5735,5734
11227,5202,5203,5735
11228,5202,5735,5733
11229,5202,5733,5732
11230,5732,5733,5716
11231,5716,5736,5719
11232,5716,5733,5736
11233,5733,5734,5736
11234,5734,5735,5737
11235,5734,5737,5736
11236,5738,5740,5739
11237,5738,5741,5740
11238,5738,5742,5741
11239,5738,5743,5742
11240,5738,5744,5743
11241,5738,5739,5744
11242,5208,5209,5746
11243,5208,5746,5745
11244,5208,5747,5207
11245,5208,5745,5747
11246,5739,5740,5747
11247,5739,5747,5745
11248,5739,5748,5744
11249,5739,5745,5748
11250,5723,5724,5748
11251,5723,5748,5745
11252,5723,5746,5722
11253,5723,5745,5746
11254,5190,5749,5212
11255,5212,5749,5209
11256,5209,5749,5746
11257,5746,5749,5722
11258,5722,5749,5729
11259,5729,5749,5190
11260,5203,5217,5750
11261,5203,5750,5735
11262,5751,5753,5752
11263,5217,5219,5753
11264,5217,5753,5751
11265,5217,5751,5750
11266,5750,5751,5735
11267,5735,5754,5737
11268,5735,5751,5754
11269,5751,5752,5754
11270,5752,5753,5755
11271,5752,5755,5754
11272,5756,5758,5757
11273,5756,5759,5758
11274,5756,5760,5759
11275,5756,5761,5760
11276,5756,5762,5761
11277,5756,5757,5762
11278,5224,5225,5764
11279,5224,5764,5763
11280,5224,5765,5223
11281,5224,5763,5765
11282,5757,5758,5765
11283,5757,5765,5763
11284,5757,5766,5762
11285,5757,5763,5766
11286,5741,5742,5766
11287,5741,5766,5763
11288,5741,5764,5740
11289,5741,5763,5764
11290,5207,5767,5227
11291,5227,5767,5225
11292,5225,5767,5764
11293,5764,5767,5740
11294,5740,5767,5747
11295,5747,5767,5207
11296,5219,5229,5768
11297,5219,5768,5753
11298,5769,5771,5770
11299,5229,5231,5771
11300,5229,5771,5769
11301,5229,5769,5768
11302,5768,5769,5753
11303,5753,5772,5755
11304,5753,5769,5772
11305,5769,5770,5772
11306,5770,5771,5773
11307,5770,5773,5772
11308,5774,5776,5775
11309,5774,5777,5776
11310,5774,5778,5777
11311,5774,5779,5778
11312,5774,5780,5779
11313,5774,5775,5780
11314,5237,5238,5782
11315,5237,5782,5781
11316,5237,5783,5236
11317,5237,5781,5783
11318,5775,5776,5783
11319,5775,5783,5781
11320,5775,5784,5780
11321,5775,5781,5784
11322,5759,5760,5784
11323,5759,5784,5781
11324,5759,5782,5758
11325,5759,5781,5782
11326,5223,5785,5241
11327,5241,5785,5238
11328,5238,5785,5782
11329,5782,5785,5758
11330,5758,5785,5765
11331,5765,5785,5223
11332,5231,5244,5786
11333,5231,5786,5771
11334,5787,5789,5788
11335,5244,5245,5789
11336,5244,5789,5787
11337,5244,5787,5786
11338,5786,5787,5771
11339,5771,5790,5773
11340,5771,5787,5790
11341,5787,5788,5790
11342,5788,5789,5791
11343,5788,5791,5790
11344,5251,5252,5793
11345,5251,5793,5792
11346,5251,5794,5250
11347,5251,5792,5794
11348,5792,5795,5794
11349,5792,5796,5795
11350,5777,5778,5796
11351,5777,5796,5792
11352,5777,5793,5776
11353,5777,5792,5793
11354,5236,5797,5256
11355,5256,5797,5252
11356,5252,5797,5793
11357,5793,5797,5776
11358,5776,5797,5783
11359,5783,5797,5236
11360,5245,5262,5798
11361,5245,5798,5789
11362,5262,5263,5799
11363,5262,5799,5800
11364,5262,5800,5798
11365,5798,5800,5801
11366,5798,5801,5789
11367,5789,5801,5791
11368,5802,5804,5803
11369,5802,5805,5804
11370,5802,5806,5805
11371,5802,5807,5806
11372,5802,5808,5807
11373,5802,5803,5808
11374,5250,5809,5268
11375,5268,5810,5267
11376,5268,5809,5810
11377,5803,5804,5810
11378,5803,5810,5809
11379,5803,5811,5808
11380,5803,5809,5811
11381,5794,5795,5811
11382,5794,5811,5809
11383,5794,5809,5250
11384,5263,5273,5813
11385,5263,5813,5812
11386,5273,5272,5813
11387,5799,5814,5800
11388,5799,5263,5812
11389,5799,5812,5814
11390,5812,5813,5815
11391,5812,5815,5814
11392,5279,5280,5817
11393,5279,5817,5816
11394,5279,5818,5278
11395,5279,5816,5818
11396,5816,5819,5818
11397,5816,5820,5819
11398,5805,5806,5820
11399,5805,5820,5816
11400,5805,5817,5804
11401,5805,5816,5817
11402,5267,5821,5283
11403,5283,5821,5280
11404,5280,5821,5817
11405,5817,5821,5804
11406,5804,5821,5810
11407,5810,5821,5267
11408,5272,5286,5822
11409,5272,5822,5813
11410,5286,5287,5823
11411,5286,5823,5824
11412,5286,5824,5822
11413,5822,5824,5825
11414,5822,5825,5813
11415,5813,5825,5815
11416,5826,5828,5827
11417,5826,5829,5828
11418,5826,5830,5829
11419,5826,5831,5830
11420,5826,5832,5831
11421,5826,5827,5832
11422,5278,5833,5292
11423,5292,5834,5291
11424,5292,5833,5834
11425,5827,5828,5834
11426,5827,5834,5833
11427,5827,5835,5832
11428,5827,5833,5835
11429,5818,5819,5835
11430,5818,5835,5833
11431,5818,5833,5278
11432,5287,5297,5837
11433,5287,5837,5836
11434,5297,5296,5837
11435,5823,5838,5824
11436,5823,5287,5836
11437,5823,5836,5838
11438,5836,5837,5839
11439,5836,5839,5838
11440,5303,5304,5841
11441,5303,5841,5840
11442,5303,5842,5302
11443,5303,5840,5842
11444,5840,5843,5842
11445,5840,5844,5843
11446,5829,5830,5844
11447,5829,5844,5840
11448,5829,5841,5828
11449,5829,5840,5841
11450,5291,5845,5307
11451,5307,5845,5304
11452,5304,5845,5841
11453,5841,5845,5828
11454,5828,5845,5834
11455,5834,5845,5291
11456,5296,5310,5846
11457,5296,5846,5837
11458,5310,5311,5847
11459,5310,5847,5848
11460,5310,5848,5846
11461,5846,5848,5849
11462,5846,5849,5837
11463,5837,5849,5839
11464,5302,5850,5317
11465,5317,5851,5316
11466,5317,5850,5851
11467,5850,5852,5851
11468,5850,5853,5852
11469,5842,5843,5853
11470,5842,5853,5850
11471,5842,5850,5302
11472,5311,5323,5854
11473,5323,5855,5854
11474,5323,5322,5855
11475,5854,5855,5856
11476,5854,5856,5857
11477,5847,5854,5857
11478,5847,5857,5848
11479,5847,5311,5854
11480,5858,5860,5859
11481,5858,5861,5860
11482,5858,5862,5861
11483,5858,5863,5862
11484,5858,5864,5863
11485,5858,5859,5864
11486,5316,5865,5328
11487,5328,5866,5327
11488,5328,5865,5866
11489,5859,5860,5866
11490,5859,5866,5865
11491,5859,5867,5864
11492,5859,5865,5867
11493,5851,5852,5867
11494,5851,5867,5865
11495,5851,5865,5316
11496,5322,5333,5869
11497,5322,5869,5868
11498,5333,5332,5869
11499,5855,5870,5856
11500,5855,5322,5868
11501,5855,5868,5870
11502,5868,5869,5871
11503,5868,5871,5870
11504,5872,5874,5873
11505,5872,5875,5874
11506,5872,5876,5875
11507,5872,5877,5876
11508,5861,5862,5877
11509,5861,5877,5872
11510,5861,5873,5860
11511,5861,5872,5873
11512,5327,5878,5337
11513,5337,5879,5336
11514,5337,5878,5879
11515,5873,5874,5879
11516,5873,5879,5878
11517,5873,5878,5860
11518,5860,5878,5866
11519,5866,5878,5327
11520,5332,5341,5881
11521,5332,5881,5880
11522,5341,5340,5881
11523,5332,5880,5869
11524,5880,5881,5882
11525,5880,5882,5883
11526,5880,5883,5869
11527,5869,5883,5871
11528,5884,5886,5885
11529,5884,5887,5886
11530,5884,5888,5887
11531,5884,5889,5888
11532,5875,5876,5889
11533,5875,5889,5884
11534,5875,5885,5874
11535,5875,5884,5885
11536,5336,5890,5345
11537,5345,5891,5344
11538,5345,5890,5891
11539,5885,5886,5891
11540,5885,5891,5890
11541,5885,5890,5874
11542,5874,5890,5879
11543,5879,5890,5336
11544,5340,5349,5893
11545,5340,5893,5892
11546,5349,5348,5893
11547,5340,5892,5881
11548,5892,5893,5894
11549,5892,5894,5895
11550,5892,5895,5881
11551,5881,5895,5882
11552,5896,5898,5897
11553,5896,5899,5898
11554,5896,5900,5899
11555,5896,5901,5900
11556,5887,5888,5901
11557,5887,5901,5896
11558,5887,5897,5886
11559,5887,5896,5897
11560,5344,5902,5353
11561,5353,5903,5352
11562,5353,5902,5903
11563,5897,5898,5903
11564,5897,5903,5902
11565,5897,5902,5886
11566,5886,5902,5891
11567,5891,5902,5344
11568,5348,5357,5905
11569,5348,5905,5904
11570,5357,5356,5905
11571,5348,5904,5893
11572,5904,5905,5906
11573,5904,5906,5907
11574,5904,5907,5893
11575,5893,5907,5894
11576,5908,5910,5909
11577,5908,5911,5910
11578,5908,5912,5911
11579,5908,5913,5912
11580,5899,5900,5913
11581,5899,5913,5908
11582,5899,5909,5898
11583,5899,5908,5909
11584,5352,5914,5361
11585,5361,5915,5360
11586,5361,5914,5915
11587,5909,5910,5915
11588,5909,5915,5914
11589,5909,5914,5898
11590,5898,5914,5903
11591,5903,5914,5352
11592,5356,5365,5917
11593,5356,5917,5916
11594,5365,5364,5917
11595,5356,5916,5905
11596,5916,5917,5918
11597,5916,5918,5919
11598,5916,5919,5905
11599,5905,5919,5906
11600,5920,5922,5921
11601,5920,5923,5922
11602,5920,5924,5923
11603,5920,5925,5924
11604,5911,5912,5925
11605,5911,5925,5920
11606,5911,5921,5910
11607,5911,5920,5921
11608,5360,5926,5369
11609,5369,5927,5368
11610,5369,5926,5927
11611,5921,5922,5927
11612,5921,5927,5926
11613,5921,5926,5910
11614,5910,5926,5915
11615,5915,5926,5360
11616,5364,5373,5929
11617,5364,5929,5928
11618,5373,5372,5929
11619,5364,5928,5917
11620,5928,5929,5930
11621,5928,5930,5931
11622,5928,5931,5917
11623,5917,5931,5918
11624,5932,5934,5933
11625,5932,5935,5934
11626,5932,5936,5935
11627,5932,5937,5936
11628,5923,5924,5937
11629,5923,5937,5932
11630,5923,5933,5922
11631,5923,5932,5933
11632,5368,5938,5377
11633,5377,5939,5376
11634,5377,5938,5939
11635,5933,5934,5939
11636,5933,5939,5938
11637,5933,5938,5922
11638,5922,5938,5927
11639,5927,5938,5368
11640,5372,5381,5941
11641,5372,5941,5940
11642,5381,5380,5941
11643,5372,5940,5929
11644,5940,5941,5942
11645,5940,5942,5943
11646,5940,5943,5929
11647,5929,5943,5930
11648,5935,5936,5944
11649,5935,5944,5934
11650,5376,5945,5386
11651,5386,5946,5385
11652,5386,5945,5946
11653,5945,5947,5946
11654,5934,5944,5947
11655,5934,5947,5945
11656,5934,5945,5939
11657,5939,5945,5376
11658,5380,5391,5948
11659,5391,5949,5948
11660,5391,5390,5949
11661,5948,5949,5950
11662,5948,5950,5951
11663,5948,5951,5952
11664,5380,5948,5952
11665,5380,5952,5941
11666,5941,5952,5953
11667,5941,5953,5942
11668,5385,5954,5397
11669,5397,5955,5396
11670,5397,5954,5955
11671,5954,5956,5955
11672,5954,5957,5956
11673,5946,5947,5957
11674,5946,5957,5954
11675,5946,5954,5385
11676,5390,5403,5958
11677,5403,5959,5958
11678,5403,5402,5959
11679,5958,5959,5960
11680,5958,5960,5961
11681,5949,5958,5961
11682,5949,5961,5950
11683,5949,5390,5958
11684,5396,5963,5404
11685,5396,5962,5963
11686,5962,5964,5963
11687,5962,5965,5964
11688,5962,5966,5965
11689,5955,5956,5966
11690,5955,5966,5962
11691,5955,5962,5396
11692,5404,5967,5407
11693,5404,5963,5967
11694,5411,5968,5412
11695,5411,5410,5968
11696,5402,5413,5969
11697,5413,5412,5969
11698,5412,5970,5969
11699,5412,5968,5970
11700,5969,5970,5971
11701,5959,5969,5971
11702,5959,5971,5960
11703,5959,5402,5969
11704,5964,5965,5972
11705,5964,5972,5963
11706,5407,5973,5418
11707,5418,5974,5417
11708,5418,5973,5974
11709,5973,5975,5974
11710,5963,5972,5975
11711,5963,5975,5973
11712,5963,5973,5967
11713,5967,5973,5407
11714,5410,5423,5976
11715,5423,5977,5976
11716,5423,5422,5977
11717,5976,5977,5978
11718,5976,5978,5979
11719,5976,5979,5980
11720,5410,5976,5980
11721,5410,5980,5968
11722,5968,5980,5981
11723,5968,5981,5970
11724,5417,5983,5424
11725,5417,5982,5983
11726,5982,5984,5983
11727,5982,5985,5984
11728,5982,5986,5985
11729,5974,5975,5986
11730,5974,5986,5982
11731,5974,5982,5417
11732,5424,5987,5427
11733,5424,5983,5987
11734,5431,5988,5432
11735,5431,5430,5988
11736,5422,5433,5989
11737,5433,5432,5989
11738,5432,5990,5989
11739,5432,5988,5990
11740,5989,5990,5991
11741,5977,5989,5991
11742,5977,5991,5978
11743,5977,5422,5989
11744,5984,5985,5992
11745,5984,5992,5983
11746,5427,5993,5438
11747,5438,5994,5437
11748,5438,5993,5994
11749,5993,5995,5994
11750,5983,5992,5995
11751,5983,5995,5993
11752,5983,5993,5987
11753,5987,5993,5427
11754,5430,5443,5996
11755,5443,5997,5996
11756,5443,5442,5997
11757,5996,5997,5998
11758,5996,5998,5999
11759,5996,5999,6000
11760,5430,5996,6000
11761,5430,6000,5988
11762,5988,6000,6001
11763,5988,6001,5990
11764,5437,6003,5444
11765,5437,6002,6003
11766,6002,6004,6003
11767,6002,6005,6004
11768,6002,6006,6005
11769,5994,5995,6006
11770,5994,6006,6002
11771,5994,6002,5437
11772,5444,6007,5448
11773,5444,6003,6007
11774,5453,6008,5454
11775,5453,5452,6008
11776,5442,5455,6009
11777,5455,5454,6009
11778,5454,6010,6009
11779,5454,6008,6010
11780,6009,6010,6011
11781,5997,6009,6011
11782,5997,6011,5998
11783,5997,5442,6009
11784,6004,6005,6012
11785,6004,6012,6003
11786,5448,6014,5456
11787,5448,6013,6014
11788,6013,6015,6014
11789,6013,6016,6015
11790,6003,6012,6016
11791,6003,6016,6013
11792,6003,6013,6007
11793,6007,6013,5448
11794,5456,6017,5459
11795,5456,6014,6017
11796,5463,6018,5464
11797,5463,5462,6018
11798,5452,5465,6019
11799,5465,5464,6019
11800,5464,6020,6019
11801,5464,6018,6020
11802,6019,6020,6021
11803,6019,6021,6022
11804,5452,6019,6022
11805,5452,6022,6008
11806,6008,6022,6023
11807,6008,6023,6010
11808,6015,6016,6024
11809,6015,6024,6014
11810,5459,6026,5467
11811,5459,6025,6026
11812,6025,6027,6026
11813,6025,6028,6027
11814,6014,6024,6028
11815,6014,6028,6025
11816,6014,6025,6017
11817,6017,6025,5459
11818,5467,6029,5469
11819,5467,6026,6029
11820,5474,6030,5475
11821,5474,5473,6030
11822,5462,5477,6031
11823,5477,5475,6031
11824,5475,6032,6031
11825,5475,6030,6032
11826,6031,6032,6033
11827,6031,6033,6034
11828,5462,6031,6034
11829,5462,6034,6018
11830,6018,6034,6035
11831,6018,6035,6020
11832,6027,6028,6036
11833,6027,6036,6026
11834,5469,6038,5479
11835,5469,6037,6038
11836,6037,6039,6038
11837,6037,6040,6039
11838,6026,6036,6040
11839,6026,6040,6037
11840,6026,6037,6029
11841,6029,6037,5469
11842,5479,6041,5482
11843,5479,6038,6041
11844,5488,6042,5489
11845,5488,5487,6042
11846,5473,5491,6043
11847,5491,5489,6043
11848,5489,6044,6043
11849,5489,6042,6044
11850,6043,6044,6045
11851,6043,6045,6046
11852,5473,6043,6046
11853,5473,6046,6030
11854,6030,6046,6047
11855,6030,6047,6032
11856,6039,6040,6048
11857,6039,6048,6038
11858,5482,6050,5492
11859,5482,6049,6050
11860,6049,6051,6050
11861,6049,6052,6051
11862,6038,6048,6052
11863,6038,6052,6049
11864,6038,6049,6041
11865,6041,6049,5482
11866,5492,6053,5496
11867,5492,6050,6053
11868,5501,6054,5502
11869,5501,5500,6054
11870,5487,5503,6055
11871,5503,5502,6055
11872,5502,6056,6055
11873,5502,6054,6056
11874,6055,6056,6057
11875,6055,6057,6058
11876,5487,6055,6058
11877,5487,6058,6042
11878,6042,6058,6059
11879,6042,6059,6044
11880,6051,6052,6060
11881,6051,6060,6050
11882,5496,6061,5504
11883,6050,6060,6062
11884,6050,6062,6063
11885,6050,6063,6053
11886,6053,6063,6061
11887,6053,6061,5496
11888,5506,6064,5507
11889,5506,5504,6065
11890,5506,6065,6064
11891,5504,6061,6066
11892,5504,6066,6065
11893,6061,6063,6066
11894,5507,6067,5510
11895,5507,6064,6067
11896,5516,6068,5517
11897,5516,5515,6068
11898,5519,6069,6070
11899,5519,6070,5520
11900,5519,5517,6069
11901,5517,6071,6069
11902,5517,6068,6071
11903,6069,6071,6072
11904,6069,6072,6073
11905,6069,6073,6070
11906,5500,5521,6074
11907,5521,5520,6074
11908,5520,6070,6074
11909,6070,6075,6074
11910,6070,6073,6075
11911,6074,6075,6076
11912,5500,6074,6076
11913,5500,6076,6054
11914,6054,6076,6077
11915,6054,6077,6056
11916,6065,6066,6078
11917,6065,6078,6064
11918,5510,6079,5522
11919,6064,6078,6080
11920,6064,6080,6081
11921,6064,6081,6067
11922,6067,6081,6079
11923,6067,6079,5510
11924,5524,6082,5525
11925,5524,5522,6083
11926,5524,6083,6082
11927,5522,6079,6084
11928,5522,6084,6083
11929,6079,6081,6084
11930,5525,6085,5528
11931,5525,6082,6085
11932,5538,6086,5539
11933,5538,5537,6086
11934,5541,6087,6088
11935,5541,6088,5542
11936,5541,5539,6087
11937,5539,6089,6087
11938,5539,6086,6089
11939,6087,6089,6090
11940,6087,6090,6091
11941,6087,6091,6088
11942,5515,5543,6092
11943,5543,5542,6092
11944,5542,6088,6092
11945,6088,6093,6092
11946,6088,6091,6093
11947,6092,6093,6094
11948,5515,6092,6094
11949,5515,6094,6068
11950,6068,6094,6095
11951,6068,6095,6071
11952,6083,6084,6096
11953,6083,6096,6082
11954,5528,6097,5544
11955,6082,6096,6098
11956,6082,6098,6099
11957,6082,6099,6085
11958,6085,6099,6097
11959,6085,6097,5528
11960,5545,6100,6101
11961,5545,6101,5546
11962,5545,5544,6100
11963,5544,6097,6100
11964,6097,6102,6100
11965,6097,6099,6102
11966,6100,6102,6103
11967,6100,6103,6101
11968,5548,6104,5549
11969,5548,5546,6105
11970,5548,6105,6104
11971,5546,6101,6106
11972,5546,6106,6105
11973,6101,6103,6106
11974,5552,6107,5553
11975,5552,5549,6108
11976,5552,6108,6107
11977,5549,6104,6108
11978,5556,6109,5557
11979,5556,5553,6110
11980,5556,6110,6109
11981,5553,6107,6110
11982,5560,6111,5561
11983,5560,5557,6112
11984,5560,6112,6111
11985,5557,6109,6112
11986,5564,6113,5565
11987,5564,5561,6114
11988,5564,6114,6113
11989,5561,6111,6114
11990,5568,6115,5569
11991,5568,5565,6116
11992,5568,6116,6115
11993,5565,6113,6116
11994,5572,6117,5573
11995,5572,5569,6118
11996,5572,6118,6117
11997,5569,6115,6118
11998,5575,6119,6120
11999,5575,6120,5576
12000,5575,5573,6119
12001,5573,6121,6119
12002,5573,6117,6121
12003,6119,6121,6122
12004,6119,6122,6123
12005,6119,6123,6120
12006,5577,6124,6125
12007,5577,6125,5578
12008,5577,5576,6124
12009,5576,6120,6124
12010,6120,6126,6124
12011,6120,6123,6126
12012,6124,6126,6127
12013,6124,6127,6125
12014,5537,5579,6128
12015,5579,5578,6128
12016,5578,6125,6128
12017,6125,6129,6128
12018,6125,6127,6129
12019,6128,6129,6130
12020,5537,6128,6130
12021,5537,6130,6086
12022,6086,6130,6131
12023,6086,6131,6089
12024,6105,6106,6132
12025,6105,6132,6104
12026,6104,6132,6133
12027,6104,6133,6134
12028,6104,6134,6108
12029,6108,6134,6107
12030,6107,6134,6135
12031,6107,6135,6136
12032,6107,6136,6110
12033,6110,6136,6109
12034,6109,6136,6137
12035,6109,6137,6138
12036,6109,6138,6112
12037,6112,6138,6111
12038,6111,6138,6139
12039,6111,6139,6140
12040,6111,6140,6114
12041,6114,6140,6113
12042,6113,6140,6141
12043,6113,6141,6142
12044,6113,6142,6116
12045,6116,6142,6115
12046,6115,6142,6143
12047,6115,6143,6144
12048,6115,6144,6118
12049,6118,6144,6117
12050,6117,6144,6145
12051,6117,6145,6121
12052,6146,6148,6147
12053,6146,6149,6148
12054,6146,6150,6149
12055,6146,6151,6150
12056,6146,6152,6151
12057,6146,6147,6152
12058,6153,6155,6154
12059,6153,6156,6155
12060,6147,6148,6156
12061,6147,6156,6153
12062,6147,6157,6152
12063,6147,6153,6157
12064,6153,6158,6157
12065,6153,6154,6158
12066,5585,5586,6160
12067,5585,6160,6159
12068,5585,6161,5584
12069,5585,6159,6161
12070,6154,6155,6161
12071,6154,6161,6159
12072,6154,6162,6158
12073,6154,6159,6162
12074,6159,6163,6162
12075,6159,6160,6163
12076,5591,5592,6165
12077,5591,6165,6164
12078,5591,6164,5586
12079,5586,6164,6160
12080,6160,6166,6163
12081,6160,6164,6166
12082,6164,6167,6166
12083,6164,6165,6167
12084,5597,5598,6169
12085,5597,6169,6168
12086,5597,6168,5592
12087,5592,6168,6165
12088,6165,6170,6167
12089,6165,6168,6170
12090,6168,6171,6170
12091,6168,6169,6171
12092,5603,5604,6173
12093,5603,6173,6172
12094,5603,6172,5598
12095,5598,6172,6169
12096,6169,6174,6171
12097,6169,6172,6174
12098,6172,6175,6174
12099,6172,6173,6175
12100,5609,5610,6177
12101,5609,6177,6176
12102,5609,6176,5604
12103,5604,6176,6173
12104,6173,6178,6175
12105,6173,6176,6178
12106,6176,6179,6178
12107,6176,6177,6179
12108,5615,5616,6181
12109,5615,6181,6180
12110,5615,6180,5610
12111,5610,6180,6177
12112,6177,6182,6179
12113,6177,6180,6182
12114,6180,6183,6182
12115,6180,6181,6183
12116,5621,5622,6185
12117,5621,6185,6184
12118,5621,6184,5616
12119,5616,6184,6181
12120,6181,6186,6183
12121,6181,6184,6186
12122,6184,6187,6186
12123,6184,6185,6187
12124,6188,6190,6189
12125,5622,5623,6190
12126,5622,6190,6188
12127,5622,6188,6185
12128,6185,6191,6187
12129,6185,6188,6191
12130,6188,6192,6191
12131,6188,6189,6192
12132,6193,6195,6194
12133,6193,6196,6195
12134,6189,6190,6196
12135,6189,6196,6193
12136,6189,6197,6192
12137,6189,6193,6197
12138,6193,6198,6197
12139,6193,6194,6198
12140,6194,6195,6199
12141,6194,6199,6198
12142,6200,6202,6201
12143,6200,6203,6202
12144,6200,6204,6203
12145,6200,6205,6204
12146,6200,6206,6205
12147,6200,6201,6206
12148,5629,5630,6208
12149,5629,6208,6207
12150,5629,6209,5628
12151,5629,6207,6209
12152,6201,6202,6209
12153,6201,6209,6207
12154,6201,6210,6206
12155,6201,6207,6210
12156,6207,6211,6210
12157,6207,6208,6211
12158,5634,5635,6213
12159,5634,6213,6212
12160,5634,6212,5630
12161,5630,6212,6208
12162,6208,6214,6211
12163,6208,6212,6214
12164,6149,6150,6214
12165,6149,6214,6212
12166,6149,6213,6148
12167,6149,6212,6213
12168,5638,5639,6216
12169,5638,6216,6215
12170,5638,6215,5635
12171,5635,6215,6213
12172,6213,6215,6148
12173,6148,6215,6156
12174,6156,6216,6155
12175,6156,6215,6216
12176,5584,6217,5642
12177,5642,6217,5639
12178,5639,6217,6216
12179,6216,6217,6155
12180,6155,6217,6161
12181,6161,6217,5584
12182,5623,5657,6218
12183,5623,6218,6190
12184,5660,5661,6220
12185,5660,6220,6219
12186,5660,6219,5657
12187,5657,6219,6218
12188,6218,6219,6190
12189,6190,6219,6196
12190,6196,6220,6195
12191,6196,6219,6220
12192,5665,5666,6222
12193,5665,6222,6221
12194,5665,6221,5661
12195,5661,6221,6220
12196,6220,6221,6195
12197,6195,6223,6199
12198,6195,6221,6223
12199,6221,6222,6223
12200,6224,6226,6225
12201,5666,5667,6226
12202,5666,6226,6224
12203,5666,6224,6222
12204,6222,6227,6223
12205,6222,6224,6227
12206,6224,6228,6227
12207,6224,6225,6228
12208,6225,6226,6229
12209,6225,6229,6228
12210,6230,6232,6231
12211,6230,6233,6232
12212,6230,6234,6233
12213,6230,6235,6234
12214,6230,6236,6235
12215,6230,6231,6236
12216,5673,5674,6238
12217,5673,6238,6237
12218,5673,6239,5672
12219,5673,6237,6239
12220,6231,6232,6239
12221,6231,6239,6237
12222,6231,6240,6236
12223,6231,6237,6240
12224,6237,6241,6240
12225,6237,6238,6241
12226,5678,5679,6243
12227,5678,6243,6242
12228,5678,6242,5674
12229,5674,6242,6238
12230,6238,6244,6241
12231,6238,6242,6244
12232,6203,6204,6244
12233,6203,6244,6242
12234,6203,6243,6202
12235,6203,6242,6243
12236,5628,6245,5682
12237,5682,6245,5679
12238,5679,6245,6243
12239,6243,6245,6202
12240,6202,6245,6209
12241,6209,6245,5628
12242,5667,5687,6246
12243,5667,6246,6226
12244,5691,5692,6248
12245,5691,6248,6247
12246,5691,6247,5687
12247,5687,6247,6246
12248,6246,6247,6226
12249,6226,6249,6229
12250,6226,6247,6249
12251,6247,6248,6249
12252,6250,6252,6251
12253,5692,5693,6252
12254,5692,6252,6250
12255,5692,6250,6248
12256,6248,6253,6249
12257,6248,6250,6253
12258,6250,6254,6253
12259,6250,6251,6254
12260,6251,6252,6255
12261,6251,6255,6254
12262,6256,6258,6257
12263,6256,6259,6258
12264,6256,6260,6259
12265,6256,6261,6260
12266,6256,6262,6261
12267,6256,6257,6262
12268,5699,5700,6264
12269,5699,6264,6263
12270,5699,6265,5698
12271,5699,6263,6265
12272,6257,6258,6265
12273,6257,6265,6263
12274,6257,6266,6262
12275,6257,6263,6266
12276,6263,6267,6266
12277,6263,6264,6267
12278,5704,5705,6269
12279,5704,6269,6268
12280,5704,6268,5700
12281,5700,6268,6264
12282,6264,6270,6267
12283,6264,6268,6270
12284,6233,6234,6270
12285,6233,6270,6268
12286,6233,6269,6232
12287,6233,6268,6269
12288,5672,6271,5708
12289,5708,6271,5705
12290,5705,6271,6269
12291,6269,6271,6232
12292,6232,6271,6239
12293,6239,6271,5672
12294,5693,5713,6272
12295,5693,6272,6252
12296,5717,5718,6274
12297,5717,6274,6273
12298,5717,6273,5713
12299,5713,6273,6272
12300,6272,6273,6252
12301,6252,6275,6255
12302,6252,6273,6275
12303,6273,6274,6275
12304,6276,6278,6277
12305,5718,5719,6278
12306,5718,6278,6276
12307,5718,6276,6274
12308,6274,6279,6275
12309,6274,6276,6279
12310,6276,6280,6279
12311,6276,6277,6280
12312,6277,6278,6281
12313,6277,6281,6280
12314,6282,6284,6283
12315,6282,6285,6284
12316,6282,6286,6285
12317,6282,6287,6286
12318,6282,6288,6287
12319,6282,6283,6288
12320,5725,5726,6290
12321,5725,6290,6289
12322,5725,6291,5724
12323,5725,6289,6291
12324,6283,6284,6291
12325,6283,6291,6289
12326,6283,6292,6288
12327,6283,6289,6292
12328,6259,6260,6292
12329,6259,6292,6289
12330,6259,6290,6258
12331,6259,6289,6290
12332,5698,6293,5730
12333,5730,6293,5726
12334,5726,6293,6290
12335,6290,6293,6258
12336,6258,6293,6265
12337,6265,6293,5698
12338,5719,5736,6294
12339,5719,6294,6278
12340,6295,6297,6296
12341,5736,5737,6297
12342,5736,6297,6295
12343,5736,6295,6294
12344,6294,6295,6278
12345,6278,6298,6281
12346,6278,6295,6298
12347,6295,6296,6298
12348,6296,6297,6299
12349,6296,6299,6298
12350,6300,6302,6301
12351,6300,6303,6302
12352,6300,6304,6303
12353,6300,6305,6304
12354,6300,6306,6305
12355,6300,6301,6306
12356,5743,5744,6308
12357,5743,6308,6307
12358,5743,6309,5742
12359,5743,6307,6309
12360,6301,6302,6309
12361,6301,6309,6307
12362,6301,6310,6306
12363,6301,6307,6310
12364,6285,6286,6310
12365,6285,6310,6307
12366,6285,6308,6284
12367,6285,6307,6308
12368,5724,6311,5748
12369,5748,6311,5744
12370,5744,6311,6308
12371,6308,6311,6284
12372,6284,6311,6291
12373,6291,6311,5724
12374,5737,5754,6312
12375,5737,6312,6297
12376,6313,6315,6314
12377,5754,5755,6315
12378,5754,6315,6313
12379,5754,6313,6312
12380,6312,6313,6297
12381,6297,6316,6299
12382,6297,6313,6316
12383,6313,6314,6316
12384,6314,6315,6317
12385,6314,6317,6316
12386,6318,6320,6319
12387,6318,6321,6320
12388,6318,6322,6321
12389,6318,6323,6322
12390,6318,6324,6323
12391,6318,6319,6324
12392,5761,5762,6326
12393,5761,6326,6325
12394,5761,6327,5760
12395,5761,6325,6327
12396,6319,6320,6327
12397,6319,6327,6325
12398,6319,6328,6324
12399,6319,6325,6328
12400,6303,6304,6328
12401,6303,6328,6325
12402,6303,6326,6302
12403,6303,6325,6326
12404,5742,6329,5766
12405,5766,6329,5762
12406,5762,6329,6326
12407,6326,6329,6302
12408,6302,6329,6309
12409,6309,6329,5742
12410,5755,5772,6330
12411,5755,6330,6315
12412,6331,6333,6332
12413,5772,5773,6333
12414,5772,6333,6331
12415,5772,6331,6330
12416,6330,6331,6315
12417,6315,6334,6317
12418,6315,6331,6334
12419,6331,6332,6334
12420,6332,6333,6335
12421,6332,6335,6334
12422,5779,5780,6337
12423,5779,6337,6336
12424,5779,6338,5778
12425,5779,6336,6338
12426,6336,6339,6338
12427,6336,6340,6339
12428,6321,6322,6340
12429,6321,6340,6336
12430,6321,6337,6320
12431,6321,6336,6337
12432,5760,6341,5784
12433,5784,6341,5780
12434,5780,6341,6337
12435,6337,6341,6320
12436,6320,6341,6327
12437,6327,6341,5760
12438,5773,5790,6342
12439,5773,6342,6333
12440,5790,5791,6343
12441,5790,6343,6344
12442,5790,6344,6342
12443,6342,6344,6345
12444,6342,6345,6333
12445,6333,6345,6335
12446,6346,6348,6347
12447,6346,6349,6348
12448,6346,6350,6349
12449,6346,6351,6350
12450,6346,6352,6351
12451,6346,6347,6352
12452,5778,6353,5796
12453,5796,6354,5795
12454,5796,6353,6354
12455,6347,6348,6354
12456,6347,6354,6353
12457,6347,6355,6352
12458,6347,6353,6355
12459,6338,6339,6355
12460,6338,6355,6353
12461,6338,6353,5778
12462,5791,5801,6357
12463,5791,6357,6356
12464,5801,5800,6357
12465,6343,6358,6344
12466,6343,5791,6356
12467,6343,6356,6358
12468,6356,6357,6359
12469,6356,6359,6358
12470,5807,5808,6361
12471,5807,6361,6360
12472,5807,6362,5806
12473,5807,6360,6362
12474,6360,6363,6362
12475,6360,6364,6363
12476,6349,6350,6364
12477,6349,6364,6360
12478,6349,6361,6348
12479,6349,6360,6361
12480,5795,6365,5811
12481,5811,6365,5808
12482,5808,6365,6361
12483,6361,6365,6348
12484,6348,6365,6354
12485,6354,6365,5795
12486,5800,5814,6366
12487,5800,6366,6357
12488,5814,5815,6367
12489,5814,6367,6368
12490,5814,6368,6366
12491,6366,6368,6369
12492,6366,6369,6357
12493,6357,6369,6359
12494,6370,6372,6371
12495,6370,6373,6372
12496,6370,6374,6373
12497,6370,6375,6374
12498,6370,6376,6375
12499,6370,6371,6376
12500,5806,6377,5820
12501,5820,6378,5819
12502,5820,6377,6378
12503,6371,6372,6378
12504,6371,6378,6377
12505,6371,6379,6376
12506,6371,6377,6379
12507,6362,6363,6379
12508,6362,6379,6377
12509,6362,6377,5806
12510,5815,5825,6381
12511,5815,6381,6380
12512,5825,5824,6381
12513,6367,6382,6368
12514,6367,5815,6380
12515,6367,6380,6382
12516,6380,6381,6383
12517,6380,6383,6382
12518,5831,5832,6385
12519,5831,6385,6384
12520,5831,6386,5830
12521,5831,6384,6386
12522,6384,6387,6386
12523,6384,6388,6387
12524,6373,6374,6388
12525,6373,6388,6384
12526,6373,6385,6372
12527,6373,6384,6385
12528,5819,6389,5835
12529,5835,6389,5832
12530,5832,6389,6385
12531,6385,6389,6372
12532,6372,6389,6378
12533,6378,6389,5819
12534,5824,5838,6390
12535,5824,6390,6381
12536,5838,5839,6391
12537,5838,6391,6392
12538,5838,6392,6390
12539,6390,6392,6393
12540,6390,6393,6381
12541,6381,6393,6383
12542,6394,6396,6395
12543,6394,6397,6396
12544,6394,6398,6397
12545,6394,6399,6398
12546,6394,6400,6399
12547,6394,6395,6400
12548,5830,6401,5844
12549,5844,6402,5843
12550,5844,6401,6402
12551,6395,6396,6402
12552,6395,6402,6401
12553,6395,6403,6400
12554,6395,6401,6403
12555,6386,6387,6403
12556,6386,6403,6401
12557,6386,6401,5830
12558,5839,5849,6405
12559,5839,6405,6404
12560,5849,5848,6405
12561,6391,6406,6392
12562,6391,5839,6404
12563,6391,6404,6406
12564,6404,6405,6407
12565,6404,6407,6406
12566,6408,6410,6409
12567,6408,6411,6410
12568,6408,6412,6411
12569,6408,6413,6412
12570,6397,6398,6413
12571,6397,6413,6408
12572,6397,6409,6396
12573,6397,6408,6409
12574,5843,6414,5853
12575,5853,6415,5852
12576,5853,6414,6415
12577,6409,6410,6415
12578,6409,6415,6414
12579,6409,6414,6396
12580,6396,6414,6402
12581,6402,6414,5843
12582,5848,5857,6417
12583,5848,6417,6416
12584,5857,5856,6417
12585,5848,6416,6405
12586,6416,6417,6418
12587,6416,6418,6419
12588,6416,6419,6405
12589,6405,6419,6407
12590,5863,5864,6421
12591,5863,6421,6420
12592,5863,6422,5862
12593,5863,6420,6422
12594,6420,6423,6422
12595,6420,6424,6423
12596,6411,6412,6424
12597,6411,6424,6420
12598,6411,6421,6410
12599,6411,6420,6421
12600,5852,6425,5867
12601,5867,6425,5864
12602,5864,6425,6421
12603,6421,6425,6410
12604,6410,6425,6415
12605,6415,6425,5852
12606,5856,5870,6426
12607,5856,6426,6417
12608,5870,5871,6427
12609,5870,6427,6428
12610,5870,6428,6426
12611,6426,6428,6429
12612,6426,6429,6417
12613,6417,6429,6418
12614,5862,6430,5877
12615,5877,6431,5876
12616,5877,6430,6431
12617,6430,6432,6431
12618,6430,6433,6432
12619,6422,6423,6433
12620,6422,6433,6430
12621,6422,6430,5862
12622,5871,5883,6434
12623,5883,6435,6434
12624,5883,5882,6435
12625,6434,6435,6436
12626,6434,6436,6437
12627,6427,6434,6437
12628,6427,6437,6428
12629,6427,5871,6434
12630,5876,6438,5889
12631,5889,6439,5888
12632,5889,6438,6439
12633,6438,6440,6439
12634,6438,6441,6440
12635,6431,6432,6441
12636,6431,6441,6438
12637,6431,6438,5876
12638,5882,5895,6442
12639,5895,6443,6442
12640,5895,5894,6443
12641,6442,6443,6444
12642,6442,6444,6445
12643,6435,6442,6445
12644,6435,6445,6436
12645,6435,5882,6442
12646,5888,6446,5901
12647,5901,6447,5900
12648,5901,6446,6447
12649,6446,6448,6447
12650,6446,6449,6448
12651,6439,6440,6449
12652,6439,6449,6446
12653,6439,6446,5888
12654,5894,5907,6450
12655,5907,6451,6450
12656,5907,5906,6451
12657,6450,6451,6452
12658,6450,6452,6453
12659,6443,6450,6453
12660,6443,6453,6444
12661,6443,5894,6450
12662,5900,6454,5913
12663,5913,6455,5912
12664,5913,6454,6455
12665,6454,6456,6455
12666,6454,6457,6456
12667,6447,6448,6457
12668,6447,6457,6454
12669,6447,6454,5900
12670,5906,5919,6458
12671,5919,6459,6458
12672,5919,5918,6459
12673,6458,6459,6460
12674,6458,6460,6461
12675,6451,6458,6461
12676,6451,6461,6452
12677,6451,5906,6458
12678,5912,6462,5925
12679,5925,6463,5924
12680,5925,6462,6463
12681,6462,6464,6463
12682,6462,6465,6464
12683,6455,6456,6465
12684,6455,6465,6462
12685,6455,6462,5912
12686,5918,5931,6466
12687,5931,6467,6466
12688,5931,5930,6467
12689,6466,6467,6468
12690,6466,6468,6469
12691,6459,6466,6469
12692,6459,6469,6460
12693,6459,5918,6466
12694,5924,6470,5937
12695,5937,6471,5936
12696,5937,6470,6471
12697,6470,6472,6471
12698,6470,6473,6472
12699,6463,6464,6473
12700,6463,6473,6470
12701,6463,6470,5924
12702,5930,5943,6474
12703,5943,6475,6474
12704,5943,5942,6475
12705,6474,6475,6476
12706,6474,6476,6477
12707,6467,6474,6477
12708,6467,6477,6468
12709,6467,5930,6474
12710,5936,6479,5944
12711,5936,6478,6479
12712,6478,6480,6479
12713,6478,6481,6480
12714,6478,6482,6481
12715,6471,6472,6482
12716,6471,6482,6478
12717,6471,6478,5936
12718,5944,6483,5947
12719,5944,6479,6483
12720,5951,6484,5952
12721,5951,5950,6484
12722,5942,5953,6485
12723,5953,5952,6485
12724,5952,6486,6485
12725,5952,6484,6486
12726,6485,6486,6487
12727,6475,6485,6487
12728,6475,6487,6476
12729,6475,5942,6485
12730,6488,6490,6489
12731,6488,6491,6490
12732,6488,6492,6491
12733,6488,6493,6492
12734,6480,6481,6493
12735,6480,6493,6488
12736,6480,6489,6479
12737,6480,6488,6489
12738,5947,6494,5957
12739,5957,6495,5956
12740,5957,6494,6495
12741,6489,6490,6495
12742,6489,6495,6494
12743,6489,6494,6479
12744,6479,6494,6483
12745,6483,6494,5947
12746,5950,5961,6497
12747,5950,6497,6496
12748,5961,5960,6497
12749,5950,6496,6484
12750,6496,6497,6498
12751,6496,6498,6499
12752,6496,6499,6484
12753,6484,6499,6486
12754,6491,6492,6500
12755,6491,6500,6490
12756,5956,6501,5966
12757,5966,6502,5965
12758,5966,6501,6502
12759,6501,6503,6502
12760,6490,6500,6503
12761,6490,6503,6501
12762,6490,6501,6495
12763,6495,6501,5956
12764,5960,5971,6504
12765,5971,6505,6504
12766,5971,5970,6505
12767,6504,6505,6506
12768,6504,6506,6507
12769,6504,6507,6508
12770,5960,6504,6508
12771,5960,6508,6497
12772,6497,6508,6509
12773,6497,6509,6498
12774,5965,6511,5972
12775,5965,6510,6511
12776,6510,6512,6511
12777,6510,6513,6512
12778,6510,6514,6513
12779,6502,6503,6514
12780,6502,6514,6510
12781,6502,6510,5965
12782,5972,6515,5975
12783,5972,6511,6515
12784,5979,6516,5980
12785,5979,5978,6516
12786,5970,5981,6517
12787,5981,5980,6517
12788,5980,6518,6517
12789,5980,6516,6518
12790,6517,6518,6519
12791,6505,6517,6519
12792,6505,6519,6506
12793,6505,5970,6517
12794,6512,6513,6520
12795,6512,6520,6511
12796,5975,6521,5986
12797,5986,6522,5985
12798,5986,6521,6522
12799,6521,6523,6522
12800,6511,6520,6523
12801,6511,6523,6521
12802,6511,6521,6515
12803,6515,6521,5975
12804,5978,5991,6524
12805,5991,6525,6524
12806,5991,5990,6525
12807,6524,6525,6526
12808,6524,6526,6527
12809,6524,6527,6528
12810,5978,6524,6528
12811,5978,6528,6516
12812,6516,6528,6529
12813,6516,6529,6518
12814,5985,6531,5992
12815,5985,6530,6531
12816,6530,6532,6531
12817,6530,6533,6532
12818,6530,6534,6533
12819,6522,6523,6534
12820,6522,6534,6530
12821,6522,6530,5985
12822,5992,6535,5995
12823,5992,6531,6535
12824,5999,6536,6000
12825,5999,5998,6536
12826,5990,6001,6537
12827,6001,6000,6537
12828,6000,6538,6537
12829,6000,6536,6538
12830,6537,6538,6539
12831,6525,6537,6539
12832,6525,6539,6526
12833,6525,5990,6537
12834,6532,6533,6540
12835,6532,6540,6531
12836,5995,6541,6006
12837,6006,6542,6005
12838,6006,6541,6542
12839,6541,6543,6542
12840,6531,6540,6543
12841,6531,6543,6541
12842,6531,6541,6535
12843,6535,6541,5995
12844,5998,6011,6544
12845,6011,6545,6544
12846,6011,6010,6545
12847,6544,6545,6546
12848,6544,6546,6547
12849,6544,6547,6548
12850,5998,6544,6548
12851,5998,6548,6536
12852,6536,6548,6549
12853,6536,6549,6538
12854,6005,6551,6012
12855,6005,6550,6551
12856,6550,6552,6551
12857,6550,6553,6552
12858,6550,6554,6553
12859,6542,6543,6554
12860,6542,6554,6550
12861,6542,6550,6005
12862,6012,6555,6016
12863,6012,6551,6555
12864,6021,6556,6022
12865,6021,6020,6556
12866,6010,6023,6557
12867,6023,6022,6557
12868,6022,6558,6557
12869,6022,6556,6558
12870,6557,6558,6559
12871,6545,6557,6559
12872,6545,6559,6546
12873,6545,6010,6557
12874,6552,6553,6560
12875,6552,6560,6551
12876,6016,6562,6024
12877,6016,6561,6562
12878,6561,6563,6562
12879,6561,6564,6563
12880,6551,6560,6564
12881,6551,6564,6561
12882,6551,6561,6555
12883,6555,6561,6016
12884,6024,6565,6028
12885,6024,6562,6565
12886,6033,6566,6034
12887,6033,6032,6566
12888,6020,6035,6567
12889,6035,6034,6567
12890,6034,6568,6567
12891,6034,6566,6568
12892,6567,6568,6569
12893,6567,6569,6570
12894,6020,6567,6570
12895,6020,6570,6556
12896,6556,6570,6571
12897,6556,6571,6558
12898,6563,6564,6572
12899,6563,6572,6562
12900,6028,6574,6036
12901,6028,6573,6574
12902,6573,6575,6574
12903,6573,6576,6575
12904,6562,6572,6576
12905,6562,6576,6573
12906,6562,6573,6565
12907,6565,6573,6028
12908,6036,6577,6040
12909,6036,6574,6577
12910,6045,6578,6046
12911,6045,6044,6578
12912,6032,6047,6579
12913,6047,6046,6579
12914,6046,6580,6579
12915,6046,6578,6580
12916,6579,6580,6581
12917,6579,6581,6582
12918,6032,6579,6582
12919,6032,6582,6566
12920,6566,6582,6583
12921,6566,6583,6568
12922,6575,6576,6584
12923,6575,6584,6574
12924,6040,6586,6048
12925,6040,6585,6586
12926,6585,6587,6586
12927,6585,6588,6587
12928,6574,6584,6588
12929,6574,6588,6585
12930,6574,6585,6577
12931,6577,6585,6040
12932,6048,6589,6052
12933,6048,6586,6589
12934,6057,6590,6058
12935,6057,6056,6590
12936,6044,6059,6591
12937,6059,6058,6591
12938,6058,6592,6591
12939,6058,6590,6592
12940,6591,6592,6593
12941,6591,6593,6594
12942,6044,6591,6594
12943,6044,6594,6578
12944,6578,6594,6595
12945,6578,6595,6580
12946,6587,6588,6596
12947,6587,6596,6586
12948,6052,6597,6060
12949,6586,6596,6598
12950,6586,6598,6599
12951,6586,6599,6589
12952,6589,6599,6597
12953,6589,6597,6052
12954,6062,6600,6063
12955,6062,6060,6601
12956,6062,6601,6600
12957,6060,6597,6602
12958,6060,6602,6601
12959,6597,6599,6602
12960,6063,6603,6066
12961,6063,6600,6603
12962,6072,6604,6073
12963,6072,6071,6604
12964,6075,6605,6606
12965,6075,6606,6076
12966,6075,6073,6605
12967,6073,6607,6605
12968,6073,6604,6607
12969,6605,6607,6608
12970,6605,6608,6609
12971,6605,6609,6606
12972,6056,6077,6610
12973,6077,6076,6610
12974,6076,6606,6610
12975,6606,6611,6610
12976,6606,6609,6611
12977,6610,6611,6612
12978,6056,6610,6612
12979,6056,6612,6590
12980,6590,6612,6613
12981,6590,6613,6592
12982,6601,6602,6614
12983,6601,6614,6600
12984,6066,6615,6078
12985,6600,6614,6616
12986,6600,6616,6617
12987,6600,6617,6603
12988,6603,6617,6615
12989,6603,6615,6066
12990,6080,6618,6081
12991,6080,6078,6619
12992,6080,6619,6618
12993,6078,6615,6620
12994,6078,6620,6619
12995,6615,6617,6620
12996,6081,6621,6084
12997,6081,6618,6621
12998,6090,6622,6091
12999,6090,6089,6622
13000,6093,6623,6624
13001,6093,6624,6094
13002,6093,6091,6623
13003,6091,6625,6623
13004,6091,6622,6625
13005,6623,6625,6626
13006,6623,6626,6627
13007,6623,6627,6624
13008,6071,6095,6628
13009,6095,6094,6628
13010,6094,6624,6628
13011,6624,6629,6628
13012,6624,6627,6629
13013,6628,6629,6630
13014,6071,6628,6630
13015,6071,6630,6604
13016,6604,6630,6631
13017,6604,6631,6607
13018,6619,6620,6632
13019,6619,6632,6618
13020,6084,6633,6096
13021,6618,6632,6634
13022,6618,6634,6635
13023,6618,6635,6621
13024,6621,6635,6633
13025,6621,6633,6084
13026,6098,6636,6099
13027,6098,6096,6637
13028,6098,6637,6636
13029,6096,6633,6638
13030,6096,6638,6637
13031,6633,6635,6638
13032,6102,6639,6103
13033,6102,6099,6640
13034,6102,6640,6639
13035,6099,6636,6640
13036,6103,6641,6106
13037,6103,6639,6641
13038,6122,6642,6123
13039,6122,6121,6642
13040,6126,6643,6127
13041,6126,6123,6644
13042,6126,6644,6643
13043,6123,6642,6644
13044,6129,6645,6646
13045,6129,6646,6130
13046,6129,6127,6645
13047,6127,6647,6645
13048,6127,6643,6647
13049,6645,6647,6648
13050,6645,6648,6649
13051,6645,6649,6646
13052,6089,6131,6650
13053,6131,6130,6650
13054,6130,6646,6650
13055,6646,6651,6650
13056,6646,6649,6651
13057,6650,6651,6652
13058,6089,6650,6652
13059,6089,6652,6622
13060,6622,6652,6653
13061,6622,6653,6625
13062,6637,6638,6654
13063,6637,6654,6636
13064,6636,6654,6655
13065,6636,6655,6656
13066,6636,6656,6640
13067,6640,6656,6639
13068,6106,6657,6132
13069,6639,6656,6658
13070,6639,6658,6659
13071,6639,6659,6641
13072,6641,6659,6657
13073,6641,6657,6106
13074,6133,6660,6661
13075,6133,6661,6134
13076,6133,6132,6660
13077,6132,6657,6660
13078,6657,6662,6660
13079,6657,6659,6662
13080,6660,6662,6663
13081,6660,6663,6661
13082,6135,6664,6665
13083,6135,6665,6136
13084,6135,6134,6664
13085,6134,6661,6664
13086,6661,6666,6664
13087,6661,6663,6666
13088,6664,6666,6667
13089,6664,6667,6665
13090,6137,6668,6669
13091,6137,6669,6138
13092,6137,6136,6668
13093,6136,6665,6668
13094,6665,6670,6668
13095,6665,6667,6670
13096,6668,6670,6671
13097,6668,6671,6669
13098,6139,6672,6673
13099,6139,6673,6140
13100,6139,6138,6672
13101,6138,6669,6672
13102,6669,6674,6672
13103,6669,6671,6674
13104,6672,6674,6675
13105,6672,6675,6673
13106,6141,6676,6677
13107,6141,6677,6142
13108,6141,6140,6676
13109,6140,6673,6676
13110,6673,6678,6676
13111,6673,6675,6678
13112,6676,6678,6679
13113,6676,6679,6677
13114,6143,6680,6681
13115,6143,6681,6144
13116,6143,6142,6680
13117,6142,6677,6680
13118,6677,6682,6680
13119,6677,6679,6682
13120,6680,6682,6683
13121,6680,6683,6681
13122,6121,6145,6684
13123,6145,6144,6684
13124,6144,6681,6684
13125,6681,6685,6684
13126,6681,6683,6685
13127,6684,6685,6686
13128,6121,6684,6686
13129,6121,6686,6642
13130,6642,6686,6687
13131,6642,6687,6688
13132,6642,6688,6644
13133,6644,6688,6643
13134,6643,6688,6689
13135,6643,6689,6647
13136,6690,6692,6691
13137,6690,6693,6692
13138,6690,6694,6693
13139,6690,6695,6694
13140,6690,6696,6695
13141,6690,6691,6696
13142,6697,6699,6698
13143,6697,6700,6699
13144,6691,6692,6700
13145,6691,6700,6697
13146,6691,6701,6696
13147,6691,6697,6701
13148,6697,6702,6701
13149,6697,6698,6702
13150,6703,6705,6704
13151,6703,6706,6705
13152,6698,6699,6706
13153,6698,6706,6703
13154,6698,6707,6702
13155,6698,6703,6707
13156,6703,6708,6707
13157,6703,6704,6708
13158,6709,6711,6710
13159,6709,6712,6711
13160,6704,6705,6712
13161,6704,6712,6709
13162,6704,6713,6708
13163,6704,6709,6713
13164,6709,6714,6713
13165,6709,6710,6714
13166,6715,6717,6716
13167,6715,6718,6717
13168,6710,6711,6718
13169,6710,6718,6715
13170,6710,6719,6714
13171,6710,6715,6719
13172,6715,6720,6719
13173,6715,6716,6720
13174,6716,6717,6721
13175,6716,6721,6720
13176,6722,6724,6723
13177,6722,6725,6724
13178,6722,6726,6725
13179,6722,6727,6726
13180,6722,6728,6727
13181,6722,6723,6728
13182,6151,6152,6730
13183,6151,6730,6729
13184,6151,6731,6150
13185,6151,6729,6731
13186,6723,6724,6731
13187,6723,6731,6729
13188,6723,6732,6728
13189,6723,6729,6732
13190,6729,6733,6732
13191,6729,6730,6733
13192,6157,6158,6735
13193,6157,6735,6734
13194,6157,6734,6152
13195,6152,6734,6730
13196,6730,6736,6733
13197,6730,6734,6736
13198,6734,6737,6736
13199,6734,6735,6737
13200,6162,6163,6739
13201,6162,6739,6738
13202,6162,6738,6158
13203,6158,6738,6735
13204,6735,6740,6737
13205,6735,6738,6740
13206,6738,6741,6740
13207,6738,6739,6741
13208,6166,6167,6743
13209,6166,6743,6742
13210,6166,6742,6163
13211,6163,6742,6739
13212,6739,6744,6741
13213,6739,6742,6744
13214,6693,6694,6744
13215,6693,6744,6742
13216,6693,6743,6692
13217,6693,6742,6743
13218,6170,6171,6746
13219,6170,6746,6745
13220,6170,6745,6167
13221,6167,6745,6743
13222,6743,6745,6692
13223,6692,6745,6700
13224,6700,6746,6699
13225,6700,6745,6746
13226,6174,6175,6748
13227,6174,6748,6747
13228,6174,6747,6171
13229,6171,6747,6746
13230,6746,6747,6699
13231,6699,6747,6706
13232,6706,6748,6705
13233,6706,6747,6748
13234,6178,6179,6750
13235,6178,6750,6749
13236,6178,6749,6175
13237,6175,6749,6748
13238,6748,6749,6705
13239,6705,6749,6712
13240,6712,6750,6711
13241,6712,6749,6750
13242,6182,6183,6752
13243,6182,6752,6751
13244,6182,6751,6179
13245,6179,6751,6750
13246,6750,6751,6711
13247,6711,6751,6718
13248,6718,6752,6717
13249,6718,6751,6752
13250,6186,6187,6754
13251,6186,6754,6753
13252,6186,6753,6183
13253,6183,6753,6752
13254,6752,6753,6717
13255,6717,6755,6721
13256,6717,6753,6755
13257,6753,6754,6755
13258,6191,6192,6757
13259,6191,6757,6756
13260,6191,6756,6187
13261,6187,6756,6754
13262,6754,6758,6755
13263,6754,6756,6758
13264,6756,6759,6758
13265,6756,6757,6759
13266,6197,6198,6761
13267,6197,6761,6760
13268,6197,6760,6192
13269,6192,6760,6757
13270,6757,6762,6759
13271,6757,6760,6762
13272,6760,6763,6762
13273,6760,6761,6763
13274,6764,6766,6765
13275,6198,6199,6766
13276,6198,6766,6764
13277,6198,6764,6761
13278,6761,6767,6763
13279,6761,6764,6767
13280,6764,6768,6767
13281,6764,6765,6768
13282,6765,6766,6769
13283,6765,6769,6768
13284,6770,6772,6771
13285,6770,6773,6772
13286,6770,6774,6773
13287,6770,6775,6774
13288,6770,6776,6775
13289,6770,6771,6776
13290,6205,6206,6778
13291,6205,6778,6777
13292,6205,6779,6204
13293,6205,6777,6779
13294,6771,6772,6779
13295,6771,6779,6777
13296,6771,6780,6776
13297,6771,6777,6780
13298,6777,6781,6780
13299,6777,6778,6781
13300,6210,6211,6783
13301,6210,6783,6782
13302,6210,6782,6206
13303,6206,6782,6778
13304,6778,6784,6781
13305,6778,6782,6784
13306,6725,6726,6784
13307,6725,6784,6782
13308,6725,6783,6724
13309,6725,6782,6783
13310,6150,6785,6214
13311,6214,6785,6211
13312,6211,6785,6783
13313,6783,6785,6724
13314,6724,6785,6731
13315,6731,6785,6150
13316,6199,6223,6786
13317,6199,6786,6766
13318,6227,6228,6788
13319,6227,6788,6787
13320,6227,6787,6223
13321,6223,6787,6786
13322,6786,6787,6766
13323,6766,6789,6769
13324,6766,6787,6789
13325,6787,6788,6789
13326,6790,6792,6791
13327,6228,6229,6792
13328,6228,6792,6790
13329,6228,6790,6788
13330,6788,6793,6789
13331,6788,6790,6793
13332,6790,6794,6793
13333,6790,6791,6794
13334,6791,6792,6795
13335,6791,6795,6794
13336,6796,6798,6797
13337,6796,6799,6798
13338,6796,6800,6799
13339,6796,6801,6800
13340,6796,6802,6801
13341,6796,6797,6802
13342,6235,6236,6804
13343,6235,6804,6803
13344,6235,6805,6234
13345,6235,6803,6805
13346,6797,6798,6805
13347,6797,6805,6803
13348,6797,6806,6802
13349,6797,6803,6806
13350,6803,6807,6806
13351,6803,6804,6807
13352,6240,6241,6809
13353,6240,6809,6808
13354,6240,6808,6236
13355,6236,6808,6804
13356,6804,6810,6807
13357,6804,6808,6810
13358,6773,6774,6810
13359,6773,6810,6808
13360,6773,6809,6772
13361,6773,6808,6809
13362,6204,6811,6244
13363,6244,6811,6241
13364,6241,6811,6809
13365,6809,6811,6772
13366,6772,6811,6779
13367,6779,6811,6204
13368,6229,6249,6812
13369,6229,6812,6792
13370,6253,6254,6814
13371,6253,6814,6813
13372,6253,6813,6249
13373,6249,6813,6812
13374,6812,6813,6792
13375,6792,6815,6795
13376,6792,6813,6815
13377,6813,6814,6815
13378,6816,6818,6817
13379,6254,6255,6818
13380,6254,6818,6816
13381,6254,6816,6814
13382,6814,6819,6815
13383,6814,6816,6819
13384,6816,6820,6819
13385,6816,6817,6820
13386,6817,6818,6821
13387,6817,6821,6820
13388,6261,6262,6823
13389,6261,6823,6822
13390,6261,6824,6260
13391,6261,6822,6824
13392,6822,6825,6824
13393,6822,6826,6825
13394,6822,6827,6826
13395,6822,6823,6827
13396,6266,6267,6829
13397,6266,6829,6828
13398,6266,6828,6262
13399,6262,6828,6823
13400,6823,6830,6827
13401,6823,6828,6830
13402,6799,6800,6830
13403,6799,6830,6828
13404,6799,6829,6798
13405,6799,6828,6829
13406,6234,6831,6270
13407,6270,6831,6267
13408,6267,6831,6829
13409,6829,6831,6798
13410,6798,6831,6805
13411,6805,6831,6234
13412,6255,6275,6832
13413,6255,6832,6818
13414,6279,6280,6834
13415,6279,6834,6833
13416,6279,6833,6275
13417,6275,6833,6832
13418,6832,6833,6818
13419,6818,6835,6821
13420,6818,6833,6835
13421,6833,6834,6835
13422,6280,6281,6836
13423,6280,6836,6837
13424,6280,6837,6834
13425,6834,6837,6835
13426,6287,6288,6839
13427,6287,6839,6838
13428,6287,6840,6286
13429,6287,6838,6840
13430,6838,6841,6840
13431,6838,6842,6841
13432,6838,6843,6842
13433,6838,6839,6843
13434,6260,6844,6292
13435,6292,6844,6288
13436,6288,6844,6839
13437,6839,6845,6843
13438,6839,6844,6845
13439,6824,6825,6845
13440,6824,6845,6844
13441,6824,6844,6260
13442,6281,6298,6846
13443,6836,6847,6837
13444,6836,6281,6846
13445,6836,6846,6847
13446,6298,6299,6848
13447,6298,6848,6849
13448,6298,6849,6846
13449,6846,6849,6847
13450,6305,6306,6851
13451,6305,6851,6850
13452,6305,6852,6304
13453,6305,6850,6852
13454,6850,6853,6852
13455,6850,6854,6853
13456,6850,6855,6854
13457,6850,6851,6855
13458,6286,6856,6310
13459,6310,6856,6306
13460,6306,6856,6851
13461,6851,6857,6855
13462,6851,6856,6857
13463,6840,6841,6857
13464,6840,6857,6856
13465,6840,6856,6286
13466,6299,6316,6858
13467,6848,6859,6849
13468,6848,6299,6858
13469,6848,6858,6859
13470,6316,6317,6860
13471,6316,6860,6861
13472,6316,6861,6858
13473,6858,6861,6859
13474,6323,6324,6863
13475,6323,6863,6862
13476,6323,6864,6322
13477,6323,6862,6864
13478,6862,6865,6864
13479,6862,6866,6865
13480,6862,6867,6866
13481,6862,6863,6867
13482,6304,6868,6328
13483,6328,6868,6324
13484,6324,6868,6863
13485,6863,6869,6867
13486,6863,6868,6869
13487,6852,6853,6869
13488,6852,6869,6868
13489,6852,6868,6304
13490,6317,6334,6870
13491,6860,6871,6861
13492,6860,6317,6870
13493,6860,6870,6871
13494,6334,6335,6872
13495,6334,6872,6873
13496,6334,6873,6870
13497,6870,6873,6871
13498,6874,6876,6875
13499,6874,6877,6876
13500,6874,6878,6877
13501,6874,6879,6878
13502,6874,6880,6879
13503,6874,6875,6880
13504,6322,6881,6340
13505,6340,6882,6339
13506,6340,6881,6882
13507,6875,6876,6882
13508,6875,6882,6881
13509,6875,6883,6880
13510,6875,6881,6883
13511,6864,6865,6883
13512,6864,6883,6881
13513,6864,6881,6322
13514,6335,6345,6885
13515,6335,6885,6884
13516,6345,6344,6885
13517,6872,6886,6873
13518,6872,6335,6884
13519,6872,6884,6886
13520,6884,6885,6887
13521,6884,6887,6886
13522,6351,6352,6889
13523,6351,6889,6888
13524,6351,6890,6350
13525,6351,6888,6890
13526,6888,6891,6890
13527,6888,6892,6891
13528,6877,6878,6892
13529,6877,6892,6888
13530,6877,6889,6876
13531,6877,6888,6889
13532,6339,6893,6355
13533,6355,6893,6352
13534,6352,6893,6889
13535,6889,6893,6876
13536,6876,6893,6882
13537,6882,6893,6339
13538,6344,6358,6894
13539,6344,6894,6885
13540,6358,6359,6895
13541,6358,6895,6896
13542,6358,6896,6894
13543,6894,6896,6897
13544,6894,6897,6885
13545,6885,6897,6887
13546,6898,6900,6899
13547,6898,6901,6900
13548,6898,6902,6901
13549,6898,6903,6902
13550,6898,6904,6903
13551,6898,6899,6904
13552,6350,6905,6364
13553,6364,6906,6363
13554,6364,6905,6906
13555,6899,6900,6906
13556,6899,6906,6905
13557,6899,6907,6904
13558,6899,6905,6907
13559,6890,6891,6907
13560,6890,6907,6905
13561,6890,6905,6350
13562,6359,6369,6909
13563,6359,6909,6908
13564,6369,6368,6909
13565,6895,6910,6896
13566,6895,6359,6908
13567,6895,6908,6910
13568,6908,6909,6911
13569,6908,6911,6910
13570,6375,6376,6913
13571,6375,6913,6912
13572,6375,6914,6374
13573,6375,6912,6914
13574,6912,6915,6914
13575,6912,6916,6915
13576,6901,6902,6916
13577,6901,6916,6912
13578,6901,6913,6900
13579,6901,6912,6913
13580,6363,6917,6379
13581,6379,6917,6376
13582,6376,6917,6913
13583,6913,6917,6900
13584,6900,6917,6906
13585,6906,6917,6363
13586,6368,6382,6918
13587,6368,6918,6909
13588,6382,6383,6919
13589,6382,6919,6920
13590,6382,6920,6918
13591,6918,6920,6921
13592,6918,6921,6909
13593,6909,6921,6911
13594,6922,6924,6923
13595,6922,6925,6924
13596,6922,6926,6925
13597,6922,6927,6926
13598,6922,6928,6927
13599,6922,6923,6928
13600,6374,6929,6388
13601,6388,6930,6387
13602,6388,6929,6930
13603,6923,6924,6930
13604,6923,6930,6929
13605,6923,6931,6928
13606,6923,6929,6931
13607,6914,6915,6931
13608,6914,6931,6929
13609,6914,6929,6374
13610,6383,6393,6933
13611,6383,6933,6932
13612,6393,6392,6933
13613,6919,6934,6920
13614,6919,6383,6932
13615,6919,6932,6934
13616,6932,6933,6935
13617,6932,6935,6934
13618,6399,6400,6937
13619,6399,6937,6936
13620,6399,6938,6398
13621,6399,6936,6938
13622,6936,6939,6938
13623,6936,6940,6939
13624,6925,6926,6940
13625,6925,6940,6936
13626,6925,6937,6924
13627,6925,6936,6937
13628,6387,6941,6403
13629,6403,6941,6400
13630,6400,6941,6937
13631,6937,6941,6924
13632,6924,6941,6930
13633,6930,6941,6387
13634,6392,6406,6942
13635,6392,6942,6933
13636,6406,6407,6943
13637,6406,6943,6944
13638,6406,6944,6942
13639,6942,6944,6945
13640,6942,6945,6933
13641,6933,6945,6935
13642,6398,6946,6413
13643,6413,6947,6412
13644,6413,6946,6947
13645,6946,6948,6947
13646,6946,6949,6948
13647,6938,6939,6949
13648,6938,6949,6946
13649,6938,6946,6398
13650,6407,6419,6950
13651,6419,6951,6950
13652,6419,6418,6951
13653,6950,6951,6952
13654,6950,6952,6953
13655,6943,6950,6953
13656,6943,6953,6944
13657,6943,6407,6950
13658,6412,6954,6424
13659,6424,6955,6423
13660,6424,6954,6955
13661,6954,6956,6955
13662,6954,6957,6956
13663,6947,6948,6957
13664,6947,6957,6954
13665,6947,6954,6412
13666,6418,6429,6958
13667,6429,6959,6958
13668,6429,6428,6959
13669,6958,6959,6960
13670,6958,6960,6961
13671,6951,6958,6961
13672,6951,6961,6952
13673,6951,6418,6958
13674,6962,6964,6963
13675,6962,6965,6964
13676,6962,6966,6965
13677,6962,6967,6966
13678,6962,6968,6967
13679,6962,6963,6968
13680,6423,6969,6433
13681,6433,6970,6432
13682,6433,6969,6970
13683,6963,6964,6970
13684,6963,6970,6969
13685,6963,6971,6968
13686,6963,6969,6971
13687,6955,6956,6971
13688,6955,6971,6969
13689,6955,6969,6423
13690,6428,6437,6973
13691,6428,6973,6972
13692,6437,6436,6973
13693,6959,6974,6960
13694,6959,6428,6972
13695,6959,6972,6974
13696,6972,6973,6975
13697,6972,6975,6974
13698,6976,6978,6977
13699,6976,6979,6978
13700,6976,6980,6979
13701,6976,6981,6980
13702,6965,6966,6981
13703,6965,6981,6976
13704,6965,6977,6964
13705,6965,6976,6977
13706,6432,6982,6441
13707,6441,6983,6440
13708,6441,6982,6983
13709,6977,6978,6983
13710,6977,6983,6982
13711,6977,6982,6964
13712,6964,6982,6970
13713,6970,6982,6432
13714,6436,6445,6985
13715,6436,6985,6984
13716,6445,6444,6985
13717,6436,6984,6973
13718,6984,6985,6986
13719,6984,6986,6987
13720,6984,6987,6973
13721,6973,6987,6975
13722,6988,6990,6989
13723,6988,6991,6990
13724,6988,6992,6991
13725,6988,6993,6992
13726,6979,6980,6993
13727,6979,6993,6988
13728,6979,6989,6978
13729,6979,6988,6989
13730,6440,6994,6449
13731,6449,6995,6448
13732,6449,6994,6995
13733,6989,6990,6995
13734,6989,6995,6994
13735,6989,6994,6978
13736,6978,6994,6983
13737,6983,6994,6440
13738,6444,6453,6997
13739,6444,6997,6996
13740,6453,6452,6997
13741,6444,6996,6985
13742,6996,6997,6998
13743,6996,6998,6999
13744,6996,6999,6985
13745,6985,6999,6986
13746,7000,7002,7001
13747,7000,7003,7002
13748,7000,7004,7003
13749,7000,7005,7004
13750,6991,6992,7005
13751,6991,7005,7000
13752,6991,7001,6990
13753,6991,7000,7001
13754,6448,7006,6457
13755,6457,7007,6456
13756,6457,7006,7007
13757,7001,7002,7007
13758,7001,7007,7006
13759,7001,7006,6990
13760,6990,7006,6995
13761,6995,7006,6448
13762,6452,6461,7009
13763,6452,7009,7008
13764,6461,6460,7009
13765,6452,7008,6997
13766,7008,7009,7010
13767,7008,7010,7011
13768,7008,7011,6997
13769,6997,7011,6998
13770,7012,7014,7013
13771,7012,7015,7014
13772,7012,7016,7015
13773,7012,7017,7016
13774,7003,7004,7017
13775,7003,7017,7012
13776,7003,7013,7002
13777,7003,7012,7013
13778,6456,7018,6465
13779,6465,7019,6464
13780,6465,7018,7019
13781,7013,7014,7019
13782,7013,7019,7018
13783,7013,7018,7002
13784,7002,7018,7007
13785,7007,7018,6456
13786,6460,6469,7021
13787,6460,7021,7020
13788,6469,6468,7021
13789,6460,7020,7009
13790,7020,7021,7022
13791,7020,7022,7023
13792,7020,7023,7009
13793,7009,7023,7010
13794,7015,7016,7024
13795,7015,7024,7014
13796,6464,7025,6473
13797,6473,7026,6472
13798,6473,7025,7026
13799,7025,7027,7026
13800,7014,7024,7027
13801,7014,7027,7025
13802,7014,7025,7019
13803,7019,7025,6464
13804,6468,6477,7028
13805,6477,7029,7028
13806,6477,6476,7029
13807,7028,7029,7030
13808,7028,7030,7031
13809,7028,7031,7032
13810,6468,7028,7032
13811,6468,7032,7021
13812,7021,7032,7033
13813,7021,7033,7022
13814,6472,7034,6482
13815,6482,7035,6481
13816,6482,7034,7035
13817,7034,7036,7035
13818,7034,7037,7036
13819,7026,7027,7037
13820,7026,7037,7034
13821,7026,7034,6472
13822,6476,6487,7038
13823,6487,7039,7038
13824,6487,6486,7039
13825,7038,7039,7040
13826,7038,7040,7041
13827,7029,7038,7041
13828,7029,7041,7030
13829,7029,6476,7038
13830,6481,7042,6493
13831,6493,7043,6492
13832,6493,7042,7043
13833,7042,7044,7043
13834,7042,7045,7044
13835,7035,7036,7045
13836,7035,7045,7042
13837,7035,7042,6481
13838,6486,6499,7046
13839,6499,7047,7046
13840,6499,6498,7047
13841,7046,7047,7048
13842,7046,7048,7049
13843,7039,7046,7049
13844,7039,7049,7040
13845,7039,6486,7046
13846,6492,7051,6500
13847,6492,7050,7051
13848,7050,7052,7051
13849,7050,7053,7052
13850,7050,7054,7053
13851,7043,7044,7054
13852,7043,7054,7050
13853,7043,7050,6492
13854,6500,7055,6503
13855,6500,7051,7055
13856,6507,7056,6508
13857,6507,6506,7056
13858,6498,6509,7057
13859,6509,6508,7057
13860,6508,7058,7057
13861,6508,7056,7058
13862,7057,7058,7059
13863,7047,7057,7059
13864,7047,7059,7048
13865,7047,6498,7057
13866,7052,7053,7060
13867,7052,7060,7051
13868,6503,7061,6514
13869,6514,7062,6513
13870,6514,7061,7062
13871,7061,7063,7062
13872,7051,7060,7063
13873,7051,7063,7061
13874,7051,7061,7055
13875,7055,7061,6503
13876,6506,6519,7064
13877,6519,7065,7064
13878,6519,6518,7065
13879,7064,7065,7066
13880,7064,7066,7067
13881,7064,7067,7068
13882,6506,7064,7068
13883,6506,7068,7056
13884,7056,7068,7069
13885,7056,7069,7058
13886,6513,7071,6520
13887,6513,7070,7071
13888,7070,7072,7071
13889,7070,7073,7072
13890,7070,7074,7073
13891,7062,7063,7074
13892,7062,7074,7070
13893,7062,7070,6513
13894,6520,7075,6523
13895,6520,7071,7075
13896,6527,7076,6528
13897,6527,6526,7076
13898,6518,6529,7077
13899,6529,6528,7077
13900,6528,7078,7077
13901,6528,7076,7078
13902,7077,7078,7079
13903,7065,7077,7079
13904,7065,7079,7066
13905,7065,6518,7077
13906,7072,7073,7080
13907,7072,7080,7071
13908,6523,7081,6534
13909,6534,7082,6533
13910,6534,7081,7082
13911,7081,7083,7082
13912,7071,7080,7083
13913,7071,7083,7081
13914,7071,7081,7075
13915,7075,7081,6523
13916,6526,6539,7084
13917,6539,7085,7084
13918,6539,6538,7085
13919,7084,7085,7086
13920,7084,7086,7087
13921,7084,7087,7088
13922,6526,7084,7088
13923,6526,7088,7076
13924,7076,7088,7089
13925,7076,7089,7078
13926,6533,7091,6540
13927,6533,7090,7091
13928,7090,7092,7091
13929,7090,7093,7092
13930,7090,7094,7093
13931,7082,7083,7094
13932,7082,7094,7090
13933,7082,7090,6533
13934,6540,7095,6543
13935,6540,7091,7095
13936,6547,7096,6548
13937,6547,6546,7096
13938,6538,6549,7097
13939,6549,6548,7097
13940,6548,7098,7097
13941,6548,7096,7098
13942,7097,7098,7099
13943,7085,7097,7099
13944,7085,7099,7086
13945,7085,6538,7097
13946,7092,7093,7100
13947,7092,7100,7091
13948,6543,7101,6554
13949,6554,7102,6553
13950,6554,7101,7102
13951,7101,7103,7102
13952,7091,7100,7103
13953,7091,7103,7101
13954,7091,7101,7095
13955,7095,7101,6543
13956,6546,6559,7104
13957,6559,7105,7104
13958,6559,6558,7105
13959,7104,7105,7106
13960,7104,7106,7107
13961,7104,7107,7108
13962,6546,7104,7108
13963,6546,7108,7096
13964,7096,7108,7109
13965,7096,7109,7098
13966,6553,7110,6560
13967,7102,7103,7111
13968,7102,7111,7110
13969,7102,7110,6553
13970,6560,7112,6564
13971,6560,7110,7113
13972,6560,7113,7112
13973,7110,7111,7113
13974,6569,7114,7115
13975,6569,7115,6570
13976,6569,7116,7114
13977,6569,6568,7116
13978,7114,7116,7117
13979,7114,7117,7118
13980,7114,7118,7119
13981,7114,7119,7115
13982,6558,6571,7120
13983,6571,6570,7120
13984,6570,7115,7120
13985,7115,7121,7120
13986,7115,7119,7121
13987,7105,7120,7121
13988,7105,7121,7106
13989,7105,6558,7120
13990,6564,7122,6572
13991,7112,7113,7123
13992,7112,7123,7122
13993,7112,7122,6564
13994,6572,7124,6576
13995,6572,7122,7125
13996,6572,7125,7124
13997,7122,7123,7125
13998,6581,7126,7127
13999,6581,7127,6582
14000,6581,7128,7126
14001,6581,6580,7128
14002,7126,7128,7129
14003,7126,7129,7130
14004,7126,7130,7131
14005,7126,7131,7127
14006,6568,6583,7132
14007,6583,6582,7132
14008,6582,7127,7132
14009,7127,7133,7132
14010,7127,7131,7133
14011,7116,7132,7133
14012,7116,7133,7117
14013,7116,6568,7132
14014,6576,7134,6584
14015,7124,7125,7135
14016,7124,7135,7134
14017,7124,7134,6576
14018,6584,7136,6588
14019,6584,7134,7137
14020,6584,7137,7136
14021,7134,7135,7137
14022,6593,7138,7139
14023,6593,7139,6594
14024,6593,7140,7138
14025,6593,6592,7140
14026,7138,7140,7141
14027,7138,7141,7142
14028,7138,7142,7143
14029,7138,7143,7139
14030,6580,6595,7144
14031,6595,6594,7144
14032,6594,7139,7144
14033,7139,7145,7144
14034,7139,7143,7145
14035,7128,7144,7145
14036,7128,7145,7129
14037,7128,6580,7144
14038,6588,7146,6596
14039,7136,7137,7147
14040,7136,7147,7146
14041,7136,7146,6588
14042,6598,7148,6599
14043,6598,6596,7149
14044,6598,7149,7148
14045,6596,7146,7150
14046,6596,7150,7149
14047,7146,7147,7150
14048,6599,7151,6602
14049,6599,7148,7151
14050,6608,7152,6609
14051,6608,6607,7152
14052,6611,7153,7154
14053,6611,7154,6612
14054,6611,6609,7153
14055,6609,7155,7153
14056,6609,7152,7155
14057,7153,7155,7156
14058,7153,7156,7157
14059,7153,7157,7154
14060,6592,6613,7158
14061,6613,6612,7158
14062,6612,7154,7158
14063,7154,7159,7158
14064,7154,7157,7159
14065,7140,7158,7159
14066,7140,7159,7141
14067,7140,6592,7158
14068,7149,7150,7160
14069,7149,7160,7148
14070,6602,7161,6614
14071,7148,7160,7162
14072,7148,7162,7163
14073,7148,7163,7151
14074,7151,7163,7161
14075,7151,7161,6602
14076,6616,7164,6617
14077,6616,6614,7165
14078,6616,7165,7164
14079,6614,7161,7166
14080,6614,7166,7165
14081,7161,7163,7166
14082,6617,7167,6620
14083,6617,7164,7167
14084,6626,7168,6627
14085,6626,6625,7168
14086,6629,7169,7170
14087,6629,7170,6630
14088,6629,6627,7169
14089,6627,7171,7169
14090,6627,7168,7171
14091,7169,7171,7172
14092,7169,7172,7173
14093,7169,7173,7170
14094,6607,6631,7174
14095,6631,6630,7174
14096,6630,7170,7174
14097,7170,7175,7174
14098,7170,7173,7175
14099,7174,7175,7176
14100,6607,7174,7176
14101,6607,7176,7152
14102,7152,7176,7177
14103,7152,7177,7155
14104,7165,7166,7178
14105,7165,7178,7164
14106,6620,7179,6632
14107,7164,7178,7180
14108,7164,7180,7181
14109,7164,7181,7167
14110,7167,7181,7179
14111,7167,7179,6620
14112,6634,7182,6635
14113,6634,6632,7183
14114,6634,7183,7182
14115,6632,7179,7184
14116,6632,7184,7183
14117,7179,7181,7184
14118,6635,7185,6638
14119,6635,7182,7185
14120,6648,7186,6649
14121,6648,6647,7186
14122,6651,7187,7188
14123,6651,7188,6652
14124,6651,6649,7187
14125,6649,7189,7187
14126,6649,7186,7189
14127,7187,7189,7190
14128,7187,7190,7191
14129,7187,7191,7188
14130,6625,6653,7192
14131,6653,6652,7192
14132,6652,7188,7192
14133,7188,7193,7192
14134,7188,7191,7193
14135,7192,7193,7194
14136,6625,7192,7194
14137,6625,7194,7168
14138,7168,7194,7195
14139,7168,7195,7171
14140,7183,7184,7196
14141,7183,7196,7182
14142,6638,7197,6654
14143,7182,7196,7198
14144,7182,7198,7199
14145,7182,7199,7185
14146,7185,7199,7197
14147,7185,7197,6638
14148,6655,7200,7201
14149,6655,7201,6656
14150,6655,6654,7200
14151,6654,7197,7200
14152,7197,7202,7200
14153,7197,7199,7202
14154,7200,7202,7203
14155,7200,7203,7201
14156,6658,7204,7205
14157,6658,7205,6659
14158,6658,6656,7204
14159,6656,7201,7204
14160,7201,7206,7204
14161,7201,7203,7206
14162,7204,7206,7207
14163,7204,7207,7205
14164,6662,7208,6663
14165,6662,6659,7209
14166,6662,7209,7208
14167,6659,7205,7210
14168,6659,7210,7209
14169,7205,7207,7210
14170,6666,7211,6667
14171,6666,6663,7212
14172,6666,7212,7211
14173,6663,7208,7212
14174,6670,7213,6671
14175,6670,6667,7214
14176,6670,7214,7213
14177,6667,7211,7214
14178,6674,7215,6675
14179,6674,6671,7216
14180,6674,7216,7215
14181,6671,7213,7216
14182,6678,7217,6679
14183,6678,6675,7218
14184,6678,7218,7217
14185,6675,7215,7218
14186,6682,7219,7220
14187,6682,7220,6683
14188,6682,6679,7219
14189,6679,7221,7219
14190,6679,7217,7221
14191,7219,7221,7222
14192,7219,7222,7223
14193,7219,7223,7220
14194,6685,7224,7225
14195,6685,7225,6686
14196,6685,6683,7224
14197,6683,7220,7224
14198,7220,7226,7224
14199,7220,7223,7226
14200,7224,7226,7227
14201,7224,7227,7225
14202,6687,7228,7229
14203,6687,7229,6688
14204,6687,6686,7228
14205,6686,7225,7228
14206,7225,7230,7228
14207,7225,7227,7230
14208,7228,7230,7231
14209,7228,7231,7229
14210,6647,6689,7232
14211,6689,6688,7232
14212,6688,7229,7232
14213,7229,7233,7232
14214,7229,7231,7233
14215,7232,7233,7234
14216,6647,7232,7234
14217,6647,7234,7186
14218,7186,7234,7235
14219,7186,7235,7189
14220,7209,7210,7236
14221,7209,7236,7208
14222,7208,7236,7237
14223,7208,7237,7238
14224,7208,7238,7212
14225,7212,7238,7211
14226,7211,7238,7239
14227,7211,7239,7240
14228,7211,7240,7214
14229,7214,7240,7213
14230,7213,7240,7241
14231,7213,7241,7242
14232,7213,7242,7216
14233,7216,7242,7215
14234,7215,7242,7243
14235,7215,7243,7244
14236,7215,7244,7218
14237,7218,7244,7217
14238,7217,7244,7245
14239,7217,7245,7221
14240,7246,7248,7247
14241,7246,7249,7248
14242,7246,7250,7249
14243,7246,7251,7250
14244,7246,7252,7251
14245,7246,7247,7252
14246,7253,7255,7254
14247,7253,7256,7255
14248,7247,7248,7256
14249,7247,7256,7253
14250,7247,7257,7252
14251,7247,7253,7257
14252,7253,7258,7257
14253,7253,7254,7258
14254,6695,6696,7260
14255,6695,7260,7259
14256,6695,7261,6694
14257,6695,7259,7261
14258,7254,7255,7261
14259,7254,7261,7259
14260,7254,7262,7258
14261,7254,7259,7262
14262,7259,7263,7262
14263,7259,7260,7263
14264,6701,6702,7265
14265,6701,7265,7264
14266,6701,7264,6696
14267,6696,7264,7260
14268,7260,7266,7263
14269,7260,7264,7266
14270,7264,7267,7266
14271,7264,7265,7267
14272,6707,6708,7269
14273,6707,7269,7268
14274,6707,7268,6702
14275,6702,7268,7265
14276,7265,7270,7267
14277,7265,7268,7270
14278,7268,7271,7270
14279,7268,7269,7271
14280,6713,6714,7273
14281,6713,7273,7272
14282,6713,7272,6708
14283,6708,7272,7269
14284,7269,7274,7271
14285,7269,7272,7274
14286,7272,7275,7274
14287,7272,7273,7275
14288,6719,6720,7277
14289,6719,7277,7276
14290,6719,7276,6714
14291,6714,7276,7273
14292,7273,7278,7275
14293,7273,7276,7278
14294,7276,7279,7278
14295,7276,7277,7279
14296,7280,7282,7281
14297,6720,6721,7282
14298,6720,7282,7280
14299,6720,7280,7277
14300,7277,7283,7279
14301,7277,7280,7283
14302,7280,7284,7283
14303,7280,7281,7284
14304,7285,7287,7286
14305,7285,7288,7287
14306,7281,7282,7288
14307,7281,7288,7285
14308,7281,7289,7284
14309,7281,7285,7289
14310,7285,7290,7289
14311,7285,7286,7290
14312,7286,7287,7291
14313,7286,7291,7290
14314,7292,7294,7293
14315,7292,7295,7294
14316,7292,7296,7295
14317,7292,7297,7296
14318,7292,7298,7297
14319,7292,7293,7298
14320,6727,6728,7300
14321,6727,7300,7299
14322,6727,7301,6726
14323,6727,7299,7301
14324,7293,7294,7301
14325,7293,7301,7299
14326,7293,7302,7298
14327,7293,7299,7302
14328,7299,7303,7302
14329,7299,7300,7303
14330,6732,6733,7305
14331,6732,7305,7304
14332,6732,7304,6728
14333,6728,7304,7300
14334,7300,7306,7303
14335,7300,7304,7306
14336,7304,7307,7306
14337,7304,7305,7307
14338,6736,6737,7309
14339,6736,7309,7308
14340,6736,7308,6733
14341,6733,7308,7305
14342,7305,7310,7307
14343,7305,7308,7310
14344,7249,7250,7310
14345,7249,7310,7308
14346,7249,7309,7248
14347,7249,7308,7309
14348,6740,6741,7312
14349,6740,7312,7311
14350,6740,7311,6737
14351,6737,7311,7309
14352,7309,7311,7248
14353,7248,7311,7256
14354,7256,7312,7255
14355,7256,7311,7312
14356,6694,7313,6744
14357,6744,7313,6741
14358,6741,7313,7312
14359,7312,7313,7255
14360,7255,7313,7261
14361,7261,7313,6694
14362,6721,6755,7314
14363,6721,7314,7282
14364,6758,6759,7316
14365,6758,7316,7315
14366,6758,7315,6755
14367,6755,7315,7314
14368,7314,7315,7282
14369,7282,7315,7288
14370,7288,7316,7287
14371,7288,7315,7316
14372,6762,6763,7318
14373,6762,7318,7317
14374,6762,7317,6759
14375,6759,7317,7316
14376,7316,7317,7287
14377,7287,7319,7291
14378,7287,7317,7319
14379,7317,7318,7319
14380,6767,6768,7321
14381,6767,7321,7320
14382,6767,7320,6763
14383,6763,7320,7318
14384,7318,7322,7319
14385,7318,7320,7322
14386,7320,7323,7322
14387,7320,7321,7323
14388,7324,7326,7325
14389,6768,6769,7326
14390,6768,7326,7324
14391,6768,7324,7321
14392,7321,7327,7323
14393,7321,7324,7327
14394,7324,7328,7327
14395,7324,7325,7328
14396,7325,7326,7329
14397,7325,7329,7328
14398,7330,7332,7331
14399,7330,7333,7332
14400,7330,7334,7333
14401,7330,7335,7334
14402,7330,7336,7335
14403,7330,7331,7336
14404,6775,6776,7338
14405,6775,7338,7337
14406,6775,7339,6774
14407,6775,7337,7339
14408,7331,7332,7339
14409,7331,7339,7337
14410,7331,7340,7336
14411,7331,7337,7340
14412,7337,7341,7340
14413,7337,7338,7341
14414,6780,6781,7343
14415,6780,7343,7342
14416,6780,7342,6776
14417,6776,7342,7338
14418,7338,7344,7341
14419,7338,7342,7344
14420,7295,7296,7344
14421,7295,7344,7342
14422,7295,7343,7294
14423,7295,7342,7343
14424,6726,7345,6784
14425,6784,7345,6781
14426,6781,7345,7343
14427,7343,7345,7294
14428,7294,7345,7301
14429,7301,7345,6726
14430,6769,6789,7346
14431,6769,7346,7326
14432,6793,6794,7348
14433,6793,7348,7347
14434,6793,7347,6789
14435,6789,7347,7346
14436,7346,7347,7326
14437,7326,7349,7329
14438,7326,7347,7349
14439,7347,7348,7349
14440,7350,7352,7351
14441,6794,6795,7352
14442,6794,7352,7350
14443,6794,7350,7348
14444,7348,7353,7349
14445,7348,7350,7353
14446,7350,7354,7353
14447,7350,7351,7354
14448,7351,7352,7355
14449,7351,7355,7354
14450,6801,6802,7357
14451,6801,7357,7356
14452,6801,7358,6800
14453,6801,7356,7358
14454,7356,7359,7358
14455,7356,7360,7359
14456,7356,7361,7360
14457,7356,7357,7361
14458,6806,6807,7363
14459,6806,7363,7362
14460,6806,7362,6802
14461,6802,7362,7357
14462,7357,7364,7361
14463,7357,7362,7364
14464,7333,7334,7364
14465,7333,7364,7362
14466,7333,7363,7332
14467,7333,7362,7363
14468,6774,7365,6810
14469,6810,7365,6807
14470,6807,7365,7363
14471,7363,7365,7332
14472,7332,7365,7339
14473,7339,7365,6774
14474,6795,6815,7366
14475,6795,7366,7352
14476,6819,6820,7368
14477,6819,7368,7367
14478,6819,7367,6815
14479,6815,7367,7366
14480,7366,7367,7352
14481,7352,7369,7355
14482,7352,7367,7369
14483,7367,7368,7369
14484,6820,6821,7370
14485,6820,7370,7371
14486,6820,7371,7368
14487,7368,7371,7369
14488,7372,7374,7373
14489,7372,7375,7374
14490,7372,7376,7375
14491,7372,7377,7376
14492,7372,7378,7377
14493,7372,7373,7378
14494,6826,6827,7380
14495,6826,7380,7379
14496,6826,7381,6825
14497,6826,7379,7381
14498,7373,7374,7381
14499,7373,7381,7379
14500,7373,7382,7378
14501,7373,7379,7382
14502,7379,7383,7382
14503,7379,7380,7383
14504,6800,7384,6830
14505,6830,7384,6827
14506,6827,7384,7380
14507,7380,7385,7383
14508,7380,7384,7385
14509,7358,7359,7385
14510,7358,7385,7384
14511,7358,7384,6800
14512,6821,6835,7386
14513,7370,7387,7371
14514,7370,6821,7386
14515,7370,7386,7387
14516,7388,7390,7389
14517,6835,6837,7390
14518,6835,7390,7388
14519,6835,7388,7386
14520,7386,7391,7387
14521,7386,7388,7391
14522,7388,7392,7391
14523,7388,7389,7392
14524,7389,7390,7393
14525,7389,7393,7392
14526,7394,7396,7395
14527,7394,7397,7396
14528,7394,7398,7397
14529,7394,7399,7398
14530,7394,7400,7399
14531,7394,7395,7400
14532,6842,6843,7402
14533,6842,7402,7401
14534,6842,7403,6841
14535,6842,7401,7403
14536,7395,7396,7403
14537,7395,7403,7401
14538,7395,7404,7400
14539,7395,7401,7404
14540,7375,7376,7404
14541,7375,7404,7401
14542,7375,7402,7374
14543,7375,7401,7402
14544,6825,7405,6845
14545,6845,7405,6843
14546,6843,7405,7402
14547,7402,7405,7374
14548,7374,7405,7381
14549,7381,7405,6825
14550,6837,6847,7406
14551,6837,7406,7390
14552,7407,7409,7408
14553,6847,6849,7409
14554,6847,7409,7407
14555,6847,7407,7406
14556,7406,7407,7390
14557,7390,7410,7393
14558,7390,7407,7410
14559,7407,7408,7410
14560,7408,7409,7411
14561,7408,7411,7410
14562,7412,7414,7413
14563,7412,7415,7414
14564,7412,7416,7415
14565,7412,7417,7416
14566,7412,7418,7417
14567,7412,7413,7418
14568,6854,6855,7420
14569,6854,7420,7419
14570,6854,7421,6853
14571,6854,7419,7421
14572,7413,7414,7421
14573,7413,7421,7419
14574,7413,7422,7418
14575,7413,7419,7422
14576,7397,7398,7422
14577,7397,7422,7419
14578,7397,7420,7396
14579,7397,7419,7420
14580,6841,7423,6857
14581,6857,7423,6855
14582,6855,7423,7420
14583,7420,7423,7396
14584,7396,7423,7403
14585,7403,7423,6841
14586,6849,6859,7424
14587,6849,7424,7409
14588,7425,7427,7426
14589,6859,6861,7427
14590,6859,7427,7425
14591,6859,7425,7424
14592,7424,7425,7409
14593,7409,7428,7411
14594,7409,7425,7428
14595,7425,7426,7428
14596,7426,7427,7429
14597,7426,7429,7428
14598,6866,6867,7431
14599,6866,7431,7430
14600,6866,7432,6865
14601,6866,7430,7432
14602,7430,7433,7432
14603,7430,7434,7433
14604,7415,7416,7434
14605,7415,7434,7430
14606,7415,7431,7414
14607,7415,7430,7431
14608,6853,7435,6869
14609,6869,7435,6867
14610,6867,7435,7431
14611,7431,7435,7414
14612,7414,7435,7421
14613,7421,7435,6853
14614,6861,6871,7436
14615,6861,7436,7427
14616,6871,6873,7437
14617,6871,7437,7438
14618,6871,7438,7436
14619,7436,7438,7439
14620,7436,7439,7427
14621,7427,7439,7429
14622,6879,6880,7441
14623,6879,7441,7440
14624,6879,7442,6878
14625,6879,7440,7442
14626,7440,7443,7442
14627,7440,7444,7443
14628,7440,7445,7444
14629,7440,7441,7445
14630,6865,7446,6883
14631,6883,7446,6880
14632,6880,7446,7441
14633,7441,7447,7445
14634,7441,7446,7447
14635,7432,7433,7447
14636,7432,7447,7446
14637,7432,7446,6865
14638,6873,6886,7448
14639,7437,7449,7438
14640,7437,6873,7448
14641,7437,7448,7449
14642,6886,6887,7450
14643,6886,7450,7451
14644,6886,7451,7448
14645,7448,7451,7449
14646,7452,7454,7453
14647,7452,7455,7454
14648,7452,7456,7455
14649,7452,7457,7456
14650,7452,7458,7457
14651,7452,7453,7458
14652,6878,7459,6892
14653,6892,7460,6891
14654,6892,7459,7460
14655,7453,7454,7460
14656,7453,7460,7459
14657,7453,7461,7458
14658,7453,7459,7461
14659,7442,7443,7461
14660,7442,7461,7459
14661,7442,7459,6878
14662,6887,6897,7463
14663,6887,7463,7462
14664,6897,6896,7463
14665,7450,7464,7451
14666,7450,6887,7462
14667,7450,7462,7464
14668,7462,7463,7465
14669,7462,7465,7464
14670,6903,6904,7467
14671,6903,7467,7466
14672,6903,7468,6902
14673,6903,7466,7468
14674,7466,7469,7468
14675,7466,7470,7469
14676,7455,7456,7470
14677,7455,7470,7466
14678,7455,7467,7454
14679,7455,7466,7467
14680,6891,7471,6907
14681,6907,7471,6904
14682,6904,7471,7467
14683,7467,7471,7454
14684,7454,7471,7460
14685,7460,7471,6891
14686,6896,6910,7472
14687,6896,7472,7463
14688,6910,6911,7473
14689,6910,7473,7474
14690,6910,7474,7472
14691,7472,7474,7475
14692,7472,7475,7463
14693,7463,7475,7465
14694,7476,7478,7477
14695,7476,7479,7478
14696,7476,7480,7479
14697,7476,7481,7480
14698,7476,7482,7481
14699,7476,7477,7482
14700,6902,7483,6916
14701,6916,7484,6915
14702,6916,7483,7484
14703,7477,7478,7484
14704,7477,7484,7483
14705,7477,7485,7482
14706,7477,7483,7485
14707,7468,7469,7485
14708,7468,7485,7483
14709,7468,7483,6902
14710,6911,6921,7487
14711,6911,7487,7486
14712,6921,6920,7487
14713,7473,7488,7474
14714,7473,6911,7486
14715,7473,7486,7488
14716,7486,7487,7489
14717,7486,7489,7488
14718,6927,6928,7491
14719,6927,7491,7490
14720,6927,7492,6926
14721,6927,7490,7492
14722,7490,7493,7492
14723,7490,7494,7493
14724,7479,7480,7494
14725,7479,7494,7490
14726,7479,7491,7478
14727,7479,7490,7491
14728,6915,7495,6931
14729,6931,7495,6928
14730,6928,7495,7491
14731,7491,7495,7478
14732,7478,7495,7484
14733,7484,7495,6915
14734,6920,6934,7496
14735,6920,7496,7487
14736,6934,6935,7497
14737,6934,7497,7498
14738,6934,7498,7496
14739,7496,7498,7499
14740,7496,7499,7487
14741,7487,7499,7489
14742,6926,7500,6940
14743,6940,7501,6939
14744,6940,7500,7501
14745,7500,7502,7501
14746,7500,7503,7502
14747,7492,7493,7503
14748,7492,7503,7500
14749,7492,7500,6926
14750,6935,6945,7504
14751,6945,7505,7504
14752,6945,6944,7505
14753,7504,7505,7506
14754,7504,7506,7507
14755,7497,7504,7507
14756,7497,7507,7498
14757,7497,6935,7504
14758,7508,7510,7509
14759,7508,7511,7510
14760,7508,7512,7511
14761,7508,7513,7512
14762,7508,7514,7513
14763,7508,7509,7514
14764,6939,7515,6949
14765,6949,7516,6948
14766,6949,7515,7516
14767,7509,7510,7516
14768,7509,7516,7515
14769,7509,7517,7514
14770,7509,7515,7517
14771,7501,7502,7517
14772,7501,7517,7515
14773,7501,7515,6939
14774,6944,6953,7519
14775,6944,7519,7518
14776,6953,6952,7519
14777,7505,7520,7506
14778,7505,6944,7518
14779,7505,7518,7520
14780,7518,7519,7521
14781,7518,7521,7520
14782,7522,7524,7523
14783,7522,7525,7524
14784,7522,7526,7525
14785,7522,7527,7526
14786,7511,7512,7527
14787,7511,7527,7522
14788,7511,7523,7510
14789,7511,7522,7523
14790,6948,7528,6957
14791,6957,7529,6956
14792,6957,7528,7529
14793,7523,7524,7529
14794,7523,7529,7528
14795,7523,7528,7510
14796,7510,7528,7516
14797,7516,7528,6948
14798,6952,6961,7531
14799,6952,7531,7530
14800,6961,6960,7531
14801,6952,7530,7519
14802,7530,7531,7532
14803,7530,7532,7533
14804,7530,7533,7519
14805,7519,7533,7521
14806,6967,6968,7535
14807,6967,7535,7534
14808,6967,7536,6966
14809,6967,7534,7536
14810,7534,7537,7536
14811,7534,7538,7537
14812,7525,7526,7538
14813,7525,7538,7534
14814,7525,7535,7524
14815,7525,7534,7535
14816,6956,7539,6971
14817,6971,7539,6968
14818,6968,7539,7535
14819,7535,7539,7524
14820,7524,7539,7529
14821,7529,7539,6956
14822,6960,6974,7540
14823,6960,7540,7531
14824,6974,6975,7541
14825,6974,7541,7542
14826,6974,7542,7540
14827,7540,7542,7543
14828,7540,7543,7531
14829,7531,7543,7532
14830,6966,7544,6981
14831,6981,7545,6980
14832,6981,7544,7545
14833,7544,7546,7545
14834,7544,7547,7546
14835,7536,7537,7547
14836,7536,7547,7544
14837,7536,7544,6966
14838,6975,6987,7548
14839,6987,7549,7548
14840,6987,6986,7549
14841,7548,7549,7550
14842,7548,7550,7551
14843,7541,7548,7551
14844,7541,7551,7542
14845,7541,6975,7548
14846,6980,7552,6993
14847,6993,7553,6992
14848,6993,7552,7553
14849,7552,7554,7553
14850,7552,7555,7554
14851,7545,7546,7555
14852,7545,7555,7552
14853,7545,7552,6980
14854,6986,6999,7556
14855,6999,7557,7556
14856,6999,6998,7557
14857,7556,7557,7558
14858,7556,7558,7559
14859,7549,7556,7559
14860,7549,7559,7550
14861,7549,6986,7556
14862,6992,7560,7005
14863,7005,7561,7004
14864,7005,7560,7561
14865,7560,7562,7561
14866,7560,7563,7562
14867,7553,7554,7563
14868,7553,7563,7560
14869,7553,7560,6992
14870,6998,7011,7564
14871,7011,7565,7564
14872,7011,7010,7565
14873,7564,7565,7566
14874,7564,7566,7567
14875,7557,7564,7567
14876,7557,7567,7558
14877,7557,6998,7564
14878,7004,7568,7017
14879,7017,7569,7016
14880,7017,7568,7569
14881,7568,7570,7569
14882,7568,7571,7570
14883,7561,7562,7571
14884,7561,7571,7568
14885,7561,7568,7004
14886,7010,7023,7572
14887,7023,7573,7572
14888,7023,7022,7573
14889,7572,7573,7574
14890,7572,7574,7575
14891,7565,7572,7575
14892,7565,7575,7566
14893,7565,7010,7572
14894,7016,7577,7024
14895,7016,7576,7577
14896,7576,7578,7577
14897,7576,7579,7578
14898,7576,7580,7579
14899,7569,7570,7580
14900,7569,7580,7576
14901,7569,7576,7016
14902,7024,7581,7027
14903,7024,7577,7581
14904,7031,7582,7032
14905,7031,7030,7582
14906,7022,7033,7583
14907,7033,7032,7583
14908,7032,7584,7583
14909,7032,7582,7584
14910,7583,7584,7585
14911,7573,7583,7585
14912,7573,7585,7574
14913,7573,7022,7583
14914,7586,7588,7587
14915,7586,7589,7588
14916,7586,7590,7589
14917,7586,7591,7590
14918,7578,7579,7591
14919,7578,7591,7586
14920,7578,7587,7577
14921,7578,7586,7587
14922,7027,7592,7037
14923,7037,7593,7036
14924,7037,7592,7593
14925,7587,7588,7593
14926,7587,7593,7592
14927,7587,7592,7577
14928,7577,7592,7581
14929,7581,7592,7027
14930,7030,7041,7595
14931,7030,7595,7594
14932,7041,7040,7595
14933,7030,7594,7582
14934,7594,7595,7596
14935,7594,7596,7597
14936,7594,7597,7582
14937,7582,7597,7584
14938,7589,7590,7598
14939,7589,7598,7588
14940,7036,7599,7045
14941,7045,7600,7044
14942,7045,7599,7600
14943,7599,7601,7600
14944,7588,7598,7601
14945,7588,7601,7599
14946,7588,7599,7593
14947,7593,7599,7036
14948,7040,7049,7602
14949,7049,7603,7602
14950,7049,7048,7603
14951,7602,7603,7604
14952,7602,7604,7605
14953,7602,7605,7606
14954,7040,7602,7606
14955,7040,7606,7595
14956,7595,7606,7607
14957,7595,7607,7596
14958,7044,7608,7054
14959,7054,7609,7053
14960,7054,7608,7609
14961,7608,7610,7609
14962,7608,7611,7610
14963,7600,7601,7611
14964,7600,7611,7608
14965,7600,7608,7044
14966,7048,7059,7612
14967,7059,7613,7612
14968,7059,7058,7613
14969,7612,7613,7614
14970,7612,7614,7615
14971,7603,7612,7615
14972,7603,7615,7604
14973,7603,7048,7612
14974,7053,7617,7060
14975,7053,7616,7617
14976,7616,7618,7617
14977,7616,7619,7618
14978,7616,7620,7619
14979,7609,7610,7620
14980,7609,7620,7616
14981,7609,7616,7053
14982,7060,7621,7063
14983,7060,7617,7621
14984,7067,7622,7068
14985,7067,7066,7622
14986,7058,7069,7623
14987,7069,7068,7623
14988,7068,7624,7623
14989,7068,7622,7624
14990,7623,7624,7625
14991,7613,7623,7625
14992,7613,7625,7614
14993,7613,7058,7623
14994,7618,7619,7626
14995,7618,7626,7617
14996,7063,7627,7074
14997,7074,7628,7073
14998,7074,7627,7628
14999,7627,7629,7628
15000,7617,7626,7629
15001,7617,7629,7627
15002,7617,7627,7621
15003,7621,7627,7063
15004,7066,7079,7630
15005,7079,7631,7630
15006,7079,7078,7631
15007,7630,7631,7632
15008,7630,7632,7633
15009,7630,7633,7634
15010,7066,7630,7634
15011,7066,7634,7622
15012,7622,7634,7635
15013,7622,7635,7624
15014,7073,7637,7080
15015,7073,7636,7637
15016,7636,7638,7637
15017,7636,7639,7638
15018,7636,7640,7639
15019,7628,7629,7640
15020,7628,7640,7636
15021,7628,7636,7073
15022,7080,7641,7083
15023,7080,7637,7641
15024,7087,7642,7088
15025,7087,7086,7642
15026,7078,7089,7643
15027,7089,7088,7643
15028,7088,7644,7643
15029,7088,7642,7644
15030,7643,7644,7645
15031,7631,7643,7645
15032,7631,7645,7632
15033,7631,7078,7643
15034,7638,7639,7646
15035,7638,7646,7637
15036,7083,7647,7094
15037,7094,7648,7093
15038,7094,7647,7648
15039,7647,7649,7648
15040,7637,7646,7649
15041,7637,7649,7647
15042,7637,7647,7641
15043,7641,7647,7083
15044,7086,7099,7650
15045,7099,7651,7650
15046,7099,7098,7651
15047,7650,7651,7652
15048,7650,7652,7653
15049,7650,7653,7654
15050,7086,7650,7654
15051,7086,7654,7642
15052,7642,7654,7655
15053,7642,7655,7644
15054,7093,7656,7100
15055,7648,7649,7657
15056,7648,7657,7656
15057,7648,7656,7093
15058,7100,7658,7103
15059,7100,7656,7659
15060,7100,7659,7658
15061,7656,7657,7659
15062,7107,7660,7661
15063,7107,7661,7108
15064,7107,7662,7660
15065,7107,7106,7662
15066,7660,7662,7663
15067,7660,7663,7664
15068,7660,7664,7665
15069,7660,7665,7661
15070,7098,7109,7666
15071,7109,7108,7666
15072,7108,7661,7666
15073,7661,7667,7666
15074,7661,7665,7667
15075,7651,7666,7667
15076,7651,7667,7652
15077,7651,7098,7666
15078,7103,7669,7111
15079,7103,7668,7669
15080,7668,7670,7669
15081,7668,7671,7670
15082,7668,7672,7671
15083,7658,7659,7672
15084,7658,7672,7668
15085,7658,7668,7103
15086,7111,7673,7113
15087,7111,7669,7673
15088,7118,7674,7119
15089,7118,7117,7674
15090,7106,7121,7675
15091,7121,7119,7675
15092,7119,7676,7675
15093,7119,7674,7676
15094,7675,7676,7677
15095,7662,7675,7677
15096,7662,7677,7663
15097,7662,7106,7675
15098,7670,7671,7678
15099,7670,7678,7669
15100,7113,7680,7123
15101,7113,7679,7680
15102,7679,7681,7680
15103,7679,7682,7681
15104,7669,7678,7682
15105,7669,7682,7679
15106,7669,7679,7673
15107,7673,7679,7113
15108,7123,7683,7125
15109,7123,7680,7683
15110,7130,7684,7131
15111,7130,7129,7684
15112,7117,7133,7685
15113,7133,7131,7685
15114,7131,7686,7685
15115,7131,7684,7686
15116,7685,7686,7687
15117,7685,7687,7688
15118,7117,7685,7688
15119,7117,7688,7674
15120,7674,7688,7689
15121,7674,7689,7676
15122,7681,7682,7690
15123,7681,7690,7680
15124,7125,7692,7135
15125,7125,7691,7692
15126,7691,7693,7692
15127,7691,7694,7693
15128,7680,7690,7694
15129,7680,7694,7691
15130,7680,7691,7683
15131,7683,7691,7125
15132,7135,7695,7137
15133,7135,7692,7695
15134,7142,7696,7143
15135,7142,7141,7696
15136,7129,7145,7697
15137,7145,7143,7697
15138,7143,7698,7697
15139,7143,7696,7698
15140,7697,7698,7699
15141,7697,7699,7700
15142,7129,7697,7700
15143,7129,7700,7684
15144,7684,7700,7701
15145,7684,7701,7686
15146,7693,7694,7702
15147,7693,7702,7692
15148,7137,7703,7147
15149,7692,7702,7704
15150,7692,7704,7705
15151,7692,7705,7695
15152,7695,7705,7703
15153,7695,7703,7137
15154,7147,7706,7150
15155,7147,7703,7707
15156,7147,7707,7706
15157,7703,7705,7707
15158,7156,7708,7709
15159,7156,7709,7157
15160,7156,7710,7708
15161,7156,7155,7710
15162,7708,7710,7711
15163,7708,7711,7712
15164,7708,7712,7713
15165,7708,7713,7709
15166,7141,7159,7714
15167,7159,7157,7714
15168,7157,7709,7714
15169,7709,7715,7714
15170,7709,7713,7715
15171,7714,7715,7716
15172,7141,7714,7716
15173,7141,7716,7696
15174,7696,7716,7717
15175,7696,7717,7698
15176,7150,7718,7160
15177,7706,7707,7719
15178,7706,7719,7718
15179,7706,7718,7150
15180,7162,7720,7163
15181,7162,7160,7721
15182,7162,7721,7720
15183,7160,7718,7722
15184,7160,7722,7721
15185,7718,7719,7722
15186,7163,7723,7166
15187,7163,7720,7723
15188,7172,7724,7173
15189,7172,7171,7724
15190,7175,7725,7726
15191,7175,7726,7176
15192,7175,7173,7725
15193,7173,7727,7725
15194,7173,7724,7727
15195,7725,7727,7728
15196,7725,7728,7729
15197,7725,7729,7726
15198,7155,7177,7730
15199,7177,7176,7730
15200,7176,7726,7730
15201,7726,7731,7730
15202,7726,7729,7731
15203,7710,7730,7731
15204,7710,7731,7711
15205,7710,7155,7730
15206,7721,7722,7732
15207,7721,7732,7720
15208,7166,7733,7178
15209,7720,7732,7734
15210,7720,7734,7735
15211,7720,7735,7723
15212,7723,7735,7733
15213,7723,7733,7166
15214,7180,7736,7181
15215,7180,7178,7737
15216,7180,7737,7736
15217,7178,7733,7738
15218,7178,7738,7737
15219,7733,7735,7738
15220,7181,7739,7184
15221,7181,7736,7739
15222,7190,7740,7191
15223,7190,7189,7740
15224,7193,7741,7742
15225,7193,7742,7194
15226,7193,7191,7741
15227,7191,7743,7741
15228,7191,7740,7743
15229,7741,7743,7744
15230,7741,7744,7745
15231,7741,7745,7742
15232,7171,7195,7746
15233,7195,7194,7746
15234,7194,7742,7746
15235,7742,7747,7746
15236,7742,7745,7747
15237,7746,7747,7748
15238,7171,7746,7748
15239,7171,7748,7724
15240,7724,7748,7749
15241,7724,7749,7727
15242,7737,7738,7750
15243,7737,7750,7736
15244,7184,7751,7196
15245,7736,7750,7752
15246,7736,7752,7753
15247,7736,7753,7739
15248,7739,7753,7751
15249,7739,7751,7184
15250,7198,7754,7755
15251,7198,7755,7199
15252,7198,7196,7754
15253,7196,7751,7754
15254,7751,7756,7754
15255,7751,7753,7756
15256,7754,7756,7757
15257,7754,7757,7755
15258,7202,7758,7203
15259,7202,7199,7759
15260,7202,7759,7758
15261,7199,7755,7760
15262,7199,7760,7759
15263,7755,7757,7760
15264,7206,7761,7207
15265,7206,7203,7762
15266,7206,7762,7761
15267,7203,7758,7762
15268,7207,7763,7210
15269,7207,7761,7763
15270,7222,7764,7223
15271,7222,7221,7764
15272,7226,7765,7227
15273,7226,7223,7766
15274,7226,7766,7765
15275,7223,7764,7766
15276,7230,7767,7768
15277,7230,7768,7231
15278,7230,7227,7767
15279,7227,7769,7767
15280,7227,7765,7769
15281,7767,7769,7770
15282,7767,7770,7771
15283,7767,7771,7768
15284,7233,7772,7773
15285,7233,7773,7234
15286,7233,7231,7772
15287,7231,7768,7772
15288,7768,7774,7772
15289,7768,7771,7774
15290,7772,7774,7775
15291,7772,7775,7773
15292,7189,7235,7776
15293,7235,7234,7776
15294,7234,7773,7776
15295,7773,7777,7776
15296,7773,7775,7777
15297,7776,7777,7778
15298,7189,7776,7778
15299,7189,7778,7740
15300,7740,7778,7779
15301,7740,7779,7743
15302,7759,7760,7780
15303,7759,7780,7758
15304,7758,7780,7781
15305,7758,7781,7782
15306,7758,7782,7762
15307,7762,7782,7761
15308,7210,7783,7236
15309,7761,7782,7784
15310,7761,7784,7785
15311,7761,7785,7763
15312,7763,7785,7783
15313,7763,7783,7210
15314,7237,7786,7787
15315,7237,7787,7238
15316,7237,7236,7786
15317,7236,7783,7786
15318,7783,7788,7786
15319,7783,7785,7788
15320,7786,7788,7789
15321,7786,7789,7787
15322,7239,7790,7791
15323,7239,7791,7240
15324,7239,7238,7790
15325,7238,7787,7790
15326,7787,7792,7790
15327,7787,7789,7792
15328,7790,7792,7793
15329,7790,7793,7791
15330,7241,7794,7795
15331,7241,7795,7242
15332,7241,7240,7794
15333,7240,7791,7794
15334,7791,7796,7794
15335,7791,7793,7796
15336,7794,7796,7797
15337,7794,7797,7795
15338,7243,7798,7799
15339,7243,7799,7244
15340,7243,7242,7798
15341,7242,7795,7798
15342,7795,7800,7798
15343,7795,7797,7800
15344,7798,7800,7801
15345,7798,7801,7799
15346,7221,7245,7802
15347,7245,7244,7802
15348,7244,7799,7802
15349,7799,7803,7802
15350,7799,7801,7803
15351,7802,7803,7804
15352,7221,7802,7804
15353,7221,7804,7764
15354,7764,7804,7805
15355,7764,7805,7806
15356,7764,7806,7766
15357,7766,7806,7765
15358,7765,7806,7807
15359,7765,7807,7769
15360,7808,7810,7809
15361,7808,7811,7810
15362,7808,7812,7811
15363,7808,7813,7812
15364,7808,7814,7813
15365,7808,7809,7814
15366,7251,7252,7816
15367,7251,7816,7815
15368,7251,7817,7250
15369,7251,7815,7817
15370,7809,7810,7817
15371,7809,7817,7815
15372,7809,7818,7814
15373,7809,7815,7818
15374,7815,7819,7818
15375,7815,7816,7819
15376,7257,7258,7821
15377,7257,7821,7820
15378,7257,7820,7252
15379,7252,7820,7816
15380,7816,7822,7819
15381,7816,7820,7822
15382,7820,7823,7822
15383,7820,7821,7823
15384,7262,7263,7825
15385,7262,7825,7824
15386,7262,7824,7258
15387,7258,7824,7821
15388,7821,7826,7823
15389,7821,7824,7826
15390,7824,7827,7826
15391,7824,7825,7827
15392,7266,7267,7829
15393,7266,7829,7828
15394,7266,7828,7263
15395,7263,7828,7825
15396,7825,7830,7827
15397,7825,7828,7830
15398,7828,7831,7830
15399,7828,7829,7831
15400,7270,7271,7833
15401,7270,7833,7832
15402,7270,7832,7267
15403,7267,7832,7829
15404,7829,7834,7831
15405,7829,7832,7834
15406,7832,7835,7834
15407,7832,7833,7835
15408,7274,7275,7837
15409,7274,7837,7836
15410,7274,7836,7271
15411,7271,7836,7833
15412,7833,7838,7835
15413,7833,7836,7838
15414,7836,7839,7838
15415,7836,7837,7839
15416,7278,7279,7841
15417,7278,7841,7840
15418,7278,7840,7275
15419,7275,7840,7837
15420,7837,7842,7839
15421,7837,7840,7842
15422,7840,7843,7842
15423,7840,7841,7843
15424,7283,7284,7845
15425,7283,7845,7844
15426,7283,7844,7279
15427,7279,7844,7841
15428,7841,7846,7843
15429,7841,7844,7846
15430,7844,7847,7846
15431,7844,7845,7847
15432,7289,7290,7849
15433,7289,7849,7848
15434,7289,7848,7284
15435,7284,7848,7845
15436,7845,7850,7847
15437,7845,7848,7850
15438,7848,7851,7850
15439,7848,7849,7851
15440,7852,7854,7853
15441,7290,7291,7854
15442,7290,7854,7852
15443,7290,7852,7849
15444,7849,7855,7851
15445,7849,7852,7855
15446,7852,7856,7855
15447,7852,7853,7856
15448,7853,7854,7857
15449,7853,7857,7856
15450,7297,7298,7859
15451,7297,7859,7858
15452,7297,7860,7296
15453,7297,7858,7860
15454,7858,7861,7860
15455,7858,7862,7861
15456,7858,7863,7862
15457,7858,7859,7863
15458,7302,7303,7865
15459,7302,7865,7864
15460,7302,7864,7298
15461,7298,7864,7859
15462,7859,7866,7863
15463,7859,7864,7866
15464,7864,7867,7866
15465,7864,7865,7867
15466,7306,7307,7869
15467,7306,7869,7868
15468,7306,7868,7303
15469,7303,7868,7865
15470,7865,7870,7867
15471,7865,7868,7870
15472,7811,7812,7870
15473,7811,7870,7868
15474,7811,7869,7810
15475,7811,7868,7869
15476,7250,7871,7310
15477,7310,7871,7307
15478,7307,7871,7869
15479,7869,7871,7810
15480,7810,7871,7817
15481,7817,7871,7250
15482,7291,7319,7872
15483,7291,7872,7854
15484,7322,7323,7874
15485,7322,7874,7873
15486,7322,7873,7319
15487,7319,7873,7872
15488,7872,7873,7854
15489,7854,7875,7857
15490,7854,7873,7875
15491,7873,7874,7875
15492,7327,7328,7877
15493,7327,7877,7876
15494,7327,7876,7323
15495,7323,7876,7874
15496,7874,7878,7875
15497,7874,7876,7878
15498,7876,7879,7878
15499,7876,7877,7879
15500,7328,7329,7880
15501,7328,7880,7881
15502,7328,7881,7877
15503,7877,7881,7879
15504,7335,7336,7883
15505,7335,7883,7882
15506,7335,7884,7334
15507,7335,7882,7884
15508,7882,7885,7884
15509,7882,7886,7885
15510,7882,7887,7886
15511,7882,7883,7887
15512,7340,7341,7889
15513,7340,7889,7888
15514,7340,7888,7336
15515,7336,7888,7883
15516,7883,7890,7887
15517,7883,7888,7890
15518,7888,7891,7890
15519,7888,7889,7891
15520,7296,7892,7344
15521,7344,7892,7341
15522,7341,7892,7889
15523,7889,7893,7891
15524,7889,7892,7893
15525,7860,7861,7893
15526,7860,7893,7892
15527,7860,7892,7296
15528,7329,7349,7894
15529,7880,7895,7881
15530,7880,7329,7894
15531,7880,7894,7895
15532,7353,7354,7897
15533,7353,7897,7896
15534,7353,7896,7349
15535,7349,7896,7894
15536,7894,7898,7895
15537,7894,7896,7898
15538,7896,7899,7898
15539,7896,7897,7899
15540,7354,7355,7900
15541,7354,7900,7901
15542,7354,7901,7897
15543,7897,7901,7899
15544,7902,7904,7903
15545,7902,7905,7904
15546,7902,7906,7905
15547,7902,7907,7906
15548,7902,7908,7907
15549,7902,7903,7908
15550,7360,7361,7910
15551,7360,7910,7909
15552,7360,7911,7359
15553,7360,7909,7911
15554,7903,7904,7911
15555,7903,7911,7909
15556,7903,7912,7908
15557,7903,7909,7912
15558,7909,7913,7912
15559,7909,7910,7913
15560,7334,7914,7364
15561,7364,7914,7361
15562,7361,7914,7910
15563,7910,7915,7913
15564,7910,7914,7915
15565,7884,7885,7915
15566,7884,7915,7914
15567,7884,7914,7334
15568,7355,7369,7916
15569,7900,7917,7901
15570,7900,7355,7916
15571,7900,7916,7917
15572,7918,7920,7919
15573,7369,7371,7920
15574,7369,7920,7918
15575,7369,7918,7916
15576,7916,7921,7917
15577,7916,7918,7921
15578,7918,7922,7921
15579,7918,7919,7922
15580,7919,7920,7923
15581,7919,7923,7922
15582,7377,7378,7925
15583,7377,7925,7924
15584,7377,7926,7376
15585,7377,7924,7926
15586,7924,7927,7926
15587,7924,7928,7927
15588,7924,7929,7928
15589,7924,7925,7929
15590,7382,7383,7931
15591,7382,7931,7930
15592,7382,7930,7378
15593,7378,7930,7925
15594,7925,7932,7929
15595,7925,7930,7932
15596,7905,7906,7932
15597,7905,7932,7930
15598,7905,7931,7904
15599,7905,7930,7931
15600,7359,7933,7385
15601,7385,7933,7383
15602,7383,7933,7931
15603,7931,7933,7904
15604,7904,7933,7911
15605,7911,7933,7359
15606,7371,7387,7934
15607,7371,7934,7920
15608,7391,7392,7936
15609,7391,7936,7935
15610,7391,7935,7387
15611,7387,7935,7934
15612,7934,7935,7920
15613,7920,7937,7923
15614,7920,7935,7937
15615,7935,7936,7937
15616,7392,7393,7938
15617,7392,7938,7939
15618,7392,7939,7936
15619,7936,7939,7937
15620,7399,7400,7941
15621,7399,7941,7940
15622,7399,7942,7398
15623,7399,7940,7942
15624,7940,7943,7942
15625,7940,7944,7943
15626,7940,7945,7944
15627,7940,7941,7945
15628,7376,7946,7404
15629,7404,7946,7400
15630,7400,7946,7941
15631,7941,7947,7945
15632,7941,7946,7947
15633,7926,7927,7947
15634,7926,7947,7946
15635,7926,7946,7376
15636,7393,7410,7948
15637,7938,7949,7939
15638,7938,7393,7948
15639,7938,7948,7949
15640,7410,7411,7950
15641,7410,7950,7951
15642,7410,7951,7948
15643,7948,7951,7949
15644,7417,7418,7953
15645,7417,7953,7952
15646,7417,7954,7416
15647,7417,7952,7954
15648,7952,7955,7954
15649,7952,7956,7955
15650,7952,7957,7956
15651,7952,7953,7957
15652,7398,7958,7422
15653,7422,7958,7418
15654,7418,7958,7953
15655,7953,7959,7957
15656,7953,7958,7959
15657,7942,7943,7959
15658,7942,7959,7958
15659,7942,7958,7398
15660,7411,7428,7960
15661,7950,7961,7951
15662,7950,7411,7960
15663,7950,7960,7961
15664,7428,7429,7962
15665,7428,7962,7963
15666,7428,7963,7960
15667,7960,7963,7961
15668,7964,7966,7965
15669,7964,7967,7966
15670,7964,7968,7967
15671,7964,7969,7968
15672,7964,7970,7969
15673,7964,7965,7970
15674,7416,7971,7434
15675,7434,7972,7433
15676,7434,7971,7972
15677,7965,7966,7972
15678,7965,7972,7971
15679,7965,7973,7970
15680,7965,7971,7973
15681,7954,7955,7973
15682,7954,7973,7971
15683,7954,7971,7416
15684,7429,7439,7975
15685,7429,7975,7974
15686,7439,7438,7975
15687,7962,7976,7963
15688,7962,7429,7974
15689,7962,7974,7976
15690,7974,7975,7977
15691,7974,7977,7976
15692,7444,7445,7979
15693,7444,7979,7978
15694,7444,7980,7443
15695,7444,7978,7980
15696,7978,7981,7980
15697,7978,7982,7981
15698,7967,7968,7982
15699,7967,7982,7978
15700,7967,7979,7966
15701,7967,7978,7979
15702,7433,7983,7447
15703,7447,7983,7445
15704,7445,7983,7979
15705,7979,7983,7966
15706,7966,7983,7972
15707,7972,7983,7433
15708,7438,7449,7984
15709,7438,7984,7975
15710,7449,7451,7985
15711,7449,7985,7986
15712,7449,7986,7984
15713,7984,7986,7987
15714,7984,7987,7975
15715,7975,7987,7977
15716,7457,7458,7989
15717,7457,7989,7988
15718,7457,7990,7456
15719,7457,7988,7990
15720,7988,7991,7990
15721,7988,7992,7991
15722,7988,7993,7992
15723,7988,7989,7993
15724,7443,7994,7461
15725,7461,7994,7458
15726,7458,7994,7989
15727,7989,7995,7993
15728,7989,7994,7995
15729,7980,7981,7995
15730,7980,7995,7994
15731,7980,7994,7443
15732,7451,7464,7996
15733,7985,7997,7986
15734,7985,7451,7996
15735,7985,7996,7997
15736,7464,7465,7998
15737,7464,7998,7999
15738,7464,7999,7996
15739,7996,7999,7997
15740,7456,8000,7470
15741,7470,8001,7469
15742,7470,8000,8001
15743,8000,8002,8001
15744,8000,8003,8002
15745,7990,7991,8003
15746,7990,8003,8000
15747,7990,8000,7456
15748,7465,7475,8004
15749,7475,8005,8004
15750,7475,7474,8005
15751,8004,8005,8006
15752,8004,8006,8007
15753,7998,8004,8007
15754,7998,8007,7999
15755,7998,7465,8004
15756,7481,7482,8009
15757,7481,8009,8008
15758,7481,8010,7480
15759,7481,8008,8010
15760,8008,8011,8010
15761,8008,8012,8011
15762,8008,8013,8012
15763,8008,8009,8013
15764,7469,8014,7485
15765,7485,8014,7482
15766,7482,8014,8009
15767,8009,8015,8013
15768,8009,8014,8015
15769,8001,8002,8015
15770,8001,8015,8014
15771,8001,8014,7469
15772,7474,7488,8016
15773,8005,8017,8006
15774,8005,7474,8016
15775,8005,8016,8017
15776,7488,7489,8018
15777,7488,8018,8019
15778,7488,8019,8016
15779,8016,8019,8017
15780,7480,8020,7494
15781,7494,8021,7493
15782,7494,8020,8021
15783,8020,8022,8021
15784,8020,8023,8022
15785,8010,8011,8023
15786,8010,8023,8020
15787,8010,8020,7480
15788,7489,7499,8024
15789,7499,8025,8024
15790,7499,7498,8025
15791,8024,8025,8026
15792,8024,8026,8027
15793,8018,8024,8027
15794,8018,8027,8019
15795,8018,7489,8024
15796,8028,8030,8029
15797,8028,8031,8030
15798,8028,8032,8031
15799,8028,8033,8032
15800,8028,8034,8033
15801,8028,8029,8034
15802,7493,8035,7503
15803,7503,8036,7502
15804,7503,8035,8036
15805,8029,8030,8036
15806,8029,8036,8035
15807,8029,8037,8034
15808,8029,8035,8037
15809,8021,8022,8037
15810,8021,8037,8035
15811,8021,8035,7493
15812,7498,7507,8039
15813,7498,8039,8038
15814,7507,7506,8039
15815,8025,8040,8026
15816,8025,7498,8038
15817,8025,8038,8040
15818,8038,8039,8041
15819,8038,8041,8040
15820,7513,7514,8043
15821,7513,8043,8042
15822,7513,8044,7512
15823,7513,8042,8044
15824,8042,8045,8044
15825,8042,8046,8045
15826,8031,8032,8046
15827,8031,8046,8042
15828,8031,8043,8030
15829,8031,8042,8043
15830,7502,8047,7517
15831,7517,8047,7514
15832,7514,8047,8043
15833,8043,8047,8030
15834,8030,8047,8036
15835,8036,8047,7502
15836,7506,7520,8048
15837,7506,8048,8039
15838,7520,7521,8049
15839,7520,8049,8050
15840,7520,8050,8048
15841,8048,8050,8051
15842,8048,8051,8039
15843,8039,8051,8041
15844,7512,8052,7527
15845,7527,8053,7526
15846,7527,8052,8053
15847,8052,8054,8053
15848,8052,8055,8054
15849,8044,8045,8055
15850,8044,8055,8052
15851,8044,8052,7512
15852,7521,7533,8056
15853,7533,8057,8056
15854,7533,7532,8057
15855,8056,8057,8058
15856,8056,8058,8059
15857,8049,8056,8059
15858,8049,8059,8050
15859,8049,7521,8056
15860,7526,8060,7538
15861,7538,8061,7537
15862,7538,8060,8061
15863,8060,8062,8061
15864,8060,8063,8062
15865,8053,8054,8063
15866,8053,8063,8060
15867,8053,8060,7526
15868,7532,7543,8064
15869,7543,8065,8064
15870,7543,7542,8065
15871,8064,8065,8066
15872,8064,8066,8067
15873,8057,8064,8067
15874,8057,8067,8058
15875,8057,7532,8064
15876,7537,8068,7547
15877,7547,8069,7546
15878,7547,8068,8069
15879,8068,8070,8069
15880,8068,8071,8070
15881,8061,8062,8071
15882,8061,8071,8068
15883,8061,8068,7537
15884,7542,7551,8072
15885,7551,8073,8072
15886,7551,7550,8073
15887,8072,8073,8074
15888,8072,8074,8075
15889,8065,8072,8075
15890,8065,8075,8066
15891,8065,7542,8072
15892,7546,8076,7555
15893,7555,8077,7554
15894,7555,8076,8077
15895,8076,8078,8077
15896,8076,8079,8078
15897,8069,8070,8079
15898,8069,8079,8076
15899,8069,8076,7546
15900,7550,7559,8080
15901,7559,8081,8080
15902,7559,7558,8081
15903,8080,8081,8082
15904,8080,8082,8083
15905,8073,8080,8083
15906,8073,8083,8074
15907,8073,7550,8080
15908,7554,8084,7563
15909,7563,8085,7562
15910,7563,8084,8085
15911,8084,8086,8085
15912,8084,8087,8086
15913,8077,8078,8087
15914,8077,8087,8084
15915,8077,8084,7554
15916,7558,7567,8088
15917,7567,8089,8088
15918,7567,7566,8089
15919,8088,8089,8090
15920,8088,8090,8091
15921,8081,8088,8091
15922,8081,8091,8082
15923,8081,7558,8088
15924,7562,8092,7571
15925,7571,8093,7570
15926,7571,8092,8093
15927,8092,8094,8093
15928,8092,8095,8094
15929,8085,8086,8095
15930,8085,8095,8092
15931,8085,8092,7562
15932,7566,7575,8096
15933,7575,8097,8096
15934,7575,7574,8097
15935,8096,8097,8098
15936,8096,8098,8099
15937,8089,8096,8099
15938,8089,8099,8090
15939,8089,7566,8096
15940,7570,8100,7580
15941,7580,8101,7579
15942,7580,8100,8101
15943,8100,8102,8101
15944,8100,8103,8102
15945,8093,8094,8103
15946,8093,8103,8100
15947,8093,8100,7570
15948,7574,7585,8104
15949,7585,8105,8104
15950,7585,7584,8105
15951,8104,8105,8106
15952,8104,8106,8107
15953,8097,8104,8107
15954,8097,8107,8098
15955,8097,7574,8104
15956,7579,8108,7591
15957,7591,8109,7590
15958,7591,8108,8109
15959,8108,8110,8109
15960,8108,8111,8110
15961,8101,8102,8111
15962,8101,8111,8108
15963,8101,8108,7579
15964,7584,7597,8112
15965,7597,8113,8112
15966,7597,7596,8113
15967,8112,8113,8114
15968,8112,8114,8115
15969,8105,8112,8115
15970,8105,8115,8106
15971,8105,7584,8112
15972,7590,8117,7598
15973,7590,8116,8117
15974,8116,8118,8117
15975,8116,8119,8118
15976,8116,8120,8119
15977,8109,8110,8120
15978,8109,8120,8116
15979,8109,8116,7590
15980,7598,8121,7601
15981,7598,8117,8121
15982,7605,8122,7606
15983,7605,7604,8122
15984,7596,7607,8123
15985,7607,7606,8123
15986,7606,8124,8123
15987,7606,8122,8124
15988,8123,8124,8125
15989,8113,8123,8125
15990,8113,8125,8114
15991,8113,7596,8123
15992,8118,8119,8126
15993,8118,8126,8117
15994,7601,8127,7611
15995,7611,8128,7610
15996,7611,8127,8128
15997,8127,8129,8128
15998,8117,8126,8129
15999,8117,8129,8127
16000,8117,8127,8121
16001,8121,8127,7601
16002,7604,7615,8130
16003,7615,8131,8130
16004,7615,7614,8131
16005,8130,8131,8132
16006,8130,8132,8133
16007,8130,8133,8134
16008,7604,8130,8134
16009,7604,8134,8122
16010,8122,8134,8135
16011,8122,8135,8124
16012,7610,8136,7620
16013,7620,8137,7619
16014,7620,8136,8137
16015,8136,8138,8137
16016,8136,8139,8138
16017,8128,8129,8139
16018,8128,8139,8136
16019,8128,8136,7610
16020,7614,7625,8140
16021,7625,8141,8140
16022,7625,7624,8141
16023,8140,8141,8142
16024,8140,8142,8143
16025,8131,8140,8143
16026,8131,8143,8132
16027,8131,7614,8140
16028,7619,8144,7626
16029,8137,8138,8145
16030,8137,8145,8144
16031,8137,8144,7619
16032,7626,8146,7629
16033,7626,8144,8147
16034,7626,8147,8146
16035,8144,8145,8147
16036,7633,8148,8149
16037,7633,8149,7634
16038,7633,8150,8148
16039,7633,7632,8150
16040,8148,8150,8151
16041,8148,8151,8152
16042,8148,8152,8153
16043,8148,8153,8149
16044,7624,7635,8154
16045,7635,7634,8154
16046,7634,8149,8154
16047,8149,8155,8154
16048,8149,8153,8155
16049,8141,8154,8155
16050,8141,8155,8142
16051,8141,7624,8154
16052,7629,8156,7640
16053,7640,8157,7639
16054,7640,8156,8157
16055,8156,8158,8157
16056,8156,8159,8158
16057,8146,8147,8159
16058,8146,8159,8156
16059,8146,8156,7629
16060,7632,7645,8160
16061,7645,8161,8160
16062,7645,7644,8161
16063,8160,8161,8162
16064,8160,8162,8163
16065,8150,8160,8163
16066,8150,8163,8151
16067,8150,7632,8160
16068,7639,8164,7646
16069,8157,8158,8165
16070,8157,8165,8164
16071,8157,8164,7639
16072,7646,8166,7649
16073,7646,8164,8167
16074,7646,8167,8166
16075,8164,8165,8167
16076,7653,8168,8169
16077,7653,8169,7654
16078,7653,8170,8168
16079,7653,7652,8170
16080,8168,8170,8171
16081,8168,8171,8172
16082,8168,8172,8173
16083,8168,8173,8169
16084,7644,7655,8174
16085,7655,7654,8174
16086,7654,8169,8174
16087,8169,8175,8174
16088,8169,8173,8175
16089,8161,8174,8175
16090,8161,8175,8162
16091,8161,7644,8174
16092,7649,8177,7657
16093,7649,8176,8177
16094,8176,8178,8177
16095,8176,8179,8178
16096,8176,8180,8179
16097,8166,8167,8180
16098,8166,8180,8176
16099,8166,8176,7649
16100,7657,8181,7659
16101,7657,8177,8181
16102,7664,8182,7665
16103,7664,7663,8182
16104,7652,7667,8183
16105,7667,7665,8183
16106,7665,8184,8183
16107,7665,8182,8184
16108,8183,8184,8185
16109,8170,8183,8185
16110,8170,8185,8171
16111,8170,7652,8183
16112,8178,8179,8186
16113,8178,8186,8177
16114,7659,8187,7672
16115,7672,8188,7671
16116,7672,8187,8188
16117,8187,8189,8188
16118,8177,8186,8189
16119,8177,8189,8187
16120,8177,8187,8181
16121,8181,8187,7659
16122,7663,7677,8190
16123,7677,8191,8190
16124,7677,7676,8191
16125,8190,8191,8192
16126,8190,8192,8193
16127,8190,8193,8194
16128,7663,8190,8194
16129,7663,8194,8182
16130,8182,8194,8195
16131,8182,8195,8184
16132,7671,8196,7678
16133,8188,8189,8197
16134,8188,8197,8196
16135,8188,8196,7671
16136,7678,8198,7682
16137,7678,8196,8199
16138,7678,8199,8198
16139,8196,8197,8199
16140,7687,8200,8201
16141,7687,8201,7688
16142,7687,8202,8200
16143,7687,7686,8202
16144,8200,8202,8203
16145,8200,8203,8204
16146,8200,8204,8205
16147,8200,8205,8201
16148,7676,7689,8206
16149,7689,7688,8206
16150,7688,8201,8206
16151,8201,8207,8206
16152,8201,8205,8207
16153,8191,8206,8207
16154,8191,8207,8192
16155,8191,7676,8206
16156,7682,8208,7690
16157,8198,8199,8209
16158,8198,8209,8208
16159,8198,8208,7682
16160,7690,8210,7694
16161,7690,8208,8211
16162,7690,8211,8210
16163,8208,8209,8211
16164,7699,8212,8213
16165,7699,8213,7700
16166,7699,8214,8212
16167,7699,7698,8214
16168,8212,8214,8215
16169,8212,8215,8216
16170,8212,8216,8217
16171,8212,8217,8213
16172,7686,7701,8218
16173,7701,7700,8218
16174,7700,8213,8218
16175,8213,8219,8218
16176,8213,8217,8219
16177,8202,8218,8219
16178,8202,8219,8203
16179,8202,7686,8218
16180,7694,8220,7702
16181,8210,8211,8221
16182,8210,8221,8220
16183,8210,8220,7694
16184,7704,8222,7705
16185,7704,7702,8223
16186,7704,8223,8222
16187,7702,8220,8224
16188,7702,8224,8223
16189,8220,8221,8224
16190,7705,8225,7707
16191,7705,8222,8225
16192,7712,8226,7713
16193,7712,7711,8226
16194,7715,8227,8228
16195,7715,8228,7716
16196,7715,7713,8227
16197,7713,8229,8227
16198,7713,8226,8229
16199,8227,8229,8230
16200,8227,8230,8231
16201,8227,8231,8228
16202,7698,7717,8232
16203,7717,7716,8232
16204,7716,8228,8232
16205,8228,8233,8232
16206,8228,8231,8233
16207,8214,8232,8233
16208,8214,8233,8215
16209,8214,7698,8232
16210,8223,8224,8234
16211,8223,8234,8222
16212,7707,8235,7719
16213,8222,8234,8236
16214,8222,8236,8237
16215,8222,8237,8225
16216,8225,8237,8235
16217,8225,8235,7707
16218,7719,8238,7722
16219,7719,8235,8239
16220,7719,8239,8238
16221,8235,8237,8239
16222,7728,8240,8241
16223,7728,8241,7729
16224,7728,8242,8240
16225,7728,7727,8242
16226,8240,8242,8243
16227,8240,8243,8244
16228,8240,8244,8245
16229,8240,8245,8241
16230,7711,7731,8246
16231,7731,7729,8246
16232,7729,8241,8246
16233,8241,8247,8246
16234,8241,8245,8247
16235,8246,8247,8248
16236,7711,8246,8248
16237,7711,8248,8226
16238,8226,8248,8249
16239,8226,8249,8229
16240,7722,8250,7732
16241,8238,8239,8251
16242,8238,8251,8250
16243,8238,8250,7722
16244,7734,8252,8253
16245,7734,8253,7735
16246,7734,7732,8252
16247,7732,8250,8252
16248,8250,8254,8252
16249,8250,8251,8254
16250,8252,8254,8255
16251,8252,8255,8253
16252,7735,8256,7738
16253,7735,8253,8257
16254,7735,8257,8256
16255,8253,8255,8257
16256,7744,8258,8259
16257,7744,8259,7745
16258,7744,8260,8258
16259,7744,7743,8260
16260,8258,8260,8261
16261,8258,8261,8262
16262,8258,8262,8263
16263,8258,8263,8259
16264,7747,8264,8265
16265,7747,8265,7748
16266,7747,7745,8264
16267,7745,8259,8264
16268,8259,8266,8264
16269,8259,8263,8266
16270,8264,8266,8267
16271,8264,8267,8265
16272,7727,7749,8268
16273,7749,7748,8268
16274,7748,8265,8268
16275,8265,8269,8268
16276,8265,8267,8269
16277,8242,8268,8269
16278,8242,8269,8243
16279,8242,7727,8268
16280,7738,8270,7750
16281,8256,8257,8271
16282,8256,8271,8270
16283,8256,8270,7738
16284,7752,8272,8273
16285,7752,8273,7753
16286,7752,7750,8272
16287,7750,8270,8272
16288,8270,8274,8272
16289,8270,8271,8274
16290,8272,8274,8275
16291,8272,8275,8273
16292,7756,8276,7757
16293,7756,7753,8277
16294,7756,8277,8276
16295,7753,8273,8278
16296,7753,8278,8277
16297,8273,8275,8278
16298,7757,8279,7760
16299,7757,8276,8279
16300,7770,8280,7771
16301,7770,7769,8280
16302,7774,8281,8282
16303,7774,8282,7775
16304,7774,7771,8281
16305,7771,8283,8281
16306,7771,8280,8283
16307,8281,8283,8284
16308,8281,8284,8285
16309,8281,8285,8282
16310,7777,8286,8287
16311,7777,8287,7778
16312,7777,7775,8286
16313,7775,8282,8286
16314,8282,8288,8286
16315,8282,8285,8288
16316,8286,8288,8289
16317,8286,8289,8287
16318,7743,7779,8290
16319,7779,7778,8290
16320,7778,8287,8290
16321,8287,8291,8290
16322,8287,8289,8291
16323,8260,8290,8291
16324,8260,8291,8261
16325,8260,7743,8290
16326,8277,8278,8292
16327,8277,8292,8276
16328,7760,8293,7780
16329,8276,8292,8294
16330,8276,8294,8295
16331,8276,8295,8279
16332,8279,8295,8293
16333,8279,8293,7760
16334,7781,8296,8297
16335,7781,8297,7782
16336,7781,7780,8296
16337,7780,8293,8296
16338,8293,8298,8296
16339,8293,8295,8298
16340,8296,8298,8299
16341,8296,8299,8297
16342,7784,8300,8301
16343,7784,8301,7785
16344,7784,7782,8300
16345,7782,8297,8300
16346,8297,8302,8300
16347,8297,8299,8302
16348,8300,8302,8303
16349,8300,8303,8301
16350,7788,8304,8305
16351,7788,8305,7789
16352,7788,7785,8304
16353,7785,8301,8304
16354,8301,8306,8304
16355,8301,8303,8306
16356,8304,8306,8307
16357,8304,8307,8305
16358,7792,8308,8309
16359,7792,8309,7793
16360,7792,7789,8308
16361,7789,8305,8308
16362,8305,8310,8308
16363,8305,8307,8310
16364,8308,8310,8311
16365,8308,8311,8309
16366,7796,8312,8313
16367,7796,8313,7797
16368,7796,7793,8312
16369,7793,8309,8312
16370,8309,8314,8312
16371,8309,8311,8314
16372,8312,8314,8315
16373,8312,8315,8313
16374,7800,8316,8317
16375,7800,8317,7801
16376,7800,7797,8316
16377,7797,8313,8316
16378,8313,8318,8316
16379,8313,8315,8318
16380,8316,8318,8319
16381,8316,8319,8317
16382,7803,8320,8321
16383,7803,8321,7804
16384,7803,7801,8320
16385,7801,8317,8320
16386,8317,8322,8320
16387,8317,8319,8322
16388,8320,8322,8323
16389,8320,8323,8321
16390,7805,8324,8325
16391,7805,8325,7806
16392,7805,7804,8324
16393,7804,8321,8324
16394,8321,8326,8324
16395,8321,8323,8326
16396,8324,8326,8327
16397,8324,8327,8325
16398,7769,7807,8328
16399,7807,7806,8328
16400,7806,8325,8328
16401,8325,8329,8328
16402,8325,8327,8329
16403,8328,8329,8330
16404,7769,8328,8330
16405,7769,8330,8280
16406,8280,8330,8331
16407,8280,8331,8283
16408,7813,7814,8333
16409,7813,8333,8332
16410,7813,8334,7812
16411,7813,8332,8334
16412,8332,8335,8334
16413,8332,8336,8335
16414,8332,8337,8336
16415,8332,8333,8337
16416,7818,7819,8339
16417,7818,8339,8338
16418,7818,8338,7814
16419,7814,8338,8333
16420,8333,8340,8337
16421,8333,8338,8340
16422,8338,8341,8340
16423,8338,8339,8341
16424,7822,7823,8343
16425,7822,8343,8342
16426,7822,8342,7819
16427,7819,8342,8339
16428,8339,8344,8341
16429,8339,8342,8344
16430,8342,8345,8344
16431,8342,8343,8345
16432,7826,7827,8347
16433,7826,8347,8346
16434,7826,8346,7823
16435,7823,8346,8343
16436,8343,8348,8345
16437,8343,8346,8348
16438,8346,8349,8348
16439,8346,8347,8349
16440,7830,7831,8351
16441,7830,8351,8350
16442,7830,8350,7827
16443,7827,8350,8347
16444,8347,8352,8349
16445,8347,8350,8352
16446,8350,8353,8352
16447,8350,8351,8353
16448,7834,7835,8355
16449,7834,8355,8354
16450,7834,8354,7831
16451,7831,8354,8351
16452,8351,8356,8353
16453,8351,8354,8356
16454,8354,8357,8356
16455,8354,8355,8357
16456,7838,7839,8359
16457,7838,8359,8358
16458,7838,8358,7835
16459,7835,8358,8355
16460,8355,8360,8357
16461,8355,8358,8360
16462,8358,8361,8360
16463,8358,8359,8361
16464,7842,7843,8363
16465,7842,8363,8362
16466,7842,8362,7839
16467,7839,8362,8359
16468,8359,8364,8361
16469,8359,8362,8364
16470,8362,8365,8364
16471,8362,8363,8365
16472,7846,7847,8367
16473,7846,8367,8366
16474,7846,8366,7843
16475,7843,8366,8363
16476,8363,8368,8365
16477,8363,8366,8368
16478,8366,8369,8368
16479,8366,8367,8369
16480,7850,7851,8371
16481,7850,8371,8370
16482,7850,8370,7847
16483,7847,8370,8367
16484,8367,8372,8369
16485,8367,8370,8372
16486,8370,8373,8372
16487,8370,8371,8373
16488,7855,7856,8375
16489,7855,8375,8374
16490,7855,8374,7851
16491,7851,8374,8371
16492,8371,8376,8373
16493,8371,8374,8376
16494,8374,8377,8376
16495,8374,8375,8377
16496,7856,7857,8378
16497,7856,8378,8379
16498,7856,8379,8375
16499,8375,8379,8377
16500,8380,8382,8381
16501,8380,8383,8382
16502,8380,8384,8383
16503,8380,8385,8384
16504,8380,8386,8385
16505,8380,8381,8386
16506,7862,7863,8388
16507,7862,8388,8387
16508,7862,8389,7861
16509,7862,8387,8389
16510,8381,8382,8389
16511,8381,8389,8387
16512,8381,8390,8386
16513,8381,8387,8390
16514,8387,8391,8390
16515,8387,8388,8391
16516,7866,7867,8393
16517,7866,8393,8392
16518,7866,8392,7863
16519,7863,8392,8388
16520,8388,8394,8391
16521,8388,8392,8394
16522,8392,8395,8394
16523,8392,8393,8395
16524,7812,8396,7870
16525,7870,8396,7867
16526,7867,8396,8393
16527,8393,8397,8395
16528,8393,8396,8397
16529,8334,8335,8397
16530,8334,8397,8396
16531,8334,8396,7812
16532,7857,7875,8398
16533,8378,8399,8379
16534,8378,7857,8398
16535,8378,8398,8399
16536,7878,7879,8401
16537,7878,8401,8400
16538,7878,8400,7875
16539,7875,8400,8398
16540,8398,8402,8399
16541,8398,8400,8402
16542,8400,8403,8402
16543,8400,8401,8403
16544,8404,8406,8405
16545,7879,7881,8406
16546,7879,8406,8404
16547,7879,8404,8401
16548,8401,8407,8403
16549,8401,8404,8407
16550,8404,8408,8407
16551,8404,8405,8408
16552,8405,8406,8409
16553,8405,8409,8408
16554,8410,8412,8411
16555,8410,8413,8412
16556,8410,8414,8413
16557,8410,8415,8414
16558,8410,8416,8415
16559,8410,8411,8416
16560,7886,7887,8418
16561,7886,8418,8417
16562,7886,8419,7885
16563,7886,8417,8419
16564,8411,8412,8419
16565,8411,8419,8417
16566,8411,8420,8416
16567,8411,8417,8420
16568,8417,8421,8420
16569,8417,8418,8421
16570,7890,7891,8423
16571,7890,8423,8422
16572,7890,8422,7887
16573,7887,8422,8418
16574,8418,8424,8421
16575,8418,8422,8424
16576,8383,8384,8424
16577,8383,8424,8422
16578,8383,8423,8382
16579,8383,8422,8423
16580,7861,8425,7893
16581,7893,8425,7891
16582,7891,8425,8423
16583,8423,8425,8382
16584,8382,8425,8389
16585,8389,8425,7861
16586,7881,7895,8426
16587,7881,8426,8406
16588,7898,7899,8428
16589,7898,8428,8427
16590,7898,8427,7895
16591,7895,8427,8426
16592,8426,8427,8406
16593,8406,8429,8409
16594,8406,8427,8429
16595,8427,8428,8429
16596,8430,8432,8431
16597,7899,7901,8432
16598,7899,8432,8430
16599,7899,8430,8428
16600,8428,8433,8429
16601,8428,8430,8433
16602,8430,8434,8433
16603,8430,8431,8434
16604,8431,8432,8435
16605,8431,8435,8434
16606,7907,7908,8437
16607,7907,8437,8436
16608,7907,8438,7906
16609,7907,8436,8438
16610,8436,8439,8438
16611,8436,8440,8439
16612,8436,8441,8440
16613,8436,8437,8441
16614,7912,7913,8443
16615,7912,8443,8442
16616,7912,8442,7908
16617,7908,8442,8437
16618,8437,8444,8441
16619,8437,8442,8444
16620,8413,8414,8444
16621,8413,8444,8442
16622,8413,8443,8412
16623,8413,8442,8443
16624,7885,8445,7915
16625,7915,8445,7913
16626,7913,8445,8443
16627,8443,8445,8412
16628,8412,8445,8419
16629,8419,8445,7885
16630,7901,7917,8446
16631,7901,8446,8432
16632,7921,7922,8448
16633,7921,8448,8447
16634,7921,8447,7917
16635,7917,8447,8446
16636,8446,8447,8432
16637,8432,8449,8435
16638,8432,8447,8449
16639,8447,8448,8449
16640,7922,7923,8450
16641,7922,8450,8451
16642,7922,8451,8448
16643,8448,8451,8449
16644,7928,7929,8453
16645,7928,8453,8452
16646,7928,8454,7927
16647,7928,8452,8454
16648,8452,8455,8454
16649,8452,8456,8455
16650,8452,8457,8456
16651,8452,8453,8457
16652,7906,8458,7932
16653,7932,8458,7929
16654,7929,8458,8453
16655,8453,8459,8457
16656,8453,8458,8459
16657,8438,8439,8459
16658,8438,8459,8458
16659,8438,8458,7906
16660,7923,7937,8460
16661,8450,8461,8451
16662,8450,7923,8460
16663,8450,8460,8461
16664,7937,7939,8462
16665,7937,8462,8463
16666,7937,8463,8460
16667,8460,8463,8461
16668,7944,7945,8465
16669,7944,8465,8464
16670,7944,8466,7943
16671,7944,8464,8466
16672,8464,8467,8466
16673,8464,8468,8467
16674,8464,8469,8468
16675,8464,8465,8469
16676,7927,8470,7947
16677,7947,8470,7945
16678,7945,8470,8465
16679,8465,8471,8469
16680,8465,8470,8471
16681,8454,8455,8471
16682,8454,8471,8470
16683,8454,8470,7927
16684,7939,7949,8472
16685,8462,8473,8463
16686,8462,7939,8472
16687,8462,8472,8473
16688,7949,7951,8474
16689,7949,8474,8475
16690,7949,8475,8472
16691,8472,8475,8473
16692,7956,7957,8477
16693,7956,8477,8476
16694,7956,8478,7955
16695,7956,8476,8478
16696,8476,8479,8478
16697,8476,8480,8479
16698,8476,8481,8480
16699,8476,8477,8481
16700,7943,8482,7959
16701,7959,8482,7957
16702,7957,8482,8477
16703,8477,8483,8481
16704,8477,8482,8483
16705,8466,8467,8483
16706,8466,8483,8482
16707,8466,8482,7943
16708,7951,7961,8484
16709,8474,8485,8475
16710,8474,7951,8484
16711,8474,8484,8485
16712,7961,7963,8486
16713,7961,8486,8487
16714,7961,8487,8484
16715,8484,8487,8485
16716,7969,7970,8489
16717,7969,8489,8488
16718,7969,8490,7968
16719,7969,8488,8490
16720,8488,8491,8490
16721,8488,8492,8491
16722,8488,8493,8492
16723,8488,8489,8493
16724,7955,8494,7973
16725,7973,8494,7970
16726,7970,8494,8489
16727,8489,8495,8493
16728,8489,8494,8495
16729,8478,8479,8495
16730,8478,8495,8494
16731,8478,8494,7955
16732,7963,7976,8496
16733,8486,8497,8487
16734,8486,7963,8496
16735,8486,8496,8497
16736,7976,7977,8498
16737,7976,8498,8499
16738,7976,8499,8496
16739,8496,8499,8497
16740,8500,8502,8501
16741,8500,8503,8502
16742,8500,8504,8503
16743,8500,8505,8504
16744,8500,8506,8505
16745,8500,8501,8506
16746,7968,8507,7982
16747,7982,8508,7981
16748,7982,8507,8508
16749,8501,8502,8508
16750,8501,8508,8507
16751,8501,8509,8506
16752,8501,8507,8509
16753,8490,8491,8509
16754,8490,8509,8507
16755,8490,8507,7968
16756,7977,7987,8511
16757,7977,8511,8510
16758,7987,7986,8511
16759,8498,8512,8499
16760,8498,7977,8510
16761,8498,8510,8512
16762,8510,8511,8513
16763,8510,8513,8512
16764,7992,7993,8515
16765,7992,8515,8514
16766,7992,8516,7991
16767,7992,8514,8516
16768,8514,8517,8516
16769,8514,8518,8517
16770,8503,8504,8518
16771,8503,8518,8514
16772,8503,8515,8502
16773,8503,8514,8515
16774,7981,8519,7995
16775,7995,8519,7993
16776,7993,8519,8515
16777,8515,8519,8502
16778,8502,8519,8508
16779,8508,8519,7981
16780,7986,7997,8520
16781,7986,8520,8511
16782,7997,7999,8521
16783,7997,8521,8522
16784,7997,8522,8520
16785,8520,8522,8523
16786,8520,8523,8511
16787,8511,8523,8513
16788,8524,8526,8525
16789,8524,8527,8526
16790,8524,8528,8527
16791,8524,8529,8528
16792,8524,8530,8529
16793,8524,8525,8530
16794,7991,8531,8003
16795,8003,8532,8002
16796,8003,8531,8532
16797,8525,8526,8532
16798,8525,8532,8531
16799,8525,8533,8530
16800,8525,8531,8533
16801,8516,8517,8533
16802,8516,8533,8531
16803,8516,8531,7991
16804,7999,8007,8535
16805,7999,8535,8534
16806,8007,8006,8535
16807,8521,8536,8522
16808,8521,7999,8534
16809,8521,8534,8536
16810,8534,8535,8537
16811,8534,8537,8536
16812,8012,8013,8539
16813,8012,8539,8538
16814,8012,8540,8011
16815,8012,8538,8540
16816,8538,8541,8540
16817,8538,8542,8541
16818,8527,8528,8542
16819,8527,8542,8538
16820,8527,8539,8526
16821,8527,8538,8539
16822,8002,8543,8015
16823,8015,8543,8013
16824,8013,8543,8539
16825,8539,8543,8526
16826,8526,8543,8532
16827,8532,8543,8002
16828,8006,8017,8544
16829,8006,8544,8535
16830,8017,8019,8545
16831,8017,8545,8546
16832,8017,8546,8544
16833,8544,8546,8547
16834,8544,8547,8535
16835,8535,8547,8537
16836,8011,8548,8023
16837,8023,8549,8022
16838,8023,8548,8549
16839,8548,8550,8549
16840,8548,8551,8550
16841,8540,8541,8551
16842,8540,8551,8548
16843,8540,8548,8011
16844,8019,8027,8552
16845,8027,8553,8552
16846,8027,8026,8553
16847,8552,8553,8554
16848,8552,8554,8555
16849,8545,8552,8555
16850,8545,8555,8546
16851,8545,8019,8552
16852,8033,8034,8557
16853,8033,8557,8556
16854,8033,8558,8032
16855,8033,8556,8558
16856,8556,8559,8558
16857,8556,8560,8559
16858,8556,8561,8560
16859,8556,8557,8561
16860,8022,8562,8037
16861,8037,8562,8034
16862,8034,8562,8557
16863,8557,8563,8561
16864,8557,8562,8563
16865,8549,8550,8563
16866,8549,8563,8562
16867,8549,8562,8022
16868,8026,8040,8564
16869,8553,8565,8554
16870,8553,8026,8564
16871,8553,8564,8565
16872,8040,8041,8566
16873,8040,8566,8567
16874,8040,8567,8564
16875,8564,8567,8565
16876,8032,8568,8046
16877,8046,8569,8045
16878,8046,8568,8569
16879,8568,8570,8569
16880,8568,8571,8570
16881,8558,8559,8571
16882,8558,8571,8568
16883,8558,8568,8032
16884,8041,8051,8572
16885,8051,8573,8572
16886,8051,8050,8573
16887,8572,8573,8574
16888,8572,8574,8575
16889,8566,8572,8575
16890,8566,8575,8567
16891,8566,8041,8572
16892,8045,8576,8055
16893,8055,8577,8054
16894,8055,8576,8577
16895,8576,8578,8577
16896,8576,8579,8578
16897,8569,8570,8579
16898,8569,8579,8576
16899,8569,8576,8045
16900,8050,8059,8580
16901,8059,8581,8580
16902,8059,8058,8581
16903,8580,8581,8582
16904,8580,8582,8583
16905,8573,8580,8583
16906,8573,8583,8574
16907,8573,8050,8580
16908,8054,8584,8063
16909,8063,8585,8062
16910,8063,8584,8585
16911,8584,8586,8585
16912,8584,8587,8586
16913,8577,8578,8587
16914,8577,8587,8584
16915,8577,8584,8054
16916,8058,8067,8588
16917,8067,8589,8588
16918,8067,8066,8589
16919,8588,8589,8590
16920,8588,8590,8591
16921,8581,8588,8591
16922,8581,8591,8582
16923,8581,8058,8588
16924,8062,8592,8071
16925,8071,8593,8070
16926,8071,8592,8593
16927,8592,8594,8593
16928,8592,8595,8594
16929,8585,8586,8595
16930,8585,8595,8592
16931,8585,8592,8062
16932,8066,8075,8596
16933,8075,8597,8596
16934,8075,8074,8597
16935,8596,8597,8598
16936,8596,8598,8599
16937,8589,8596,8599
16938,8589,8599,8590
16939,8589,8066,8596
16940,8070,8600,8079
16941,8079,8601,8078
16942,8079,8600,8601
16943,8600,8602,8601
16944,8600,8603,8602
16945,8593,8594,8603
16946,8593,8603,8600
16947,8593,8600,8070
16948,8074,8083,8604
16949,8083,8605,8604
16950,8083,8082,8605
16951,8604,8605,8606
16952,8604,8606,8607
16953,8597,8604,8607
16954,8597,8607,8598
16955,8597,8074,8604
16956,8078,8608,8087
16957,8087,8609,8086
16958,8087,8608,8609
16959,8608,8610,8609
16960,8608,8611,8610
16961,8601,8602,8611
16962,8601,8611,8608
16963,8601,8608,8078
16964,8082,8091,8612
16965,8091,8613,8612
16966,8091,8090,8613
16967,8612,8613,8614
16968,8612,8614,8615
16969,8605,8612,8615
16970,8605,8615,8606
16971,8605,8082,8612
16972,8086,8616,8095
16973,8095,8617,8094
16974,8095,8616,8617
16975,8616,8618,8617
16976,8616,8619,8618
16977,8609,8610,8619
16978,8609,8619,8616
16979,8609,8616,8086
16980,8090,8099,8620
16981,8099,8621,8620
16982,8099,8098,8621
16983,8620,8621,8622
16984,8620,8622,8623
16985,8613,8620,8623
16986,8613,8623,8614
16987,8613,8090,8620
16988,8094,8624,8103
16989,8103,8625,8102
16990,8103,8624,8625
16991,8624,8626,8625
16992,8624,8627,8626
16993,8617,8618,8627
16994,8617,8627,8624
16995,8617,8624,8094
16996,8098,8107,8628
16997,8107,8629,8628
16998,8107,8106,8629
16999,8628,8629,8630
17000,8628,8630,8631
17001,8621,8628,8631
17002,8621,8631,8622
17003,8621,8098,8628
17004,8102,8632,8111
17005,8111,8633,8110
17006,8111,8632,8633
17007,8632,8634,8633
17008,8632,8635,8634
17009,8625,8626,8635
17010,8625,8635,8632
17011,8625,8632,8102
17012,8106,8115,8636
17013,8115,8637,8636
17014,8115,8114,8637
17015,8636,8637,8638
17016,8636,8638,8639
17017,8629,8636,8639
17018,8629,8639,8630
17019,8629,8106,8636
17020,8110,8640,8120
17021,8120,8641,8119
17022,8120,8640,8641
17023,8640,8642,8641
17024,8640,8643,8642
17025,8633,8634,8643
17026,8633,8643,8640
17027,8633,8640,8110
17028,8114,8125,8644
17029,8125,8645,8644
17030,8125,8124,8645
17031,8644,8645,8646
17032,8644,8646,8647
17033,8637,8644,8647
17034,8637,8647,8638
17035,8637,8114,8644
17036,8119,8648,8126
17037,8641,8642,8649
17038,8641,8649,8648
17039,8641,8648,8119
17040,8126,8650,8129
17041,8126,8648,8651
17042,8126,8651,8650
17043,8648,8649,8651
17044,8133,8652,8653
17045,8133,8653,8134
17046,8133,8654,8652
17047,8133,8132,8654
17048,8652,8654,8655
17049,8652,8655,8656
17050,8652,8656,8657
17051,8652,8657,8653
17052,8124,8135,8658
17053,8135,8134,8658
17054,8134,8653,8658
17055,8653,8659,8658
17056,8653,8657,8659
17057,8645,8658,8659
17058,8645,8659,8646
17059,8645,8124,8658
17060,8129,8660,8139
17061,8139,8661,8138
17062,8139,8660,8661
17063,8660,8662,8661
17064,8660,8663,8662
17065,8650,8651,8663
17066,8650,8663,8660
17067,8650,8660,8129
17068,8132,8143,8664
17069,8143,8665,8664
17070,8143,8142,8665
17071,8664,8665,8666
17072,8664,8666,8667
17073,8654,8664,8667
17074,8654,8667,8655
17075,8654,8132,8664
17076,8138,8669,8145
17077,8138,8668,8669
17078,8668,8670,8669
17079,8668,8671,8670
17080,8668,8672,8671
17081,8661,8662,8672
17082,8661,8672,8668
17083,8661,8668,8138
17084,8145,8673,8147
17085,8145,8669,8673
17086,8152,8674,8153
17087,8152,8151,8674
17088,8142,8155,8675
17089,8155,8153,8675
17090,8153,8676,8675
17091,8153,8674,8676
17092,8675,8676,8677
17093,8665,8675,8677
17094,8665,8677,8666
17095,8665,8142,8675
17096,8670,8671,8678
17097,8670,8678,8669
17098,8147,8679,8159
17099,8159,8680,8158
17100,8159,8679,8680
17101,8679,8681,8680
17102,8669,8678,8681
17103,8669,8681,8679
17104,8669,8679,8673
17105,8673,8679,8147
17106,8151,8163,8682
17107,8163,8683,8682
17108,8163,8162,8683
17109,8682,8683,8684
17110,8682,8684,8685
17111,8682,8685,8686
17112,8151,8682,8686
17113,8151,8686,8674
17114,8674,8686,8687
17115,8674,8687,8676
17116,8158,8689,8165
17117,8158,8688,8689
17118,8688,8690,8689
17119,8688,8691,8690
17120,8688,8692,8691
17121,8680,8681,8692
17122,8680,8692,8688
17123,8680,8688,8158
17124,8165,8693,8167
17125,8165,8689,8693
17126,8172,8694,8173
17127,8172,8171,8694
17128,8162,8175,8695
17129,8175,8173,8695
17130,8173,8696,8695
17131,8173,8694,8696
17132,8695,8696,8697
17133,8683,8695,8697
17134,8683,8697,8684
17135,8683,8162,8695
17136,8690,8691,8698
17137,8690,8698,8689
17138,8167,8699,8180
17139,8180,8700,8179
17140,8180,8699,8700
17141,8699,8701,8700
17142,8689,8698,8701
17143,8689,8701,8699
17144,8689,8699,8693
17145,8693,8699,8167
17146,8171,8185,8702
17147,8185,8703,8702
17148,8185,8184,8703
17149,8702,8703,8704
17150,8702,8704,8705
17151,8702,8705,8706
17152,8171,8702,8706
17153,8171,8706,8694
17154,8694,8706,8707
17155,8694,8707,8696
17156,8179,8708,8186
17157,8700,8701,8709
17158,8700,8709,8708
17159,8700,8708,8179
17160,8186,8710,8189
17161,8186,8708,8711
17162,8186,8711,8710
17163,8708,8709,8711
17164,8193,8712,8713
17165,8193,8713,8194
17166,8193,8714,8712
17167,8193,8192,8714
17168,8712,8714,8715
17169,8712,8715,8716
17170,8712,8716,8717
17171,8712,8717,8713
17172,8184,8195,8718
17173,8195,8194,8718
17174,8194,8713,8718
17175,8713,8719,8718
17176,8713,8717,8719
17177,8703,8718,8719
17178,8703,8719,8704
17179,8703,8184,8718
17180,8189,8720,8197
17181,8710,8711,8721
17182,8710,8721,8720
17183,8710,8720,8189
17184,8197,8722,8199
17185,8197,8720,8723
17186,8197,8723,8722
17187,8720,8721,8723
17188,8204,8724,8725
17189,8204,8725,8205
17190,8204,8726,8724
17191,8204,8203,8726
17192,8724,8726,8727
17193,8724,8727,8728
17194,8724,8728,8729
17195,8724,8729,8725
17196,8192,8207,8730
17197,8207,8205,8730
17198,8205,8725,8730
17199,8725,8731,8730
17200,8725,8729,8731
17201,8714,8730,8731
17202,8714,8731,8715
17203,8714,8192,8730
17204,8199,8732,8209
17205,8722,8723,8733
17206,8722,8733,8732
17207,8722,8732,8199
17208,8209,8734,8211
17209,8209,8732,8735
17210,8209,8735,8734
17211,8732,8733,8735
17212,8216,8736,8737
17213,8216,8737,8217
17214,8216,8738,8736
17215,8216,8215,8738
17216,8736,8738,8739
17217,8736,8739,8740
17218,8736,8740,8741
17219,8736,8741,8737
17220,8203,8219,8742
17221,8219,8217,8742
17222,8217,8737,8742
17223,8737,8743,8742
17224,8737,8741,8743
17225,8726,8742,8743
17226,8726,8743,8727
17227,8726,8203,8742
17228,8211,8744,8221
17229,8734,8735,8745
17230,8734,8745,8744
17231,8734,8744,8211
17232,8221,8746,8224
17233,8221,8744,8747
17234,8221,8747,8746
17235,8744,8745,8747
17236,8230,8748,8749
17237,8230,8749,8231
17238,8230,8750,8748
17239,8230,8229,8750
17240,8748,8750,8751
17241,8748,8751,8752
17242,8748,8752,8753
17243,8748,8753,8749
17244,8215,8233,8754
17245,8233,8231,8754
17246,8231,8749,8754
17247,8749,8755,8754
17248,8749,8753,8755
17249,8738,8754,8755
17250,8738,8755,8739
17251,8738,8215,8754
17252,8224,8756,8234
17253,8746,8747,8757
17254,8746,8757,8756
17255,8746,8756,8224
17256,8236,8758,8237
17257,8236,8234,8759
17258,8236,8759,8758
17259,8234,8756,8760
17260,8234,8760,8759
17261,8756,8757,8760
17262,8237,8761,8239
17263,8237,8758,8761
17264,8244,8762,8245
17265,8244,8243,8762
17266,8247,8763,8764
17267,8247,8764,8248
17268,8247,8245,8763
17269,8245,8765,8763
17270,8245,8762,8765
17271,8763,8765,8766
17272,8763,8766,8767
17273,8763,8767,8764
17274,8229,8249,8768
17275,8249,8248,8768
17276,8248,8764,8768
17277,8764,8769,8768
17278,8764,8767,8769
17279,8750,8768,8769
17280,8750,8769,8751
17281,8750,8229,8768
17282,8759,8760,8770
17283,8759,8770,8758
17284,8239,8771,8251
17285,8758,8770,8772
17286,8758,8772,8773
17287,8758,8773,8761
17288,8761,8773,8771
17289,8761,8771,8239
17290,8254,8774,8255
17291,8254,8251,8775
17292,8254,8775,8774
17293,8251,8771,8776
17294,8251,8776,8775
17295,8771,8773,8776
17296,8255,8777,8257
17297,8255,8774,8777
17298,8262,8778,8263
17299,8262,8261,8778
17300,8266,8779,8780
17301,8266,8780,8267
17302,8266,8263,8779
17303,8263,8781,8779
17304,8263,8778,8781
17305,8779,8781,8782
17306,8779,8782,8783
17307,8779,8783,8780
17308,8243,8269,8784
17309,8269,8267,8784
17310,8267,8780,8784
17311,8780,8785,8784
17312,8780,8783,8785
17313,8784,8785,8786
17314,8243,8784,8786
17315,8243,8786,8762
17316,8762,8786,8787
17317,8762,8787,8765
17318,8775,8776,8788
17319,8775,8788,8774
17320,8257,8789,8271
17321,8774,8788,8790
17322,8774,8790,8791
17323,8774,8791,8777
17324,8777,8791,8789
17325,8777,8789,8257
17326,8274,8792,8793
17327,8274,8793,8275
17328,8274,8271,8792
17329,8271,8789,8792
17330,8789,8794,8792
17331,8789,8791,8794
17332,8792,8794,8795
17333,8792,8795,8793
17334,8275,8796,8278
17335,8275,8793,8797
17336,8275,8797,8796
17337,8793,8795,8797
17338,8284,8798,8799
17339,8284,8799,8285
17340,8284,8800,8798
17341,8284,8283,8800
17342,8798,8800,8801
17343,8798,8801,8802
17344,8798,8802,8803
17345,8798,8803,8799
17346,8288,8804,8805
17347,8288,8805,8289
17348,8288,8285,8804
17349,8285,8799,8804
17350,8799,8806,8804
17351,8799,8803,8806
17352,8804,8806,8807
17353,8804,8807,8805
17354,8261,8291,8808
17355,8291,8289,8808
17356,8289,8805,8808
17357,8805,8809,8808
17358,8805,8807,8809
17359,8808,8809,8810
17360,8261,8808,8810
17361,8261,8810,8778
17362,8778,8810,8811
17363,8778,8811,8781
17364,8278,8812,8292
17365,8796,8797,8813
17366,8796,8813,8812
17367,8796,8812,8278
17368,8294,8814,8815
17369,8294,8815,8295
17370,8294,8292,8814
17371,8292,8812,8814
17372,8812,8816,8814
17373,8812,8813,8816
17374,8814,8816,8817
17375,8814,8817,8815
17376,8298,8818,8819
17377,8298,8819,8299
17378,8298,8295,8818
17379,8295,8815,8818
17380,8815,8820,8818
17381,8815,8817,8820
17382,8818,8820,8821
17383,8818,8821,8819
17384,8302,8822,8823
17385,8302,8823,8303
17386,8302,8299,8822
17387,8299,8819,8822
17388,8819,8824,8822
17389,8819,8821,8824
17390,8822,8824,8825
17391,8822,8825,8823
17392,8306,8826,8827
17393,8306,8827,8307
17394,8306,8303,8826
17395,8303,8823,8826
17396,8823,8828,8826
17397,8823,8825,8828
17398,8826,8828,8829
17399,8826,8829,8827
17400,8310,8830,8831
17401,8310,8831,8311
17402,8310,8307,8830
17403,8307,8827,8830
17404,8827,8832,8830
17405,8827,8829,8832
17406,8830,8832,8833
17407,8830,8833,8831
17408,8314,8834,8835
17409,8314,8835,8315
17410,8314,8311,8834
17411,8311,8831,8834
17412,8831,8836,8834
17413,8831,8833,8836
17414,8834,8836,8837
17415,8834,8837,8835
17416,8318,8838,8839
17417,8318,8839,8319
17418,8318,8315,8838
17419,8315,8835,8838
17420,8835,8840,8838
17421,8835,8837,8840
17422,8838,8840,8841
17423,8838,8841,8839
17424,8322,8842,8843
17425,8322,8843,8323
17426,8322,8319,8842
17427,8319,8839,8842
17428,8839,8844,8842
17429,8839,8841,8844
17430,8842,8844,8845
17431,8842,8845,8843
17432,8326,8846,8847
17433,8326,8847,8327
17434,8326,8323,8846
17435,8323,8843,8846
17436,8843,8848,8846
17437,8843,8845,8848
17438,8846,8848,8849
17439,8846,8849,8847
17440,8329,8850,8851
17441,8329,8851,8330
17442,8329,8327,8850
17443,8327,8847,8850
17444,8847,8852,8850
17445,8847,8849,8852
17446,8850,8852,8853
17447,8850,8853,8851
17448,8283,8331,8854
17449,8331,8330,8854
17450,8330,8851,8854
17451,8851,8855,8854
17452,8851,8853,8855
17453,8800,8854,8855
17454,8800,8855,8801
17455,8800,8283,8854
17456,8856,8858,8857
17457,8856,8859,8858
17458,8856,8860,8859
17459,8856,8861,8860
17460,8856,8862,8861
17461,8856,8857,8862
17462,8863,8865,8864
17463,8863,8866,8865
17464,8857,8858,8866
17465,8857,8866,8863
17466,8857,8867,8862
17467,8857,8863,8867
17468,8863,8868,8867
17469,8863,8864,8868
17470,8869,8871,8870
17471,8869,8872,8871
17472,8864,8865,8872
17473,8864,8872,8869
17474,8864,8873,8868
17475,8864,8869,8873
17476,8869,8874,8873
17477,8869,8870,8874
17478,8870,8871,8875
17479,8870,8875,8874
17480,8876,8878,8877
17481,8876,8879,8878
17482,8876,8880,8879
17483,8876,8881,8880
17484,8876,8882,8881
17485,8876,8877,8882
17486,8336,8337,8884
17487,8336,8884,8883
17488,8336,8885,8335
17489,8336,8883,8885
17490,8877,8878,8885
17491,8877,8885,8883
17492,8877,8886,8882
17493,8877,8883,8886
17494,8883,8887,8886
17495,8883,8884,8887
17496,8340,8341,8889
17497,8340,8889,8888
17498,8340,8888,8337
17499,8337,8888,8884
17500,8884,8890,8887
17501,8884,8888,8890
17502,8888,8891,8890
17503,8888,8889,8891
17504,8344,8345,8893
17505,8344,8893,8892
17506,8344,8892,8341
17507,8341,8892,8889
17508,8889,8894,8891
17509,8889,8892,8894
17510,8892,8895,8894
17511,8892,8893,8895
17512,8348,8349,8897
17513,8348,8897,8896
17514,8348,8896,8345
17515,8345,8896,8893
17516,8893,8898,8895
17517,8893,8896,8898
17518,8896,8899,8898
17519,8896,8897,8899
17520,8352,8353,8901
17521,8352,8901,8900
17522,8352,8900,8349
17523,8349,8900,8897
17524,8897,8902,8899
17525,8897,8900,8902
17526,8859,8860,8902
17527,8859,8902,8900
17528,8859,8901,8858
17529,8859,8900,8901
17530,8356,8357,8904
17531,8356,8904,8903
17532,8356,8903,8353
17533,8353,8903,8901
17534,8901,8903,8858
17535,8858,8903,8866
17536,8866,8904,8865
17537,8866,8903,8904
17538,8360,8361,8906
17539,8360,8906,8905
17540,8360,8905,8357
17541,8357,8905,8904
17542,8904,8905,8865
17543,8865,8905,8872
17544,8872,8906,8871
17545,8872,8905,8906
17546,8364,8365,8908
17547,8364,8908,8907
17548,8364,8907,8361
17549,8361,8907,8906
17550,8906,8907,8871
17551,8871,8909,8875
17552,8871,8907,8909
17553,8907,8908,8909
17554,8368,8369,8911
17555,8368,8911,8910
17556,8368,8910,8365
17557,8365,8910,8908
17558,8908,8912,8909
17559,8908,8910,8912
17560,8910,8913,8912
17561,8910,8911,8913
17562,8372,8373,8915
17563,8372,8915,8914
17564,8372,8914,8369
17565,8369,8914,8911
17566,8911,8916,8913
17567,8911,8914,8916
17568,8914,8917,8916
17569,8914,8915,8917
17570,8376,8377,8919
17571,8376,8919,8918
17572,8376,8918,8373
17573,8373,8918,8915
17574,8915,8920,8917
17575,8915,8918,8920
17576,8918,8921,8920
17577,8918,8919,8921
17578,8922,8924,8923
17579,8377,8379,8924
17580,8377,8924,8922
17581,8377,8922,8919
17582,8919,8925,8921
17583,8919,8922,8925
17584,8922,8926,8925
17585,8922,8923,8926
17586,8923,8924,8927
17587,8923,8927,8926
17588,8385,8386,8929
17589,8385,8929,8928
17590,8385,8930,8384
17591,8385,8928,8930
17592,8928,8931,8930
17593,8928,8932,8931
17594,8928,8933,8932
17595,8928,8929,8933
17596,8390,8391,8935
17597,8390,8935,8934
17598,8390,8934,8386
17599,8386,8934,8929
17600,8929,8936,8933
17601,8929,8934,8936
17602,8934,8937,8936
17603,8934,8935,8937
17604,8394,8395,8939
17605,8394,8939,8938
17606,8394,8938,8391
17607,8391,8938,8935
17608,8935,8940,8937
17609,8935,8938,8940
17610,8879,8880,8940
17611,8879,8940,8938
17612,8879,8939,8878
17613,8879,8938,8939
17614,8335,8941,8397
17615,8397,8941,8395
17616,8395,8941,8939
17617,8939,8941,8878
17618,8878,8941,8885
17619,8885,8941,8335
17620,8379,8399,8942
17621,8379,8942,8924
17622,8402,8403,8944
17623,8402,8944,8943
17624,8402,8943,8399
17625,8399,8943,8942
17626,8942,8943,8924
17627,8924,8945,8927
17628,8924,8943,8945
17629,8943,8944,8945
17630,8407,8408,8947
17631,8407,8947,8946
17632,8407,8946,8403
17633,8403,8946,8944
17634,8944,8948,8945
17635,8944,8946,8948
17636,8946,8949,8948
17637,8946,8947,8949
17638,8408,8409,8950
17639,8408,8950,8951
17640,8408,8951,8947
17641,8947,8951,8949
17642,8415,8416,8953
17643,8415,8953,8952
17644,8415,8954,8414
17645,8415,8952,8954
17646,8952,8955,8954
17647,8952,8956,8955
17648,8952,8957,8956
17649,8952,8953,8957
17650,8420,8421,8959
17651,8420,8959,8958
17652,8420,8958,8416
17653,8416,8958,8953
17654,8953,8960,8957
17655,8953,8958,8960
17656,8958,8961,8960
17657,8958,8959,8961
17658,8384,8962,8424
17659,8424,8962,8421
17660,8421,8962,8959
17661,8959,8963,8961
17662,8959,8962,8963
17663,8930,8931,8963
17664,8930,8963,8962
17665,8930,8962,8384
17666,8409,8429,8964
17667,8950,8965,8951
17668,8950,8409,8964
17669,8950,8964,8965
17670,8433,8434,8967
17671,8433,8967,8966
17672,8433,8966,8429
17673,8429,8966,8964
17674,8964,8968,8965
17675,8964,8966,8968
17676,8966,8969,8968
17677,8966,8967,8969
17678,8434,8435,8970
17679,8434,8970,8971
17680,8434,8971,8967
17681,8967,8971,8969
17682,8440,8441,8973
17683,8440,8973,8972
17684,8440,8974,8439
17685,8440,8972,8974
17686,8972,8975,8974
17687,8972,8976,8975
17688,8972,8977,8976
17689,8972,8973,8977
17690,8414,8978,8444
17691,8444,8978,8441
17692,8441,8978,8973
17693,8973,8979,8977
17694,8973,8978,8979
17695,8954,8955,8979
17696,8954,8979,8978
17697,8954,8978,8414
17698,8435,8449,8980
17699,8970,8981,8971
17700,8970,8435,8980
17701,8970,8980,8981
17702,8449,8451,8982
17703,8449,8982,8983
17704,8449,8983,8980
17705,8980,8983,8981
17706,8456,8457,8985
17707,8456,8985,8984
17708,8456,8986,8455
17709,8456,8984,8986
17710,8984,8987,8986
17711,8984,8988,8987
17712,8984,8989,8988
17713,8984,8985,8989
17714,8439,8990,8459
17715,8459,8990,8457
17716,8457,8990,8985
17717,8985,8991,8989
17718,8985,8990,8991
17719,8974,8975,8991
17720,8974,8991,8990
17721,8974,8990,8439
17722,8451,8461,8992
17723,8982,8993,8983
17724,8982,8451,8992
17725,8982,8992,8993
17726,8461,8463,8994
17727,8461,8994,8995
17728,8461,8995,8992
17729,8992,8995,8993
17730,8468,8469,8997
17731,8468,8997,8996
17732,8468,8998,8467
17733,8468,8996,8998
17734,8996,8999,8998
17735,8996,9000,8999
17736,8996,9001,9000
17737,8996,8997,9001
17738,8455,9002,8471
17739,8471,9002,8469
17740,8469,9002,8997
17741,8997,9003,9001
17742,8997,9002,9003
17743,8986,8987,9003
17744,8986,9003,9002
17745,8986,9002,8455
17746,8463,8473,9004
17747,8994,9005,8995
17748,8994,8463,9004
17749,8994,9004,9005
17750,8473,8475,9006
17751,8473,9006,9007
17752,8473,9007,9004
17753,9004,9007,9005
17754,8480,8481,9009
17755,8480,9009,9008
17756,8480,9010,8479
17757,8480,9008,9010
17758,9008,9011,9010
17759,9008,9012,9011
17760,9008,9013,9012
17761,9008,9009,9013
17762,8467,9014,8483
17763,8483,9014,8481
17764,8481,9014,9009
17765,9009,9015,9013
17766,9009,9014,9015
17767,8998,8999,9015
17768,8998,9015,9014
17769,8998,9014,8467
17770,8475,8485,9016
17771,9006,9017,9007
17772,9006,8475,9016
17773,9006,9016,9017
17774,8485,8487,9018
17775,8485,9018,9019
17776,8485,9019,9016
17777,9016,9019,9017
17778,8492,8493,9021
17779,8492,9021,9020
17780,8492,9022,8491
17781,8492,9020,9022
17782,9020,9023,9022
17783,9020,9024,9023
17784,9020,9025,9024
17785,9020,9021,9025
17786,8479,9026,8495
17787,8495,9026,8493
17788,8493,9026,9021
17789,9021,9027,9025
17790,9021,9026,9027
17791,9010,9011,9027
17792,9010,9027,9026
17793,9010,9026,8479
17794,8487,8497,9028
17795,9018,9029,9019
17796,9018,8487,9028
17797,9018,9028,9029
17798,8497,8499,9030
17799,8497,9030,9031
17800,8497,9031,9028
17801,9028,9031,9029
17802,8505,8506,9033
17803,8505,9033,9032
17804,8505,9034,8504
17805,8505,9032,9034
17806,9032,9035,9034
17807,9032,9036,9035
17808,9032,9037,9036
17809,9032,9033,9037
17810,8491,9038,8509
17811,8509,9038,8506
17812,8506,9038,9033
17813,9033,9039,9037
17814,9033,9038,9039
17815,9022,9023,9039
17816,9022,9039,9038
17817,9022,9038,8491
17818,8499,8512,9040
17819,9030,9041,9031
17820,9030,8499,9040
17821,9030,9040,9041
17822,8512,8513,9042
17823,8512,9042,9043
17824,8512,9043,9040
17825,9040,9043,9041
17826,8504,9044,8518
17827,8518,9045,8517
17828,8518,9044,9045
17829,9044,9046,9045
17830,9044,9047,9046
17831,9034,9035,9047
17832,9034,9047,9044
17833,9034,9044,8504
17834,8513,8523,9048
17835,8523,9049,9048
17836,8523,8522,9049
17837,9048,9049,9050
17838,9048,9050,9051
17839,9042,9048,9051
17840,9042,9051,9043
17841,9042,8513,9048
17842,8529,8530,9053
17843,8529,9053,9052
17844,8529,9054,8528
17845,8529,9052,9054
17846,9052,9055,9054
17847,9052,9056,9055
17848,9052,9057,9056
17849,9052,9053,9057
17850,8517,9058,8533
17851,8533,9058,8530
17852,8530,9058,9053
17853,9053,9059,9057
17854,9053,9058,9059
17855,9045,9046,9059
17856,9045,9059,9058
17857,9045,9058,8517
17858,8522,8536,9060
17859,9049,9061,9050
17860,9049,8522,9060
17861,9049,9060,9061
17862,8536,8537,9062
17863,8536,9062,9063
17864,8536,9063,9060
17865,9060,9063,9061
17866,8528,9064,8542
17867,8542,9065,8541
17868,8542,9064,9065
17869,9064,9066,9065
17870,9064,9067,9066
17871,9054,9055,9067
17872,9054,9067,9064
17873,9054,9064,8528
17874,8537,8547,9068
17875,8547,9069,9068
17876,8547,8546,9069
17877,9068,9069,9070
17878,9068,9070,9071
17879,9062,9068,9071
17880,9062,9071,9063
17881,9062,8537,9068
17882,9072,9074,9073
17883,9072,9075,9074
17884,9072,9076,9075
17885,9072,9077,9076
17886,9072,9078,9077
17887,9072,9073,9078
17888,8541,9079,8551
17889,8551,9080,8550
17890,8551,9079,9080
17891,9073,9074,9080
17892,9073,9080,9079
17893,9073,9081,9078
17894,9073,9079,9081
17895,9065,9066,9081
17896,9065,9081,9079
17897,9065,9079,8541
17898,8546,8555,9083
17899,8546,9083,9082
17900,8555,8554,9083
17901,9069,9084,9070
17902,9069,8546,9082
17903,9069,9082,9084
17904,9082,9083,9085
17905,9082,9085,9084
17906,8560,8561,9087
17907,8560,9087,9086
17908,8560,9088,8559
17909,8560,9086,9088
17910,9086,9089,9088
17911,9086,9090,9089
17912,9075,9076,9090
17913,9075,9090,9086
17914,9075,9087,9074
17915,9075,9086,9087
17916,8550,9091,8563
17917,8563,9091,8561
17918,8561,9091,9087
17919,9087,9091,9074
17920,9074,9091,9080
17921,9080,9091,8550
17922,8554,8565,9092
17923,8554,9092,9083
17924,8565,8567,9093
17925,8565,9093,9094
17926,8565,9094,9092
17927,9092,9094,9095
17928,9092,9095,9083
17929,9083,9095,9085
17930,8559,9096,8571
17931,8571,9097,8570
17932,8571,9096,9097
17933,9096,9098,9097
17934,9096,9099,9098
17935,9088,9089,9099
17936,9088,9099,9096
17937,9088,9096,8559
17938,8567,8575,9100
17939,8575,9101,9100
17940,8575,8574,9101
17941,9100,9101,9102
17942,9100,9102,9103
17943,9093,9100,9103
17944,9093,9103,9094
17945,9093,8567,9100
17946,8570,9104,8579
17947,8579,9105,8578
17948,8579,9104,9105
17949,9104,9106,9105
17950,9104,9107,9106
17951,9097,9098,9107
17952,9097,9107,9104
17953,9097,9104,8570
17954,8574,8583,9108
17955,8583,9109,9108
17956,8583,8582,9109
17957,9108,9109,9110
17958,9108,9110,9111
17959,9101,9108,9111
17960,9101,9111,9102
17961,9101,8574,9108
17962,8578,9112,8587
17963,8587,9113,8586
17964,8587,9112,9113
17965,9112,9114,9113
17966,9112,9115,9114
17967,9105,9106,9115
17968,9105,9115,9112
17969,9105,9112,8578
17970,8582,8591,9116
17971,8591,9117,9116
17972,8591,8590,9117
17973,9116,9117,9118
17974,9116,9118,9119
17975,9109,9116,9119
17976,9109,9119,9110
17977,9109,8582,9116
17978,9120,9122,9121
17979,9120,9123,9122
17980,9120,9124,9123
17981,9120,9125,9124
17982,9120,9126,9125
17983,9120,9121,9126
17984,8586,9127,8595
17985,8595,9128,8594
17986,8595,9127,9128
17987,9121,9122,9128
17988,9121,9128,9127
17989,9121,9129,9126
17990,9121,9127,9129
17991,9113,9114,9129
17992,9113,9129,9127
17993,9113,9127,8586
17994,8590,8599,9131
17995,8590,9131,9130
17996,8599,8598,9131
17997,9117,9132,9118
17998,9117,8590,9130
17999,9117,9130,9132
18000,9130,9131,9133
18001,9130,9133,9132
18002,9134,9136,9135
18003,9134,9137,9136
18004,9134,9138,9137
18005,9134,9139,9138
18006,9123,9124,9139
18007,9123,9139,9134
18008,9123,9135,9122
18009,9123,9134,9135
18010,8594,9140,8603
18011,8603,9141,8602
18012,8603,9140,9141
18013,9135,9136,9141
18014,9135,9141,9140
18015,9135,9140,9122
18016,9122,9140,9128
18017,9128,9140,8594
18018,8598,8607,9143
18019,8598,9143,9142
18020,8607,8606,9143
18021,8598,9142,9131
18022,9142,9143,9144
18023,9142,9144,9145
18024,9142,9145,9131
18025,9131,9145,9133
18026,9146,9148,9147
18027,9146,9149,9148
18028,9146,9150,9149
18029,9146,9151,9150
18030,9137,9138,9151
18031,9137,9151,9146
18032,9137,9147,9136
18033,9137,9146,9147
18034,8602,9152,8611
18035,8611,9153,8610
18036,8611,9152,9153
18037,9147,9148,9153
18038,9147,9153,9152
18039,9147,9152,9136
18040,9136,9152,9141
18041,9141,9152,8602
18042,8606,8615,9155
18043,8606,9155,9154
18044,8615,8614,9155
18045,8606,9154,9143
18046,9154,9155,9156
18047,9154,9156,9157
18048,9154,9157,9143
18049,9143,9157,9144
18050,9149,9150,9158
18051,9149,9158,9148
18052,8610,9159,8619
18053,8619,9160,8618
18054,8619,9159,9160
18055,9159,9161,9160
18056,9148,9158,9161
18057,9148,9161,9159
18058,9148,9159,9153
18059,9153,9159,8610
18060,8614,8623,9162
18061,8623,9163,9162
18062,8623,8622,9163
18063,9162,9163,9164
18064,9162,9164,9165
18065,9162,9165,9166
18066,8614,9162,9166
18067,8614,9166,9155
18068,9155,9166,9167
18069,9155,9167,9156
18070,8618,9168,8627
18071,8627,9169,8626
18072,8627,9168,9169
18073,9168,9170,9169
18074,9168,9171,9170
18075,9160,9161,9171
18076,9160,9171,9168
18077,9160,9168,8618
18078,8622,8631,9172
18079,8631,9173,9172
18080,8631,8630,9173
18081,9172,9173,9174
18082,9172,9174,9175
18083,9163,9172,9175
18084,9163,9175,9164
18085,9163,8622,9172
18086,8626,9176,8635
18087,8635,9177,8634
18088,8635,9176,9177
18089,9176,9178,9177
18090,9176,9179,9178
18091,9169,9170,9179
18092,9169,9179,9176
18093,9169,9176,8626
18094,8630,8639,9180
18095,8639,9181,9180
18096,8639,8638,9181
18097,9180,9181,9182
18098,9180,9182,9183
18099,9173,9180,9183
18100,9173,9183,9174
18101,9173,8630,9180
18102,8634,9184,8643
18103,8643,9185,8642
18104,8643,9184,9185
18105,9184,9186,9185
18106,9184,9187,9186
18107,9177,9178,9187
18108,9177,9187,9184
18109,9177,9184,8634
18110,8638,8647,9188
18111,8647,9189,9188
18112,8647,8646,9189
18113,9188,9189,9190
18114,9188,9190,9191
18115,9181,9188,9191
18116,9181,9191,9182
18117,9181,8638,9188
18118,8642,9193,8649
18119,8642,9192,9193
18120,9192,9194,9193
18121,9192,9195,9194
18122,9192,9196,9195
18123,9185,9186,9196
18124,9185,9196,9192
18125,9185,9192,8642
18126,8649,9197,8651
18127,8649,9193,9197
18128,8656,9198,8657
18129,8656,8655,9198
18130,8646,8659,9199
18131,8659,8657,9199
18132,8657,9200,9199
18133,8657,9198,9200
18134,9199,9200,9201
18135,9189,9199,9201
18136,9189,9201,9190
18137,9189,8646,9199
18138,9194,9195,9202
18139,9194,9202,9193
18140,8651,9203,8663
18141,8663,9204,8662
18142,8663,9203,9204
18143,9203,9205,9204
18144,9193,9202,9205
18145,9193,9205,9203
18146,9193,9203,9197
18147,9197,9203,8651
18148,8655,8667,9206
18149,8667,9207,9206
18150,8667,8666,9207
18151,9206,9207,9208
18152,9206,9208,9209
18153,9206,9209,9210
18154,8655,9206,9210
18155,8655,9210,9198
18156,9198,9210,9211
18157,9198,9211,9200
18158,8662,9212,8672
18159,8672,9213,8671
18160,8672,9212,9213
18161,9212,9214,9213
18162,9212,9215,9214
18163,9204,9205,9215
18164,9204,9215,9212
18165,9204,9212,8662
18166,8666,8677,9216
18167,8677,9217,9216
18168,8677,8676,9217
18169,9216,9217,9218
18170,9216,9218,9219
18171,9207,9216,9219
18172,9207,9219,9208
18173,9207,8666,9216
18174,8671,9220,8678
18175,9213,9214,9221
18176,9213,9221,9220
18177,9213,9220,8671
18178,8678,9222,8681
18179,8678,9220,9223
18180,8678,9223,9222
18181,9220,9221,9223
18182,8685,9224,9225
18183,8685,9225,8686
18184,8685,9226,9224
18185,8685,8684,9226
18186,9224,9226,9227
18187,9224,9227,9228
18188,9224,9228,9229
18189,9224,9229,9225
18190,8676,8687,9230
18191,8687,8686,9230
18192,8686,9225,9230
18193,9225,9231,9230
18194,9225,9229,9231
18195,9217,9230,9231
18196,9217,9231,9218
18197,9217,8676,9230
18198,8681,9232,8692
18199,8692,9233,8691
18200,8692,9232,9233
18201,9232,9234,9233
18202,9232,9235,9234
18203,9222,9223,9235
18204,9222,9235,9232
18205,9222,9232,8681
18206,8684,8697,9236
18207,8697,9237,9236
18208,8697,8696,9237
18209,9236,9237,9238
18210,9236,9238,9239
18211,9226,9236,9239
18212,9226,9239,9227
18213,9226,8684,9236
18214,8691,9240,8698
18215,9233,9234,9241
18216,9233,9241,9240
18217,9233,9240,8691
18218,8698,9242,8701
18219,8698,9240,9243
18220,8698,9243,9242
18221,9240,9241,9243
18222,8705,9244,9245
18223,8705,9245,8706
18224,8705,9246,9244
18225,8705,8704,9246
18226,9244,9246,9247
18227,9244,9247,9248
18228,9244,9248,9249
18229,9244,9249,9245
18230,8696,8707,9250
18231,8707,8706,9250
18232,8706,9245,9250
18233,9245,9251,9250
18234,9245,9249,9251
18235,9237,9250,9251
18236,9237,9251,9238
18237,9237,8696,9250
18238,8701,9252,8709
18239,9242,9243,9253
18240,9242,9253,9252
18241,9242,9252,8701
18242,8709,9254,8711
18243,8709,9252,9255
18244,8709,9255,9254
18245,9252,9253,9255
18246,8716,9256,9257
18247,8716,9257,8717
18248,8716,9258,9256
18249,8716,8715,9258
18250,9256,9258,9259
18251,9256,9259,9260
18252,9256,9260,9261
18253,9256,9261,9257
18254,8704,8719,9262
18255,8719,8717,9262
18256,8717,9257,9262
18257,9257,9263,9262
18258,9257,9261,9263
18259,9246,9262,9263
18260,9246,9263,9247
18261,9246,8704,9262
18262,8711,9264,8721
18263,9254,9255,9265
18264,9254,9265,9264
18265,9254,9264,8711
18266,8721,9266,8723
18267,8721,9264,9267
18268,8721,9267,9266
18269,9264,9265,9267
18270,8728,9268,9269
18271,8728,9269,8729
18272,8728,9270,9268
18273,8728,8727,9270
18274,9268,9270,9271
18275,9268,9271,9272
18276,9268,9272,9273
18277,9268,9273,9269
18278,8715,8731,9274
18279,8731,8729,9274
18280,8729,9269,9274
18281,9269,9275,9274
18282,9269,9273,9275
18283,9258,9274,9275
18284,9258,9275,9259
18285,9258,8715,9274
18286,8723,9276,8733
18287,9266,9267,9277
18288,9266,9277,9276
18289,9266,9276,8723
18290,8733,9278,8735
18291,8733,9276,9279
18292,8733,9279,9278
18293,9276,9277,9279
18294,8740,9280,9281
18295,8740,9281,8741
18296,8740,9282,9280
18297,8740,8739,9282
18298,9280,9282,9283
18299,9280,9283,9284
18300,9280,9284,9285
18301,9280,9285,9281
18302,8727,8743,9286
18303,8743,8741,9286
18304,8741,9281,9286
18305,9281,9287,9286
18306,9281,9285,9287
18307,9270,9286,9287
18308,9270,9287,9271
18309,9270,8727,9286
18310,8735,9288,8745
18311,9278,9279,9289
18312,9278,9289,9288
18313,9278,9288,8735
18314,8745,9290,8747
18315,8745,9288,9291
18316,8745,9291,9290
18317,9288,9289,9291
18318,8752,9292,9293
18319,8752,9293,8753
18320,8752,9294,9292
18321,8752,8751,9294
18322,9292,9294,9295
18323,9292,9295,9296
18324,9292,9296,9297
18325,9292,9297,9293
18326,8739,8755,9298
18327,8755,8753,9298
18328,8753,9293,9298
18329,9293,9299,9298
18330,9293,9297,9299
18331,9282,9298,9299
18332,9282,9299,9283
18333,9282,8739,9298
18334,8747,9300,8757
18335,9290,9291,9301
18336,9290,9301,9300
18337,9290,9300,8747
18338,8757,9302,8760
18339,8757,9300,9303
18340,8757,9303,9302
18341,9300,9301,9303
18342,8766,9304,9305
18343,8766,9305,8767
18344,8766,9306,9304
18345,8766,8765,9306
18346,9304,9306,9307
18347,9304,9307,9308
18348,9304,9308,9309
18349,9304,9309,9305
18350,8751,8769,9310
18351,8769,8767,9310
18352,8767,9305,9310
18353,9305,9311,9310
18354,9305,9309,9311
18355,9294,9310,9311
18356,9294,9311,9295
18357,9294,8751,9310
18358,8760,9312,8770
18359,9302,9303,9313
18360,9302,9313,9312
18361,9302,9312,8760
18362,8772,9314,9315
18363,8772,9315,8773
18364,8772,8770,9314
18365,8770,9312,9314
18366,9312,9316,9314
18367,9312,9313,9316
18368,9314,9316,9317
18369,9314,9317,9315
18370,8773,9318,8776
18371,8773,9315,9319
18372,8773,9319,9318
18373,9315,9317,9319
18374,8782,9320,9321
18375,8782,9321,8783
18376,8782,9322,9320
18377,8782,8781,9322
18378,9320,9322,9323
18379,9320,9323,9324
18380,9320,9324,9325
18381,9320,9325,9321
18382,8785,9326,9327
18383,8785,9327,8786
18384,8785,8783,9326
18385,8783,9321,9326
18386,9321,9328,9326
18387,9321,9325,9328
18388,9326,9328,9329
18389,9326,9329,9327
18390,8765,8787,9330
18391,8787,8786,9330
18392,8786,9327,9330
18393,9327,9331,9330
18394,9327,9329,9331
18395,9306,9330,9331
18396,9306,9331,9307
18397,9306,8765,9330
18398,8776,9332,8788
18399,9318,9319,9333
18400,9318,9333,9332
18401,9318,9332,8776
18402,8790,9334,9335
18403,8790,9335,8791
18404,8790,8788,9334
18405,8788,9332,9334
18406,9332,9336,9334
18407,9332,9333,9336
18408,9334,9336,9337
18409,9334,9337,9335
18410,8794,9338,8795
18411,8794,8791,9339
18412,8794,9339,9338
18413,8791,9335,9340
18414,8791,9340,9339
18415,9335,9337,9340
18416,8795,9341,8797
18417,8795,9338,9341
18418,8802,9342,8803
18419,8802,8801,9342
18420,8806,9343,9344
18421,8806,9344,8807
18422,8806,8803,9343
18423,8803,9345,9343
18424,8803,9342,9345
18425,9343,9345,9346
18426,9343,9346,9347
18427,9343,9347,9344
18428,8809,9348,9349
18429,8809,9349,8810
18430,8809,8807,9348
18431,8807,9344,9348
18432,9344,9350,9348
18433,9344,9347,9350
18434,9348,9350,9351
18435,9348,9351,9349
18436,8781,8811,9352
18437,8811,8810,9352
18438,8810,9349,9352
18439,9349,9353,9352
18440,9349,9351,9353
18441,9322,9352,9353
18442,9322,9353,9323
18443,9322,8781,9352
18444,9339,9340,9354
18445,9339,9354,9338
18446,8797,9355,8813
18447,9338,9354,9356
18448,9338,9356,9357
18449,9338,9357,9341
18450,9341,9357,9355
18451,9341,9355,8797
18452,8816,9358,9359
18453,8816,9359,8817
18454,8816,8813,9358
18455,8813,9355,9358
18456,9355,9360,9358
18457,9355,9357,9360
18458,9358,9360,9361
18459,9358,9361,9359
18460,8820,9362,9363
18461,8820,9363,8821
18462,8820,8817,9362
18463,8817,9359,9362
18464,9359,9364,9362
18465,9359,9361,9364
18466,9362,9364,9365
18467,9362,9365,9363
18468,8824,9366,9367
18469,8824,9367,8825
18470,8824,8821,9366
18471,8821,9363,9366
18472,9363,9368,9366
18473,9363,9365,9368
18474,9366,9368,9369
18475,9366,9369,9367
18476,8828,9370,8829
18477,8828,8825,9371
18478,8828,9371,9370
18479,8825,9367,9372
18480,8825,9372,9371
18481,9367,9369,9372
18482,8832,9373,8833
18483,8832,8829,9374
18484,8832,9374,9373
18485,8829,9370,9374
18486,8836,9375,8837
18487,8836,8833,9376
18488,8836,9376,9375
18489,8833,9373,9376
18490,8840,9377,9378
18491,8840,9378,8841
18492,8840,8837,9377
18493,8837,9379,9377
18494,8837,9375,9379
18495,9377,9379,9380
18496,9377,9380,9381
18497,9377,9381,9378
18498,8844,9382,9383
18499,8844,9383,8845
18500,8844,8841,9382
18501,8841,9378,9382
18502,9378,9384,9382
18503,9378,9381,9384
18504,9382,9384,9385
18505,9382,9385,9383
18506,8848,9386,9387
18507,8848,9387,8849
18508,8848,8845,9386
18509,8845,9383,9386
18510,9383,9388,9386
18511,9383,9385,9388
18512,9386,9388,9389
18513,9386,9389,9387
18514,8852,9390,9391
18515,8852,9391,8853
18516,8852,8849,9390
18517,8849,9387,9390
18518,9387,9392,9390
18519,9387,9389,9392
18520,9390,9392,9393
18521,9390,9393,9391
18522,8801,8855,9394
18523,8855,8853,9394
18524,8853,9391,9394
18525,9391,9395,9394
18526,9391,9393,9395
18527,9394,9395,9396
18528,8801,9394,9396
18529,8801,9396,9342
18530,9342,9396,9397
18531,9342,9397,9345
18532,9371,9372,9398
18533,9371,9398,9370
18534,9370,9398,9399
18535,9370,9399,9400
18536,9370,9400,9374
18537,9374,9400,9373
18538,9373,9400,9401
18539,9373,9401,9402
18540,9373,9402,9376
18541,9376,9402,9375
18542,9375,9402,9403
18543,9375,9403,9379
18544,9404,9406,9405
18545,9404,9407,9406
18546,9404,9408,9407
18547,9404,9409,9408
18548,9404,9410,9409
18549,9404,9405,9410
18550,8861,8862,9412
18551,8861,9412,9411
18552,8861,9413,8860
18553,8861,9411,9413
18554,9405,9406,9413
18555,9405,9413,9411
18556,9405,9414,9410
18557,9405,9411,9414
18558,9411,9415,9414
18559,9411,9412,9415
18560,8867,8868,9417
18561,8867,9417,9416
18562,8867,9416,8862
18563,8862,9416,9412
18564,9412,9418,9415
18565,9412,9416,9418
18566,9416,9419,9418
18567,9416,9417,9419
18568,8873,8874,9421
18569,8873,9421,9420
18570,8873,9420,8868
18571,8868,9420,9417
18572,9417,9422,9419
18573,9417,9420,9422
18574,9420,9423,9422
18575,9420,9421,9423
18576,9424,9426,9425
18577,8874,8875,9426
18578,8874,9426,9424
18579,8874,9424,9421
18580,9421,9427,9423
18581,9421,9424,9427
18582,9424,9428,9427
18583,9424,9425,9428
18584,9425,9426,9429
18585,9425,9429,9428
18586,8881,8882,9431
18587,8881,9431,9430
18588,8881,9432,8880
18589,8881,9430,9432
18590,9430,9433,9432
18591,9430,9434,9433
18592,9430,9435,9434
18593,9430,9431,9435
18594,8886,8887,9437
18595,8886,9437,9436
18596,8886,9436,8882
18597,8882,9436,9431
18598,9431,9438,9435
18599,9431,9436,9438
18600,9436,9439,9438
18601,9436,9437,9439
18602,8890,8891,9441
18603,8890,9441,9440
18604,8890,9440,8887
18605,8887,9440,9437
18606,9437,9442,9439
18607,9437,9440,9442
18608,9440,9443,9442
18609,9440,9441,9443
18610,8894,8895,9445
18611,8894,9445,9444
18612,8894,9444,8891
18613,8891,9444,9441
18614,9441,9446,9443
18615,9441,9444,9446
18616,9444,9447,9446
18617,9444,9445,9447
18618,8898,8899,9449
18619,8898,9449,9448
18620,8898,9448,8895
18621,8895,9448,9445
18622,9445,9450,9447
18623,9445,9448,9450
18624,9407,9408,9450
18625,9407,9450,9448
18626,9407,9449,9406
18627,9407,9448,9449
18628,8860,9451,8902
18629,8902,9451,8899
18630,8899,9451,9449
18631,9449,9451,9406
18632,9406,9451,9413
18633,9413,9451,8860
18634,8875,8909,9452
18635,8875,9452,9426
18636,8912,8913,9454
18637,8912,9454,9453
18638,8912,9453,8909
18639,8909,9453,9452
18640,9452,9453,9426
18641,9426,9455,9429
18642,9426,9453,9455
18643,9453,9454,9455
18644,8916,8917,9457
18645,8916,9457,9456
18646,8916,9456,8913
18647,8913,9456,9454
18648,9454,9458,9455
18649,9454,9456,9458
18650,9456,9459,9458
18651,9456,9457,9459
18652,8920,8921,9461
18653,8920,9461,9460
18654,8920,9460,8917
18655,8917,9460,9457
18656,9457,9462,9459
18657,9457,9460,9462
18658,9460,9463,9462
18659,9460,9461,9463
18660,8925,8926,9465
18661,8925,9465,9464
18662,8925,9464,8921
18663,8921,9464,9461
18664,9461,9466,9463
18665,9461,9464,9466
18666,9464,9467,9466
18667,9464,9465,9467
18668,8926,8927,9468
18669,8926,9468,9469
18670,8926,9469,9465
18671,9465,9469,9467
18672,8932,8933,9471
18673,8932,9471,9470
18674,8932,9472,8931
18675,8932,9470,9472
18676,9470,9473,9472
18677,9470,9474,9473
18678,9470,9475,9474
18679,9470,9471,9475
18680,8936,8937,9477
18681,8936,9477,9476
18682,8936,9476,8933
18683,8933,9476,9471
18684,9471,9478,9475
18685,9471,9476,9478
18686,9476,9479,9478
18687,9476,9477,9479
18688,8880,9480,8940
18689,8940,9480,8937
18690,8937,9480,9477
18691,9477,9481,9479
18692,9477,9480,9481
18693,9432,9433,9481
18694,9432,9481,9480
18695,9432,9480,8880
18696,8927,8945,9482
18697,9468,9483,9469
18698,9468,8927,9482
18699,9468,9482,9483
18700,8948,8949,9485
18701,8948,9485,9484
18702,8948,9484,8945
18703,8945,9484,9482
18704,9482,9486,9483
18705,9482,9484,9486
18706,9484,9487,9486
18707,9484,9485,9487
18708,8949,8951,9488
18709,8949,9488,9489
18710,8949,9489,9485
18711,9485,9489,9487
18712,8956,8957,9491
18713,8956,9491,9490
18714,8956,9492,8955
18715,8956,9490,9492
18716,9490,9493,9492
18717,9490,9494,9493
18718,9490,9495,9494
18719,9490,9491,9495
18720,8960,8961,9497
18721,8960,9497,9496
18722,8960,9496,8957
18723,8957,9496,9491
18724,9491,9498,9495
18725,9491,9496,9498
18726,9496,9499,9498
18727,9496,9497,9499
18728,8931,9500,8963
18729,8963,9500,8961
18730,8961,9500,9497
18731,9497,9501,9499
18732,9497,9500,9501
18733,9472,9473,9501
18734,9472,9501,9500
18735,9472,9500,8931
18736,8951,8965,9502
18737,9488,9503,9489
18738,9488,8951,9502
18739,9488,9502,9503
18740,8968,8969,9505
18741,8968,9505,9504
18742,8968,9504,8965
18743,8965,9504,9502
18744,9502,9506,9503
18745,9502,9504,9506
18746,9504,9507,9506
18747,9504,9505,9507
18748,8969,8971,9508
18749,8969,9508,9509
18750,8969,9509,9505
18751,9505,9509,9507
18752,8976,8977,9511
18753,8976,9511,9510
18754,8976,9512,8975
18755,8976,9510,9512
18756,9510,9513,9512
18757,9510,9514,9513
18758,9510,9515,9514
18759,9510,9511,9515
18760,8955,9516,8979
18761,8979,9516,8977
18762,8977,9516,9511
18763,9511,9517,9515
18764,9511,9516,9517
18765,9492,9493,9517
18766,9492,9517,9516
18767,9492,9516,8955
18768,8971,8981,9518
18769,9508,9519,9509
18770,9508,8971,9518
18771,9508,9518,9519
18772,8981,8983,9520
18773,8981,9520,9521
18774,8981,9521,9518
18775,9518,9521,9519
18776,9522,9524,9523
18777,9522,9525,9524
18778,9522,9526,9525
18779,9522,9527,9526
18780,9522,9528,9527
18781,9522,9523,9528
18782,8988,8989,9530
18783,8988,9530,9529
18784,8988,9531,8987
18785,8988,9529,9531
18786,9523,9524,9531
18787,9523,9531,9529
18788,9523,9532,9528
18789,9523,9529,9532
18790,9529,9533,9532
18791,9529,9530,9533
18792,8975,9534,8991
18793,8991,9534,8989
18794,8989,9534,9530
18795,9530,9535,9533
18796,9530,9534,9535
18797,9512,9513,9535
18798,9512,9535,9534
18799,9512,9534,8975
18800,8983,8993,9536
18801,9520,9537,9521
18802,9520,8983,9536
18803,9520,9536,9537
18804,9538,9540,9539
18805,8993,8995,9540
18806,8993,9540,9538
18807,8993,9538,9536
18808,9536,9541,9537
18809,9536,9538,9541
18810,9538,9542,9541
18811,9538,9539,9542
18812,9539,9540,9543
18813,9539,9543,9542
18814,9544,9546,9545
18815,9544,9547,9546
18816,9544,9548,9547
18817,9544,9549,9548
18818,9544,9550,9549
18819,9544,9545,9550
18820,9000,9001,9552
18821,9000,9552,9551
18822,9000,9553,8999
18823,9000,9551,9553
18824,9545,9546,9553
18825,9545,9553,9551
18826,9545,9554,9550
18827,9545,9551,9554
18828,9525,9526,9554
18829,9525,9554,9551
18830,9525,9552,9524
18831,9525,9551,9552
18832,8987,9555,9003
18833,9003,9555,9001
18834,9001,9555,9552
18835,9552,9555,9524
18836,9524,9555,9531
18837,9531,9555,8987
18838,8995,9005,9556
18839,8995,9556,9540
18840,9557,9559,9558
18841,9005,9007,9559
18842,9005,9559,9557
18843,9005,9557,9556
18844,9556,9557,9540
18845,9540,9560,9543
18846,9540,9557,9560
18847,9557,9558,9560
18848,9558,9559,9561
18849,9558,9561,9560
18850,9012,9013,9563
18851,9012,9563,9562
18852,9012,9564,9011
18853,9012,9562,9564
18854,9562,9565,9564
18855,9562,9566,9565
18856,9547,9548,9566
18857,9547,9566,9562
18858,9547,9563,9546
18859,9547,9562,9563
18860,8999,9567,9015
18861,9015,9567,9013
18862,9013,9567,9563
18863,9563,9567,9546
18864,9546,9567,9553
18865,9553,9567,8999
18866,9007,9017,9568
18867,9007,9568,9559
18868,9017,9019,9569
18869,9017,9569,9570
18870,9017,9570,9568
18871,9568,9570,9571
18872,9568,9571,9559
18873,9559,9571,9561
18874,9024,9025,9573
18875,9024,9573,9572
18876,9024,9574,9023
18877,9024,9572,9574
18878,9572,9575,9574
18879,9572,9576,9575
18880,9572,9577,9576
18881,9572,9573,9577
18882,9011,9578,9027
18883,9027,9578,9025
18884,9025,9578,9573
18885,9573,9579,9577
18886,9573,9578,9579
18887,9564,9565,9579
18888,9564,9579,9578
18889,9564,9578,9011
18890,9019,9029,9580
18891,9569,9581,9570
18892,9569,9019,9580
18893,9569,9580,9581
18894,9029,9031,9582
18895,9029,9582,9583
18896,9029,9583,9580
18897,9580,9583,9581
18898,9036,9037,9585
18899,9036,9585,9584
18900,9036,9586,9035
18901,9036,9584,9586
18902,9584,9587,9586
18903,9584,9588,9587
18904,9584,9589,9588
18905,9584,9585,9589
18906,9023,9590,9039
18907,9039,9590,9037
18908,9037,9590,9585
18909,9585,9591,9589
18910,9585,9590,9591
18911,9574,9575,9591
18912,9574,9591,9590
18913,9574,9590,9023
18914,9031,9041,9592
18915,9582,9593,9583
18916,9582,9031,9592
18917,9582,9592,9593
18918,9041,9043,9594
18919,9041,9594,9595
18920,9041,9595,9592
18921,9592,9595,9593
18922,9035,9596,9047
18923,9047,9597,9046
18924,9047,9596,9597
18925,9596,9598,9597
18926,9596,9599,9598
18927,9586,9587,9599
18928,9586,9599,9596
18929,9586,9596,9035
18930,9043,9051,9600
18931,9051,9601,9600
18932,9051,9050,9601
18933,9600,9601,9602
18934,9600,9602,9603
18935,9594,9600,9603
18936,9594,9603,9595
18937,9594,9043,9600
18938,9056,9057,9605
18939,9056,9605,9604
18940,9056,9606,9055
18941,9056,9604,9606
18942,9604,9607,9606
18943,9604,9608,9607
18944,9604,9609,9608
18945,9604,9605,9609
18946,9046,9610,9059
18947,9059,9610,9057
18948,9057,9610,9605
18949,9605,9611,9609
18950,9605,9610,9611
18951,9597,9598,9611
18952,9597,9611,9610
18953,9597,9610,9046
18954,9050,9061,9612
18955,9601,9613,9602
18956,9601,9050,9612
18957,9601,9612,9613
18958,9061,9063,9614
18959,9061,9614,9615
18960,9061,9615,9612
18961,9612,9615,9613
18962,9055,9616,9067
18963,9067,9617,9066
18964,9067,9616,9617
18965,9616,9618,9617
18966,9616,9619,9618
18967,9606,9607,9619
18968,9606,9619,9616
18969,9606,9616,9055
18970,9063,9071,9620
18971,9071,9621,9620
18972,9071,9070,9621
18973,9620,9621,9622
18974,9620,9622,9623
18975,9614,9620,9623
18976,9614,9623,9615
18977,9614,9063,9620
18978,9077,9078,9625
18979,9077,9625,9624
18980,9077,9626,9076
18981,9077,9624,9626
18982,9624,9627,9626
18983,9624,9628,9627
18984,9624,9629,9628
18985,9624,9625,9629
18986,9066,9630,9081
18987,9081,9630,9078
18988,9078,9630,9625
18989,9625,9631,9629
18990,9625,9630,9631
18991,9617,9618,9631
18992,9617,9631,9630
18993,9617,9630,9066
18994,9070,9084,9632
18995,9621,9633,9622
18996,9621,9070,9632
18997,9621,9632,9633
18998,9084,9085,9634
18999,9084,9634,9635
19000,9084,9635,9632
19001,9632,9635,9633
19002,9076,9636,9090
19003,9090,9637,9089
19004,9090,9636,9637
19005,9636,9638,9637
19006,9636,9639,9638
19007,9626,9627,9639
19008,9626,9639,9636
19009,9626,9636,9076
19010,9085,9095,9640
19011,9095,9641,9640
19012,9095,9094,9641
19013,9640,9641,9642
19014,9640,9642,9643
19015,9634,9640,9643
19016,9634,9643,9635
19017,9634,9085,9640
19018,9089,9644,9099
19019,9099,9645,9098
19020,9099,9644,9645
19021,9644,9646,9645
19022,9644,9647,9646
19023,9637,9638,9647
19024,9637,9647,9644
19025,9637,9644,9089
19026,9094,9103,9648
19027,9103,9649,9648
19028,9103,9102,9649
19029,9648,9649,9650
19030,9648,9650,9651
19031,9641,9648,9651
19032,9641,9651,9642
19033,9641,9094,9648
19034,9098,9652,9107
19035,9107,9653,9106
19036,9107,9652,9653
19037,9652,9654,9653
19038,9652,9655,9654
19039,9645,9646,9655
19040,9645,9655,9652
19041,9645,9652,9098
19042,9102,9111,9656
19043,9111,9657,9656
19044,9111,9110,9657
19045,9656,9657,9658
19046,9656,9658,9659
19047,9649,9656,9659
19048,9649,9659,9650
19049,9649,9102,9656
19050,9660,9662,9661
19051,9660,9663,9662
19052,9660,9664,9663
19053,9660,9665,9664
19054,9660,9666,9665
19055,9660,9661,9666
19056,9106,9667,9115
19057,9115,9668,9114
19058,9115,9667,9668
19059,9661,9662,9668
19060,9661,9668,9667
19061,9661,9669,9666
19062,9661,9667,9669
19063,9653,9654,9669
19064,9653,9669,9667
19065,9653,9667,9106
19066,9110,9119,9671
19067,9110,9671,9670
19068,9119,9118,9671
19069,9657,9672,9658
19070,9657,9110,9670
19071,9657,9670,9672
19072,9670,9671,9673
19073,9670,9673,9672
19074,9125,9126,9675
19075,9125,9675,9674
19076,9125,9676,9124
19077,9125,9674,9676
19078,9674,9677,9676
19079,9674,9678,9677
19080,9663,9664,9678
19081,9663,9678,9674
19082,9663,9675,9662
19083,9663,9674,9675
19084,9114,9679,9129
19085,9129,9679,9126
19086,9126,9679,9675
19087,9675,9679,9662
19088,9662,9679,9668
19089,9668,9679,9114
19090,9118,9132,9680
19091,9118,9680,9671
19092,9132,9133,9681
19093,9132,9681,9682
19094,9132,9682,9680
19095,9680,9682,9683
19096,9680,9683,9671
19097,9671,9683,9673
19098,9124,9684,9139
19099,9139,9685,9138
19100,9139,9684,9685
19101,9684,9686,9685
19102,9684,9687,9686
19103,9676,9677,9687
19104,9676,9687,9684
19105,9676,9684,9124
19106,9133,9145,9688
19107,9145,9689,9688
19108,9145,9144,9689
19109,9688,9689,9690
19110,9688,9690,9691
19111,9681,9688,9691
19112,9681,9691,9682
19113,9681,9133,9688
19114,9138,9692,9151
19115,9151,9693,9150
19116,9151,9692,9693
19117,9692,9694,9693
19118,9692,9695,9694
19119,9685,9686,9695
19120,9685,9695,9692
19121,9685,9692,9138
19122,9144,9157,9696
19123,9157,9697,9696
19124,9157,9156,9697
19125,9696,9697,9698
19126,9696,9698,9699
19127,9689,9696,9699
19128,9689,9699,9690
19129,9689,9144,9696
19130,9150,9701,9158
19131,9150,9700,9701
19132,9700,9702,9701
19133,9700,9703,9702
19134,9700,9704,9703
19135,9693,9694,9704
19136,9693,9704,9700
19137,9693,9700,9150
19138,9158,9705,9161
19139,9158,9701,9705
19140,9165,9706,9166
19141,9165,9164,9706
19142,9156,9167,9707
19143,9167,9166,9707
19144,9166,9708,9707
19145,9166,9706,9708
19146,9707,9708,9709
19147,9697,9707,9709
19148,9697,9709,9698
19149,9697,9156,9707
19150,9702,9703,9710
19151,9702,9710,9701
19152,9161,9711,9171
19153,9171,9712,9170
19154,9171,9711,9712
19155,9711,9713,9712
19156,9701,9710,9713
19157,9701,9713,9711
19158,9701,9711,9705
19159,9705,9711,9161
19160,9164,9175,9714
19161,9175,9715,9714
19162,9175,9174,9715
19163,9714,9715,9716
19164,9714,9716,9717
19165,9714,9717,9718
19166,9164,9714,9718
19167,9164,9718,9706
19168,9706,9718,9719
19169,9706,9719,9708
19170,9170,9720,9179
19171,9179,9721,9178
19172,9179,9720,9721
19173,9720,9722,9721
19174,9720,9723,9722
19175,9712,9713,9723
19176,9712,9723,9720
19177,9712,9720,9170
19178,9174,9183,9724
19179,9183,9725,9724
19180,9183,9182,9725
19181,9724,9725,9726
19182,9724,9726,9727
19183,9715,9724,9727
19184,9715,9727,9716
19185,9715,9174,9724
19186,9178,9728,9187
19187,9187,9729,9186
19188,9187,9728,9729
19189,9728,9730,9729
19190,9728,9731,9730
19191,9721,9722,9731
19192,9721,9731,9728
19193,9721,9728,9178
19194,9182,9191,9732
19195,9191,9733,9732
19196,9191,9190,9733
19197,9732,9733,9734
19198,9732,9734,9735
19199,9725,9732,9735
19200,9725,9735,9726
19201,9725,9182,9732
19202,9186,9736,9196
19203,9196,9737,9195
19204,9196,9736,9737
19205,9736,9738,9737
19206,9736,9739,9738
19207,9729,9730,9739
19208,9729,9739,9736
19209,9729,9736,9186
19210,9190,9201,9740
19211,9201,9741,9740
19212,9201,9200,9741
19213,9740,9741,9742
19214,9740,9742,9743
19215,9733,9740,9743
19216,9733,9743,9734
19217,9733,9190,9740
19218,9195,9744,9202
19219,9737,9738,9745
19220,9737,9745,9744
19221,9737,9744,9195
19222,9202,9746,9205
19223,9202,9744,9747
19224,9202,9747,9746
19225,9744,9745,9747
19226,9209,9748,9749
19227,9209,9749,9210
19228,9209,9750,9748
19229,9209,9208,9750
19230,9748,9750,9751
19231,9748,9751,9752
19232,9748,9752,9753
19233,9748,9753,9749
19234,9200,9211,9754
19235,9211,9210,9754
19236,9210,9749,9754
19237,9749,9755,9754
19238,9749,9753,9755
19239,9741,9754,9755
19240,9741,9755,9742
19241,9741,9200,9754
19242,9205,9756,9215
19243,9215,9757,9214
19244,9215,9756,9757
19245,9756,9758,9757
19246,9756,9759,9758
19247,9746,9747,9759
19248,9746,9759,9756
19249,9746,9756,9205
19250,9208,9219,9760
19251,9219,9761,9760
19252,9219,9218,9761
19253,9760,9761,9762
19254,9760,9762,9763
19255,9750,9760,9763
19256,9750,9763,9751
19257,9750,9208,9760
19258,9214,9764,9221
19259,9757,9758,9765
19260,9757,9765,9764
19261,9757,9764,9214
19262,9221,9766,9223
19263,9221,9764,9767
19264,9221,9767,9766
19265,9764,9765,9767
19266,9228,9768,9769
19267,9228,9769,9229
19268,9228,9770,9768
19269,9228,9227,9770
19270,9768,9770,9771
19271,9768,9771,9772
19272,9768,9772,9773
19273,9768,9773,9769
19274,9218,9231,9774
19275,9231,9229,9774
19276,9229,9769,9774
19277,9769,9775,9774
19278,9769,9773,9775
19279,9761,9774,9775
19280,9761,9775,9762
19281,9761,9218,9774
19282,9223,9776,9235
19283,9235,9777,9234
19284,9235,9776,9777
19285,9776,9778,9777
19286,9776,9779,9778
19287,9766,9767,9779
19288,9766,9779,9776
19289,9766,9776,9223
19290,9227,9239,9780
19291,9239,9781,9780
19292,9239,9238,9781
19293,9780,9781,9782
19294,9780,9782,9783
19295,9770,9780,9783
19296,9770,9783,9771
19297,9770,9227,9780
19298,9234,9784,9241
19299,9777,9778,9785
19300,9777,9785,9784
19301,9777,9784,9234
19302,9241,9786,9243
19303,9241,9784,9787
19304,9241,9787,9786
19305,9784,9785,9787
19306,9248,9788,9789
19307,9248,9789,9249
19308,9248,9790,9788
19309,9248,9247,9790
19310,9788,9790,9791
19311,9788,9791,9792
19312,9788,9792,9793
19313,9788,9793,9789
19314,9238,9251,9794
19315,9251,9249,9794
19316,9249,9789,9794
19317,9789,9795,9794
19318,9789,9793,9795
19319,9781,9794,9795
19320,9781,9795,9782
19321,9781,9238,9794
19322,9243,9796,9253
19323,9786,9787,9797
19324,9786,9797,9796
19325,9786,9796,9243
19326,9253,9798,9255
19327,9253,9796,9799
19328,9253,9799,9798
19329,9796,9797,9799
19330,9260,9800,9801
19331,9260,9801,9261
19332,9260,9802,9800
19333,9260,9259,9802
19334,9800,9802,9803
19335,9800,9803,9804
19336,9800,9804,9805
19337,9800,9805,9801
19338,9247,9263,9806
19339,9263,9261,9806
19340,9261,9801,9806
19341,9801,9807,9806
19342,9801,9805,9807
19343,9790,9806,9807
19344,9790,9807,9791
19345,9790,9247,9806
19346,9255,9809,9265
19347,9255,9808,9809
19348,9808,9810,9809
19349,9808,9811,9810
19350,9808,9812,9811
19351,9798,9799,9812
19352,9798,9812,9808
19353,9798,9808,9255
19354,9265,9813,9267
19355,9265,9809,9813
19356,9272,9814,9273
19357,9272,9271,9814
19358,9259,9275,9815
19359,9275,9273,9815
19360,9273,9816,9815
19361,9273,9814,9816
19362,9815,9816,9817
19363,9802,9815,9817
19364,9802,9817,9803
19365,9802,9259,9815
19366,9810,9811,9818
19367,9810,9818,9809
19368,9267,9820,9277
19369,9267,9819,9820
19370,9819,9821,9820
19371,9819,9822,9821
19372,9809,9818,9822
19373,9809,9822,9819
19374,9809,9819,9813
19375,9813,9819,9267
19376,9277,9823,9279
19377,9277,9820,9823
19378,9284,9824,9285
19379,9284,9283,9824
19380,9271,9287,9825
19381,9287,9285,9825
19382,9285,9826,9825
19383,9285,9824,9826
19384,9825,9826,9827
19385,9825,9827,9828
19386,9271,9825,9828
19387,9271,9828,9814
19388,9814,9828,9829
19389,9814,9829,9816
19390,9821,9822,9830
19391,9821,9830,9820
19392,9279,9831,9289
19393,9820,9830,9832
19394,9820,9832,9833
19395,9820,9833,9823
19396,9823,9833,9831
19397,9823,9831,9279
19398,9289,9834,9291
19399,9289,9831,9835
19400,9289,9835,9834
19401,9831,9833,9835
19402,9296,9836,9837
19403,9296,9837,9297
19404,9296,9838,9836
19405,9296,9295,9838
19406,9836,9838,9839
19407,9836,9839,9840
19408,9836,9840,9841
19409,9836,9841,9837
19410,9283,9299,9842
19411,9299,9297,9842
19412,9297,9837,9842
19413,9837,9843,9842
19414,9837,9841,9843
19415,9842,9843,9844
19416,9283,9842,9844
19417,9283,9844,9824
19418,9824,9844,9845
19419,9824,9845,9826
19420,9291,9846,9301
19421,9834,9835,9847
19422,9834,9847,9846
19423,9834,9846,9291
19424,9301,9848,9303
19425,9301,9846,9849
19426,9301,9849,9848
19427,9846,9847,9849
19428,9308,9850,9851
19429,9308,9851,9309
19430,9308,9852,9850
19431,9308,9307,9852
19432,9850,9852,9853
19433,9850,9853,9854
19434,9850,9854,9855
19435,9850,9855,9851
19436,9295,9311,9856
19437,9311,9309,9856
19438,9309,9851,9856
19439,9851,9857,9856
19440,9851,9855,9857
19441,9838,9856,9857
19442,9838,9857,9839
19443,9838,9295,9856
19444,9303,9858,9313
19445,9848,9849,9859
19446,9848,9859,9858
19447,9848,9858,9303
19448,9316,9860,9861
19449,9316,9861,9317
19450,9316,9313,9860
19451,9313,9858,9860
19452,9858,9862,9860
19453,9858,9859,9862
19454,9860,9862,9863
19455,9860,9863,9861
19456,9317,9864,9319
19457,9317,9861,9865
19458,9317,9865,9864
19459,9861,9863,9865
19460,9324,9866,9867
19461,9324,9867,9325
19462,9324,9868,9866
19463,9324,9323,9868
19464,9866,9868,9869
19465,9866,9869,9870
19466,9866,9870,9871
19467,9866,9871,9867
19468,9328,9872,9873
19469,9328,9873,9329
19470,9328,9325,9872
19471,9325,9867,9872
19472,9867,9874,9872
19473,9867,9871,9874
19474,9872,9874,9875
19475,9872,9875,9873
19476,9307,9331,9876
19477,9331,9329,9876
19478,9329,9873,9876
19479,9873,9877,9876
19480,9873,9875,9877
19481,9852,9876,9877
19482,9852,9877,9853
19483,9852,9307,9876
19484,9319,9878,9333
19485,9864,9865,9879
19486,9864,9879,9878
19487,9864,9878,9319
19488,9336,9880,9881
19489,9336,9881,9337
19490,9336,9333,9880
19491,9333,9878,9880
19492,9878,9882,9880
19493,9878,9879,9882
19494,9880,9882,9883
19495,9880,9883,9881
19496,9337,9884,9340
19497,9337,9881,9885
19498,9337,9885,9884
19499,9881,9883,9885
19500,9346,9886,9887
19501,9346,9887,9347
19502,9346,9888,9886
19503,9346,9345,9888
19504,9886,9888,9889
19505,9886,9889,9890
19506,9886,9890,9891
19507,9886,9891,9887
19508,9350,9892,9893
19509,9350,9893,9351
19510,9350,9347,9892
19511,9347,9887,9892
19512,9887,9894,9892
19513,9887,9891,9894
19514,9892,9894,9895
19515,9892,9895,9893
19516,9323,9353,9896
19517,9353,9351,9896
19518,9351,9893,9896
19519,9893,9897,9896
19520,9893,9895,9897
19521,9868,9896,9897
19522,9868,9897,9869
19523,9868,9323,9896
19524,9340,9898,9354
19525,9884,9885,9899
19526,9884,9899,9898
19527,9884,9898,9340
19528,9356,9900,9901
19529,9356,9901,9357
19530,9356,9354,9900
19531,9354,9898,9900
19532,9898,9902,9900
19533,9898,9899,9902
19534,9900,9902,9903
19535,9900,9903,9901
19536,9360,9904,9905
19537,9360,9905,9361
19538,9360,9357,9904
19539,9357,9901,9904
19540,9901,9906,9904
19541,9901,9903,9906
19542,9904,9906,9907
19543,9904,9907,9905
19544,9364,9908,9909
19545,9364,9909,9365
19546,9364,9361,9908
19547,9361,9905,9908
19548,9905,9910,9908
19549,9905,9907,9910
19550,9908,9910,9911
19551,9908,9911,9909
19552,9368,9912,9369
19553,9368,9365,9913
19554,9368,9913,9912
19555,9365,9909,9914
19556,9365,9914,9913
19557,9909,9911,9914
19558,9369,9915,9372
19559,9369,9912,9915
19560,9380,9916,9381
19561,9380,9379,9916
19562,9384,9917,9918
19563,9384,9918,9385
19564,9384,9381,9917
19565,9381,9919,9917
19566,9381,9916,9919
19567,9917,9919,9920
19568,9917,9920,9921
19569,9917,9921,9918
19570,9388,9922,9923
19571,9388,9923,9389
19572,9388,9385,9922
19573,9385,9918,9922
19574,9918,9924,9922
19575,9918,9921,9924
19576,9922,9924,9925
19577,9922,9925,9923
19578,9392,9926,9927
19579,9392,9927,9393
19580,9392,9389,9926
19581,9389,9923,9926
19582,9923,9928,9926
19583,9923,9925,9928
19584,9926,9928,9929
19585,9926,9929,9927
19586,9395,9930,9931
19587,9395,9931,9396
19588,9395,9393,9930
19589,9393,9927,9930
19590,9927,9932,9930
19591,9927,9929,9932
19592,9930,9932,9933
19593,9930,9933,9931
19594,9345,9397,9934
19595,9397,9396,9934
19596,9396,9931,9934
19597,9931,9935,9934
19598,9931,9933,9935
19599,9888,9934,9935
19600,9888,9935,9889
19601,9888,9345,9934
19602,9913,9914,9936
19603,9913,9936,9912
19604,9372,9937,9398
19605,9912,9936,9938
19606,9912,9938,9939
19607,9912,9939,9915
19608,9915,9939,9937
19609,9915,9937,9372
19610,9399,9940,9941
19611,9399,9941,9400
19612,9399,9398,9940
19613,9398,9937,9940
19614,9937,9942,9940
19615,9937,9939,9942
19616,9940,9942,9943
19617,9940,9943,9941
19618,9401,9944,9945
19619,9401,9945,9402
19620,9401,9400,9944
19621,9400,9941,9944
19622,9941,9946,9944
19623,9941,9943,9946
19624,9944,9946,9947
19625,9944,9947,9945
19626,9379,9403,9948
19627,9403,9402,9948
19628,9402,9945,9948
19629,9945,9949,9948
19630,9945,9947,9949
19631,9948,9949,9950
19632,9379,9948,9950
19633,9379,9950,9916
19634,9916,9950,9951
19635,9916,9951,9919
19636,9409,9410,9953
19637,9409,9953,9952
19638,9409,9954,9408
19639,9409,9952,9954
19640,9952,9955,9954
19641,9952,9956,9955
19642,9952,9957,9956
19643,9952,9953,9957
19644,9414,9415,9959
19645,9414,9959,9958
19646,9414,9958,9410
19647,9410,9958,9953
19648,9953,9960,9957
19649,9953,9958,9960
19650,9958,9961,9960
19651,9958,9959,9961
19652,9418,9419,9963
19653,9418,9963,9962
19654,9418,9962,9415
19655,9415,9962,9959
19656,9959,9964,9961
19657,9959,9962,9964
19658,9962,9965,9964
19659,9962,9963,9965
19660,9422,9423,9967
19661,9422,9967,9966
19662,9422,9966,9419
19663,9419,9966,9963
19664,9963,9968,9965
19665,9963,9966,9968
19666,9966,9969,9968
19667,9966,9967,9969
19668,9427,9428,9971
19669,9427,9971,9970
19670,9427,9970,9423
19671,9423,9970,9967
19672,9967,9972,9969
19673,9967,9970,9972
19674,9970,9973,9972
19675,9970,9971,9973
19676,9428,9429,9974
19677,9428,9974,9975
19678,9428,9975,9971
19679,9971,9975,9973
19680,9434,9435,9977
19681,9434,9977,9976
19682,9434,9978,9433
19683,9434,9976,9978
19684,9976,9979,9978
19685,9976,9980,9979
19686,9976,9981,9980
19687,9976,9977,9981
19688,9438,9439,9983
19689,9438,9983,9982
19690,9438,9982,9435
19691,9435,9982,9977
19692,9977,9984,9981
19693,9977,9982,9984
19694,9982,9985,9984
19695,9982,9983,9985
19696,9442,9443,9987
19697,9442,9987,9986
19698,9442,9986,9439
19699,9439,9986,9983
19700,9983,9988,9985
19701,9983,9986,9988
19702,9986,9989,9988
19703,9986,9987,9989
19704,9446,9447,9991
19705,9446,9991,9990
19706,9446,9990,9443
19707,9443,9990,9987
19708,9987,9992,9989
19709,9987,9990,9992
19710,9990,9993,9992
19711,9990,9991,9993
19712,9408,9994,9450
19713,9450,9994,9447
19714,9447,9994,9991
19715,9991,9995,9993
19716,9991,9994,9995
19717,9954,9955,9995
19718,9954,9995,9994
19719,9954,9994,9408
19720,9429,9455,9996
19721,9974,9997,9975
19722,9974,9429,9996
19723,9974,9996,9997
19724,9458,9459,9999
19725,9458,9999,9998
19726,9458,9998,9455
19727,9455,9998,9996
19728,9996,10000,9997
19729,9996,9998,10000
19730,9998,10001,10000
19731,9998,9999,10001
19732,9462,9463,10003
19733,9462,10003,10002
19734,9462,10002,9459
19735,9459,10002,9999
19736,9999,10004,10001
19737,9999,10002,10004
19738,10002,10005,10004
19739,10002,10003,10005
19740,9466,9467,10007
19741,9466,10007,10006
19742,9466,10006,9463
19743,9463,10006,10003
19744,10003,10008,10005
19745,10003,10006,10008
19746,10006,10009,10008
19747,10006,10007,10009
19748,9467,9469,10010
19749,9467,10010,10011
19750,9467,10011,10007
19751,10007,10011,10009
19752,9474,9475,10013
19753,9474,10013,10012
19754,9474,10014,9473
19755,9474,10012,10014
19756,10012,10015,10014
19757,10012,10016,10015
19758,10012,10017,10016
19759,10012,10013,10017
19760,9478,9479,10019
19761,9478,10019,10018
19762,9478,10018,9475
19763,9475,10018,10013
19764,10013,10020,10017
19765,10013,10018,10020
19766,10018,10021,10020
19767,10018,10019,10021
19768,9433,10022,9481
19769,9481,10022,9479
19770,9479,10022,10019
19771,10019,10023,10021
19772,10019,10022,10023
19773,9978,9979,10023
19774,9978,10023,10022
19775,9978,10022,9433
19776,9469,9483,10024
19777,10010,10025,10011
19778,10010,9469,10024
19779,10010,10024,10025
19780,9486,9487,10027
19781,9486,10027,10026
19782,9486,10026,9483
19783,9483,10026,10024
19784,10024,10028,10025
19785,10024,10026,10028
19786,10026,10029,10028
19787,10026,10027,10029
19788,9487,9489,10030
19789,9487,10030,10031
19790,9487,10031,10027
19791,10027,10031,10029
19792,9494,9495,10033
19793,9494,10033,10032
19794,9494,10034,9493
19795,9494,10032,10034
19796,10032,10035,10034
19797,10032,10036,10035
19798,10032,10037,10036
19799,10032,10033,10037
19800,9498,9499,10039
19801,9498,10039,10038
19802,9498,10038,9495
19803,9495,10038,10033
19804,10033,10040,10037
19805,10033,10038,10040
19806,10038,10041,10040
19807,10038,10039,10041
19808,9473,10042,9501
19809,9501,10042,9499
19810,9499,10042,10039
19811,10039,10043,10041
19812,10039,10042,10043
19813,10014,10015,10043
19814,10014,10043,10042
19815,10014,10042,9473
19816,9489,9503,10044
19817,10030,10045,10031
19818,10030,9489,10044
19819,10030,10044,10045
19820,9506,9507,10047
19821,9506,10047,10046
19822,9506,10046,9503
19823,9503,10046,10044
19824,10044,10048,10045
19825,10044,10046,10048
19826,10046,10049,10048
19827,10046,10047,10049
19828,9507,9509,10050
19829,9507,10050,10051
19830,9507,10051,10047
19831,10047,10051,10049
19832,9514,9515,10053
19833,9514,10053,10052
19834,9514,10054,9513
19835,9514,10052,10054
19836,10052,10055,10054
19837,10052,10056,10055
19838,10052,10057,10056
19839,10052,10053,10057
19840,9493,10058,9517
19841,9517,10058,9515
19842,9515,10058,10053
19843,10053,10059,10057
19844,10053,10058,10059
19845,10034,10035,10059
19846,10034,10059,10058
19847,10034,10058,9493
19848,9509,9519,10060
19849,10050,10061,10051
19850,10050,9509,10060
19851,10050,10060,10061
19852,9519,9521,10062
19853,9519,10062,10063
19854,9519,10063,10060
19855,10060,10063,10061
19856,9527,9528,10065
19857,9527,10065,10064
19858,9527,10066,9526
19859,9527,10064,10066
19860,10064,10067,10066
19861,10064,10068,10067
19862,10064,10069,10068
19863,10064,10065,10069
19864,9532,9533,10071
19865,9532,10071,10070
19866,9532,10070,9528
19867,9528,10070,10065
19868,10065,10072,10069
19869,10065,10070,10072
19870,10070,10073,10072
19871,10070,10071,10073
19872,9513,10074,9535
19873,9535,10074,9533
19874,9533,10074,10071
19875,10071,10075,10073
19876,10071,10074,10075
19877,10054,10055,10075
19878,10054,10075,10074
19879,10054,10074,9513
19880,9521,9537,10076
19881,10062,10077,10063
19882,10062,9521,10076
19883,10062,10076,10077
19884,9541,9542,10079
19885,9541,10079,10078
19886,9541,10078,9537
19887,9537,10078,10076
19888,10076,10080,10077
19889,10076,10078,10080
19890,10078,10081,10080
19891,10078,10079,10081
19892,9542,9543,10082
19893,9542,10082,10083
19894,9542,10083,10079
19895,10079,10083,10081
19896,9549,9550,10085
19897,9549,10085,10084
19898,9549,10086,9548
19899,9549,10084,10086
19900,10084,10087,10086
19901,10084,10088,10087
19902,10084,10089,10088
19903,10084,10085,10089
19904,9526,10090,9554
19905,9554,10090,9550
19906,9550,10090,10085
19907,10085,10091,10089
19908,10085,10090,10091
19909,10066,10067,10091
19910,10066,10091,10090
19911,10066,10090,9526
19912,9543,9560,10092
19913,10082,10093,10083
19914,10082,9543,10092
19915,10082,10092,10093
19916,9560,9561,10094
19917,9560,10094,10095
19918,9560,10095,10092
19919,10092,10095,10093
19920,9548,10096,9566
19921,9566,10097,9565
19922,9566,10096,10097
19923,10096,10098,10097
19924,10096,10099,10098
19925,10086,10087,10099
19926,10086,10099,10096
19927,10086,10096,9548
19928,9561,9571,10100
19929,9571,10101,10100
19930,9571,9570,10101
19931,10100,10101,10102
19932,10100,10102,10103
19933,10094,10100,10103
19934,10094,10103,10095
19935,10094,9561,10100
19936,9576,9577,10105
19937,9576,10105,10104
19938,9576,10106,9575
19939,9576,10104,10106
19940,10104,10107,10106
19941,10104,10108,10107
19942,10104,10109,10108
19943,10104,10105,10109
19944,9565,10110,9579
19945,9579,10110,9577
19946,9577,10110,10105
19947,10105,10111,10109
19948,10105,10110,10111
19949,10097,10098,10111
19950,10097,10111,10110
19951,10097,10110,9565
19952,9570,9581,10112
19953,10101,10113,10102
19954,10101,9570,10112
19955,10101,10112,10113
19956,9581,9583,10114
19957,9581,10114,10115
19958,9581,10115,10112
19959,10112,10115,10113
19960,9588,9589,10117
19961,9588,10117,10116
19962,9588,10118,9587
19963,9588,10116,10118
19964,10116,10119,10118
19965,10116,10120,10119
19966,10116,10121,10120
19967,10116,10117,10121
19968,9575,10122,9591
19969,9591,10122,9589
19970,9589,10122,10117
19971,10117,10123,10121
19972,10117,10122,10123
19973,10106,10107,10123
19974,10106,10123,10122
19975,10106,10122,9575
19976,9583,9593,10124
19977,10114,10125,10115
19978,10114,9583,10124
19979,10114,10124,10125
19980,9593,9595,10126
19981,9593,10126,10127
19982,9593,10127,10124
19983,10124,10127,10125
19984,9587,10128,9599
19985,9599,10129,9598
19986,9599,10128,10129
19987,10128,10130,10129
19988,10128,10131,10130
19989,10118,10119,10131
19990,10118,10131,10128
19991,10118,10128,9587
19992,9595,9603,10132
19993,9603,10133,10132
19994,9603,9602,10133
19995,10132,10133,10134
19996,10132,10134,10135
19997,10126,10132,10135
19998,10126,10135,10127
19999,10126,9595,10132
20000,9608,9609,10137
20001,9608,10137,10136
20002,9608,10138,9607
20003,9608,10136,10138
20004,10136,10139,10138
20005,10136,10140,10139
20006,10136,10141,10140
20007,10136,10137,10141
20008,9598,10142,9611
20009,9611,10142,9609
20010,9609,10142,10137
20011,10137,10143,10141
20012,10137,10142,10143
20013,10129,10130,10143
20014,10129,10143,10142
20015,10129,10142,9598
20016,9602,9613,10144
20017,10133,10145,10134
20018,10133,9602,10144
20019,10133,10144,10145
20020,9613,9615,10146
20021,9613,10146,10147
20022,9613,10147,10144
20023,10144,10147,10145
20024,9607,10148,9619
20025,9619,10149,9618
20026,9619,10148,10149
20027,10148,10150,10149
20028,10148,10151,10150
20029,10138,10139,10151
20030,10138,10151,10148
20031,10138,10148,9607
20032,9615,9623,10152
20033,9623,10153,10152
20034,9623,9622,10153
20035,10152,10153,10154
20036,10152,10154,10155
20037,10146,10152,10155
20038,10146,10155,10147
20039,10146,9615,10152
20040,9628,9629,10157
20041,9628,10157,10156
20042,9628,10158,9627
20043,9628,10156,10158
20044,10156,10159,10158
20045,10156,10160,10159
20046,10156,10161,10160
20047,10156,10157,10161
20048,9618,10162,9631
20049,9631,10162,9629
20050,9629,10162,10157
20051,10157,10163,10161
20052,10157,10162,10163
20053,10149,10150,10163
20054,10149,10163,10162
20055,10149,10162,9618
20056,9622,9633,10164
20057,10153,10165,10154
20058,10153,9622,10164
20059,10153,10164,10165
20060,9633,9635,10166
20061,9633,10166,10167
20062,9633,10167,10164
20063,10164,10167,10165
20064,9627,10168,9639
20065,9639,10169,9638
20066,9639,10168,10169
20067,10168,10170,10169
20068,10168,10171,10170
20069,10158,10159,10171
20070,10158,10171,10168
20071,10158,10168,9627
20072,9635,9643,10172
20073,9643,10173,10172
20074,9643,9642,10173
20075,10172,10173,10174
20076,10172,10174,10175
20077,10166,10172,10175
20078,10166,10175,10167
20079,10166,9635,10172
20080,9638,10176,9647
20081,9647,10177,9646
20082,9647,10176,10177
20083,10176,10178,10177
20084,10176,10179,10178
20085,10169,10170,10179
20086,10169,10179,10176
20087,10169,10176,9638
20088,9642,9651,10180
20089,9651,10181,10180
20090,9651,9650,10181
20091,10180,10181,10182
20092,10180,10182,10183
20093,10173,10180,10183
20094,10173,10183,10174
20095,10173,9642,10180
20096,9646,10184,9655
20097,9655,10185,9654
20098,9655,10184,10185
20099,10184,10186,10185
20100,10184,10187,10186
20101,10177,10178,10187
20102,10177,10187,10184
20103,10177,10184,9646
20104,9650,9659,10188
20105,9659,10189,10188
20106,9659,9658,10189
20107,10188,10189,10190
20108,10188,10190,10191
20109,10181,10188,10191
20110,10181,10191,10182
20111,10181,9650,10188
20112,9665,9666,10193
20113,9665,10193,10192
20114,9665,10194,9664
20115,9665,10192,10194
20116,10192,10195,10194
20117,10192,10196,10195
20118,10192,10197,10196
20119,10192,10193,10197
20120,9654,10198,9669
20121,9669,10198,9666
20122,9666,10198,10193
20123,10193,10199,10197
20124,10193,10198,10199
20125,10185,10186,10199
20126,10185,10199,10198
20127,10185,10198,9654
20128,9658,9672,10200
20129,10189,10201,10190
20130,10189,9658,10200
20131,10189,10200,10201
20132,9672,9673,10202
20133,9672,10202,10203
20134,9672,10203,10200
20135,10200,10203,10201
20136,9664,10204,9678
20137,9678,10205,9677
20138,9678,10204,10205
20139,10204,10206,10205
20140,10204,10207,10206
20141,10194,10195,10207
20142,10194,10207,10204
20143,10194,10204,9664
20144,9673,9683,10208
20145,9683,10209,10208
20146,9683,9682,10209
20147,10208,10209,10210
20148,10208,10210,10211
20149,10202,10208,10211
20150,10202,10211,10203
20151,10202,9673,10208
20152,9677,10212,9687
20153,9687,10213,9686
20154,9687,10212,10213
20155,10212,10214,10213
20156,10212,10215,10214
20157,10205,10206,10215
20158,10205,10215,10212
20159,10205,10212,9677
20160,9682,9691,10216
20161,9691,10217,10216
20162,9691,9690,10217
20163,10216,10217,10218
20164,10216,10218,10219
20165,10209,10216,10219
20166,10209,10219,10210
20167,10209,9682,10216
20168,9686,10220,9695
20169,9695,10221,9694
20170,9695,10220,10221
20171,10220,10222,10221
20172,10220,10223,10222
20173,10213,10214,10223
20174,10213,10223,10220
20175,10213,10220,9686
20176,9690,9699,10224
20177,9699,10225,10224
20178,9699,9698,10225
20179,10224,10225,10226
20180,10224,10226,10227
20181,10217,10224,10227
20182,10217,10227,10218
20183,10217,9690,10224
20184,9694,10228,9704
20185,9704,10229,9703
20186,9704,10228,10229
20187,10228,10230,10229
20188,10228,10231,10230
20189,10221,10222,10231
20190,10221,10231,10228
20191,10221,10228,9694
20192,9698,9709,10232
20193,9709,10233,10232
20194,9709,9708,10233
20195,10232,10233,10234
20196,10232,10234,10235
20197,10225,10232,10235
20198,10225,10235,10226
20199,10225,9698,10232
20200,9703,10236,9710
20201,10229,10230,10237
20202,10229,10237,10236
20203,10229,10236,9703
20204,9710,10238,9713
20205,9710,10236,10239
20206,9710,10239,10238
20207,10236,10237,10239
20208,9717,10240,10241
20209,9717,10241,9718
20210,9717,10242,10240
20211,9717,9716,10242
20212,10240,10242,10243
20213,10240,10243,10244
20214,10240,10244,10245
20215,10240,10245,10241
20216,9708,9719,10246
20217,9719,9718,10246
20218,9718,10241,10246
20219,10241,10247,10246
20220,10241,10245,10247
20221,10233,10246,10247
20222,10233,10247,10234
20223,10233,9708,10246
20224,9713,10248,9723
20225,9723,10249,9722
20226,9723,10248,10249
20227,10248,10250,10249
20228,10248,10251,10250
20229,10238,10239,10251
20230,10238,10251,10248
20231,10238,10248,9713
20232,9716,9727,10252
20233,9727,10253,10252
20234,9727,9726,10253
20235,10252,10253,10254
20236,10252,10254,10255
20237,10242,10252,10255
20238,10242,10255,10243
20239,10242,9716,10252
20240,9722,10256,9731
20241,9731,10257,9730
20242,9731,10256,10257
20243,10256,10258,10257
20244,10256,10259,10258
20245,10249,10250,10259
20246,10249,10259,10256
20247,10249,10256,9722
20248,9726,9735,10260
20249,9735,10261,10260
20250,9735,9734,10261
20251,10260,10261,10262
20252,10260,10262,10263
20253,10253,10260,10263
20254,10253,10263,10254
20255,10253,9726,10260
20256,9730,10264,9739
20257,9739,10265,9738
20258,9739,10264,10265
20259,10264,10266,10265
20260,10264,10267,10266
20261,10257,10258,10267
20262,10257,10267,10264
20263,10257,10264,9730
20264,9734,9743,10268
20265,9743,10269,10268
20266,9743,9742,10269
20267,10268,10269,10270
20268,10268,10270,10271
20269,10261,10268,10271
20270,10261,10271,10262
20271,10261,9734,10268
20272,9738,10272,9745
20273,10265,10266,10273
20274,10265,10273,10272
20275,10265,10272,9738
20276,9745,10274,9747
20277,9745,10272,10275
20278,9745,10275,10274
20279,10272,10273,10275
20280,9752,10276,10277
20281,9752,10277,9753
20282,9752,10278,10276
20283,9752,9751,10278
20284,10276,10278,10279
20285,10276,10279,10280
20286,10276,10280,10281
20287,10276,10281,10277
20288,9742,9755,10282
20289,9755,9753,10282
20290,9753,10277,10282
20291,10277,10283,10282
20292,10277,10281,10283
20293,10269,10282,10283
20294,10269,10283,10270
20295,10269,9742,10282
20296,9747,10284,9759
20297,9759,10285,9758
20298,9759,10284,10285
20299,10284,10286,10285
20300,10284,10287,10286
20301,10274,10275,10287
20302,10274,10287,10284
20303,10274,10284,9747
20304,9751,9763,10288
20305,9763,10289,10288
20306,9763,9762,10289
20307,10288,10289,10290
20308,10288,10290,10291
20309,10278,10288,10291
20310,10278,10291,10279
20311,10278,9751,10288
20312,9758,10292,9765
20313,10285,10286,10293
20314,10285,10293,10292
20315,10285,10292,9758
20316,9765,10294,9767
20317,9765,10292,10295
20318,9765,10295,10294
20319,10292,10293,10295
20320,9772,10296,10297
20321,9772,10297,9773
20322,9772,10298,10296
20323,9772,9771,10298
20324,10296,10298,10299
20325,10296,10299,10300
20326,10296,10300,10301
20327,10296,10301,10297
20328,9762,9775,10302
20329,9775,9773,10302
20330,9773,10297,10302
20331,10297,10303,10302
20332,10297,10301,10303
20333,10289,10302,10303
20334,10289,10303,10290
20335,10289,9762,10302
20336,9767,10304,9779
20337,9779,10305,9778
20338,9779,10304,10305
20339,10304,10306,10305
20340,10304,10307,10306
20341,10294,10295,10307
20342,10294,10307,10304
20343,10294,10304,9767
20344,9771,9783,10308
20345,9783,10309,10308
20346,9783,9782,10309
20347,10308,10309,10310
20348,10308,10310,10311
20349,10298,10308,10311
20350,10298,10311,10299
20351,10298,9771,10308
20352,9778,10312,9785
20353,10305,10306,10313
20354,10305,10313,10312
20355,10305,10312,9778
20356,9785,10314,9787
20357,9785,10312,10315
20358,9785,10315,10314
20359,10312,10313,10315
20360,9792,10316,10317
20361,9792,10317,9793
20362,9792,10318,10316
20363,9792,9791,10318
20364,10316,10318,10319
20365,10316,10319,10320
20366,10316,10320,10321
20367,10316,10321,10317
20368,9782,9795,10322
20369,9795,9793,10322
20370,9793,10317,10322
20371,10317,10323,10322
20372,10317,10321,10323
20373,10309,10322,10323
20374,10309,10323,10310
20375,10309,9782,10322
20376,9787,10324,9797
20377,10314,10315,10325
20378,10314,10325,10324
20379,10314,10324,9787
20380,9797,10326,9799
20381,9797,10324,10327
20382,9797,10327,10326
20383,10324,10325,10327
20384,9804,10328,10329
20385,9804,10329,9805
20386,9804,10330,10328
20387,9804,9803,10330
20388,10328,10330,10331
20389,10328,10331,10332
20390,10328,10332,10333
20391,10328,10333,10329
20392,9791,9807,10334
20393,9807,9805,10334
20394,9805,10329,10334
20395,10329,10335,10334
20396,10329,10333,10335
20397,10318,10334,10335
20398,10318,10335,10319
20399,10318,9791,10334
20400,9799,10336,9812
20401,9812,10337,9811
20402,9812,10336,10337
20403,10336,10338,10337
20404,10336,10339,10338
20405,10326,10327,10339
20406,10326,10339,10336
20407,10326,10336,9799
20408,9803,9817,10340
20409,9817,10341,10340
20410,9817,9816,10341
20411,10340,10341,10342
20412,10340,10342,10343
20413,10330,10340,10343
20414,10330,10343,10331
20415,10330,9803,10340
20416,9811,10344,9818
20417,10337,10338,10345
20418,10337,10345,10344
20419,10337,10344,9811
20420,9818,10346,9822
20421,9818,10344,10347
20422,9818,10347,10346
20423,10344,10345,10347
20424,9827,10348,10349
20425,9827,10349,9828
20426,9827,10350,10348
20427,9827,9826,10350
20428,10348,10350,10351
20429,10348,10351,10352
20430,10348,10352,10353
20431,10348,10353,10349
20432,9816,9829,10354
20433,9829,9828,10354
20434,9828,10349,10354
20435,10349,10355,10354
20436,10349,10353,10355
20437,10341,10354,10355
20438,10341,10355,10342
20439,10341,9816,10354
20440,9822,10356,9830
20441,10346,10347,10357
20442,10346,10357,10356
20443,10346,10356,9822
20444,9832,10358,10359
20445,9832,10359,9833
20446,9832,9830,10358
20447,9830,10356,10358
20448,10356,10360,10358
20449,10356,10357,10360
20450,10358,10360,10361
20451,10358,10361,10359
20452,9833,10362,9835
20453,9833,10359,10363
20454,9833,10363,10362
20455,10359,10361,10363
20456,9840,10364,10365
20457,9840,10365,9841
20458,9840,10366,10364
20459,9840,9839,10366
20460,10364,10366,10367
20461,10364,10367,10368
20462,10364,10368,10369
20463,10364,10369,10365
20464,9843,10370,10371
20465,9843,10371,9844
20466,9843,9841,10370
20467,9841,10365,10370
20468,10365,10372,10370
20469,10365,10369,10372
20470,10370,10372,10373
20471,10370,10373,10371
20472,9826,9845,10374
20473,9845,9844,10374
20474,9844,10371,10374
20475,10371,10375,10374
20476,10371,10373,10375
20477,10350,10374,10375
20478,10350,10375,10351
20479,10350,9826,10374
20480,9835,10376,9847
20481,10362,10363,10377
20482,10362,10377,10376
20483,10362,10376,9835
20484,9847,10378,9849
20485,9847,10376,10379
20486,9847,10379,10378
20487,10376,10377,10379
20488,9854,10380,10381
20489,9854,10381,9855
20490,9854,10382,10380
20491,9854,9853,10382
20492,10380,10382,10383
20493,10380,10383,10384
20494,10380,10384,10385
20495,10380,10385,10381
20496,9839,9857,10386
20497,9857,9855,10386
20498,9855,10381,10386
20499,10381,10387,10386
20500,10381,10385,10387
20501,10366,10386,10387
20502,10366,10387,10367
20503,10366,9839,10386
20504,9849,10388,9859
20505,10378,10379,10389
20506,10378,10389,10388
20507,10378,10388,9849
20508,9862,10390,10391
20509,9862,10391,9863
20510,9862,9859,10390
20511,9859,10388,10390
20512,10388,10392,10390
20513,10388,10389,10392
20514,10390,10392,10393
20515,10390,10393,10391
20516,9863,10394,9865
20517,9863,10391,10395
20518,9863,10395,10394
20519,10391,10393,10395
20520,9870,10396,10397
20521,9870,10397,9871
20522,9870,10398,10396
20523,9870,9869,10398
20524,10396,10398,10399
20525,10396,10399,10400
20526,10396,10400,10401
20527,10396,10401,10397
20528,9874,10402,10403
20529,9874,10403,9875
20530,9874,9871,10402
20531,9871,10397,10402
20532,10397,10404,10402
20533,10397,10401,10404
20534,10402,10404,10405
20535,10402,10405,10403
20536,9853,9877,10406
20537,9877,9875,10406
20538,9875,10403,10406
20539,10403,10407,10406
20540,10403,10405,10407
20541,10382,10406,10407
20542,10382,10407,10383
20543,10382,9853,10406
20544,9865,10408,9879
20545,10394,10395,10409
20546,10394,10409,10408
20547,10394,10408,9865
20548,9882,10410,10411
20549,9882,10411,9883
20550,9882,9879,10410
20551,9879,10408,10410
20552,10408,10412,10410
20553,10408,10409,10412
20554,10410,10412,10413
20555,10410,10413,10411
20556,9883,10414,9885
20557,9883,10411,10415
20558,9883,10415,10414
20559,10411,10413,10415
20560,9890,10416,10417
20561,9890,10417,9891
20562,9890,10418,10416
20563,9890,9889,10418
20564,10416,10418,10419
20565,10416,10419,10420
20566,10416,10420,10421
20567,10416,10421,10417
20568,9894,10422,10423
20569,9894,10423,9895
20570,9894,9891,10422
20571,9891,10417,10422
20572,10417,10424,10422
20573,10417,10421,10424
20574,10422,10424,10425
20575,10422,10425,10423
20576,9869,9897,10426
20577,9897,9895,10426
20578,9895,10423,10426
20579,10423,10427,10426
20580,10423,10425,10427
20581,10398,10426,10427
20582,10398,10427,10399
20583,10398,9869,10426
20584,9885,10428,9899
20585,10414,10415,10429
20586,10414,10429,10428
20587,10414,10428,9885
20588,9902,10430,10431
20589,9902,10431,9903
20590,9902,9899,10430
20591,9899,10428,10430
20592,10428,10432,10430
20593,10428,10429,10432
20594,10430,10432,10433
20595,10430,10433,10431
20596,9906,10434,10435
20597,9906,10435,9907
20598,9906,9903,10434
20599,9903,10431,10434
20600,10431,10436,10434
20601,10431,10433,10436
20602,10434,10436,10437
20603,10434,10437,10435
20604,9910,10438,10439
20605,9910,10439,9911
20606,9910,9907,10438
20607,9907,10435,10438
20608,10435,10440,10438
20609,10435,10437,10440
20610,10438,10440,10441
20611,10438,10441,10439
20612,9911,10442,9914
20613,9911,10439,10443
20614,9911,10443,10442
20615,10439,10441,10443
20616,9920,10444,10445
20617,9920,10445,9921
20618,9920,10446,10444
20619,9920,9919,10446
20620,10444,10446,10447
20621,10444,10447,10448
20622,10444,10448,10449
20623,10444,10449,10445
20624,9924,10450,10451
20625,9924,10451,9925
20626,9924,9921,10450
20627,9921,10445,10450
20628,10445,10452,10450
20629,10445,10449,10452
20630,10450,10452,10453
20631,10450,10453,10451
20632,9928,10454,10455
20633,9928,10455,9929
20634,9928,9925,10454
20635,9925,10451,10454
20636,10451,10456,10454
20637,10451,10453,10456
20638,10454,10456,10457
20639,10454,10457,10455
20640,9932,10458,10459
20641,9932,10459,9933
20642,9932,9929,10458
20643,9929,10455,10458
20644,10455,10460,10458
20645,10455,10457,10460
20646,10458,10460,10461
20647,10458,10461,10459
20648,9889,9935,10462
20649,9935,9933,10462
20650,9933,10459,10462
20651,10459,10463,10462
20652,10459,10461,10463
20653,10418,10462,10463
20654,10418,10463,10419
20655,10418,9889,10462
20656,9914,10464,9936
20657,10442,10443,10465
20658,10442,10465,10464
20659,10442,10464,9914
20660,9938,10466,10467
20661,9938,10467,9939
20662,9938,9936,10466
20663,9936,10464,10466
20664,10464,10468,10466
20665,10464,10465,10468
20666,10466,10468,10469
20667,10466,10469,10467
20668,9942,10470,10471
20669,9942,10471,9943
20670,9942,9939,10470
20671,9939,10467,10470
20672,10467,10472,10470
20673,10467,10469,10472
20674,10470,10472,10473
20675,10470,10473,10471
20676,9946,10474,10475
20677,9946,10475,9947
20678,9946,9943,10474
20679,9943,10471,10474
20680,10471,10476,10474
20681,10471,10473,10476
20682,10474,10476,10477
20683,10474,10477,10475
20684,9949,10478,10479
20685,9949,10479,9950
20686,9949,9947,10478
20687,9947,10475,10478
20688,10475,10480,10478
20689,10475,10477,10480
20690,10478,10480,10481
20691,10478,10481,10479
20692,9919,9951,10482
20693,9951,9950,10482
20694,9950,10479,10482
20695,10479,10483,10482
20696,10479,10481,10483
20697,10446,10482,10483
20698,10446,10483,10447
20699,10446,9919,10482
20700,9956,9957,10485
20701,9956,10485,10484
20702,9956,10486,9955
20703,9956,10484,10486
20704,10484,10487,10486
20705,10484,10488,10487
20706,10484,10489,10488
20707,10484,10485,10489
20708,9960,9961,10491
20709,9960,10491,10490
20710,9960,10490,9957
20711,9957,10490,10485
20712,10485,10492,10489
20713,10485,10490,10492
20714,10490,10493,10492
20715,10490,10491,10493
20716,9964,9965,10495
20717,9964,10495,10494
20718,9964,10494,9961
20719,9961,10494,10491
20720,10491,10496,10493
20721,10491,10494,10496
20722,10494,10497,10496
20723,10494,10495,10497
20724,9968,9969,10499
20725,9968,10499,10498
20726,9968,10498,9965
20727,9965,10498,10495
20728,10495,10500,10497
20729,10495,10498,10500
20730,10498,10501,10500
20731,10498,10499,10501
20732,9972,9973,10503
20733,9972,10503,10502
20734,9972,10502,9969
20735,9969,10502,10499
20736,10499,10504,10501
20737,10499,10502,10504
20738,10502,10505,10504
20739,10502,10503,10505
20740,9973,9975,10506
20741,9973,10506,10507
20742,9973,10507,10503
20743,10503,10507,10505
20744,9980,9981,10509
20745,9980,10509,10508
20746,9980,10510,9979
20747,9980,10508,10510
20748,10508,10511,10510
20749,10508,10512,10511
20750,10508,10513,10512
20751,10508,10509,10513
20752,9984,9985,10515
20753,9984,10515,10514
20754,9984,10514,9981
20755,9981,10514,10509
20756,10509,10516,10513
20757,10509,10514,10516
20758,10514,10517,10516
20759,10514,10515,10517
20760,9988,9989,10519
20761,9988,10519,10518
20762,9988,10518,9985
20763,9985,10518,10515
20764,10515,10520,10517
20765,10515,10518,10520
20766,10518,10521,10520
20767,10518,10519,10521
20768,9992,9993,10523
20769,9992,10523,10522
20770,9992,10522,9989
20771,9989,10522,10519
20772,10519,10524,10521
20773,10519,10522,10524
20774,10522,10525,10524
20775,10522,10523,10525
20776,9955,10526,9995
20777,9995,10526,9993
20778,9993,10526,10523
20779,10523,10527,10525
20780,10523,10526,10527
20781,10486,10487,10527
20782,10486,10527,10526
20783,10486,10526,9955
20784,9975,9997,10528
20785,10506,10529,10507
20786,10506,9975,10528
20787,10506,10528,10529
20788,10000,10001,10531
20789,10000,10531,10530
20790,10000,10530,9997
20791,9997,10530,10528
20792,10528,10532,10529
20793,10528,10530,10532
20794,10530,10533,10532
20795,10530,10531,10533
20796,10004,10005,10535
20797,10004,10535,10534
20798,10004,10534,10001
20799,10001,10534,10531
20800,10531,10536,10533
20801,10531,10534,10536
20802,10534,10537,10536
20803,10534,10535,10537
20804,10008,10009,10539
20805,10008,10539,10538
20806,10008,10538,10005
20807,10005,10538,10535
20808,10535,10540,10537
20809,10535,10538,10540
20810,10538,10541,10540
20811,10538,10539,10541
20812,10009,10011,10542
20813,10009,10542,10543
20814,10009,10543,10539
20815,10539,10543,10541
20816,10016,10017,10545
20817,10016,10545,10544
20818,10016,10546,10015
20819,10016,10544,10546
20820,10544,10547,10546
20821,10544,10548,10547
20822,10544,10549,10548
20823,10544,10545,10549
20824,10020,10021,10551
20825,10020,10551,10550
20826,10020,10550,10017
20827,10017,10550,10545
20828,10545,10552,10549
20829,10545,10550,10552
20830,10550,10553,10552
20831,10550,10551,10553
20832,9979,10554,10023
20833,10023,10554,10021
20834,10021,10554,10551
20835,10551,10555,10553
20836,10551,10554,10555
20837,10510,10511,10555
20838,10510,10555,10554
20839,10510,10554,9979
20840,10011,10025,10556
20841,10542,10557,10543
20842,10542,10011,10556
20843,10542,10556,10557
20844,10028,10029,10559
20845,10028,10559,10558
20846,10028,10558,10025
20847,10025,10558,10556
20848,10556,10560,10557
20849,10556,10558,10560
20850,10558,10561,10560
20851,10558,10559,10561
20852,10029,10031,10562
20853,10029,10562,10563
20854,10029,10563,10559
20855,10559,10563,10561
20856,10036,10037,10565
20857,10036,10565,10564
20858,10036,10566,10035
20859,10036,10564,10566
20860,10564,10567,10566
20861,10564,10568,10567
20862,10564,10569,10568
20863,10564,10565,10569
20864,10040,10041,10571
20865,10040,10571,10570
20866,10040,10570,10037
20867,10037,10570,10565
20868,10565,10572,10569
20869,10565,10570,10572
20870,10570,10573,10572
20871,10570,10571,10573
20872,10015,10574,10043
20873,10043,10574,10041
20874,10041,10574,10571
20875,10571,10575,10573
20876,10571,10574,10575
20877,10546,10547,10575
20878,10546,10575,10574
20879,10546,10574,10015
20880,10031,10045,10576
20881,10562,10577,10563
20882,10562,10031,10576
20883,10562,10576,10577
20884,10048,10049,10579
20885,10048,10579,10578
20886,10048,10578,10045
20887,10045,10578,10576
20888,10576,10580,10577
20889,10576,10578,10580
20890,10578,10581,10580
20891,10578,10579,10581
20892,10049,10051,10582
20893,10049,10582,10583
20894,10049,10583,10579
20895,10579,10583,10581
20896,10056,10057,10585
20897,10056,10585,10584
20898,10056,10586,10055
20899,10056,10584,10586
20900,10584,10587,10586
20901,10584,10588,10587
20902,10584,10589,10588
20903,10584,10585,10589
20904,10035,10590,10059
20905,10059,10590,10057
20906,10057,10590,10585
20907,10585,10591,10589
20908,10585,10590,10591
20909,10566,10567,10591
20910,10566,10591,10590
20911,10566,10590,10035
20912,10051,10061,10592
20913,10582,10593,10583
20914,10582,10051,10592
20915,10582,10592,10593
20916,10061,10063,10594
20917,10061,10594,10595
20918,10061,10595,10592
20919,10592,10595,10593
20920,10068,10069,10597
20921,10068,10597,10596
20922,10068,10598,10067
20923,10068,10596,10598
20924,10596,10599,10598
20925,10596,10600,10599
20926,10596,10601,10600
20927,10596,10597,10601
20928,10072,10073,10603
20929,10072,10603,10602
20930,10072,10602,10069
20931,10069,10602,10597
20932,10597,10604,10601
20933,10597,10602,10604
20934,10602,10605,10604
20935,10602,10603,10605
20936,10055,10606,10075
20937,10075,10606,10073
20938,10073,10606,10603
20939,10603,10607,10605
20940,10603,10606,10607
20941,10586,10587,10607
20942,10586,10607,10606
20943,10586,10606,10055
20944,10063,10077,10608
20945,10594,10609,10595
20946,10594,10063,10608
20947,10594,10608,10609
20948,10080,10081,10611
20949,10080,10611,10610
20950,10080,10610,10077
20951,10077,10610,10608
20952,10608,10612,10609
20953,10608,10610,10612
20954,10610,10613,10612
20955,10610,10611,10613
20956,10081,10083,10614
20957,10081,10614,10615
20958,10081,10615,10611
20959,10611,10615,10613
20960,10088,10089,10617
20961,10088,10617,10616
20962,10088,10618,10087
20963,10088,10616,10618
20964,10616,10619,10618
20965,10616,10620,10619
20966,10616,10621,10620
20967,10616,10617,10621
20968,10067,10622,10091
20969,10091,10622,10089
20970,10089,10622,10617
20971,10617,10623,10621
20972,10617,10622,10623
20973,10598,10599,10623
20974,10598,10623,10622
20975,10598,10622,10067
20976,10083,10093,10624
20977,10614,10625,10615
20978,10614,10083,10624
20979,10614,10624,10625
20980,10093,10095,10626
20981,10093,10626,10627
20982,10093,10627,10624
20983,10624,10627,10625
20984,10087,10628,10099
20985,10099,10629,10098
20986,10099,10628,10629
20987,10628,10630,10629
20988,10628,10631,10630
20989,10618,10619,10631
20990,10618,10631,10628
20991,10618,10628,10087
20992,10095,10103,10632
20993,10103,10633,10632
20994,10103,10102,10633
20995,10632,10633,10634
20996,10632,10634,10635
20997,10626,10632,10635
20998,10626,10635,10627
20999,10626,10095,10632
21000,10108,10109,10637
21001,10108,10637,10636
21002,10108,10638,10107
21003,10108,10636,10638
21004,10636,10639,10638
21005,10636,10640,10639
21006,10636,10641,10640
21007,10636,10637,10641
21008,10098,10642,10111
21009,10111,10642,10109
21010,10109,10642,10637
21011,10637,10643,10641
21012,10637,10642,10643
21013,10629,10630,10643
21014,10629,10643,10642
21015,10629,10642,10098
21016,10102,10113,10644
21017,10633,10645,10634
21018,10633,10102,10644
21019,10633,10644,10645
21020,10113,10115,10646
21021,10113,10646,10647
21022,10113,10647,10644
21023,10644,10647,10645
21024,10120,10121,10649
21025,10120,10649,10648
21026,10120,10650,10119
21027,10120,10648,10650
21028,10648,10651,10650
21029,10648,10652,10651
21030,10648,10653,10652
21031,10648,10649,10653
21032,10107,10654,10123
21033,10123,10654,10121
21034,10121,10654,10649
21035,10649,10655,10653
21036,10649,10654,10655
21037,10638,10639,10655
21038,10638,10655,10654
21039,10638,10654,10107
21040,10115,10125,10656
21041,10646,10657,10647
21042,10646,10115,10656
21043,10646,10656,10657
21044,10125,10127,10658
21045,10125,10658,10659
21046,10125,10659,10656
21047,10656,10659,10657
21048,10119,10660,10131
21049,10131,10661,10130
21050,10131,10660,10661
21051,10660,10662,10661
21052,10660,10663,10662
21053,10650,10651,10663
21054,10650,10663,10660
21055,10650,10660,10119
21056,10127,10135,10664
21057,10135,10665,10664
21058,10135,10134,10665
21059,10664,10665,10666
21060,10664,10666,10667
21061,10658,10664,10667
21062,10658,10667,10659
21063,10658,10127,10664
21064,10140,10141,10669
21065,10140,10669,10668
21066,10140,10670,10139
21067,10140,10668,10670
21068,10668,10671,10670
21069,10668,10672,10671
21070,10668,10673,10672
21071,10668,10669,10673
21072,10130,10674,10143
21073,10143,10674,10141
21074,10141,10674,10669
21075,10669,10675,10673
21076,10669,10674,10675
21077,10661,10662,10675
21078,10661,10675,10674
21079,10661,10674,10130
21080,10134,10145,10676
21081,10665,10677,10666
21082,10665,10134,10676
21083,10665,10676,10677
21084,10145,10147,10678
21085,10145,10678,10679
21086,10145,10679,10676
21087,10676,10679,10677
21088,10139,10680,10151
21089,10151,10681,10150
21090,10151,10680,10681
21091,10680,10682,10681
21092,10680,10683,10682
21093,10670,10671,10683
21094,10670,10683,10680
21095,10670,10680,10139
21096,10147,10155,10684
21097,10155,10685,10684
21098,10155,10154,10685
21099,10684,10685,10686
21100,10684,10686,10687
21101,10678,10684,10687
21102,10678,10687,10679
21103,10678,10147,10684
21104,10160,10161,10689
21105,10160,10689,10688
21106,10160,10690,10159
21107,10160,10688,10690
21108,10688,10691,10690
21109,10688,10692,10691
21110,10688,10693,10692
21111,10688,10689,10693
21112,10150,10694,10163
21113,10163,10694,10161
21114,10161,10694,10689
21115,10689,10695,10693
21116,10689,10694,10695
21117,10681,10682,10695
21118,10681,10695,10694
21119,10681,10694,10150
21120,10154,10165,10696
21121,10685,10697,10686
21122,10685,10154,10696
21123,10685,10696,10697
21124,10165,10167,10698
21125,10165,10698,10699
21126,10165,10699,10696
21127,10696,10699,10697
21128,10159,10700,10171
21129,10171,10701,10170
21130,10171,10700,10701
21131,10700,10702,10701
21132,10700,10703,10702
21133,10690,10691,10703
21134,10690,10703,10700
21135,10690,10700,10159
21136,10167,10175,10704
21137,10175,10705,10704
21138,10175,10174,10705
21139,10704,10705,10706
21140,10704,10706,10707
21141,10698,10704,10707
21142,10698,10707,10699
21143,10698,10167,10704
21144,10170,10708,10179
21145,10179,10709,10178
21146,10179,10708,10709
21147,10708,10710,10709
21148,10708,10711,10710
21149,10701,10702,10711
21150,10701,10711,10708
21151,10701,10708,10170
21152,10174,10183,10712
21153,10183,10713,10712
21154,10183,10182,10713
21155,10712,10713,10714
21156,10712,10714,10715
21157,10705,10712,10715
21158,10705,10715,10706
21159,10705,10174,10712
21160,10178,10716,10187
21161,10187,10717,10186
21162,10187,10716,10717
21163,10716,10718,10717
21164,10716,10719,10718
21165,10709,10710,10719
21166,10709,10719,10716
21167,10709,10716,10178
21168,10182,10191,10720
21169,10191,10721,10720
21170,10191,10190,10721
21171,10720,10721,10722
21172,10720,10722,10723
21173,10713,10720,10723
21174,10713,10723,10714
21175,10713,10182,10720
21176,10196,10197,10725
21177,10196,10725,10724
21178,10196,10726,10195
21179,10196,10724,10726
21180,10724,10727,10726
21181,10724,10728,10727
21182,10724,10729,10728
21183,10724,10725,10729
21184,10186,10730,10199
21185,10199,10730,10197
21186,10197,10730,10725
21187,10725,10731,10729
21188,10725,10730,10731
21189,10717,10718,10731
21190,10717,10731,10730
21191,10717,10730,10186
21192,10190,10201,10732
21193,10721,10733,10722
21194,10721,10190,10732
21195,10721,10732,10733
21196,10201,10203,10734
21197,10201,10734,10735
21198,10201,10735,10732
21199,10732,10735,10733
21200,10195,10736,10207
21201,10207,10737,10206
21202,10207,10736,10737
21203,10736,10738,10737
21204,10736,10739,10738
21205,10726,10727,10739
21206,10726,10739,10736
21207,10726,10736,10195
21208,10203,10211,10740
21209,10211,10741,10740
21210,10211,10210,10741
21211,10740,10741,10742
21212,10740,10742,10743
21213,10734,10740,10743
21214,10734,10743,10735
21215,10734,10203,10740
21216,10206,10744,10215
21217,10215,10745,10214
21218,10215,10744,10745
21219,10744,10746,10745
21220,10744,10747,10746
21221,10737,10738,10747
21222,10737,10747,10744
21223,10737,10744,10206
21224,10210,10219,10748
21225,10219,10749,10748
21226,10219,10218,10749
21227,10748,10749,10750
21228,10748,10750,10751
21229,10741,10748,10751
21230,10741,10751,10742
21231,10741,10210,10748
21232,10214,10752,10223
21233,10223,10753,10222
21234,10223,10752,10753
21235,10752,10754,10753
21236,10752,10755,10754
21237,10745,10746,10755
21238,10745,10755,10752
21239,10745,10752,10214
21240,10218,10227,10756
21241,10227,10757,10756
21242,10227,10226,10757
21243,10756,10757,10758
21244,10756,10758,10759
21245,10749,10756,10759
21246,10749,10759,10750
21247,10749,10218,10756
21248,10222,10760,10231
21249,10231,10761,10230
21250,10231,10760,10761
21251,10760,10762,10761
21252,10760,10763,10762
21253,10753,10754,10763
21254,10753,10763,10760
21255,10753,10760,10222
21256,10226,10235,10764
21257,10235,10765,10764
21258,10235,10234,10765
21259,10764,10765,10766
21260,10764,10766,10767
21261,10757,10764,10767
21262,10757,10767,10758
21263,10757,10226,10764
21264,10230,10768,10237
21265,10761,10762,10769
21266,10761,10769,10768
21267,10761,10768,10230
21268,10237,10770,10239
21269,10237,10768,10771
21270,10237,10771,10770
21271,10768,10769,10771
21272,10244,10772,10773
21273,10244,10773,10245
21274,10244,10774,10772
21275,10244,10243,10774
21276,10772,10774,10775
21277,10772,10775,10776
21278,10772,10776,10777
21279,10772,10777,10773
21280,10234,10247,10778
21281,10247,10245,10778
21282,10245,10773,10778
21283,10773,10779,10778
21284,10773,10777,10779
21285,10765,10778,10779
21286,10765,10779,10766
21287,10765,10234,10778
21288,10239,10780,10251
21289,10251,10781,10250
21290,10251,10780,10781
21291,10780,10782,10781
21292,10780,10783,10782
21293,10770,10771,10783
21294,10770,10783,10780
21295,10770,10780,10239
21296,10243,10255,10784
21297,10255,10785,10784
21298,10255,10254,10785
21299,10784,10785,10786
21300,10784,10786,10787
21301,10774,10784,10787
21302,10774,10787,10775
21303,10774,10243,10784
21304,10250,10788,10259
21305,10259,10789,10258
21306,10259,10788,10789
21307,10788,10790,10789
21308,10788,10791,10790
21309,10781,10782,10791
21310,10781,10791,10788
21311,10781,10788,10250
21312,10254,10263,10792
21313,10263,10793,10792
21314,10263,10262,10793
21315,10792,10793,10794
21316,10792,10794,10795
21317,10785,10792,10795
21318,10785,10795,10786
21319,10785,10254,10792
21320,10258,10796,10267
21321,10267,10797,10266
21322,10267,10796,10797
21323,10796,10798,10797
21324,10796,10799,10798
21325,10789,10790,10799
21326,10789,10799,10796
21327,10789,10796,10258
21328,10262,10271,10800
21329,10271,10801,10800
21330,10271,10270,10801
21331,10800,10801,10802
21332,10800,10802,10803
21333,10793,10800,10803
21334,10793,10803,10794
21335,10793,10262,10800
21336,10266,10804,10273
21337,10797,10798,10805
21338,10797,10805,10804
21339,10797,10804,10266
21340,10273,10806,10275
21341,10273,10804,10807
21342,10273,10807,10806
21343,10804,10805,10807
21344,10280,10808,10809
21345,10280,10809,10281
21346,10280,10810,10808
21347,10280,10279,10810
21348,10808,10810,10811
21349,10808,10811,10812
21350,10808,10812,10813
21351,10808,10813,10809
21352,10270,10283,10814
21353,10283,10281,10814
21354,10281,10809,10814
21355,10809,10815,10814
21356,10809,10813,10815
21357,10801,10814,10815
21358,10801,10815,10802
21359,10801,10270,10814
21360,10275,10816,10287
21361,10287,10817,10286
21362,10287,10816,10817
21363,10816,10818,10817
21364,10816,10819,10818
21365,10806,10807,10819
21366,10806,10819,10816
21367,10806,10816,10275
21368,10279,10291,10820
21369,10291,10821,10820
21370,10291,10290,10821
21371,10820,10821,10822
21372,10820,10822,10823
21373,10810,10820,10823
21374,10810,10823,10811
21375,10810,10279,10820
21376,10286,10824,10293
21377,10817,10818,10825
21378,10817,10825,10824
21379,10817,10824,10286
21380,10293,10826,10295
21381,10293,10824,10827
21382,10293,10827,10826
21383,10824,10825,10827
21384,10300,10828,10829
21385,10300,10829,10301
21386,10300,10830,10828
21387,10300,10299,10830
21388,10828,10830,10831
21389,10828,10831,10832
21390,10828,10832,10833
21391,10828,10833,10829
21392,10290,10303,10834
21393,10303,10301,10834
21394,10301,10829,10834
21395,10829,10835,10834
21396,10829,10833,10835
21397,10821,10834,10835
21398,10821,10835,10822
21399,10821,10290,10834
21400,10295,10836,10307
21401,10307,10837,10306
21402,10307,10836,10837
21403,10836,10838,10837
21404,10836,10839,10838
21405,10826,10827,10839
21406,10826,10839,10836
21407,10826,10836,10295
21408,10299,10311,10840
21409,10311,10841,10840
21410,10311,10310,10841
21411,10840,10841,10842
21412,10840,10842,10843
21413,10830,10840,10843
21414,10830,10843,10831
21415,10830,10299,10840
21416,10306,10844,10313
21417,10837,10838,10845
21418,10837,10845,10844
21419,10837,10844,10306
21420,10313,10846,10315
21421,10313,10844,10847
21422,10313,10847,10846
21423,10844,10845,10847
21424,10320,10848,10849
21425,10320,10849,10321
21426,10320,10850,10848
21427,10320,10319,10850
21428,10848,10850,10851
21429,10848,10851,10852
21430,10848,10852,10853
21431,10848,10853,10849
21432,10310,10323,10854
21433,10323,10321,10854
21434,10321,10849,10854
21435,10849,10855,10854
21436,10849,10853,10855
21437,10841,10854,10855
21438,10841,10855,10842
21439,10841,10310,10854
21440,10315,10856,10325
21441,10846,10847,10857
21442,10846,10857,10856
21443,10846,10856,10315
21444,10325,10858,10327
21445,10325,10856,10859
21446,10325,10859,10858
21447,10856,10857,10859
21448,10332,10860,10861
21449,10332,10861,10333
21450,10332,10862,10860
21451,10332,10331,10862
21452,10860,10862,10863
21453,10860,10863,10864
21454,10860,10864,10865
21455,10860,10865,10861
21456,10319,10335,10866
21457,10335,10333,10866
21458,10333,10861,10866
21459,10861,10867,10866
21460,10861,10865,10867
21461,10850,10866,10867
21462,10850,10867,10851
21463,10850,10319,10866
21464,10327,10868,10339
21465,10339,10869,10338
21466,10339,10868,10869
21467,10868,10870,10869
21468,10868,10871,10870
21469,10858,10859,10871
21470,10858,10871,10868
21471,10858,10868,10327
21472,10331,10343,10872
21473,10343,10873,10872
21474,10343,10342,10873
21475,10872,10873,10874
21476,10872,10874,10875
21477,10862,10872,10875
21478,10862,10875,10863
21479,10862,10331,10872
21480,10338,10876,10345
21481,10869,10870,10877
21482,10869,10877,10876
21483,10869,10876,10338
21484,10345,10878,10347
21485,10345,10876,10879
21486,10345,10879,10878
21487,10876,10877,10879
21488,10352,10880,10881
21489,10352,10881,10353
21490,10352,10882,10880
21491,10352,10351,10882
21492,10880,10882,10883
21493,10880,10883,10884
21494,10880,10884,10885
21495,10880,10885,10881
21496,10342,10355,10886
21497,10355,10353,10886
21498,10353,10881,10886
21499,10881,10887,10886
21500,10881,10885,10887
21501,10873,10886,10887
21502,10873,10887,10874
21503,10873,10342,10886
21504,10347,10888,10357
21505,10878,10879,10889
21506,10878,10889,10888
21507,10878,10888,10347
21508,10360,10890,10891
21509,10360,10891,10361
21510,10360,10357,10890
21511,10357,10888,10890
21512,10888,10892,10890
21513,10888,10889,10892
21514,10890,10892,10893
21515,10890,10893,10891
21516,10361,10894,10363
21517,10361,10891,10895
21518,10361,10895,10894
21519,10891,10893,10895
21520,10368,10896,10897
21521,10368,10897,10369
21522,10368,10898,10896
21523,10368,10367,10898
21524,10896,10898,10899
21525,10896,10899,10900
21526,10896,10900,10901
21527,10896,10901,10897
21528,10372,10902,10903
21529,10372,10903,10373
21530,10372,10369,10902
21531,10369,10897,10902
21532,10897,10904,10902
21533,10897,10901,10904
21534,10902,10904,10905
21535,10902,10905,10903
21536,10351,10375,10906
21537,10375,10373,10906
21538,10373,10903,10906
21539,10903,10907,10906
21540,10903,10905,10907
21541,10882,10906,10907
21542,10882,10907,10883
21543,10882,10351,10906
21544,10363,10908,10377
21545,10894,10895,10909
21546,10894,10909,10908
21547,10894,10908,10363
21548,10377,10910,10379
21549,10377,10908,10911
21550,10377,10911,10910
21551,10908,10909,10911
21552,10384,10912,10913
21553,10384,10913,10385
21554,10384,10914,10912
21555,10384,10383,10914
21556,10912,10914,10915
21557,10912,10915,10916
21558,10912,10916,10917
21559,10912,10917,10913
21560,10367,10387,10918
21561,10387,10385,10918
21562,10385,10913,10918
21563,10913,10919,10918
21564,10913,10917,10919
21565,10898,10918,10919
21566,10898,10919,10899
21567,10898,10367,10918
21568,10379,10920,10389
21569,10910,10911,10921
21570,10910,10921,10920
21571,10910,10920,10379
21572,10392,10922,10923
21573,10392,10923,10393
21574,10392,10389,10922
21575,10389,10920,10922
21576,10920,10924,10922
21577,10920,10921,10924
21578,10922,10924,10925
21579,10922,10925,10923
21580,10393,10926,10395
21581,10393,10923,10927
21582,10393,10927,10926
21583,10923,10925,10927
21584,10400,10928,10929
21585,10400,10929,10401
21586,10400,10930,10928
21587,10400,10399,10930
21588,10928,10930,10931
21589,10928,10931,10932
21590,10928,10932,10933
21591,10928,10933,10929
21592,10404,10934,10935
21593,10404,10935,10405
21594,10404,10401,10934
21595,10401,10929,10934
21596,10929,10936,10934
21597,10929,10933,10936
21598,10934,10936,10937
21599,10934,10937,10935
21600,10383,10407,10938
21601,10407,10405,10938
21602,10405,10935,10938
21603,10935,10939,10938
21604,10935,10937,10939
21605,10914,10938,10939
21606,10914,10939,10915
21607,10914,10383,10938
21608,10395,10940,10409
21609,10926,10927,10941
21610,10926,10941,10940
21611,10926,10940,10395
21612,10412,10942,10943
21613,10412,10943,10413
21614,10412,10409,10942
21615,10409,10940,10942
21616,10940,10944,10942
21617,10940,10941,10944
21618,10942,10944,10945
21619,10942,10945,10943
21620,10413,10946,10415
21621,10413,10943,10947
21622,10413,10947,10946
21623,10943,10945,10947
21624,10420,10948,10949
21625,10420,10949,10421
21626,10420,10950,10948
21627,10420,10419,10950
21628,10948,10950,10951
21629,10948,10951,10952
21630,10948,10952,10953
21631,10948,10953,10949
21632,10424,10954,10955
21633,10424,10955,10425
21634,10424,10421,10954
21635,10421,10949,10954
21636,10949,10956,10954
21637,10949,10953,10956
21638,10954,10956,10957
21639,10954,10957,10955
21640,10399,10427,10958
21641,10427,10425,10958
21642,10425,10955,10958
21643,10955,10959,10958
21644,10955,10957,10959
21645,10930,10958,10959
21646,10930,10959,10931
21647,10930,10399,10958
21648,10415,10960,10429
21649,10946,10947,10961
21650,10946,10961,10960
21651,10946,10960,10415
21652,10432,10962,10963
21653,10432,10963,10433
21654,10432,10429,10962
21655,10429,10960,10962
21656,10960,10964,10962
21657,10960,10961,10964
21658,10962,10964,10965
21659,10962,10965,10963
21660,10436,10966,10967
21661,10436,10967,10437
21662,10436,10433,10966
21663,10433,10963,10966
21664,10963,10968,10966
21665,10963,10965,10968
21666,10966,10968,10969
21667,10966,10969,10967
21668,10440,10970,10971
21669,10440,10971,10441
21670,10440,10437,10970
21671,10437,10967,10970
21672,10967,10972,10970
21673,10967,10969,10972
21674,10970,10972,10973
21675,10970,10973,10971
21676,10441,10974,10443
21677,10441,10971,10975
21678,10441,10975,10974
21679,10971,10973,10975
21680,10448,10976,10977
21681,10448,10977,10449
21682,10448,10978,10976
21683,10448,10447,10978
21684,10976,10978,10979
21685,10976,10979,10980
21686,10976,10980,10981
21687,10976,10981,10977
21688,10452,10982,10983
21689,10452,10983,10453
21690,10452,10449,10982
21691,10449,10977,10982
21692,10977,10984,10982
21693,10977,10981,10984
21694,10982,10984,10985
21695,10982,10985,10983
21696,10456,10986,10987
21697,10456,10987,10457
21698,10456,10453,10986
21699,10453,10983,10986
21700,10983,10988,10986
21701,10983,10985,10988
21702,10986,10988,10989
21703,10986,10989,10987
21704,10460,10990,10991
21705,10460,10991,10461
21706,10460,10457,10990
21707,10457,10987,10990
21708,10987,10992,10990
21709,10987,10989,10992
21710,10990,10992,10993
21711,10990,10993,10991
21712,10419,10463,10994
21713,10463,10461,10994
21714,10461,10991,10994
21715,10991,10995,10994
21716,10991,10993,10995
21717,10950,10994,10995
21718,10950,10995,10951
21719,10950,10419,10994
21720,10443,10996,10465
21721,10974,10975,10997
21722,10974,10997,10996
21723,10974,10996,10443
21724,10468,10998,10999
21725,10468,10999,10469
21726,10468,10465,10998
21727,10465,10996,10998
21728,10996,11000,10998
21729,10996,10997,11000
21730,10998,11000,11001
21731,10998,11001,10999
21732,10472,11002,11003
21733,10472,11003,10473
21734,10472,10469,11002
21735,10469,10999,11002
21736,10999,11004,11002
21737,10999,11001,11004
21738,11002,11004,11005
21739,11002,11005,11003
21740,10476,11006,11007
21741,10476,11007,10477
21742,10476,10473,11006
21743,10473,11003,11006
21744,11003,11008,11006
21745,11003,11005,11008
21746,11006,11008,11009
21747,11006,11009,11007
21748,10480,11010,11011
21749,10480,11011,10481
21750,10480,10477,11010
21751,10477,11007,11010
21752,11007,11012,11010
21753,11007,11009,11012
21754,11010,11012,11013
21755,11010,11013,11011
21756,10447,10483,11014
21757,10483,10481,11014
21758,10481,11011,11014
21759,11011,11015,11014
21760,11011,11013,11015
21761,10978,11014,11015
21762,10978,11015,10979
21763,10978,10447,11014
21764,10488,10489,11016
21765,10488,11016,10487
21766,10492,10493,11018
21767,10492,11018,11017
21768,10492,11017,10489
21769,10489,11019,11016
21770,10489,11017,11019
21771,11017,11020,11019
21772,11017,11021,11020
21773,11017,11018,11021
21774,10496,10497,11023
21775,10496,11023,11022
21776,10496,11022,10493
21777,10493,11022,11018
21778,11018,11024,11021
21779,11018,11022,11024
21780,11022,11025,11024
21781,11022,11023,11025
21782,10500,10501,11027
21783,10500,11027,11026
21784,10500,11026,10497
21785,10497,11026,11023
21786,11023,11028,11025
21787,11023,11026,11028
21788,11026,11029,11028
21789,11026,11027,11029
21790,10504,10505,11030
21791,10504,11030,11031
21792,10504,11031,10501
21793,10501,11031,11032
21794,10501,11032,11027
21795,11027,11032,11029
21796,10505,10507,11033
21797,10505,11033,11030
21798,10512,10513,11035
21799,10512,11035,11034
21800,10512,11036,10511
21801,10512,11034,11036
21802,11034,11037,11036
21803,11034,11038,11037
21804,11034,11039,11038
21805,11034,11035,11039
21806,10516,10517,11041
21807,10516,11041,11040
21808,10516,11040,10513
21809,10513,11040,11035
21810,11035,11042,11039
21811,11035,11040,11042
21812,11040,11043,11042
21813,11040,11041,11043
21814,10520,10521,11045
21815,10520,11045,11044
21816,10520,11044,10517
21817,10517,11044,11041
21818,11041,11046,11043
21819,11041,11044,11046
21820,11044,11047,11046
21821,11044,11045,11047
21822,10524,10525,11049
21823,10524,11049,11048
21824,10524,11048,10521
21825,10521,11048,11045
21826,11045,11050,11047
21827,11045,11048,11050
21828,11048,11051,11050
21829,11048,11049,11051
21830,10487,11052,10527
21831,10527,11052,10525
21832,10525,11052,11049
21833,11049,11053,11051
21834,11049,11052,11053
21835,11052,11054,11053
21836,10487,11016,11054
21837,10487,11054,11052
21838,11016,11055,11054
21839,11016,11019,11055
21840,11031,11056,11032
21841,11031,11030,11056
21842,10507,10529,11057
21843,11030,11058,11056
21844,11030,11033,11059
21845,11030,11059,11058
21846,11033,10507,11057
21847,11033,11057,11059
21848,10532,10533,11061
21849,10532,11061,11060
21850,10532,11060,10529
21851,10529,11060,11057
21852,11057,11062,11059
21853,11057,11060,11062
21854,11060,11063,11062
21855,11060,11061,11063
21856,10536,10537,11065
21857,10536,11065,11064
21858,10536,11064,10533
21859,10533,11064,11061
21860,11061,11066,11063
21861,11061,11064,11066
21862,11064,11067,11066
21863,11064,11065,11067
21864,10540,10541,11069
21865,10540,11069,11068
21866,10540,11068,10537
21867,10537,11068,11065
21868,11065,11070,11067
21869,11065,11068,11070
21870,11068,11071,11070
21871,11068,11069,11071
21872,10541,10543,11072
21873,10541,11072,11073
21874,10541,11073,11069
21875,11069,11073,11071
21876,10548,10549,11075
21877,10548,11075,11074
21878,10548,11076,10547
21879,10548,11074,11076
21880,11074,11077,11076
21881,11074,11078,11077
21882,11074,11079,11078
21883,11074,11075,11079
21884,10552,10553,11081
21885,10552,11081,11080
21886,10552,11080,10549
21887,10549,11080,11075
21888,11075,11082,11079
21889,11075,11080,11082
21890,11080,11083,11082
21891,11080,11081,11083
21892,10511,11084,10555
21893,10555,11084,10553
21894,10553,11084,11081
21895,11081,11085,11083
21896,11081,11084,11085
21897,11036,11037,11085
21898,11036,11085,11084
21899,11036,11084,10511
21900,10543,10557,11086
21901,11072,11087,11073
21902,11072,10543,11086
21903,11072,11086,11087
21904,10560,10561,11089
21905,10560,11089,11088
21906,10560,11088,10557
21907,10557,11088,11086
21908,11086,11090,11087
21909,11086,11088,11090
21910,11088,11091,11090
21911,11088,11089,11091
21912,10561,10563,11092
21913,10561,11092,11093
21914,10561,11093,11089
21915,11089,11093,11091
21916,10568,10569,11095
21917,10568,11095,11094
21918,10568,11096,10567
21919,10568,11094,11096
21920,11094,11097,11096
21921,11094,11098,11097
21922,11094,11099,11098
21923,11094,11095,11099
21924,10572,10573,11101
21925,10572,11101,11100
21926,10572,11100,10569
21927,10569,11100,11095
21928,11095,11102,11099
21929,11095,11100,11102
21930,11100,11103,11102
21931,11100,11101,11103
21932,10547,11104,10575
21933,10575,11104,10573
21934,10573,11104,11101
21935,11101,11105,11103
21936,11101,11104,11105
21937,11076,11077,11105
21938,11076,11105,11104
21939,11076,11104,10547
21940,10563,10577,11106
21941,11092,11107,11093
21942,11092,10563,11106
21943,11092,11106,11107
21944,10580,10581,11109
21945,10580,11109,11108
21946,10580,11108,10577
21947,10577,11108,11106
21948,11106,11110,11107
21949,11106,11108,11110
21950,11108,11111,11110
21951,11108,11109,11111
21952,10581,10583,11112
21953,10581,11112,11113
21954,10581,11113,11109
21955,11109,11113,11111
21956,10588,10589,11115
21957,10588,11115,11114
21958,10588,11116,10587
21959,10588,11114,11116
21960,11114,11117,11116
21961,11114,11118,11117
21962,11114,11119,11118
21963,11114,11115,11119
21964,10567,11120,10591
21965,10591,11120,10589
21966,10589,11120,11115
21967,11115,11121,11119
21968,11115,11120,11121
21969,11096,11097,11121
21970,11096,11121,11120
21971,11096,11120,10567
21972,10583,10593,11122
21973,11112,11123,11113
21974,11112,10583,11122
21975,11112,11122,11123
21976,10593,10595,11124
21977,10593,11124,11125
21978,10593,11125,11122
21979,11122,11125,11123
21980,10600,10601,11126
21981,10600,11126,10599
21982,10604,10605,11128
21983,10604,11128,11127
21984,10604,11127,10601
21985,10601,11129,11126
21986,10601,11127,11129
21987,11127,11130,11129
21988,11127,11131,11130
21989,11127,11128,11131
21990,10587,11132,10607
21991,10607,11132,10605
21992,10605,11132,11128
21993,11128,11133,11131
21994,11128,11132,11133
21995,11116,11117,11133
21996,11116,11133,11132
21997,11116,11132,10587
21998,10595,10609,11134
21999,11124,11135,11125
22000,11124,10595,11134
22001,11124,11134,11135
22002,10612,10613,11136
22003,10612,11136,11137
22004,10612,11137,10609
22005,10609,11137,11138
22006,10609,11138,11134
22007,11134,11138,11135
22008,10613,10615,11139
22009,10613,11139,11136
22010,10620,10621,11140
22011,10620,11140,10619
22012,10599,11141,10623
22013,10623,11141,10621
22014,10621,11142,11140
22015,10621,11141,11142
22016,11141,11143,11142
22017,11141,11144,11143
22018,10599,11126,11144
22019,10599,11144,11141
22020,11126,11145,11144
22021,11126,11129,11145
22022,11137,11146,11138
22023,11137,11136,11146
22024,10615,11148,11147
22025,10615,10625,11148
22026,11147,11148,11149
22027,11147,11149,11150
22028,11136,11147,11150
22029,11136,11150,11146
22030,11136,11139,11147
22031,11139,10615,11147
22032,10625,10627,11151
22033,10625,11151,11148
22034,10619,11152,10631
22035,10631,11153,10630
22036,10631,11152,11153
22037,11152,11154,11153
22038,11152,11155,11154
22039,11152,11156,11155
22040,10619,11140,11156
22041,10619,11156,11152
22042,11140,11157,11156
22043,11140,11142,11157
22044,11149,11158,11150
22045,11149,11148,11158
22046,10627,10635,11159
22047,10635,11160,11159
22048,10635,10634,11160
22049,11159,11160,11161
22050,11148,11159,11161
22051,11148,11161,11158
22052,11148,11151,11159
22053,11151,10627,11159
22054,10640,10641,11163
22055,10640,11163,11162
22056,10640,11164,10639
22057,10640,11162,11164
22058,11162,11165,11164
22059,11162,11166,11165
22060,11162,11167,11166
22061,11162,11163,11167
22062,10630,11168,10643
22063,10643,11168,10641
22064,10641,11168,11163
22065,11163,11169,11167
22066,11163,11168,11169
22067,11153,11154,11169
22068,11153,11169,11168
22069,11153,11168,10630
22070,10634,10645,11170
22071,11160,11171,11161
22072,11160,10634,11170
22073,11160,11170,11171
22074,10645,10647,11172
22075,10645,11172,11173
22076,10645,11173,11170
22077,11170,11173,11171
22078,10652,10653,11175
22079,10652,11175,11174
22080,10652,11176,10651
22081,10652,11174,11176
22082,11174,11177,11176
22083,11174,11178,11177
22084,11174,11179,11178
22085,11174,11175,11179
22086,10639,11180,10655
22087,10655,11180,10653
22088,10653,11180,11175
22089,11175,11181,11179
22090,11175,11180,11181
22091,11164,11165,11181
22092,11164,11181,11180
22093,11164,11180,10639
22094,10647,10657,11182
22095,11172,11183,11173
22096,11172,10647,11182
22097,11172,11182,11183
22098,10657,10659,11184
22099,10657,11184,11185
22100,10657,11185,11182
22101,11182,11185,11183
22102,10651,11186,10663
22103,10663,11187,10662
22104,10663,11186,11187
22105,11186,11188,11187
22106,11186,11189,11188
22107,11176,11177,11189
22108,11176,11189,11186
22109,11176,11186,10651
22110,10659,10667,11190
22111,10667,11191,11190
22112,10667,10666,11191
22113,11190,11191,11192
22114,11190,11192,11193
22115,11184,11190,11193
22116,11184,11193,11185
22117,11184,10659,11190
22118,10672,10673,11195
22119,10672,11195,11194
22120,10672,11196,10671
22121,10672,11194,11196
22122,11194,11197,11196
22123,11194,11198,11197
22124,11194,11199,11198
22125,11194,11195,11199
22126,10662,11200,10675
22127,10675,11200,10673
22128,10673,11200,11195
22129,11195,11201,11199
22130,11195,11200,11201
22131,11187,11188,11201
22132,11187,11201,11200
22133,11187,11200,10662
22134,10666,10677,11202
22135,11191,11203,11192
22136,11191,10666,11202
22137,11191,11202,11203
22138,10677,10679,11204
22139,10677,11204,11205
22140,10677,11205,11202
22141,11202,11205,11203
22142,10671,11206,10683
22143,10683,11207,10682
22144,10683,11206,11207
22145,11206,11208,11207
22146,11206,11209,11208
22147,11196,11197,11209
22148,11196,11209,11206
22149,11196,11206,10671
22150,10679,10687,11210
22151,10687,11211,11210
22152,10687,10686,11211
22153,11210,11211,11212
22154,11210,11212,11213
22155,11204,11210,11213
22156,11204,11213,11205
22157,11204,10679,11210
22158,10692,10693,11215
22159,10692,11215,11214
22160,10692,11216,10691
22161,10692,11214,11216
22162,11214,11217,11216
22163,11214,11218,11217
22164,11214,11219,11218
22165,11214,11215,11219
22166,10682,11220,10695
22167,10695,11220,10693
22168,10693,11220,11215
22169,11215,11221,11219
22170,11215,11220,11221
22171,11207,11208,11221
22172,11207,11221,11220
22173,11207,11220,10682
22174,10686,10697,11222
22175,11211,11223,11212
22176,11211,10686,11222
22177,11211,11222,11223
22178,10697,10699,11224
22179,10697,11224,11225
22180,10697,11225,11222
22181,11222,11225,11223
22182,10691,11226,10703
22183,10703,11227,10702
22184,10703,11226,11227
22185,11226,11228,11227
22186,11226,11229,11228
22187,11216,11217,11229
22188,11216,11229,11226
22189,11216,11226,10691
22190,10699,10707,11230
22191,10707,11231,11230
22192,10707,10706,11231
22193,11230,11231,11232
22194,11230,11232,11233
22195,11224,11230,11233
22196,11224,11233,11225
22197,11224,10699,11230
22198,10702,11234,10711
22199,10711,11235,10710
22200,10711,11234,11235
22201,11234,11236,11235
22202,11234,11237,11236
22203,11227,11228,11237
22204,11227,11237,11234
22205,11227,11234,10702
22206,10706,10715,11238
22207,10715,11239,11238
22208,10715,10714,11239
22209,11238,11239,11240
22210,11238,11240,11241
22211,11231,11238,11241
22212,11231,11241,11232
22213,11231,10706,11238
22214,10710,11242,10719
22215,10719,11243,10718
22216,10719,11242,11243
22217,11242,11244,11243
22218,11242,11245,11244
22219,11235,11236,11245
22220,11235,11245,11242
22221,11235,11242,10710
22222,10714,10723,11246
22223,10723,11247,11246
22224,10723,10722,11247
22225,11246,11247,11248
22226,11246,11248,11249
22227,11239,11246,11249
22228,11239,11249,11240
22229,11239,10714,11246
22230,10728,10729,11250
22231,10728,11250,10727
22232,10718,11251,10731
22233,10731,11251,10729
22234,10729,11252,11250
22235,10729,11251,11252
22236,11251,11253,11252
22237,11243,11244,11253
22238,11243,11253,11251
22239,11243,11251,10718
22240,10722,11255,11254
22241,10722,10733,11255
22242,11254,11255,11256
22243,11254,11256,11257
22244,11254,11257,11258
22245,11247,11254,11258
22246,11247,11258,11248
22247,11247,10722,11254
22248,10733,10735,11259
22249,10733,11259,11255
22250,10727,11260,10739
22251,10739,11261,10738
22252,10739,11260,11261
22253,11260,11262,11261
22254,11260,11263,11262
22255,11260,11264,11263
22256,10727,11250,11264
22257,10727,11264,11260
22258,11250,11265,11264
22259,11250,11252,11265
22260,11256,11266,11257
22261,11256,11255,11266
22262,10735,10743,11267
22263,10743,11268,11267
22264,10743,10742,11268
22265,11267,11268,11269
22266,11255,11267,11269
22267,11255,11269,11266
22268,11255,11259,11267
22269,11259,10735,11267
22270,10738,11270,10747
22271,10747,11271,10746
22272,10747,11270,11271
22273,11270,11272,11271
22274,11270,11273,11272
22275,11261,11262,11273
22276,11261,11273,11270
22277,11261,11270,10738
22278,10742,10751,11274
22279,10751,11275,11274
22280,10751,10750,11275
22281,11274,11275,11276
22282,11274,11276,11277
22283,11268,11274,11277
22284,11268,11277,11269
22285,11268,10742,11274
22286,10746,11278,10755
22287,10755,11279,10754
22288,10755,11278,11279
22289,11278,11280,11279
22290,11278,11281,11280
22291,11271,11272,11281
22292,11271,11281,11278
22293,11271,11278,10746
22294,10750,10759,11282
22295,10759,11283,11282
22296,10759,10758,11283
22297,11282,11283,11284
22298,11282,11284,11285
22299,11275,11282,11285
22300,11275,11285,11276
22301,11275,10750,11282
22302,10754,11286,11287
22303,10754,11287,10763
22304,10763,11287,10762
22305,11279,11280,11288
22306,11279,11288,11286
22307,11279,11286,10754
22308,11286,11289,11287
22309,11286,11288,11289
22310,11290,11291,11292
22311,11290,11292,11293
22312,11290,11293,11294
22313,11290,11294,11295
22314,11290,11295,11296
22315,11290,11296,11291
22316,10758,10767,11297
22317,10767,11298,11297
22318,10767,10766,11298
22319,11291,11297,11298
22320,11291,11298,11292
22321,11291,11299,11297
22322,11291,11296,11299
22323,11283,11297,11299
22324,11283,11299,11284
22325,11283,10758,11297
22326,10762,11300,10769
22327,10762,11287,11300
22328,10769,11301,10771
22329,10769,11300,11302
22330,10769,11302,11301
22331,11300,11287,11303
22332,11300,11303,11302
22333,11287,11289,11303
22334,10776,11304,11305
22335,10776,11305,10777
22336,10776,11306,11304
22337,10776,10775,11306
22338,11304,11306,11307
22339,11304,11307,11308
22340,11293,11304,11308
22341,11293,11308,11294
22342,11293,11305,11304
22343,11293,11292,11305
22344,10766,10779,11309
22345,10779,10777,11309
22346,10777,11305,11309
22347,11305,11292,11309
22348,11292,11298,11309
22349,11298,10766,11309
22350,10771,11310,10783
22351,10783,11311,10782
22352,10783,11310,11311
22353,11310,11312,11311
22354,11310,11313,11312
22355,11301,11302,11313
22356,11301,11313,11310
22357,11301,11310,10771
22358,10775,10787,11314
22359,10787,11315,11314
22360,10787,10786,11315
22361,11314,11315,11316
22362,11314,11316,11317
22363,11306,11314,11317
22364,11306,11317,11307
22365,11306,10775,11314
22366,10782,11318,10791
22367,10791,11319,10790
22368,10791,11318,11319
22369,11318,11320,11319
22370,11318,11321,11320
22371,11311,11312,11321
22372,11311,11321,11318
22373,11311,11318,10782
22374,10786,10795,11322
22375,10795,11323,11322
22376,10795,10794,11323
22377,11322,11323,11324
22378,11322,11324,11325
22379,11315,11322,11325
22380,11315,11325,11316
22381,11315,10786,11322
22382,10790,11326,10799
22383,10799,11327,10798
22384,10799,11326,11327
22385,11326,11328,11327
22386,11326,11329,11328
22387,11319,11320,11329
22388,11319,11329,11326
22389,11319,11326,10790
22390,10794,10803,11330
22391,10803,11331,11330
22392,10803,10802,11331
22393,11330,11331,11332
22394,11330,11332,11333
22395,11323,11330,11333
22396,11323,11333,11324
22397,11323,10794,11330
22398,10798,11334,10805
22399,11327,11328,11335
22400,11327,11335,11334
22401,11327,11334,10798
22402,10805,11336,10807
22403,10805,11334,11337
22404,10805,11337,11336
22405,11334,11335,11337
22406,10812,11338,11339
22407,10812,11339,10813
22408,10812,11340,11338
22409,10812,10811,11340
22410,11338,11340,11341
22411,11338,11341,11342
22412,11338,11342,11343
22413,11338,11343,11339
22414,10802,10815,11344
22415,10815,10813,11344
22416,10813,11339,11344
22417,11339,11345,11344
22418,11339,11343,11345
22419,11331,11344,11345
22420,11331,11345,11332
22421,11331,10802,11344
22422,10807,11346,10819
22423,10819,11347,10818
22424,10819,11346,11347
22425,11346,11348,11347
22426,11346,11349,11348
22427,11336,11337,11349
22428,11336,11349,11346
22429,11336,11346,10807
22430,10811,10823,11350
22431,10823,11351,11350
22432,10823,10822,11351
22433,11350,11351,11352
22434,11350,11352,11353
22435,11340,11350,11353
22436,11340,11353,11341
22437,11340,10811,11350
22438,10818,11354,10825
22439,11347,11348,11355
22440,11347,11355,11354
22441,11347,11354,10818
22442,10825,11356,10827
22443,10825,11354,11357
22444,10825,11357,11356
22445,11354,11355,11357
22446,10832,11358,11359
22447,10832,11359,10833
22448,10832,11360,11358
22449,10832,10831,11360
22450,11358,11360,11361
22451,11358,11361,11362
22452,11358,11362,11363
22453,11358,11363,11359
22454,10822,10835,11364
22455,10835,10833,11364
22456,10833,11359,11364
22457,11359,11365,11364
22458,11359,11363,11365
22459,11351,11364,11365
22460,11351,11365,11352
22461,11351,10822,11364
22462,10827,11366,10839
22463,10839,11367,10838
22464,10839,11366,11367
22465,11366,11368,11367
22466,11366,11369,11368
22467,11356,11357,11369
22468,11356,11369,11366
22469,11356,11366,10827
22470,10831,10843,11370
22471,10843,11371,11370
22472,10843,10842,11371
22473,11370,11371,11372
22474,11370,11372,11373
22475,11360,11370,11373
22476,11360,11373,11361
22477,11360,10831,11370
22478,10838,11374,10845
22479,11367,11368,11375
22480,11367,11375,11374
22481,11367,11374,10838
22482,10845,11376,10847
22483,10845,11374,11377
22484,10845,11377,11376
22485,11374,11375,11377
22486,10852,11378,11379
22487,10852,11379,10853
22488,10852,11380,11378
22489,10852,10851,11380
22490,11378,11380,11381
22491,11378,11381,11382
22492,11378,11382,11383
22493,11378,11383,11379
22494,10842,10855,11384
22495,10855,10853,11384
22496,10853,11379,11384
22497,11379,11385,11384
22498,11379,11383,11385
22499,11371,11384,11385
22500,11371,11385,11372
22501,11371,10842,11384
22502,10847,11386,10857
22503,11376,11377,11387
22504,11376,11387,11386
22505,11376,11386,10847
22506,10857,11388,10859
22507,10857,11386,11389
22508,10857,11389,11388
22509,11386,11387,11389
22510,10864,11390,11391
22511,10864,11391,10865
22512,10864,11392,11390
22513,10864,10863,11392
22514,11390,11392,11393
22515,11390,11393,11394
22516,11390,11394,11395
22517,11390,11395,11391
22518,10851,10867,11396
22519,10867,10865,11396
22520,10865,11391,11396
22521,11391,11397,11396
22522,11391,11395,11397
22523,11380,11396,11397
22524,11380,11397,11381
22525,11380,10851,11396
22526,10859,11398,11399
22527,10859,11399,10871
22528,10871,11399,10870
22529,11388,11389,11400
22530,11388,11400,11398
22531,11388,11398,10859
22532,11398,11401,11399
22533,11398,11400,11401
22534,11402,11403,11404
22535,11402,11404,11405
22536,11402,11405,11406
22537,11402,11406,11407
22538,11402,11407,11408
22539,11402,11408,11403
22540,10863,10875,11409
22541,10875,11410,11409
22542,10875,10874,11410
22543,11403,11409,11410
22544,11403,11410,11404
22545,11403,11411,11409
22546,11403,11408,11411
22547,11392,11409,11411
22548,11392,11411,11393
22549,11392,10863,11409
22550,10870,11412,10877
22551,10870,11399,11412
22552,11413,11414,11415
22553,10877,11413,11415
22554,10877,11415,10879
22555,10877,11412,11413
22556,11412,11399,11413
22557,11399,11416,11413
22558,11399,11401,11416
22559,11413,11416,11414
22560,11414,11417,11415
22561,11414,11416,11417
22562,11418,11419,11420
22563,11418,11420,11421
22564,11418,11421,11422
22565,11418,11422,11423
22566,11418,11423,11424
22567,11418,11424,11419
22568,10884,11425,11426
22569,10884,11426,10885
22570,10884,11427,11425
22571,10884,10883,11427
22572,11419,11425,11427
22573,11419,11427,11420
22574,11419,11428,11425
22575,11419,11424,11428
22576,11405,11425,11428
22577,11405,11428,11406
22578,11405,11426,11425
22579,11405,11404,11426
22580,10874,10887,11429
22581,10887,10885,11429
22582,10885,11426,11429
22583,11426,11404,11429
22584,11404,11410,11429
22585,11410,10874,11429
22586,10879,11430,10889
22587,10879,11415,11430
22588,10892,11431,11432
22589,10892,11432,10893
22590,10892,10889,11431
22591,10889,11430,11431
22592,11430,11415,11431
22593,11415,11433,11431
22594,11415,11417,11433
22595,11431,11433,11432
22596,10893,11434,10895
22597,10893,11432,11435
22598,10893,11435,11434
22599,11432,11433,11435
22600,10900,11436,11437
22601,10900,11437,10901
22602,10900,11438,11436
22603,10900,10899,11438
22604,11436,11438,11439
22605,11436,11439,11440
22606,11436,11440,11441
22607,11436,11441,11437
22608,10904,11442,11443
22609,10904,11443,10905
22610,10904,10901,11442
22611,10901,11437,11442
22612,11437,11444,11442
22613,11437,11441,11444
22614,11421,11442,11444
22615,11421,11444,11422
22616,11421,11443,11442
22617,11421,11420,11443
22618,10883,10907,11445
22619,10907,10905,11445
22620,10905,11443,11445
22621,11443,11420,11445
22622,11420,11427,11445
22623,11427,10883,11445
22624,10895,11446,10909
22625,11434,11435,11447
22626,11434,11447,11446
22627,11434,11446,10895
22628,10909,11448,10911
22629,10909,11446,11449
22630,10909,11449,11448
22631,11446,11447,11449
22632,10916,11450,11451
22633,10916,11451,10917
22634,10916,11452,11450
22635,10916,10915,11452
22636,11450,11452,11453
22637,11450,11453,11454
22638,11450,11454,11455
22639,11450,11455,11451
22640,10899,10919,11456
22641,10919,10917,11456
22642,10917,11451,11456
22643,11451,11457,11456
22644,11451,11455,11457
22645,11438,11456,11457
22646,11438,11457,11439
22647,11438,10899,11456
22648,10911,11458,10921
22649,11448,11449,11459
22650,11448,11459,11458
22651,11448,11458,10911
22652,10924,11460,11461
22653,10924,11461,10925
22654,10924,10921,11460
22655,10921,11458,11460
22656,11458,11462,11460
22657,11458,11459,11462
22658,11460,11462,11463
22659,11460,11463,11461
22660,10925,11464,10927
22661,10925,11461,11465
22662,10925,11465,11464
22663,11461,11463,11465
22664,10932,11466,11467
22665,10932,11467,10933
22666,10932,11468,11466
22667,10932,10931,11468
22668,11466,11468,11469
22669,11466,11469,11470
22670,11466,11470,11471
22671,11466,11471,11467
22672,10936,11472,11473
22673,10936,11473,10937
22674,10936,10933,11472
22675,10933,11467,11472
22676,11467,11474,11472
22677,11467,11471,11474
22678,11472,11474,11475
22679,11472,11475,11473
22680,10915,10939,11476
22681,10939,10937,11476
22682,10937,11473,11476
22683,11473,11477,11476
22684,11473,11475,11477
22685,11452,11476,11477
22686,11452,11477,11453
22687,11452,10915,11476
22688,10927,11478,10941
22689,11464,11465,11479
22690,11464,11479,11478
22691,11464,11478,10927
22692,10944,11480,11481
22693,10944,11481,10945
22694,10944,10941,11480
22695,10941,11478,11480
22696,11478,11482,11480
22697,11478,11479,11482
22698,11480,11482,11483
22699,11480,11483,11481
22700,10945,11484,10947
22701,10945,11481,11485
22702,10945,11485,11484
22703,11481,11483,11485
22704,10952,11486,11487
22705,10952,11487,10953
22706,10952,11488,11486
22707,10952,10951,11488
22708,11486,11488,11489
22709,11486,11489,11490
22710,11486,11490,11491
22711,11486,11491,11487
22712,10956,11492,11493
22713,10956,11493,10957
22714,10956,10953,11492
22715,10953,11487,11492
22716,11487,11494,11492
22717,11487,11491,11494
22718,11492,11494,11495
22719,11492,11495,11493
22720,10931,10959,11496
22721,10959,10957,11496
22722,10957,11493,11496
22723,11493,11497,11496
22724,11493,11495,11497
22725,11468,11496,11497
22726,11468,11497,11469
22727,11468,10931,11496
22728,10947,11498,10961
22729,11484,11485,11499
22730,11484,11499,11498
22731,11484,11498,10947
22732,10964,11500,11501
22733,10964,11501,10965
22734,10964,10961,11500
22735,10961,11498,11500
22736,11498,11502,11500
22737,11498,11499,11502
22738,11500,11502,11503
22739,11500,11503,11501
22740,10968,11504,11505
22741,10968,11505,10969
22742,10968,10965,11504
22743,10965,11501,11504
22744,11501,11506,11504
22745,11501,11503,11506
22746,11504,11506,11507
22747,11504,11507,11505
22748,10972,11508,11509
22749,10972,11509,10973
22750,10972,10969,11508
22751,10969,11505,11508
22752,11505,11510,11508
22753,11505,11507,11510
22754,11508,11510,11511
22755,11508,11511,11509
22756,11512,11513,11514
22757,10973,11512,11514
22758,10973,11514,10975
22759,10973,11509,11512
22760,11509,11515,11512
22761,11509,11511,11515
22762,11512,11515,11516
22763,11512,11516,11513
22764,11513,11517,11514
22765,11513,11516,11517
22766,11518,11519,11520
22767,11518,11520,11521
22768,11518,11521,11522
22769,11518,11522,11523
22770,11518,11523,11524
22771,11518,11524,11519
22772,10980,11525,11526
22773,10980,11526,10981
22774,10980,11527,11525
22775,10980,10979,11527
22776,11519,11525,11527
22777,11519,11527,11520
22778,11519,11528,11525
22779,11519,11524,11528
22780,11525,11528,11529
22781,11525,11529,11526
22782,10984,11530,11531
22783,10984,11531,10985
22784,10984,10981,11530
22785,10981,11526,11530
22786,11526,11532,11530
22787,11526,11529,11532
22788,11530,11532,11533
22789,11530,11533,11531
22790,10988,11534,11535
22791,10988,11535,10989
22792,10988,10985,11534
22793,10985,11531,11534
22794,11531,11536,11534
22795,11531,11533,11536
22796,11534,11536,11537
22797,11534,11537,11535
22798,10992,11538,11539
22799,10992,11539,10993
22800,10992,10989,11538
22801,10989,11535,11538
22802,11535,11540,11538
22803,11535,11537,11540
22804,11538,11540,11541
22805,11538,11541,11539
22806,10951,10995,11542
22807,10995,10993,11542
22808,10993,11539,11542
22809,11539,11543,11542
22810,11539,11541,11543
22811,11488,11542,11543
22812,11488,11543,11489
22813,11488,10951,11542
22814,10975,11544,10997
22815,10975,11514,11544
22816,11000,11545,11546
22817,11000,11546,11001
22818,11000,10997,11545
22819,10997,11544,11545
22820,11544,11514,11545
22821,11514,11547,11545
22822,11514,11517,11547
22823,11545,11547,11546
22824,11004,11548,11549
22825,11004,11549,11005
22826,11004,11001,11548
22827,11001,11546,11548
22828,11546,11550,11548
22829,11546,11547,11550
22830,11548,11550,11551
22831,11548,11551,11549
22832,11008,11552,11553
22833,11008,11553,11009
22834,11008,11005,11552
22835,11005,11549,11552
22836,11549,11554,11552
22837,11549,11551,11554
22838,11552,11554,11555
22839,11552,11555,11553
22840,11012,11556,11557
22841,11012,11557,11013
22842,11012,11009,11556
22843,11009,11553,11556
22844,11553,11558,11556
22845,11553,11555,11558
22846,11521,11556,11558
22847,11521,11558,11522
22848,11521,11557,11556
22849,11521,11520,11557
22850,10979,11015,11559
22851,11015,11013,11559
22852,11013,11557,11559
22853,11557,11520,11559
22854,11520,11527,11559
22855,11527,10979,11559
22856,11020,11021,11560
22857,11020,11560,11019
22858,11024,11025,11561
22859,11024,11561,11562
22860,11024,11562,11021
22861,11021,11562,11560
22862,11028,11029,11563
22863,11028,11563,11564
22864,11028,11564,11025
22865,11025,11564,11561
22866,11029,11032,11565
22867,11029,11565,11563
22868,11038,11039,11566
22869,11038,11566,11037
22870,11042,11043,11568
22871,11042,11568,11567
22872,11042,11567,11039
22873,11039,11569,11566
22874,11039,11567,11569
22875,11567,11570,11569
22876,11567,11571,11570
22877,11567,11568,11571
22878,11046,11047,11573
22879,11046,11573,11572
22880,11046,11572,11043
22881,11043,11572,11568
22882,11568,11574,11571
22883,11568,11572,11574
22884,11572,11575,11574
22885,11572,11573,11575
22886,11050,11051,11577
22887,11050,11577,11576
22888,11050,11576,11047
22889,11047,11576,11573
22890,11573,11578,11575
22891,11573,11576,11578
22892,11576,11579,11578
22893,11576,11577,11579
22894,11053,11054,11581
22895,11053,11581,11580
22896,11053,11580,11051
22897,11051,11580,11577
22898,11577,11582,11579
22899,11577,11580,11582
22900,11580,11583,11582
22901,11580,11581,11583
22902,11019,11584,11055
22903,11055,11584,11054
22904,11054,11584,11581
22905,11581,11585,11583
22906,11581,11584,11585
22907,11584,11586,11585
22908,11019,11560,11586
22909,11019,11586,11584
22910,11560,11587,11586
22911,11560,11562,11588
22912,11560,11588,11587
22913,11562,11561,11588
22914,11561,11589,11588
22915,11561,11564,11590
22916,11561,11590,11589
22917,11564,11563,11590
22918,11032,11056,11591
22919,11563,11592,11590
22920,11563,11565,11593
22921,11563,11593,11592
22922,11565,11032,11591
22923,11565,11591,11593
22924,11058,11059,11595
22925,11058,11595,11594
22926,11058,11594,11056
22927,11056,11594,11591
22928,11591,11596,11593
22929,11591,11594,11596
22930,11594,11597,11596
22931,11594,11595,11597
22932,11062,11063,11599
22933,11062,11599,11598
22934,11062,11598,11059
22935,11059,11598,11595
22936,11595,11600,11597
22937,11595,11598,11600
22938,11598,11601,11600
22939,11598,11599,11601
22940,11066,11067,11603
22941,11066,11603,11602
22942,11066,11602,11063
22943,11063,11602,11599
22944,11599,11604,11601
22945,11599,11602,11604
22946,11602,11605,11604
22947,11602,11603,11605
22948,11070,11071,11606
22949,11070,11606,11607
22950,11070,11607,11067
22951,11067,11607,11608
22952,11067,11608,11603
22953,11603,11608,11605
22954,11071,11073,11609
22955,11071,11609,11606
22956,11078,11079,11611
22957,11078,11611,11610
22958,11078,11612,11077
22959,11078,11610,11612
22960,11610,11613,11612
22961,11610,11614,11613
22962,11610,11615,11614
22963,11610,11611,11615
22964,11082,11083,11617
22965,11082,11617,11616
22966,11082,11616,11079
22967,11079,11616,11611
22968,11611,11618,11615
22969,11611,11616,11618
22970,11616,11619,11618
22971,11616,11617,11619
22972,11037,11620,11085
22973,11085,11620,11083
22974,11083,11620,11617
22975,11617,11621,11619
22976,11617,11620,11621
22977,11620,11622,11621
22978,11037,11566,11622
22979,11037,11622,11620
22980,11566,11623,11622
22981,11566,11569,11623
22982,11607,11624,11608
22983,11607,11606,11624
22984,11073,11087,11625
22985,11606,11626,11624
22986,11606,11609,11627
22987,11606,11627,11626
22988,11609,11073,11625
22989,11609,11625,11627
22990,11090,11091,11629
22991,11090,11629,11628
22992,11090,11628,11087
22993,11087,11628,11625
22994,11625,11630,11627
22995,11625,11628,11630
22996,11628,11631,11630
22997,11628,11629,11631
22998,11091,11093,11632
22999,11091,11632,11633
23000,11091,11633,11629
23001,11629,11633,11631
23002,11098,11099,11635
23003,11098,11635,11634
23004,11098,11636,11097
23005,11098,11634,11636
23006,11634,11637,11636
23007,11634,11638,11637
23008,11634,11639,11638
23009,11634,11635,11639
23010,11102,11103,11641
23011,11102,11641,11640
23012,11102,11640,11099
23013,11099,11640,11635
23014,11635,11642,11639
23015,11635,11640,11642
23016,11640,11643,11642
23017,11640,11641,11643
23018,11077,11644,11105
23019,11105,11644,11103
23020,11103,11644,11641
23021,11641,11645,11643
23022,11641,11644,11645
23023,11612,11613,11645
23024,11612,11645,11644
23025,11612,11644,11077
23026,11093,11107,11646
23027,11632,11647,11633
23028,11632,11093,11646
23029,11632,11646,11647
23030,11110,11111,11649
23031,11110,11649,11648
23032,11110,11648,11107
23033,11107,11648,11646
23034,11646,11650,11647
23035,11646,11648,11650
23036,11648,11651,11650
23037,11648,11649,11651
23038,11111,11113,11652
23039,11111,11652,11653
23040,11111,11653,11649
23041,11649,11653,11651
23042,11118,11119,11655
23043,11118,11655,11654
23044,11118,11656,11117
23045,11118,11654,11656
23046,11654,11657,11656
23047,11654,11658,11657
23048,11654,11659,11658
23049,11654,11655,11659
23050,11097,11660,11121
23051,11121,11660,11119
23052,11119,11660,11655
23053,11655,11661,11659
23054,11655,11660,11661
23055,11636,11637,11661
23056,11636,11661,11660
23057,11636,11660,11097
23058,11113,11123,11662
23059,11652,11663,11653
23060,11652,11113,11662
23061,11652,11662,11663
23062,11123,11125,11664
23063,11123,11664,11665
23064,11123,11665,11662
23065,11662,11665,11663
23066,11130,11131,11667
23067,11130,11667,11666
23068,11130,11668,11129
23069,11130,11666,11668
23070,11666,11669,11668
23071,11666,11670,11669
23072,11666,11671,11670
23073,11666,11667,11671
23074,11117,11672,11133
23075,11133,11672,11131
23076,11131,11672,11667
23077,11667,11673,11671
23078,11667,11672,11673
23079,11656,11657,11673
23080,11656,11673,11672
23081,11656,11672,11117
23082,11125,11135,11674
23083,11664,11675,11665
23084,11664,11125,11674
23085,11664,11674,11675
23086,11135,11138,11676
23087,11135,11676,11677
23088,11135,11677,11674
23089,11674,11677,11675
23090,11143,11144,11679
23091,11143,11679,11678
23092,11143,11680,11142
23093,11143,11678,11680
23094,11678,11681,11680
23095,11678,11682,11681
23096,11678,11683,11682
23097,11678,11679,11683
23098,11129,11684,11145
23099,11145,11684,11144
23100,11144,11684,11679
23101,11679,11685,11683
23102,11679,11684,11685
23103,11668,11669,11685
23104,11668,11685,11684
23105,11668,11684,11129
23106,11138,11146,11686
23107,11676,11687,11677
23108,11676,11138,11686
23109,11676,11686,11687
23110,11146,11150,11688
23111,11146,11688,11689
23112,11146,11689,11686
23113,11686,11689,11687
23114,11155,11156,11691
23115,11155,11691,11690
23116,11155,11692,11154
23117,11155,11690,11692
23118,11690,11693,11692
23119,11690,11694,11693
23120,11690,11695,11694
23121,11690,11691,11695
23122,11142,11696,11157
23123,11157,11696,11156
23124,11156,11696,11691
23125,11691,11697,11695
23126,11691,11696,11697
23127,11680,11681,11697
23128,11680,11697,11696
23129,11680,11696,11142
23130,11150,11158,11698
23131,11688,11699,11689
23132,11688,11150,11698
23133,11688,11698,11699
23134,11158,11161,11700
23135,11158,11700,11701
23136,11158,11701,11698
23137,11698,11701,11699
23138,11166,11167,11703
23139,11166,11703,11702
23140,11166,11704,11165
23141,11166,11702,11704
23142,11702,11705,11704
23143,11702,11706,11705
23144,11702,11707,11706
23145,11702,11703,11707
23146,11154,11708,11169
23147,11169,11708,11167
23148,11167,11708,11703
23149,11703,11709,11707
23150,11703,11708,11709
23151,11692,11693,11709
23152,11692,11709,11708
23153,11692,11708,11154
23154,11161,11171,11710
23155,11700,11711,11701
23156,11700,11161,11710
23157,11700,11710,11711
23158,11171,11173,11712
23159,11171,11712,11713
23160,11171,11713,11710
23161,11710,11713,11711
23162,11178,11179,11715
23163,11178,11715,11714
23164,11178,11716,11177
23165,11178,11714,11716
23166,11714,11717,11716
23167,11714,11718,11717
23168,11714,11719,11718
23169,11714,11715,11719
23170,11165,11720,11181
23171,11181,11720,11179
23172,11179,11720,11715
23173,11715,11721,11719
23174,11715,11720,11721
23175,11704,11705,11721
23176,11704,11721,11720
23177,11704,11720,11165
23178,11173,11183,11722
23179,11712,11723,11713
23180,11712,11173,11722
23181,11712,11722,11723
23182,11183,11185,11724
23183,11183,11724,11725
23184,11183,11725,11722
23185,11722,11725,11723
23186,11177,11726,11189
23187,11189,11727,11188
23188,11189,11726,11727
23189,11726,11728,11727
23190,11726,11729,11728
23191,11716,11717,11729
23192,11716,11729,11726
23193,11716,11726,11177
23194,11185,11193,11730
23195,11193,11731,11730
23196,11193,11192,11731
23197,11730,11731,11732
23198,11730,11732,11733
23199,11724,11730,11733
23200,11724,11733,11725
23201,11724,11185,11730
23202,11198,11199,11735
23203,11198,11735,11734
23204,11198,11736,11197
23205,11198,11734,11736
23206,11734,11737,11736
23207,11734,11738,11737
23208,11734,11739,11738
23209,11734,11735,11739
23210,11188,11740,11201
23211,11201,11740,11199
23212,11199,11740,11735
23213,11735,11741,11739
23214,11735,11740,11741
23215,11727,11728,11741
23216,11727,11741,11740
23217,11727,11740,11188
23218,11192,11203,11742
23219,11731,11743,11732
23220,11731,11192,11742
23221,11731,11742,11743
23222,11203,11205,11744
23223,11203,11744,11745
23224,11203,11745,11742
23225,11742,11745,11743
23226,11197,11746,11209
23227,11209,11747,11208
23228,11209,11746,11747
23229,11746,11748,11747
23230,11746,11749,11748
23231,11736,11737,11749
23232,11736,11749,11746
23233,11736,11746,11197
23234,11205,11213,11750
23235,11213,11751,11750
23236,11213,11212,11751
23237,11750,11751,11752
23238,11750,11752,11753
23239,11744,11750,11753
23240,11744,11753,11745
23241,11744,11205,11750
23242,11218,11219,11754
23243,11218,11754,11217
23244,11208,11755,11221
23245,11221,11755,11219
23246,11219,11756,11754
23247,11219,11755,11756
23248,11755,11757,11756
23249,11747,11748,11757
23250,11747,11757,11755
23251,11747,11755,11208
23252,11212,11759,11758
23253,11212,11223,11759
23254,11758,11759,11760
23255,11758,11760,11761
23256,11758,11761,11762
23257,11751,11758,11762
23258,11751,11762,11752
23259,11751,11212,11758
23260,11223,11225,11763
23261,11223,11763,11759
23262,11217,11764,11229
23263,11229,11765,11228
23264,11229,11764,11765
23265,11764,11766,11765
23266,11764,11767,11766
23267,11764,11768,11767
23268,11217,11754,11768
23269,11217,11768,11764
23270,11754,11769,11768
23271,11754,11756,11769
23272,11760,11770,11761
23273,11760,11759,11770
23274,11225,11233,11771
23275,11233,11772,11771
23276,11233,11232,11772
23277,11771,11772,11773
23278,11759,11771,11773
23279,11759,11773,11770
23280,11759,11763,11771
23281,11763,11225,11771
23282,11228,11774,11237
23283,11237,11775,11236
23284,11237,11774,11775
23285,11774,11776,11775
23286,11774,11777,11776
23287,11765,11766,11777
23288,11765,11777,11774
23289,11765,11774,11228
23290,11232,11241,11778
23291,11241,11779,11778
23292,11241,11240,11779
23293,11778,11779,11780
23294,11778,11780,11781
23295,11772,11778,11781
23296,11772,11781,11773
23297,11772,11232,11778
23298,11236,11782,11245
23299,11245,11783,11244
23300,11245,11782,11783
23301,11782,11784,11783
23302,11782,11785,11784
23303,11775,11776,11785
23304,11775,11785,11782
23305,11775,11782,11236
23306,11240,11249,11786
23307,11249,11787,11786
23308,11249,11248,11787
23309,11786,11787,11788
23310,11786,11788,11789
23311,11779,11786,11789
23312,11779,11789,11780
23313,11779,11240,11786
23314,11244,11790,11253
23315,11253,11791,11252
23316,11253,11790,11791
23317,11790,11792,11791
23318,11790,11793,11792
23319,11783,11784,11793
23320,11783,11793,11790
23321,11783,11790,11244
23322,11248,11258,11794
23323,11258,11795,11794
23324,11258,11257,11795
23325,11794,11795,11796
23326,11794,11796,11797
23327,11787,11794,11797
23328,11787,11797,11788
23329,11787,11248,11794
23330,11263,11264,11798
23331,11263,11798,11262
23332,11252,11799,11265
23333,11265,11799,11264
23334,11264,11800,11798
23335,11264,11799,11800
23336,11799,11801,11800
23337,11791,11792,11801
23338,11791,11801,11799
23339,11791,11799,11252
23340,11257,11803,11802
23341,11257,11266,11803
23342,11802,11803,11804
23343,11802,11804,11805
23344,11802,11805,11806
23345,11795,11802,11806
23346,11795,11806,11796
23347,11795,11257,11802
23348,11266,11269,11807
23349,11266,11807,11803
23350,11262,11808,11809
23351,11262,11809,11273
23352,11273,11809,11272
23353,11262,11798,11808
23354,11808,11810,11809
23355,11808,11798,11811
23356,11808,11811,11810
23357,11798,11800,11811
23358,11812,11813,11814
23359,11812,11814,11815
23360,11812,11815,11816
23361,11812,11816,11817
23362,11804,11812,11817
23363,11804,11817,11805
23364,11804,11813,11812
23365,11804,11803,11813
23366,11269,11277,11818
23367,11277,11819,11818
23368,11277,11276,11819
23369,11813,11818,11819
23370,11813,11819,11814
23371,11813,11803,11818
23372,11803,11807,11818
23373,11807,11269,11818
23374,11272,11820,11821
23375,11272,11821,11281
23376,11281,11821,11280
23377,11272,11809,11820
23378,11820,11822,11821
23379,11820,11809,11823
23380,11820,11823,11822
23381,11809,11810,11823
23382,11824,11825,11826
23383,11824,11826,11827
23384,11824,11827,11828
23385,11824,11828,11829
23386,11815,11824,11829
23387,11815,11829,11816
23388,11815,11825,11824
23389,11815,11814,11825
23390,11276,11285,11830
23391,11285,11831,11830
23392,11285,11284,11831
23393,11825,11830,11831
23394,11825,11831,11826
23395,11825,11814,11830
23396,11814,11819,11830
23397,11819,11276,11830
23398,11280,11832,11288
23399,11280,11821,11832
23400,11288,11833,11289
23401,11288,11832,11834
23402,11288,11834,11833
23403,11832,11821,11835
23404,11832,11835,11834
23405,11821,11822,11835
23406,11295,11836,11837
23407,11295,11837,11296
23408,11295,11838,11836
23409,11295,11294,11838
23410,11836,11838,11839
23411,11836,11839,11840
23412,11827,11836,11840
23413,11827,11840,11828
23414,11827,11837,11836
23415,11827,11826,11837
23416,11284,11299,11841
23417,11299,11296,11841
23418,11296,11837,11841
23419,11837,11826,11841
23420,11826,11831,11841
23421,11831,11284,11841
23422,11289,11842,11303
23423,11303,11843,11302
23424,11303,11842,11843
23425,11842,11844,11843
23426,11842,11845,11844
23427,11833,11834,11845
23428,11833,11845,11842
23429,11833,11842,11289
23430,11294,11308,11846
23431,11308,11847,11846
23432,11308,11307,11847
23433,11846,11847,11848
23434,11846,11848,11849
23435,11838,11846,11849
23436,11838,11849,11839
23437,11838,11294,11846
23438,11302,11850,11313
23439,11313,11851,11312
23440,11313,11850,11851
23441,11850,11852,11851
23442,11850,11853,11852
23443,11843,11844,11853
23444,11843,11853,11850
23445,11843,11850,11302
23446,11307,11317,11854
23447,11317,11855,11854
23448,11317,11316,11855
23449,11854,11855,11856
23450,11854,11856,11857
23451,11847,11854,11857
23452,11847,11857,11848
23453,11847,11307,11854
23454,11312,11858,11321
23455,11321,11859,11320
23456,11321,11858,11859
23457,11858,11860,11859
23458,11858,11861,11860
23459,11851,11852,11861
23460,11851,11861,11858
23461,11851,11858,11312
23462,11316,11325,11862
23463,11325,11863,11862
23464,11325,11324,11863
23465,11862,11863,11864
23466,11862,11864,11865
23467,11855,11862,11865
23468,11855,11865,11856
23469,11855,11316,11862
23470,11320,11866,11867
23471,11320,11867,11329
23472,11329,11867,11328
23473,11859,11860,11868
23474,11859,11868,11866
23475,11859,11866,11320
23476,11866,11869,11867
23477,11866,11868,11869
23478,11870,11871,11872
23479,11870,11872,11873
23480,11870,11873,11874
23481,11870,11874,11875
23482,11870,11875,11876
23483,11870,11876,11871
23484,11324,11333,11877
23485,11333,11878,11877
23486,11333,11332,11878
23487,11871,11877,11878
23488,11871,11878,11872
23489,11871,11879,11877
23490,11871,11876,11879
23491,11863,11877,11879
23492,11863,11879,11864
23493,11863,11324,11877
23494,11328,11880,11335
23495,11328,11867,11880
23496,11335,11881,11337
23497,11335,11880,11882
23498,11335,11882,11881
23499,11880,11867,11883
23500,11880,11883,11882
23501,11867,11869,11883
23502,11342,11884,11885
23503,11342,11885,11343
23504,11342,11886,11884
23505,11342,11341,11886
23506,11884,11886,11887
23507,11884,11887,11888
23508,11873,11884,11888
23509,11873,11888,11874
23510,11873,11885,11884
23511,11873,11872,11885
23512,11332,11345,11889
23513,11345,11343,11889
23514,11343,11885,11889
23515,11885,11872,11889
23516,11872,11878,11889
23517,11878,11332,11889
23518,11337,11890,11349
23519,11349,11891,11348
23520,11349,11890,11891
23521,11890,11892,11891
23522,11890,11893,11892
23523,11881,11882,11893
23524,11881,11893,11890
23525,11881,11890,11337
23526,11341,11353,11894
23527,11353,11895,11894
23528,11353,11352,11895
23529,11894,11895,11896
23530,11894,11896,11897
23531,11886,11894,11897
23532,11886,11897,11887
23533,11886,11341,11894
23534,11348,11898,11355
23535,11891,11892,11899
23536,11891,11899,11898
23537,11891,11898,11348
23538,11355,11900,11357
23539,11355,11898,11901
23540,11355,11901,11900
23541,11898,11899,11901
23542,11362,11902,11903
23543,11362,11903,11363
23544,11362,11904,11902
23545,11362,11361,11904
23546,11902,11904,11905
23547,11902,11905,11906
23548,11902,11906,11907
23549,11902,11907,11903
23550,11352,11365,11908
23551,11365,11363,11908
23552,11363,11903,11908
23553,11903,11909,11908
23554,11903,11907,11909
23555,11895,11908,11909
23556,11895,11909,11896
23557,11895,11352,11908
23558,11357,11910,11369
23559,11369,11911,11368
23560,11369,11910,11911
23561,11910,11912,11911
23562,11910,11913,11912
23563,11900,11901,11913
23564,11900,11913,11910
23565,11900,11910,11357
23566,11361,11373,11914
23567,11373,11915,11914
23568,11373,11372,11915
23569,11914,11915,11916
23570,11914,11916,11917
23571,11904,11914,11917
23572,11904,11917,11905
23573,11904,11361,11914
23574,11368,11918,11375
23575,11911,11912,11919
23576,11911,11919,11918
23577,11911,11918,11368
23578,11375,11920,11377
23579,11375,11918,11921
23580,11375,11921,11920
23581,11918,11919,11921
23582,11382,11922,11923
23583,11382,11923,11383
23584,11382,11924,11922
23585,11382,11381,11924
23586,11922,11924,11925
23587,11922,11925,11926
23588,11922,11926,11927
23589,11922,11927,11923
23590,11372,11385,11928
23591,11385,11383,11928
23592,11383,11923,11928
23593,11923,11929,11928
23594,11923,11927,11929
23595,11915,11928,11929
23596,11915,11929,11916
23597,11915,11372,11928
23598,11377,11930,11387
23599,11920,11921,11931
23600,11920,11931,11930
23601,11920,11930,11377
23602,11387,11932,11389
23603,11387,11930,11933
23604,11387,11933,11932
23605,11930,11931,11933
23606,11394,11934,11935
23607,11394,11935,11395
23608,11394,11936,11934
23609,11394,11393,11936
23610,11934,11936,11937
23611,11934,11937,11938
23612,11934,11938,11939
23613,11934,11939,11935
23614,11381,11397,11940
23615,11397,11395,11940
23616,11395,11935,11940
23617,11935,11941,11940
23618,11935,11939,11941
23619,11924,11940,11941
23620,11924,11941,11925
23621,11924,11381,11940
23622,11389,11942,11400
23623,11932,11933,11943
23624,11932,11943,11942
23625,11932,11942,11389
23626,11400,11944,11401
23627,11400,11942,11945
23628,11400,11945,11944
23629,11942,11943,11945
23630,11407,11946,11947
23631,11407,11947,11408
23632,11407,11948,11946
23633,11407,11406,11948
23634,11946,11948,11949
23635,11946,11949,11950
23636,11946,11950,11951
23637,11946,11951,11947
23638,11393,11411,11952
23639,11411,11408,11952
23640,11408,11947,11952
23641,11947,11953,11952
23642,11947,11951,11953
23643,11936,11952,11953
23644,11936,11953,11937
23645,11936,11393,11952
23646,11401,11954,11416
23647,11944,11945,11955
23648,11944,11955,11954
23649,11944,11954,11401
23650,11416,11956,11417
23651,11416,11954,11957
23652,11416,11957,11956
23653,11954,11955,11957
23654,11423,11958,11959
23655,11423,11959,11424
23656,11423,11960,11958
23657,11423,11422,11960
23658,11958,11960,11961
23659,11958,11961,11962
23660,11958,11962,11963
23661,11958,11963,11959
23662,11406,11428,11964
23663,11428,11424,11964
23664,11424,11959,11964
23665,11959,11965,11964
23666,11959,11963,11965
23667,11948,11964,11965
23668,11948,11965,11949
23669,11948,11406,11964
23670,11417,11966,11433
23671,11956,11957,11967
23672,11956,11967,11966
23673,11956,11966,11417
23674,11433,11968,11435
23675,11433,11966,11969
23676,11433,11969,11968
23677,11966,11967,11969
23678,11440,11970,11971
23679,11440,11971,11441
23680,11440,11972,11970
23681,11440,11439,11972
23682,11970,11972,11973
23683,11970,11973,11974
23684,11970,11974,11975
23685,11970,11975,11971
23686,11422,11444,11976
23687,11444,11441,11976
23688,11441,11971,11976
23689,11971,11977,11976
23690,11971,11975,11977
23691,11960,11976,11977
23692,11960,11977,11961
23693,11960,11422,11976
23694,11435,11978,11447
23695,11968,11969,11979
23696,11968,11979,11978
23697,11968,11978,11435
23698,11447,11980,11449
23699,11447,11978,11981
23700,11447,11981,11980
23701,11978,11979,11981
23702,11454,11982,11983
23703,11454,11983,11455
23704,11454,11984,11982
23705,11454,11453,11984
23706,11982,11984,11985
23707,11982,11985,11986
23708,11982,11986,11987
23709,11982,11987,11983
23710,11439,11457,11988
23711,11457,11455,11988
23712,11455,11983,11988
23713,11983,11989,11988
23714,11983,11987,11989
23715,11972,11988,11989
23716,11972,11989,11973
23717,11972,11439,11988
23718,11449,11990,11459
23719,11980,11981,11991
23720,11980,11991,11990
23721,11980,11990,11449
23722,11462,11992,11993
23723,11462,11993,11463
23724,11462,11459,11992
23725,11459,11990,11992
23726,11990,11994,11992
23727,11990,11991,11994
23728,11992,11994,11995
23729,11992,11995,11993
23730,11463,11996,11465
23731,11463,11993,11997
23732,11463,11997,11996
23733,11993,11995,11997
23734,11470,11998,11999
23735,11470,11999,11471
23736,11470,12000,11998
23737,11470,11469,12000
23738,11998,12000,12001
23739,11998,12001,12002
23740,11998,12002,12003
23741,11998,12003,11999
23742,11474,12004,12005
23743,11474,12005,11475
23744,11474,11471,12004
23745,11471,11999,12004
23746,11999,12006,12004
23747,11999,12003,12006
23748,12004,12006,12007
23749,12004,12007,12005
23750,11453,11477,12008
23751,11477,11475,12008
23752,11475,12005,12008
23753,12005,12009,12008
23754,12005,12007,12009
23755,11984,12008,12009
23756,11984,12009,11985
23757,11984,11453,12008
23758,11465,12010,11479
23759,11996,11997,12011
23760,11996,12011,12010
23761,11996,12010,11465
23762,11482,12012,12013
23763,11482,12013,11483
23764,11482,11479,12012
23765,11479,12010,12012
23766,12010,12014,12012
23767,12010,12011,12014
23768,12012,12014,12015
23769,12012,12015,12013
23770,12016,12017,12018
23771,11483,12016,12018
23772,11483,12018,11485
23773,11483,12013,12016
23774,12013,12019,12016
23775,12013,12015,12019
23776,12016,12019,12020
23777,12016,12020,12017
23778,12017,12021,12018
23779,12017,12020,12021
23780,12022,12023,12024
23781,12022,12024,12025
23782,12022,12025,12026
23783,12022,12026,12027
23784,12022,12027,12028
23785,12022,12028,12023
23786,11490,12029,12030
23787,11490,12030,11491
23788,11490,12031,12029
23789,11490,11489,12031
23790,12023,12029,12031
23791,12023,12031,12024
23792,12023,12032,12029
23793,12023,12028,12032
23794,12029,12032,12033
23795,12029,12033,12030
23796,11494,12034,12035
23797,11494,12035,11495
23798,11494,11491,12034
23799,11491,12030,12034
23800,12030,12036,12034
23801,12030,12033,12036
23802,12034,12036,12037
23803,12034,12037,12035
23804,11469,11497,12038
23805,11497,11495,12038
23806,11495,12035,12038
23807,12035,12039,12038
23808,12035,12037,12039
23809,12000,12038,12039
23810,12000,12039,12001
23811,12000,11469,12038
23812,11485,12040,11499
23813,11485,12018,12040
23814,11502,12041,12042
23815,11502,12042,11503
23816,11502,11499,12041
23817,11499,12040,12041
23818,12040,12018,12041
23819,12018,12043,12041
23820,12018,12021,12043
23821,12041,12043,12042
23822,11506,12044,12045
23823,11506,12045,11507
23824,11506,11503,12044
23825,11503,12042,12044
23826,12042,12046,12044
23827,12042,12043,12046
23828,12044,12046,12047
23829,12044,12047,12045
23830,11510,12048,12049
23831,11510,12049,11511
23832,11510,11507,12048
23833,11507,12045,12048
23834,12045,12050,12048
23835,12045,12047,12050
23836,12048,12050,12051
23837,12048,12051,12049
23838,11515,12052,12053
23839,11515,12053,11516
23840,11515,11511,12052
23841,11511,12049,12052
23842,12049,12054,12052
23843,12049,12051,12054
23844,12052,12054,12055
23845,12052,12055,12053
23846,12056,12057,12058
23847,11516,12056,12058
23848,11516,12058,11517
23849,11516,12053,12056
23850,12053,12059,12056
23851,12053,12055,12059
23852,12056,12059,12060
23853,12056,12060,12057
23854,12061,12062,12063
23855,12061,12063,12064
23856,12057,12061,12064
23857,12057,12064,12058
23858,12057,12065,12061
23859,12057,12060,12065
23860,12061,12065,12066
23861,12061,12066,12062
23862,12067,12068,12069
23863,12067,12069,12070
23864,12062,12067,12070
23865,12062,12070,12063
23866,12062,12071,12067
23867,12062,12066,12071
23868,12067,12071,12072
23869,12067,12072,12068
23870,11523,12073,12074
23871,11523,12074,11524
23872,11523,12075,12073
23873,11523,11522,12075
23874,12068,12073,12075
23875,12068,12075,12069
23876,12068,12076,12073
23877,12068,12072,12076
23878,12073,12076,12077
23879,12073,12077,12074
23880,11528,12078,12079
23881,11528,12079,11529
23882,11528,11524,12078
23883,11524,12074,12078
23884,12074,12080,12078
23885,12074,12077,12080
23886,12078,12080,12081
23887,12078,12081,12079
23888,11532,12082,12083
23889,11532,12083,11533
23890,11532,11529,12082
23891,11529,12079,12082
23892,12079,12084,12082
23893,12079,12081,12084
23894,12082,12084,12085
23895,12082,12085,12083
23896,11536,12086,12087
23897,11536,12087,11537
23898,11536,11533,12086
23899,11533,12083,12086
23900,12083,12088,12086
23901,12083,12085,12088
23902,12086,12088,12089
23903,12086,12089,12087
23904,11540,12090,12091
23905,11540,12091,11541
23906,11540,11537,12090
23907,11537,12087,12090
23908,12087,12092,12090
23909,12087,12089,12092
23910,12025,12090,12092
23911,12025,12092,12026
23912,12025,12091,12090
23913,12025,12024,12091
23914,11489,11543,12093
23915,11543,11541,12093
23916,11541,12091,12093
23917,12091,12024,12093
23918,12024,12031,12093
23919,12031,11489,12093
23920,11517,12094,11547
23921,11517,12058,12094
23922,11550,12095,12096
23923,11550,12096,11551
23924,11550,11547,12095
23925,11547,12094,12095
23926,12094,12058,12095
23927,12058,12064,12095
23928,12064,12096,12095
23929,12064,12063,12096
23930,11554,12097,12098
23931,11554,12098,11555
23932,11554,11551,12097
23933,11551,12096,12097
23934,12096,12063,12097
23935,12063,12070,12097
23936,12070,12098,12097
23937,12070,12069,12098
23938,11522,11558,12099
23939,11558,11555,12099
23940,11555,12098,12099
23941,12098,12069,12099
23942,12069,12075,12099
23943,12075,11522,12099
23944,11570,11571,12101
23945,11570,12101,12100
23946,11570,12102,11569
23947,11570,12100,12102
23948,12100,12103,12102
23949,12100,12104,12103
23950,12100,12105,12104
23951,12100,12101,12105
23952,11574,11575,12107
23953,11574,12107,12106
23954,11574,12106,11571
23955,11571,12106,12101
23956,12101,12108,12105
23957,12101,12106,12108
23958,12106,12109,12108
23959,12106,12107,12109
23960,11578,11579,12111
23961,11578,12111,12110
23962,11578,12110,11575
23963,11575,12110,12107
23964,12107,12112,12109
23965,12107,12110,12112
23966,12110,12113,12112
23967,12110,12111,12113
23968,11582,11583,12115
23969,11582,12115,12114
23970,11582,12114,11579
23971,11579,12114,12111
23972,12111,12116,12113
23973,12111,12114,12116
23974,12114,12117,12116
23975,12114,12115,12117
23976,11585,11586,12119
23977,11585,12119,12118
23978,11585,12118,11583
23979,11583,12118,12115
23980,12115,12120,12117
23981,12115,12118,12120
23982,12118,12121,12120
23983,12118,12119,12121
23984,11587,11588,12123
23985,11587,12123,12122
23986,11587,12122,11586
23987,11586,12122,12119
23988,12119,12124,12121
23989,12119,12122,12124
23990,12122,12125,12124
23991,12122,12123,12125
23992,11589,11590,12127
23993,11589,12127,12126
23994,11589,12126,11588
23995,11588,12126,12123
23996,12123,12128,12125
23997,12123,12126,12128
23998,12126,12129,12128
23999,12126,12127,12129
24000,11592,11593,12131
24001,11592,12131,12130
24002,11592,12130,11590
24003,11590,12130,12127
24004,12127,12132,12129
24005,12127,12130,12132
24006,12130,12133,12132
24007,12130,12131,12133
24008,11596,11597,12135
24009,11596,12135,12134
24010,11596,12134,11593
24011,11593,12134,12131
24012,12131,12136,12133
24013,12131,12134,12136
24014,12134,12137,12136
24015,12134,12135,12137
24016,11600,11601,12139
24017,11600,12139,12138
24018,11600,12138,11597
24019,11597,12138,12135
24020,12135,12140,12137
24021,12135,12138,12140
24022,12138,12141,12140
24023,12138,12139,12141
24024,11604,11605,12143
24025,11604,12143,12142
24026,11604,12142,11601
24027,11601,12142,12139
24028,12139,12144,12141
24029,12139,12142,12144
24030,12142,12145,12144
24031,12142,12143,12145
24032,11605,11608,12146
24033,11605,12146,12147
24034,11605,12147,12143
24035,12143,12147,12145
24036,11614,11615,12148
24037,11614,12148,11613
24038,11618,11619,12150
24039,11618,12150,12149
24040,11618,12149,11615
24041,11615,12151,12148
24042,11615,12149,12151
24043,12149,12152,12151
24044,12149,12153,12152
24045,12149,12150,12153
24046,11621,11622,12155
24047,11621,12155,12154
24048,11621,12154,11619
24049,11619,12154,12150
24050,12150,12156,12153
24051,12150,12154,12156
24052,12154,12157,12156
24053,12154,12155,12157
24054,11569,12158,11623
24055,11623,12158,11622
24056,11622,12158,12155
24057,12155,12159,12157
24058,12155,12158,12159
24059,12102,12103,12159
24060,12102,12159,12158
24061,12102,12158,11569
24062,11608,11624,12160
24063,12146,12161,12147
24064,12146,11608,12160
24065,12146,12160,12161
24066,11626,11627,12163
24067,11626,12163,12162
24068,11626,12162,11624
24069,11624,12162,12160
24070,12160,12164,12161
24071,12160,12162,12164
24072,12162,12165,12164
24073,12162,12163,12165
24074,11630,11631,12166
24075,11630,12166,12167
24076,11630,12167,11627
24077,11627,12167,12168
24078,11627,12168,12163
24079,12163,12168,12165
24080,11631,11633,12169
24081,11631,12169,12166
24082,11638,11639,12170
24083,11638,12170,11637
24084,11642,11643,12172
24085,11642,12172,12171
24086,11642,12171,11639
24087,11639,12173,12170
24088,11639,12171,12173
24089,12171,12174,12173
24090,12171,12175,12174
24091,12171,12172,12175
24092,11613,12176,11645
24093,11645,12176,11643
24094,11643,12176,12172
24095,12172,12177,12175
24096,12172,12176,12177
24097,12176,12178,12177
24098,11613,12148,12178
24099,11613,12178,12176
24100,12148,12179,12178
24101,12148,12151,12179
24102,12167,12180,12168
24103,12167,12166,12180
24104,11633,11647,12181
24105,12166,12182,12180
24106,12166,12169,12183
24107,12166,12183,12182
24108,12169,11633,12181
24109,12169,12181,12183
24110,11650,11651,12184
24111,11650,12184,12185
24112,11650,12185,11647
24113,11647,12185,12186
24114,11647,12186,12181
24115,12181,12186,12183
24116,11651,11653,12187
24117,11651,12187,12184
24118,11658,11659,12189
24119,11658,12189,12188
24120,11658,12190,11657
24121,11658,12188,12190
24122,12188,12191,12190
24123,12188,12192,12191
24124,12188,12193,12192
24125,12188,12189,12193
24126,11637,12194,11661
24127,11661,12194,11659
24128,11659,12194,12189
24129,12189,12195,12193
24130,12189,12194,12195
24131,12194,12196,12195
24132,11637,12170,12196
24133,11637,12196,12194
24134,12170,12197,12196
24135,12170,12173,12197
24136,12185,12198,12186
24137,12185,12184,12198
24138,11653,11663,12199
24139,12184,12200,12198
24140,12184,12187,12201
24141,12184,12201,12200
24142,12187,11653,12199
24143,12187,12199,12201
24144,11663,11665,12202
24145,11663,12202,12203
24146,11663,12203,12199
24147,12199,12203,12201
24148,11670,11671,12205
24149,11670,12205,12204
24150,11670,12206,11669
24151,11670,12204,12206
24152,12204,12207,12206
24153,12204,12208,12207
24154,12204,12209,12208
24155,12204,12205,12209
24156,11657,12210,11673
24157,11673,12210,11671
24158,11671,12210,12205
24159,12205,12211,12209
24160,12205,12210,12211
24161,12190,12191,12211
24162,12190,12211,12210
24163,12190,12210,11657
24164,11665,11675,12212
24165,12202,12213,12203
24166,12202,11665,12212
24167,12202,12212,12213
24168,11675,11677,12214
24169,11675,12214,12215
24170,11675,12215,12212
24171,12212,12215,12213
24172,11682,11683,12217
24173,11682,12217,12216
24174,11682,12218,11681
24175,11682,12216,12218
24176,12216,12219,12218
24177,12216,12220,12219
24178,12216,12221,12220
24179,12216,12217,12221
24180,11669,12222,11685
24181,11685,12222,11683
24182,11683,12222,12217
24183,12217,12223,12221
24184,12217,12222,12223
24185,12206,12207,12223
24186,12206,12223,12222
24187,12206,12222,11669
24188,11677,11687,12224
24189,12214,12225,12215
24190,12214,11677,12224
24191,12214,12224,12225
24192,11687,11689,12226
24193,11687,12226,12227
24194,11687,12227,12224
24195,12224,12227,12225
24196,11694,11695,12229
24197,11694,12229,12228
24198,11694,12230,11693
24199,11694,12228,12230
24200,12228,12231,12230
24201,12228,12232,12231
24202,12228,12233,12232
24203,12228,12229,12233
24204,11681,12234,11697
24205,11697,12234,11695
24206,11695,12234,12229
24207,12229,12235,12233
24208,12229,12234,12235
24209,12218,12219,12235
24210,12218,12235,12234
24211,12218,12234,11681
24212,11689,11699,12236
24213,12226,12237,12227
24214,12226,11689,12236
24215,12226,12236,12237
24216,11699,11701,12238
24217,11699,12238,12239
24218,11699,12239,12236
24219,12236,12239,12237
24220,11706,11707,12241
24221,11706,12241,12240
24222,11706,12242,11705
24223,11706,12240,12242
24224,12240,12243,12242
24225,12240,12244,12243
24226,12240,12245,12244
24227,12240,12241,12245
24228,11693,12246,11709
24229,11709,12246,11707
24230,11707,12246,12241
24231,12241,12247,12245
24232,12241,12246,12247
24233,12230,12231,12247
24234,12230,12247,12246
24235,12230,12246,11693
24236,11701,11711,12248
24237,12238,12249,12239
24238,12238,11701,12248
24239,12238,12248,12249
24240,11711,11713,12250
24241,11711,12250,12251
24242,11711,12251,12248
24243,12248,12251,12249
24244,11718,11719,12252
24245,11718,12252,11717
24246,11705,12253,11721
24247,11721,12253,11719
24248,11719,12254,12252
24249,11719,12253,12254
24250,12253,12255,12254
24251,12242,12243,12255
24252,12242,12255,12253
24253,12242,12253,11705
24254,11713,12257,12256
24255,11713,11723,12257
24256,12256,12257,12258
24257,12256,12258,12259
24258,12256,12259,12260
24259,12250,12256,12260
24260,12250,12260,12251
24261,12250,11713,12256
24262,11723,11725,12261
24263,11723,12261,12257
24264,11717,12262,11729
24265,11729,12263,11728
24266,11729,12262,12263
24267,12262,12264,12263
24268,12262,12265,12264
24269,12262,12266,12265
24270,11717,12252,12266
24271,11717,12266,12262
24272,12252,12267,12266
24273,12252,12254,12267
24274,12258,12268,12259
24275,12258,12257,12268
24276,11725,11733,12269
24277,11733,12270,12269
24278,11733,11732,12270
24279,12269,12270,12271
24280,12257,12269,12271
24281,12257,12271,12268
24282,12257,12261,12269
24283,12261,11725,12269
24284,11738,11739,12272
24285,11738,12272,11737
24286,11728,12273,11741
24287,11741,12273,11739
24288,11739,12274,12272
24289,11739,12273,12274
24290,12273,12275,12274
24291,12263,12264,12275
24292,12263,12275,12273
24293,12263,12273,11728
24294,11732,12277,12276
24295,11732,11743,12277
24296,12276,12277,12278
24297,12276,12278,12279
24298,12276,12279,12280
24299,12270,12276,12280
24300,12270,12280,12271
24301,12270,11732,12276
24302,11743,11745,12281
24303,11743,12281,12277
24304,11737,12282,11749
24305,11749,12283,11748
24306,11749,12282,12283
24307,12282,12284,12283
24308,12282,12285,12284
24309,12282,12286,12285
24310,11737,12272,12286
24311,11737,12286,12282
24312,12272,12287,12286
24313,12272,12274,12287
24314,12278,12288,12279
24315,12278,12277,12288
24316,11745,11753,12289
24317,11753,12290,12289
24318,11753,11752,12290
24319,12289,12290,12291
24320,12277,12289,12291
24321,12277,12291,12288
24322,12277,12281,12289
24323,12281,11745,12289
24324,11748,12292,11757
24325,11757,12293,11756
24326,11757,12292,12293
24327,12292,12294,12293
24328,12292,12295,12294
24329,12283,12284,12295
24330,12283,12295,12292
24331,12283,12292,11748
24332,11752,11762,12296
24333,11762,12297,12296
24334,11762,11761,12297
24335,12296,12297,12298
24336,12296,12298,12299
24337,12290,12296,12299
24338,12290,12299,12291
24339,12290,11752,12296
24340,11767,11768,12301
24341,11767,12301,12300
24342,11767,12302,11766
24343,11767,12300,12302
24344,12300,12303,12302
24345,12300,12304,12303
24346,12300,12305,12304
24347,12300,12301,12305
24348,11756,12306,11769
24349,11769,12306,11768
24350,11768,12306,12301
24351,12301,12307,12305
24352,12301,12306,12307
24353,12293,12294,12307
24354,12293,12307,12306
24355,12293,12306,11756
24356,11761,11770,12308
24357,12297,12309,12298
24358,12297,11761,12308
24359,12297,12308,12309
24360,11770,11773,12310
24361,11770,12310,12311
24362,11770,12311,12308
24363,12308,12311,12309
24364,11766,12312,11777
24365,11777,12313,11776
24366,11777,12312,12313
24367,12312,12314,12313
24368,12312,12315,12314
24369,12302,12303,12315
24370,12302,12315,12312
24371,12302,12312,11766
24372,11773,11781,12316
24373,11781,12317,12316
24374,11781,11780,12317
24375,12316,12317,12318
24376,12316,12318,12319
24377,12310,12316,12319
24378,12310,12319,12311
24379,12310,11773,12316
24380,11776,12320,11785
24381,11785,12321,11784
24382,11785,12320,12321
24383,12320,12322,12321
24384,12320,12323,12322
24385,12313,12314,12323
24386,12313,12323,12320
24387,12313,12320,11776
24388,11780,11789,12324
24389,11789,12325,12324
24390,11789,11788,12325
24391,12324,12325,12326
24392,12324,12326,12327
24393,12317,12324,12327
24394,12317,12327,12318
24395,12317,11780,12324
24396,11784,12328,11793
24397,11793,12329,11792
24398,11793,12328,12329
24399,12328,12330,12329
24400,12328,12331,12330
24401,12321,12322,12331
24402,12321,12331,12328
24403,12321,12328,11784
24404,11788,11797,12332
24405,11797,12333,12332
24406,11797,11796,12333
24407,12332,12333,12334
24408,12332,12334,12335
24409,12325,12332,12335
24410,12325,12335,12326
24411,12325,11788,12332
24412,11792,12336,11801
24413,11801,12337,11800
24414,11801,12336,12337
24415,12336,12338,12337
24416,12336,12339,12338
24417,12329,12330,12339
24418,12329,12339,12336
24419,12329,12336,11792
24420,11796,11806,12340
24421,11806,12341,12340
24422,11806,11805,12341
24423,12340,12341,12342
24424,12340,12342,12343
24425,12333,12340,12343
24426,12333,12343,12334
24427,12333,11796,12340
24428,11800,12344,11811
24429,11811,12345,11810
24430,11811,12344,12345
24431,12344,12346,12345
24432,12344,12347,12346
24433,12337,12338,12347
24434,12337,12347,12344
24435,12337,12344,11800
24436,11805,11817,12348
24437,11817,12349,12348
24438,11817,11816,12349
24439,12348,12349,12350
24440,12348,12350,12351
24441,12341,12348,12351
24442,12341,12351,12342
24443,12341,11805,12348
24444,11810,12352,11823
24445,11823,12353,11822
24446,11823,12352,12353
24447,12352,12354,12353
24448,12352,12355,12354
24449,12345,12346,12355
24450,12345,12355,12352
24451,12345,12352,11810
24452,11816,11829,12356
24453,11829,12357,12356
24454,11829,11828,12357
24455,12356,12357,12358
24456,12356,12358,12359
24457,12349,12356,12359
24458,12349,12359,12350
24459,12349,11816,12356
24460,11822,12360,11835
24461,11835,12361,11834
24462,11835,12360,12361
24463,12360,12362,12361
24464,12360,12363,12362
24465,12353,12354,12363
24466,12353,12363,12360
24467,12353,12360,11822
24468,11828,11840,12364
24469,11840,12365,12364
24470,11840,11839,12365
24471,12364,12365,12366
24472,12364,12366,12367
24473,12357,12364,12367
24474,12357,12367,12358
24475,12357,11828,12364
24476,11834,12368,11845
24477,11845,12369,11844
24478,11845,12368,12369
24479,12368,12370,12369
24480,12368,12371,12370
24481,12361,12362,12371
24482,12361,12371,12368
24483,12361,12368,11834
24484,11839,11849,12372
24485,11849,12373,12372
24486,11849,11848,12373
24487,12372,12373,12374
24488,12372,12374,12375
24489,12365,12372,12375
24490,12365,12375,12366
24491,12365,11839,12372
24492,11844,12376,11853
24493,11853,12377,11852
24494,11853,12376,12377
24495,12376,12378,12377
24496,12376,12379,12378
24497,12369,12370,12379
24498,12369,12379,12376
24499,12369,12376,11844
24500,11848,11857,12380
24501,11857,12381,12380
24502,11857,11856,12381
24503,12380,12381,12382
24504,12380,12382,12383
24505,12373,12380,12383
24506,12373,12383,12374
24507,12373,11848,12380
24508,11852,12384,11861
24509,11861,12385,11860
24510,11861,12384,12385
24511,12384,12386,12385
24512,12384,12387,12386
24513,12377,12378,12387
24514,12377,12387,12384
24515,12377,12384,11852
24516,11856,11865,12388
24517,11865,12389,12388
24518,11865,11864,12389
24519,12388,12389,12390
24520,12388,12390,12391
24521,12381,12388,12391
24522,12381,12391,12382
24523,12381,11856,12388
24524,11860,12392,11868
24525,12385,12386,12393
24526,12385,12393,12392
24527,12385,12392,11860
24528,11868,12394,11869
24529,11868,12392,12395
24530,11868,12395,12394
24531,12392,12393,12395
24532,11875,12396,12397
24533,11875,12397,11876
24534,11875,12398,12396
24535,11875,11874,12398
24536,12396,12398,12399
24537,12396,12399,12400
24538,12396,12400,12401
24539,12396,12401,12397
24540,11864,11879,12402
24541,11879,11876,12402
24542,11876,12397,12402
24543,12397,12403,12402
24544,12397,12401,12403
24545,12389,12402,12403
24546,12389,12403,12390
24547,12389,11864,12402
24548,11869,12404,11883
24549,11883,12405,11882
24550,11883,12404,12405
24551,12404,12406,12405
24552,12404,12407,12406
24553,12394,12395,12407
24554,12394,12407,12404
24555,12394,12404,11869
24556,11874,11888,12408
24557,11888,12409,12408
24558,11888,11887,12409
24559,12408,12409,12410
24560,12408,12410,12411
24561,12398,12408,12411
24562,12398,12411,12399
24563,12398,11874,12408
24564,11882,12412,12413
24565,11882,12413,11893
24566,11893,12413,11892
24567,12405,12406,12414
24568,12405,12414,12412
24569,12405,12412,11882
24570,12412,12415,12413
24571,12412,12414,12415
24572,12416,12417,12418
24573,12416,12418,12419
24574,12416,12419,12420
24575,12416,12420,12421
24576,12416,12421,12422
24577,12416,12422,12417
24578,11887,11897,12423
24579,11897,12424,12423
24580,11897,11896,12424
24581,12417,12423,12424
24582,12417,12424,12418
24583,12417,12425,12423
24584,12417,12422,12425
24585,12409,12423,12425
24586,12409,12425,12410
24587,12409,11887,12423
24588,11892,12426,11899
24589,11892,12413,12426
24590,11899,12427,11901
24591,11899,12426,12428
24592,11899,12428,12427
24593,12426,12413,12429
24594,12426,12429,12428
24595,12413,12415,12429
24596,11906,12430,12431
24597,11906,12431,11907
24598,11906,12432,12430
24599,11906,11905,12432
24600,12430,12432,12433
24601,12430,12433,12434
24602,12419,12430,12434
24603,12419,12434,12420
24604,12419,12431,12430
24605,12419,12418,12431
24606,11896,11909,12435
24607,11909,11907,12435
24608,11907,12431,12435
24609,12431,12418,12435
24610,12418,12424,12435
24611,12424,11896,12435
24612,11901,12436,12437
24613,11901,12437,11913
24614,11913,12437,11912
24615,12427,12428,12438
24616,12427,12438,12436
24617,12427,12436,11901
24618,12436,12439,12437
24619,12436,12438,12439
24620,12440,12441,12442
24621,12440,12442,12443
24622,12440,12443,12444
24623,12440,12444,12445
24624,12440,12445,12446
24625,12440,12446,12441
24626,11905,11917,12447
24627,11917,12448,12447
24628,11917,11916,12448
24629,12441,12447,12448
24630,12441,12448,12442
24631,12441,12449,12447
24632,12441,12446,12449
24633,12432,12447,12449
24634,12432,12449,12433
24635,12432,11905,12447
24636,11912,12450,11919
24637,11912,12437,12450
24638,11919,12451,11921
24639,11919,12450,12452
24640,11919,12452,12451
24641,12450,12437,12453
24642,12450,12453,12452
24643,12437,12439,12453
24644,11926,12454,12455
24645,11926,12455,11927
24646,11926,12456,12454
24647,11926,11925,12456
24648,12454,12456,12457
24649,12454,12457,12458
24650,12443,12454,12458
24651,12443,12458,12444
24652,12443,12455,12454
24653,12443,12442,12455
24654,11916,11929,12459
24655,11929,11927,12459
24656,11927,12455,12459
24657,12455,12442,12459
24658,12442,12448,12459
24659,12448,11916,12459
24660,11921,12460,11931
24661,12451,12452,12461
24662,12451,12461,12460
24663,12451,12460,11921
24664,11931,12462,11933
24665,11931,12460,12463
24666,11931,12463,12462
24667,12460,12461,12463
24668,11938,12464,12465
24669,11938,12465,11939
24670,11938,12466,12464
24671,11938,11937,12466
24672,12464,12466,12467
24673,12464,12467,12468
24674,12464,12468,12469
24675,12464,12469,12465
24676,11925,11941,12470
24677,11941,11939,12470
24678,11939,12465,12470
24679,12465,12471,12470
24680,12465,12469,12471
24681,12456,12470,12471
24682,12456,12471,12457
24683,12456,11925,12470
24684,11933,12472,11943
24685,12462,12463,12473
24686,12462,12473,12472
24687,12462,12472,11933
24688,11943,12474,11945
24689,11943,12472,12475
24690,11943,12475,12474
24691,12472,12473,12475
24692,11950,12476,12477
24693,11950,12477,11951
24694,11950,12478,12476
24695,11950,11949,12478
24696,12476,12478,12479
24697,12476,12479,12480
24698,12476,12480,12481
24699,12476,12481,12477
24700,11937,11953,12482
24701,11953,11951,12482
24702,11951,12477,12482
24703,12477,12483,12482
24704,12477,12481,12483
24705,12466,12482,12483
24706,12466,12483,12467
24707,12466,11937,12482
24708,11945,12484,11955
24709,12474,12475,12485
24710,12474,12485,12484
24711,12474,12484,11945
24712,11955,12486,11957
24713,11955,12484,12487
24714,11955,12487,12486
24715,12484,12485,12487
24716,11962,12488,12489
24717,11962,12489,11963
24718,11962,12490,12488
24719,11962,11961,12490
24720,12488,12490,12491
24721,12488,12491,12492
24722,12488,12492,12493
24723,12488,12493,12489
24724,11949,11965,12494
24725,11965,11963,12494
24726,11963,12489,12494
24727,12489,12495,12494
24728,12489,12493,12495
24729,12478,12494,12495
24730,12478,12495,12479
24731,12478,11949,12494
24732,11957,12496,11967
24733,12486,12487,12497
24734,12486,12497,12496
24735,12486,12496,11957
24736,11967,12498,11969
24737,11967,12496,12499
24738,11967,12499,12498
24739,12496,12497,12499
24740,11974,12500,12501
24741,11974,12501,11975
24742,11974,12502,12500
24743,11974,11973,12502
24744,12500,12502,12503
24745,12500,12503,12504
24746,12500,12504,12505
24747,12500,12505,12501
24748,11961,11977,12506
24749,11977,11975,12506
24750,11975,12501,12506
24751,12501,12507,12506
24752,12501,12505,12507
24753,12490,12506,12507
24754,12490,12507,12491
24755,12490,11961,12506
24756,11969,12508,11979
24757,12498,12499,12509
24758,12498,12509,12508
24759,12498,12508,11969
24760,12510,12511,12512
24761,11979,12510,12512
24762,11979,12512,11981
24763,11979,12508,12510
24764,12508,12513,12510
24765,12508,12509,12513
24766,12510,12513,12514
24767,12510,12514,12511
24768,12511,12515,12512
24769,12511,12514,12515
24770,12516,12517,12518
24771,12516,12518,12519
24772,12516,12519,12520
24773,12516,12520,12521
24774,12516,12521,12522
24775,12516,12522,12517
24776,11986,12523,12524
24777,11986,12524,11987
24778,11986,12525,12523
24779,11986,11985,12525
24780,12517,12523,12525
24781,12517,12525,12518
24782,12517,12526,12523
24783,12517,12522,12526
24784,12523,12526,12527
24785,12523,12527,12524
24786,11973,11989,12528
24787,11989,11987,12528
24788,11987,12524,12528
24789,12524,12529,12528
24790,12524,12527,12529
24791,12502,12528,12529
24792,12502,12529,12503
24793,12502,11973,12528
24794,11981,12530,11991
24795,11981,12512,12530
24796,11994,12531,12532
24797,11994,12532,11995
24798,11994,11991,12531
24799,11991,12530,12531
24800,12530,12512,12531
24801,12512,12533,12531
24802,12512,12515,12533
24803,12531,12533,12532
24804,12534,12535,12536
24805,11995,12534,12536
24806,11995,12536,11997
24807,11995,12532,12534
24808,12532,12537,12534
24809,12532,12533,12537
24810,12534,12537,12538
24811,12534,12538,12535
24812,12535,12539,12536
24813,12535,12538,12539
24814,12540,12541,12542
24815,12540,12542,12543
24816,12540,12543,12544
24817,12540,12544,12545
24818,12540,12545,12546
24819,12540,12546,12541
24820,12002,12547,12548
24821,12002,12548,12003
24822,12002,12549,12547
24823,12002,12001,12549
24824,12541,12547,12549
24825,12541,12549,12542
24826,12541,12550,12547
24827,12541,12546,12550
24828,12547,12550,12551
24829,12547,12551,12548
24830,12006,12552,12553
24831,12006,12553,12007
24832,12006,12003,12552
24833,12003,12548,12552
24834,12548,12554,12552
24835,12548,12551,12554
24836,12519,12552,12554
24837,12519,12554,12520
24838,12519,12553,12552
24839,12519,12518,12553
24840,11985,12009,12555
24841,12009,12007,12555
24842,12007,12553,12555
24843,12553,12518,12555
24844,12518,12525,12555
24845,12525,11985,12555
24846,11997,12556,12011
24847,11997,12536,12556
24848,12014,12557,12558
24849,12014,12558,12015
24850,12014,12011,12557
24851,12011,12556,12557
24852,12556,12536,12557
24853,12536,12559,12557
24854,12536,12539,12559
24855,12557,12559,12558
24856,12019,12560,12561
24857,12019,12561,12020
24858,12019,12015,12560
24859,12015,12558,12560
24860,12558,12562,12560
24861,12558,12559,12562
24862,12560,12562,12563
24863,12560,12563,12561
24864,12020,12564,12021
24865,12020,12561,12565
24866,12020,12565,12564
24867,12561,12563,12565
24868,12027,12566,12567
24869,12027,12567,12028
24870,12027,12568,12566
24871,12027,12026,12568
24872,12566,12568,12569
24873,12566,12569,12570
24874,12566,12570,12571
24875,12566,12571,12567
24876,12032,12572,12573
24877,12032,12573,12033
24878,12032,12028,12572
24879,12028,12567,12572
24880,12567,12574,12572
24881,12567,12571,12574
24882,12572,12574,12575
24883,12572,12575,12573
24884,12036,12576,12577
24885,12036,12577,12037
24886,12036,12033,12576
24887,12033,12573,12576
24888,12573,12578,12576
24889,12573,12575,12578
24890,12543,12576,12578
24891,12543,12578,12544
24892,12543,12577,12576
24893,12543,12542,12577
24894,12001,12039,12579
24895,12039,12037,12579
24896,12037,12577,12579
24897,12577,12542,12579
24898,12542,12549,12579
24899,12549,12001,12579
24900,12021,12580,12043
24901,12564,12565,12581
24902,12564,12581,12580
24903,12564,12580,12021
24904,12046,12582,12583
24905,12046,12583,12047
24906,12046,12043,12582
24907,12043,12580,12582
24908,12580,12584,12582
24909,12580,12581,12584
24910,12582,12584,12585
24911,12582,12585,12583
24912,12050,12586,12587
24913,12050,12587,12051
24914,12050,12047,12586
24915,12047,12583,12586
24916,12583,12588,12586
24917,12583,12585,12588
24918,12586,12588,12589
24919,12586,12589,12587
24920,12054,12590,12591
24921,12054,12591,12055
24922,12054,12051,12590
24923,12051,12587,12590
24924,12587,12592,12590
24925,12587,12589,12592
24926,12590,12592,12593
24927,12590,12593,12591
24928,12059,12594,12595
24929,12059,12595,12060
24930,12059,12055,12594
24931,12055,12591,12594
24932,12591,12596,12594
24933,12591,12593,12596
24934,12594,12596,12597
24935,12594,12597,12595
24936,12065,12598,12599
24937,12065,12599,12066
24938,12065,12060,12598
24939,12060,12595,12598
24940,12595,12600,12598
24941,12595,12597,12600
24942,12598,12600,12601
24943,12598,12601,12599
24944,12071,12602,12603
24945,12071,12603,12072
24946,12071,12066,12602
24947,12066,12599,12602
24948,12599,12604,12602
24949,12599,12601,12604
24950,12602,12604,12605
24951,12602,12605,12603
24952,12076,12606,12607
24953,12076,12607,12077
24954,12076,12072,12606
24955,12072,12603,12606
24956,12603,12608,12606
24957,12603,12605,12608
24958,12606,12608,12609
24959,12606,12609,12607
24960,12080,12610,12611
24961,12080,12611,12081
24962,12080,12077,12610
24963,12077,12607,12610
24964,12607,12612,12610
24965,12607,12609,12612
24966,12610,12612,12613
24967,12610,12613,12611
24968,12084,12614,12615
24969,12084,12615,12085
24970,12084,12081,12614
24971,12081,12611,12614
24972,12611,12616,12614
24973,12611,12613,12616
24974,12614,12616,12617
24975,12614,12617,12615
24976,12088,12618,12619
24977,12088,12619,12089
24978,12088,12085,12618
24979,12085,12615,12618
24980,12615,12620,12618
24981,12615,12617,12620
24982,12618,12620,12621
24983,12618,12621,12619
24984,12026,12092,12622
24985,12092,12089,12622
24986,12089,12619,12622
24987,12619,12623,12622
24988,12619,12621,12623
24989,12568,12622,12623
24990,12568,12623,12569
24991,12568,12026,12622
24992,12104,12105,12624
24993,12104,12624,12103
24994,12108,12109,12626
24995,12108,12626,12625
24996,12108,12625,12105
24997,12105,12627,12624
24998,12105,12625,12627
24999,12625,12628,12627
25000,12625,12629,12628
25001,12625,12626,12629
25002,12112,12113,12631
25003,12112,12631,12630
25004,12112,12630,12109
25005,12109,12630,12626
25006,12626,12632,12629
25007,12626,12630,12632
25008,12630,12633,12632
25009,12630,12631,12633
25010,12116,12117,12635
25011,12116,12635,12634
25012,12116,12634,12113
25013,12113,12634,12631
25014,12631,12636,12633
25015,12631,12634,12636
25016,12634,12637,12636
25017,12634,12635,12637
25018,12120,12121,12639
25019,12120,12639,12638
25020,12120,12638,12117
25021,12117,12638,12635
25022,12635,12640,12637
25023,12635,12638,12640
25024,12638,12641,12640
25025,12638,12639,12641
25026,12124,12125,12643
25027,12124,12643,12642
25028,12124,12642,12121
25029,12121,12642,12639
25030,12639,12644,12641
25031,12639,12642,12644
25032,12642,12645,12644
25033,12642,12643,12645
25034,12128,12129,12647
25035,12128,12647,12646
25036,12128,12646,12125
25037,12125,12646,12643
25038,12643,12648,12645
25039,12643,12646,12648
25040,12646,12649,12648
25041,12646,12647,12649
25042,12132,12133,12651
25043,12132,12651,12650
25044,12132,12650,12129
25045,12129,12650,12647
25046,12647,12652,12649
25047,12647,12650,12652
25048,12650,12653,12652
25049,12650,12651,12653
25050,12136,12137,12655
25051,12136,12655,12654
25052,12136,12654,12133
25053,12133,12654,12651
25054,12651,12656,12653
25055,12651,12654,12656
25056,12654,12657,12656
25057,12654,12655,12657
25058,12140,12141,12659
25059,12140,12659,12658
25060,12140,12658,12137
25061,12137,12658,12655
25062,12655,12660,12657
25063,12655,12658,12660
25064,12658,12661,12660
25065,12658,12659,12661
25066,12144,12145,12662
25067,12144,12662,12663
25068,12144,12663,12141
25069,12141,12663,12664
25070,12141,12664,12659
25071,12659,12664,12661
25072,12145,12147,12665
25073,12145,12665,12662
25074,12152,12153,12667
25075,12152,12667,12666
25076,12152,12668,12151
25077,12152,12666,12668
25078,12666,12669,12668
25079,12666,12670,12669
25080,12666,12671,12670
25081,12666,12667,12671
25082,12156,12157,12673
25083,12156,12673,12672
25084,12156,12672,12153
25085,12153,12672,12667
25086,12667,12674,12671
25087,12667,12672,12674
25088,12672,12675,12674
25089,12672,12673,12675
25090,12103,12676,12159
25091,12159,12676,12157
25092,12157,12676,12673
25093,12673,12677,12675
25094,12673,12676,12677
25095,12676,12678,12677
25096,12103,12624,12678
25097,12103,12678,12676
25098,12624,12679,12678
25099,12624,12627,12679
25100,12663,12680,12664
25101,12663,12662,12680
25102,12147,12161,12681
25103,12662,12682,12680
25104,12662,12665,12683
25105,12662,12683,12682
25106,12665,12147,12681
25107,12665,12681,12683
25108,12164,12165,12685
25109,12164,12685,12684
25110,12164,12684,12161
25111,12161,12684,12681
25112,12681,12686,12683
25113,12681,12684,12686
25114,12684,12687,12686
25115,12684,12685,12687
25116,12165,12168,12688
25117,12165,12688,12689
25118,12165,12689,12685
25119,12685,12689,12687
25120,12174,12175,12691
25121,12174,12691,12690
25122,12174,12692,12173
25123,12174,12690,12692
25124,12690,12693,12692
25125,12690,12694,12693
25126,12690,12695,12694
25127,12690,12691,12695
25128,12177,12178,12697
25129,12177,12697,12696
25130,12177,12696,12175
25131,12175,12696,12691
25132,12691,12698,12695
25133,12691,12696,12698
25134,12696,12699,12698
25135,12696,12697,12699
25136,12151,12700,12179
25137,12179,12700,12178
25138,12178,12700,12697
25139,12697,12701,12699
25140,12697,12700,12701
25141,12668,12669,12701
25142,12668,12701,12700
25143,12668,12700,12151
25144,12168,12180,12702
25145,12688,12703,12689
25146,12688,12168,12702
25147,12688,12702,12703
25148,12182,12183,12705
25149,12182,12705,12704
25150,12182,12704,12180
25151,12180,12704,12702
25152,12702,12706,12703
25153,12702,12704,12706
25154,12704,12707,12706
25155,12704,12705,12707
25156,12183,12186,12708
25157,12183,12708,12709
25158,12183,12709,12705
25159,12705,12709,12707
25160,12192,12193,12710
25161,12192,12710,12191
25162,12195,12196,12712
25163,12195,12712,12711
25164,12195,12711,12193
25165,12193,12713,12710
25166,12193,12711,12713
25167,12711,12714,12713
25168,12711,12715,12714
25169,12711,12712,12715
25170,12173,12716,12197
25171,12197,12716,12196
25172,12196,12716,12712
25173,12712,12717,12715
25174,12712,12716,12717
25175,12692,12693,12717
25176,12692,12717,12716
25177,12692,12716,12173
25178,12186,12198,12718
25179,12708,12719,12709
25180,12708,12186,12718
25181,12708,12718,12719
25182,12200,12201,12720
25183,12200,12720,12721
25184,12200,12721,12198
25185,12198,12721,12722
25186,12198,12722,12718
25187,12718,12722,12719
25188,12201,12203,12723
25189,12201,12723,12720
25190,12208,12209,12725
25191,12208,12725,12724
25192,12208,12726,12207
25193,12208,12724,12726
25194,12724,12727,12726
25195,12724,12728,12727
25196,12724,12729,12728
25197,12724,12725,12729
25198,12191,12730,12211
25199,12211,12730,12209
25200,12209,12730,12725
25201,12725,12731,12729
25202,12725,12730,12731
25203,12730,12732,12731
25204,12191,12710,12732
25205,12191,12732,12730
25206,12710,12733,12732
25207,12710,12713,12733
25208,12721,12734,12722
25209,12721,12720,12734
25210,12203,12213,12735
25211,12720,12736,12734
25212,12720,12723,12737
25213,12720,12737,12736
25214,12723,12203,12735
25215,12723,12735,12737
25216,12213,12215,12738
25217,12213,12738,12739
25218,12213,12739,12735
25219,12735,12739,12737
25220,12220,12221,12741
25221,12220,12741,12740
25222,12220,12742,12219
25223,12220,12740,12742
25224,12740,12743,12742
25225,12740,12744,12743
25226,12740,12745,12744
25227,12740,12741,12745
25228,12207,12746,12223
25229,12223,12746,12221
25230,12221,12746,12741
25231,12741,12747,12745
25232,12741,12746,12747
25233,12726,12727,12747
25234,12726,12747,12746
25235,12726,12746,12207
25236,12215,12225,12748
25237,12738,12749,12739
25238,12738,12215,12748
25239,12738,12748,12749
25240,12225,12227,12750
25241,12225,12750,12751
25242,12225,12751,12748
25243,12748,12751,12749
25244,12232,12233,12753
25245,12232,12753,12752
25246,12232,12754,12231
25247,12232,12752,12754
25248,12752,12755,12754
25249,12752,12756,12755
25250,12752,12757,12756
25251,12752,12753,12757
25252,12219,12758,12235
25253,12235,12758,12233
25254,12233,12758,12753
25255,12753,12759,12757
25256,12753,12758,12759
25257,12742,12743,12759
25258,12742,12759,12758
25259,12742,12758,12219
25260,12227,12237,12760
25261,12750,12761,12751
25262,12750,12227,12760
25263,12750,12760,12761
25264,12237,12239,12762
25265,12237,12762,12763
25266,12237,12763,12760
25267,12760,12763,12761
25268,12244,12245,12764
25269,12244,12764,12243
25270,12231,12765,12247
25271,12247,12765,12245
25272,12245,12766,12764
25273,12245,12765,12766
25274,12765,12767,12766
25275,12754,12755,12767
25276,12754,12767,12765
25277,12754,12765,12231
25278,12239,12769,12768
25279,12239,12249,12769
25280,12768,12769,12770
25281,12768,12770,12771
25282,12768,12771,12772
25283,12762,12768,12772
25284,12762,12772,12763
25285,12762,12239,12768
25286,12249,12251,12773
25287,12249,12773,12769
25288,12243,12774,12255
25289,12255,12775,12254
25290,12255,12774,12775
25291,12774,12776,12775
25292,12774,12777,12776
25293,12774,12778,12777
25294,12243,12764,12778
25295,12243,12778,12774
25296,12764,12779,12778
25297,12764,12766,12779
25298,12770,12780,12771
25299,12770,12769,12780
25300,12251,12260,12781
25301,12260,12782,12781
25302,12260,12259,12782
25303,12781,12782,12783
25304,12769,12781,12783
25305,12769,12783,12780
25306,12769,12773,12781
25307,12773,12251,12781
25308,12265,12266,12785
25309,12265,12785,12784
25310,12265,12786,12264
25311,12265,12784,12786
25312,12784,12787,12786
25313,12784,12788,12787
25314,12784,12789,12788
25315,12784,12785,12789
25316,12254,12790,12267
25317,12267,12790,12266
25318,12266,12790,12785
25319,12785,12791,12789
25320,12785,12790,12791
25321,12775,12776,12791
25322,12775,12791,12790
25323,12775,12790,12254
25324,12259,12268,12792
25325,12782,12793,12783
25326,12782,12259,12792
25327,12782,12792,12793
25328,12268,12271,12794
25329,12268,12794,12795
25330,12268,12795,12792
25331,12792,12795,12793
25332,12264,12796,12275
25333,12275,12797,12274
25334,12275,12796,12797
25335,12796,12798,12797
25336,12796,12799,12798
25337,12786,12787,12799
25338,12786,12799,12796
25339,12786,12796,12264
25340,12271,12280,12800
25341,12280,12801,12800
25342,12280,12279,12801
25343,12800,12801,12802
25344,12800,12802,12803
25345,12794,12800,12803
25346,12794,12803,12795
25347,12794,12271,12800
25348,12285,12286,12805
25349,12285,12805,12804
25350,12285,12806,12284
25351,12285,12804,12806
25352,12804,12807,12806
25353,12804,12808,12807
25354,12804,12809,12808
25355,12804,12805,12809
25356,12274,12810,12287
25357,12287,12810,12286
25358,12286,12810,12805
25359,12805,12811,12809
25360,12805,12810,12811
25361,12797,12798,12811
25362,12797,12811,12810
25363,12797,12810,12274
25364,12279,12288,12812
25365,12801,12813,12802
25366,12801,12279,12812
25367,12801,12812,12813
25368,12288,12291,12814
25369,12288,12814,12815
25370,12288,12815,12812
25371,12812,12815,12813
25372,12284,12816,12295
25373,12295,12817,12294
25374,12295,12816,12817
25375,12816,12818,12817
25376,12816,12819,12818
25377,12806,12807,12819
25378,12806,12819,12816
25379,12806,12816,12284
25380,12291,12299,12820
25381,12299,12821,12820
25382,12299,12298,12821
25383,12820,12821,12822
25384,12820,12822,12823
25385,12814,12820,12823
25386,12814,12823,12815
25387,12814,12291,12820
25388,12304,12305,12824
25389,12304,12824,12303
25390,12294,12825,12307
25391,12307,12825,12305
25392,12305,12826,12824
25393,12305,12825,12826
25394,12825,12827,12826
25395,12817,12818,12827
25396,12817,12827,12825
25397,12817,12825,12294
25398,12298,12829,12828
25399,12298,12309,12829
25400,12828,12829,12830
25401,12828,12830,12831
25402,12828,12831,12832
25403,12821,12828,12832
25404,12821,12832,12822
25405,12821,12298,12828
25406,12309,12311,12833
25407,12309,12833,12829
25408,12303,12834,12315
25409,12315,12835,12314
25410,12315,12834,12835
25411,12834,12836,12835
25412,12834,12837,12836
25413,12834,12838,12837
25414,12303,12824,12838
25415,12303,12838,12834
25416,12824,12839,12838
25417,12824,12826,12839
25418,12830,12840,12831
25419,12830,12829,12840
25420,12311,12319,12841
25421,12319,12842,12841
25422,12319,12318,12842
25423,12841,12842,12843
25424,12829,12841,12843
25425,12829,12843,12840
25426,12829,12833,12841
25427,12833,12311,12841
25428,12314,12844,12323
25429,12323,12845,12322
25430,12323,12844,12845
25431,12844,12846,12845
25432,12844,12847,12846
25433,12835,12836,12847
25434,12835,12847,12844
25435,12835,12844,12314
25436,12318,12327,12848
25437,12327,12849,12848
25438,12327,12326,12849
25439,12848,12849,12850
25440,12848,12850,12851
25441,12842,12848,12851
25442,12842,12851,12843
25443,12842,12318,12848
25444,12322,12852,12331
25445,12331,12853,12330
25446,12331,12852,12853
25447,12852,12854,12853
25448,12852,12855,12854
25449,12845,12846,12855
25450,12845,12855,12852
25451,12845,12852,12322
25452,12326,12335,12856
25453,12335,12857,12856
25454,12335,12334,12857
25455,12856,12857,12858
25456,12856,12858,12859
25457,12849,12856,12859
25458,12849,12859,12850
25459,12849,12326,12856
25460,12330,12860,12339
25461,12339,12861,12338
25462,12339,12860,12861
25463,12860,12862,12861
25464,12860,12863,12862
25465,12853,12854,12863
25466,12853,12863,12860
25467,12853,12860,12330
25468,12334,12343,12864
25469,12343,12865,12864
25470,12343,12342,12865
25471,12864,12865,12866
25472,12864,12866,12867
25473,12857,12864,12867
25474,12857,12867,12858
25475,12857,12334,12864
25476,12338,12868,12347
25477,12347,12869,12346
25478,12347,12868,12869
25479,12868,12870,12869
25480,12868,12871,12870
25481,12861,12862,12871
25482,12861,12871,12868
25483,12861,12868,12338
25484,12342,12351,12872
25485,12351,12873,12872
25486,12351,12350,12873
25487,12872,12873,12874
25488,12872,12874,12875
25489,12865,12872,12875
25490,12865,12875,12866
25491,12865,12342,12872
25492,12346,12876,12355
25493,12355,12877,12354
25494,12355,12876,12877
25495,12876,12878,12877
25496,12876,12879,12878
25497,12869,12870,12879
25498,12869,12879,12876
25499,12869,12876,12346
25500,12350,12359,12880
25501,12359,12881,12880
25502,12359,12358,12881
25503,12880,12881,12882
25504,12880,12882,12883
25505,12873,12880,12883
25506,12873,12883,12874
25507,12873,12350,12880
25508,12354,12884,12363
25509,12363,12885,12362
25510,12363,12884,12885
25511,12884,12886,12885
25512,12884,12887,12886
25513,12877,12878,12887
25514,12877,12887,12884
25515,12877,12884,12354
25516,12358,12367,12888
25517,12367,12889,12888
25518,12367,12366,12889
25519,12888,12889,12890
25520,12888,12890,12891
25521,12881,12888,12891
25522,12881,12891,12882
25523,12881,12358,12888
25524,12362,12892,12371
25525,12371,12893,12370
25526,12371,12892,12893
25527,12892,12894,12893
25528,12892,12895,12894
25529,12885,12886,12895
25530,12885,12895,12892
25531,12885,12892,12362
25532,12366,12375,12896
25533,12375,12897,12896
25534,12375,12374,12897
25535,12896,12897,12898
25536,12896,12898,12899
25537,12889,12896,12899
25538,12889,12899,12890
25539,12889,12366,12896
25540,12370,12900,12379
25541,12379,12901,12378
25542,12379,12900,12901
25543,12900,12902,12901
25544,12900,12903,12902
25545,12893,12894,12903
25546,12893,12903,12900
25547,12893,12900,12370
25548,12374,12383,12904
25549,12383,12905,12904
25550,12383,12382,12905
25551,12904,12905,12906
25552,12904,12906,12907
25553,12897,12904,12907
25554,12897,12907,12898
25555,12897,12374,12904
25556,12378,12908,12909
25557,12378,12909,12387
25558,12387,12909,12386
25559,12901,12902,12910
25560,12901,12910,12908
25561,12901,12908,12378
25562,12908,12911,12909
25563,12908,12910,12911
25564,12912,12913,12914
25565,12912,12914,12915
25566,12912,12915,12916
25567,12912,12916,12917
25568,12912,12917,12918
25569,12912,12918,12913
25570,12382,12391,12919
25571,12391,12920,12919
25572,12391,12390,12920
25573,12913,12919,12920
25574,12913,12920,12914
25575,12913,12921,12919
25576,12913,12918,12921
25577,12905,12919,12921
25578,12905,12921,12906
25579,12905,12382,12919
25580,12386,12922,12393
25581,12386,12909,12922
25582,12393,12923,12395
25583,12393,12922,12924
25584,12393,12924,12923
25585,12922,12909,12925
25586,12922,12925,12924
25587,12909,12911,12925
25588,12400,12926,12927
25589,12400,12927,12401
25590,12400,12928,12926
25591,12400,12399,12928
25592,12926,12928,12929
25593,12926,12929,12930
25594,12915,12926,12930
25595,12915,12930,12916
25596,12915,12927,12926
25597,12915,12914,12927
25598,12390,12403,12931
25599,12403,12401,12931
25600,12401,12927,12931
25601,12927,12914,12931
25602,12914,12920,12931
25603,12920,12390,12931
25604,12395,12932,12407
25605,12407,12933,12406
25606,12407,12932,12933
25607,12932,12934,12933
25608,12932,12935,12934
25609,12923,12924,12935
25610,12923,12935,12932
25611,12923,12932,12395
25612,12399,12411,12936
25613,12411,12937,12936
25614,12411,12410,12937
25615,12936,12937,12938
25616,12936,12938,12939
25617,12928,12936,12939
25618,12928,12939,12929
25619,12928,12399,12936
25620,12406,12940,12414
25621,12933,12934,12941
25622,12933,12941,12940
25623,12933,12940,12406
25624,12414,12942,12415
25625,12414,12940,12943
25626,12414,12943,12942
25627,12940,12941,12943
25628,12421,12944,12945
25629,12421,12945,12422
25630,12421,12946,12944
25631,12421,12420,12946
25632,12944,12946,12947
25633,12944,12947,12948
25634,12944,12948,12949
25635,12944,12949,12945
25636,12410,12425,12950
25637,12425,12422,12950
25638,12422,12945,12950
25639,12945,12951,12950
25640,12945,12949,12951
25641,12937,12950,12951
25642,12937,12951,12938
25643,12937,12410,12950
25644,12415,12952,12429
25645,12429,12953,12428
25646,12429,12952,12953
25647,12952,12954,12953
25648,12952,12955,12954
25649,12942,12943,12955
25650,12942,12955,12952
25651,12942,12952,12415
25652,12420,12434,12956
25653,12434,12957,12956
25654,12434,12433,12957
25655,12956,12957,12958
25656,12956,12958,12959
25657,12946,12956,12959
25658,12946,12959,12947
25659,12946,12420,12956
25660,12428,12960,12438
25661,12953,12954,12961
25662,12953,12961,12960
25663,12953,12960,12428
25664,12438,12962,12439
25665,12438,12960,12963
25666,12438,12963,12962
25667,12960,12961,12963
25668,12445,12964,12965
25669,12445,12965,12446
25670,12445,12966,12964
25671,12445,12444,12966
25672,12964,12966,12967
25673,12964,12967,12968
25674,12964,12968,12969
25675,12964,12969,12965
25676,12433,12449,12970
25677,12449,12446,12970
25678,12446,12965,12970
25679,12965,12971,12970
25680,12965,12969,12971
25681,12957,12970,12971
25682,12957,12971,12958
25683,12957,12433,12970
25684,12439,12972,12973
25685,12439,12973,12453
25686,12453,12973,12452
25687,12962,12963,12974
25688,12962,12974,12972
25689,12962,12972,12439
25690,12972,12975,12973
25691,12972,12974,12975
25692,12976,12977,12978
25693,12976,12978,12979
25694,12976,12979,12980
25695,12976,12980,12981
25696,12976,12981,12982
25697,12976,12982,12977
25698,12444,12458,12983
25699,12458,12984,12983
25700,12458,12457,12984
25701,12977,12983,12984
25702,12977,12984,12978
25703,12977,12985,12983
25704,12977,12982,12985
25705,12966,12983,12985
25706,12966,12985,12967
25707,12966,12444,12983
25708,12452,12986,12461
25709,12452,12973,12986
25710,12461,12987,12463
25711,12461,12986,12988
25712,12461,12988,12987
25713,12986,12973,12989
25714,12986,12989,12988
25715,12973,12975,12989
25716,12468,12990,12991
25717,12468,12991,12469
25718,12468,12992,12990
25719,12468,12467,12992
25720,12990,12992,12993
25721,12990,12993,12994
25722,12979,12990,12994
25723,12979,12994,12980
25724,12979,12991,12990
25725,12979,12978,12991
25726,12457,12471,12995
25727,12471,12469,12995
25728,12469,12991,12995
25729,12991,12978,12995
25730,12978,12984,12995
25731,12984,12457,12995
25732,12463,12996,12473
25733,12987,12988,12997
25734,12987,12997,12996
25735,12987,12996,12463
25736,12473,12998,12475
25737,12473,12996,12999
25738,12473,12999,12998
25739,12996,12997,12999
25740,12480,13000,13001
25741,12480,13001,12481
25742,12480,13002,13000
25743,12480,12479,13002
25744,13000,13002,13003
25745,13000,13003,13004
25746,13000,13004,13005
25747,13000,13005,13001
25748,12467,12483,13006
25749,12483,12481,13006
25750,12481,13001,13006
25751,13001,13007,13006
25752,13001,13005,13007
25753,12992,13006,13007
25754,12992,13007,12993
25755,12992,12467,13006
25756,12475,13008,12485
25757,12998,12999,13009
25758,12998,13009,13008
25759,12998,13008,12475
25760,12485,13010,12487
25761,12485,13008,13011
25762,12485,13011,13010
25763,13008,13009,13011
25764,12492,13012,13013
25765,12492,13013,12493
25766,12492,13014,13012
25767,12492,12491,13014
25768,13012,13014,13015
25769,13012,13015,13016
25770,13012,13016,13017
25771,13012,13017,13013
25772,12479,12495,13018
25773,12495,12493,13018
25774,12493,13013,13018
25775,13013,13019,13018
25776,13013,13017,13019
25777,13002,13018,13019
25778,13002,13019,13003
25779,13002,12479,13018
25780,12487,13020,12497
25781,13010,13011,13021
25782,13010,13021,13020
25783,13010,13020,12487
25784,13022,13023,13024
25785,12497,13022,13024
25786,12497,13024,12499
25787,12497,13020,13022
25788,13020,13025,13022
25789,13020,13021,13025
25790,13022,13025,13026
25791,13022,13026,13023
25792,13023,13027,13024
25793,13023,13026,13027
25794,13028,13029,13030
25795,13028,13030,13031
25796,13028,13031,13032
25797,13028,13032,13033
25798,13028,13033,13034
25799,13028,13034,13029
25800,12504,13035,13036
25801,12504,13036,12505
25802,12504,13037,13035
25803,12504,12503,13037
25804,13029,13035,13037
25805,13029,13037,13030
25806,13029,13038,13035
25807,13029,13034,13038
25808,13035,13038,13039
25809,13035,13039,13036
25810,12491,12507,13040
25811,12507,12505,13040
25812,12505,13036,13040
25813,13036,13041,13040
25814,13036,13039,13041
25815,13014,13040,13041
25816,13014,13041,13015
25817,13014,12491,13040
25818,12499,13042,12509
25819,12499,13024,13042
25820,12513,13043,13044
25821,12513,13044,12514
25822,12513,12509,13043
25823,12509,13042,13043
25824,13042,13024,13043
25825,13024,13045,13043
25826,13024,13027,13045
25827,13043,13045,13044
25828,12514,13046,12515
25829,12514,13044,13047
25830,12514,13047,13046
25831,13044,13045,13047
25832,12521,13048,13049
25833,12521,13049,12522
25834,12521,13050,13048
25835,12521,12520,13050
25836,13048,13050,13051
25837,13048,13051,13052
25838,13048,13052,13053
25839,13048,13053,13049
25840,12526,13054,13055
25841,12526,13055,12527
25842,12526,12522,13054
25843,12522,13049,13054
25844,13049,13056,13054
25845,13049,13053,13056
25846,13031,13054,13056
25847,13031,13056,13032
25848,13031,13055,13054
25849,13031,13030,13055
25850,12503,12529,13057
25851,12529,12527,13057
25852,12527,13055,13057
25853,13055,13030,13057
25854,13030,13037,13057
25855,13037,12503,13057
25856,12515,13058,12533
25857,13046,13047,13059
25858,13046,13059,13058
25859,13046,13058,12515
25860,12537,13060,13061
25861,12537,13061,12538
25862,12537,12533,13060
25863,12533,13058,13060
25864,13058,13062,13060
25865,13058,13059,13062
25866,13060,13062,13063
25867,13060,13063,13061
25868,12538,13064,12539
25869,12538,13061,13065
25870,12538,13065,13064
25871,13061,13063,13065
25872,12545,13066,13067
25873,12545,13067,12546
25874,12545,13068,13066
25875,12545,12544,13068
25876,13066,13068,13069
25877,13066,13069,13070
25878,13066,13070,13071
25879,13066,13071,13067
25880,12550,13072,13073
25881,12550,13073,12551
25882,12550,12546,13072
25883,12546,13067,13072
25884,13067,13074,13072
25885,13067,13071,13074
25886,13072,13074,13075
25887,13072,13075,13073
25888,12520,12554,13076
25889,12554,12551,13076
25890,12551,13073,13076
25891,13073,13077,13076
25892,13073,13075,13077
25893,13050,13076,13077
25894,13050,13077,13051
25895,13050,12520,13076
25896,12539,13078,12559
25897,13064,13065,13079
25898,13064,13079,13078
25899,13064,13078,12539
25900,12562,13080,13081
25901,12562,13081,12563
25902,12562,12559,13080
25903,12559,13078,13080
25904,13078,13082,13080
25905,13078,13079,13082
25906,13080,13082,13083
25907,13080,13083,13081
25908,13084,13085,13086
25909,12563,13084,13086
25910,12563,13086,12565
25911,12563,13081,13084
25912,13081,13087,13084
25913,13081,13083,13087
25914,13084,13087,13088
25915,13084,13088,13085
25916,13085,13089,13086
25917,13085,13088,13089
25918,13090,13091,13092
25919,13090,13092,13093
25920,13090,13093,13094
25921,13090,13094,13095
25922,13090,13095,13096
25923,13090,13096,13091
25924,12570,13097,13098
25925,12570,13098,12571
25926,12570,13099,13097
25927,12570,12569,13099
25928,13091,13097,13099
25929,13091,13099,13092
25930,13091,13100,13097
25931,13091,13096,13100
25932,13097,13100,13101
25933,13097,13101,13098
25934,12574,13102,13103
25935,12574,13103,12575
25936,12574,12571,13102
25937,12571,13098,13102
25938,13098,13104,13102
25939,13098,13101,13104
25940,13102,13104,13105
25941,13102,13105,13103
25942,12544,12578,13106
25943,12578,12575,13106
25944,12575,13103,13106
25945,13103,13107,13106
25946,13103,13105,13107
25947,13068,13106,13107
25948,13068,13107,13069
25949,13068,12544,13106
25950,12565,13108,12581
25951,12565,13086,13108
25952,12584,13109,13110
25953,12584,13110,12585
25954,12584,12581,13109
25955,12581,13108,13109
25956,13108,13086,13109
25957,13086,13111,13109
25958,13086,13089,13111
25959,13109,13111,13110
25960,12588,13112,13113
25961,12588,13113,12589
25962,12588,12585,13112
25963,12585,13110,13112
25964,13110,13114,13112
25965,13110,13111,13114
25966,13112,13114,13115
25967,13112,13115,13113
25968,12592,13116,13117
25969,12592,13117,12593
25970,12592,12589,13116
25971,12589,13113,13116
25972,13113,13118,13116
25973,13113,13115,13118
25974,13116,13118,13119
25975,13116,13119,13117
25976,12596,13120,13121
25977,12596,13121,12597
25978,12596,12593,13120
25979,12593,13117,13120
25980,13117,13122,13120
25981,13117,13119,13122
25982,13120,13122,13123
25983,13120,13123,13121
25984,12600,13124,13125
25985,12600,13125,12601
25986,12600,12597,13124
25987,12597,13121,13124
25988,13121,13126,13124
25989,13121,13123,13126
25990,13124,13126,13127
25991,13124,13127,13125
25992,12604,13128,13129
25993,12604,13129,12605
25994,12604,12601,13128
25995,12601,13125,13128
25996,13125,13130,13128
25997,13125,13127,13130
25998,13128,13130,13131
25999,13128,13131,13129
26000,12608,13132,13133
26001,12608,13133,12609
26002,12608,12605,13132
26003,12605,13129,13132
26004,13129,13134,13132
26005,13129,13131,13134
26006,13132,13134,13135
26007,13132,13135,13133
26008,12612,13136,13137
26009,12612,13137,12613
26010,12612,12609,13136
26011,12609,13133,13136
26012,13133,13138,13136
26013,13133,13135,13138
26014,13136,13138,13139
26015,13136,13139,13137
26016,12616,13140,13141
26017,12616,13141,12617
26018,12616,12613,13140
26019,12613,13137,13140
26020,13137,13142,13140
26021,13137,13139,13142
26022,13140,13142,13143
26023,13140,13143,13141
26024,12620,13144,13145
26025,12620,13145,12621
26026,12620,12617,13144
26027,12617,13141,13144
26028,13141,13146,13144
26029,13141,13143,13146
26030,13093,13144,13146
26031,13093,13146,13094
26032,13093,13145,13144
26033,13093,13092,13145
26034,12569,12623,13147
26035,12623,12621,13147
26036,12621,13145,13147
26037,13145,13092,13147
26038,13092,13099,13147
26039,13099,12569,13147
26040,12628,12629,13148
26041,12628,13148,12627
26042,12632,12633,13149
26043,12632,13149,13150
26044,12632,13150,12629
26045,12629,13150,13148
26046,12636,12637,13152
26047,12636,13152,13151
26048,12636,13151,12633
26049,12633,13153,13149
26050,12633,13151,13153
26051,13151,13154,13153
26052,13151,13155,13154
26053,13151,13152,13155
26054,12640,12641,13157
26055,12640,13157,13156
26056,12640,13156,12637
26057,12637,13156,13152
26058,13152,13158,13155
26059,13152,13156,13158
26060,13156,13159,13158
26061,13156,13157,13159
26062,12644,12645,13161
26063,12644,13161,13160
26064,12644,13160,12641
26065,12641,13160,13157
26066,13157,13162,13159
26067,13157,13160,13162
26068,13160,13163,13162
26069,13160,13161,13163
26070,12648,12649,13165
26071,12648,13165,13164
26072,12648,13164,12645
26073,12645,13164,13161
26074,13161,13166,13163
26075,13161,13164,13166
26076,13164,13167,13166
26077,13164,13165,13167
26078,12652,12653,13169
26079,12652,13169,13168
26080,12652,13168,12649
26081,12649,13168,13165
26082,13165,13170,13167
26083,13165,13168,13170
26084,13168,13171,13170
26085,13168,13169,13171
26086,12656,12657,13172
26087,12656,13172,13173
26088,12656,13173,12653
26089,12653,13173,13174
26090,12653,13174,13169
26091,13169,13174,13171
26092,12660,12661,13175
26093,12660,13175,13176
26094,12660,13176,12657
26095,12657,13176,13172
26096,12661,12664,13177
26097,12661,13177,13175
26098,12670,12671,13178
26099,12670,13178,12669
26100,12674,12675,13180
26101,12674,13180,13179
26102,12674,13179,12671
26103,12671,13181,13178
26104,12671,13179,13181
26105,13179,13182,13181
26106,13179,13183,13182
26107,13179,13180,13183
26108,12677,12678,13185
26109,12677,13185,13184
26110,12677,13184,12675
26111,12675,13184,13180
26112,13180,13186,13183
26113,13180,13184,13186
26114,13184,13187,13186
26115,13184,13185,13187
26116,12627,13188,12679
26117,12679,13188,12678
26118,12678,13188,13185
26119,13185,13189,13187
26120,13185,13188,13189
26121,13188,13190,13189
26122,12627,13148,13190
26123,12627,13190,13188
26124,13148,13191,13190
26125,13148,13150,13192
26126,13148,13192,13191
26127,13150,13149,13192
26128,13149,13193,13192
26129,13149,13153,13193
26130,13173,13194,13174
26131,13173,13172,13194
26132,13172,13195,13194
26133,13172,13176,13196
26134,13172,13196,13195
26135,13176,13175,13196
26136,12664,12680,13197
26137,13175,13198,13196
26138,13175,13177,13199
26139,13175,13199,13198
26140,13177,12664,13197
26141,13177,13197,13199
26142,12682,12683,13201
26143,12682,13201,13200
26144,12682,13200,12680
26145,12680,13200,13197
26146,13197,13202,13199
26147,13197,13200,13202
26148,13200,13203,13202
26149,13200,13201,13203
26150,12686,12687,13204
26151,12686,13204,13205
26152,12686,13205,12683
26153,12683,13205,13206
26154,12683,13206,13201
26155,13201,13206,13203
26156,12687,12689,13207
26157,12687,13207,13204
26158,12694,12695,13208
26159,12694,13208,12693
26160,12698,12699,13210
26161,12698,13210,13209
26162,12698,13209,12695
26163,12695,13211,13208
26164,12695,13209,13211
26165,13209,13212,13211
26166,13209,13213,13212
26167,13209,13210,13213
26168,12669,13214,12701
26169,12701,13214,12699
26170,12699,13214,13210
26171,13210,13215,13213
26172,13210,13214,13215
26173,13214,13216,13215
26174,12669,13178,13216
26175,12669,13216,13214
26176,13178,13217,13216
26177,13178,13181,13217
26178,13205,13218,13206
26179,13205,13204,13218
26180,12689,12703,13219
26181,13204,13220,13218
26182,13204,13207,13221
26183,13204,13221,13220
26184,13207,12689,13219
26185,13207,13219,13221
26186,12706,12707,13222
26187,12706,13222,13223
26188,12706,13223,12703
26189,12703,13223,13224
26190,12703,13224,13219
26191,13219,13224,13221
26192,12707,12709,13225
26193,12707,13225,13222
26194,12714,12715,13227
26195,12714,13227,13226
26196,12714,13228,12713
26197,12714,13226,13228
26198,13226,13229,13228
26199,13226,13230,13229
26200,13226,13231,13230
26201,13226,13227,13231
26202,12693,13232,12717
26203,12717,13232,12715
26204,12715,13232,13227
26205,13227,13233,13231
26206,13227,13232,13233
26207,13232,13234,13233
26208,12693,13208,13234
26209,12693,13234,13232
26210,13208,13235,13234
26211,13208,13211,13235
26212,13223,13236,13224
26213,13223,13222,13236
26214,12709,12719,13237
26215,13222,13238,13236
26216,13222,13225,13239
26217,13222,13239,13238
26218,13225,12709,13237
26219,13225,13237,13239
26220,12719,12722,13240
26221,12719,13240,13241
26222,12719,13241,13237
26223,13237,13241,13239
26224,12728,12729,13242
26225,12728,13242,12727
26226,12731,12732,13244
26227,12731,13244,13243
26228,12731,13243,12729
26229,12729,13245,13242
26230,12729,13243,13245
26231,13243,13246,13245
26232,13243,13247,13246
26233,13243,13244,13247
26234,12713,13248,12733
26235,12733,13248,12732
26236,12732,13248,13244
26237,13244,13249,13247
26238,13244,13248,13249
26239,13228,13229,13249
26240,13228,13249,13248
26241,13228,13248,12713
26242,12722,12734,13250
26243,13240,13251,13241
26244,13240,12722,13250
26245,13240,13250,13251
26246,12736,12737,13252
26247,12736,13252,13253
26248,12736,13253,12734
26249,12734,13253,13254
26250,12734,13254,13250
26251,13250,13254,13251
26252,12737,12739,13255
26253,12737,13255,13252
26254,12744,12745,13256
26255,12744,13256,12743
26256,12727,13257,12747
26257,12747,13257,12745
26258,12745,13258,13256
26259,12745,13257,13258
26260,13257,13259,13258
26261,13257,13260,13259
26262,12727,13242,13260
26263,12727,13260,13257
26264,13242,13261,13260
26265,13242,13245,13261
26266,13253,13262,13254
26267,13253,13252,13262
26268,12739,13264,13263
26269,12739,12749,13264
26270,13263,13264,13265
26271,13263,13265,13266
26272,13252,13263,13266
26273,13252,13266,13262
26274,13252,13255,13263
26275,13255,12739,13263
26276,12749,12751,13267
26277,12749,13267,13264
26278,12756,12757,13268
26279,12756,13268,12755
26280,12743,13269,12759
26281,12759,13269,12757
26282,12757,13270,13268
26283,12757,13269,13270
26284,13269,13271,13270
26285,13269,13272,13271
26286,12743,13256,13272
26287,12743,13272,13269
26288,13256,13273,13272
26289,13256,13258,13273
26290,13265,13274,13266
26291,13265,13264,13274
26292,12751,13276,13275
26293,12751,12761,13276
26294,13275,13276,13277
26295,13275,13277,13278
26296,13264,13275,13278
26297,13264,13278,13274
26298,13264,13267,13275
26299,13267,12751,13275
26300,12761,12763,13279
26301,12761,13279,13276
26302,12755,13280,12767
26303,12767,13281,12766
26304,12767,13280,13281
26305,13280,13282,13281
26306,13280,13283,13282
26307,13280,13284,13283
26308,12755,13268,13284
26309,12755,13284,13280
26310,13268,13285,13284
26311,13268,13270,13285
26312,13277,13286,13278
26313,13277,13276,13286
26314,12763,12772,13287
26315,12772,13288,13287
26316,12772,12771,13288
26317,13287,13288,13289
26318,13276,13287,13289
26319,13276,13289,13286
26320,13276,13279,13287
26321,13279,12763,13287
26322,12777,12778,13291
26323,12777,13291,13290
26324,12777,13292,12776
26325,12777,13290,13292
26326,13290,13293,13292
26327,13290,13294,13293
26328,13290,13295,13294
26329,13290,13291,13295
26330,12766,13296,12779
26331,12779,13296,12778
26332,12778,13296,13291
26333,13291,13297,13295
26334,13291,13296,13297
26335,13281,13282,13297
26336,13281,13297,13296
26337,13281,13296,12766
26338,12771,12780,13298
26339,13288,13299,13289
26340,13288,12771,13298
26341,13288,13298,13299
26342,12780,12783,13300
26343,12780,13300,13301
26344,12780,13301,13298
26345,13298,13301,13299
26346,12788,12789,13302
26347,12788,13302,12787
26348,12776,13303,12791
26349,12791,13303,12789
26350,12789,13304,13302
26351,12789,13303,13304
26352,13303,13305,13304
26353,13292,13293,13305
26354,13292,13305,13303
26355,13292,13303,12776
26356,12783,13307,13306
26357,12783,12793,13307
26358,13306,13307,13308
26359,13306,13308,13309
26360,13306,13309,13310
26361,13300,13306,13310
26362,13300,13310,13301
26363,13300,12783,13306
26364,12793,12795,13311
26365,12793,13311,13307
26366,12787,13312,12799
26367,12799,13313,12798
26368,12799,13312,13313
26369,13312,13314,13313
26370,13312,13315,13314
26371,13312,13316,13315
26372,12787,13302,13316
26373,12787,13316,13312
26374,13302,13317,13316
26375,13302,13304,13317
26376,13308,13318,13309
26377,13308,13307,13318
26378,12795,12803,13319
26379,12803,13320,13319
26380,12803,12802,13320
26381,13319,13320,13321
26382,13307,13319,13321
26383,13307,13321,13318
26384,13307,13311,13319
26385,13311,12795,13319
26386,12808,12809,13322
26387,12808,13322,12807
26388,12798,13323,12811
26389,12811,13323,12809
26390,12809,13324,13322
26391,12809,13323,13324
26392,13323,13325,13324
26393,13313,13314,13325
26394,13313,13325,13323
26395,13313,13323,12798
26396,12802,13327,13326
26397,12802,12813,13327
26398,13326,13327,13328
26399,13326,13328,13329
26400,13326,13329,13330
26401,13320,13326,13330
26402,13320,13330,13321
26403,13320,12802,13326
26404,12813,12815,13331
26405,12813,13331,13327
26406,12807,13332,12819
26407,12819,13333,12818
26408,12819,13332,13333
26409,13332,13334,13333
26410,13332,13335,13334
26411,13332,13336,13335
26412,12807,13322,13336
26413,12807,13336,13332
26414,13322,13337,13336
26415,13322,13324,13337
26416,13328,13338,13329
26417,13328,13327,13338
26418,12815,12823,13339
26419,12823,13340,13339
26420,12823,12822,13340
26421,13339,13340,13341
26422,13327,13339,13341
26423,13327,13341,13338
26424,13327,13331,13339
26425,13331,12815,13339
26426,12818,13342,12827
26427,12827,13343,12826
26428,12827,13342,13343
26429,13342,13344,13343
26430,13342,13345,13344
26431,13333,13334,13345
26432,13333,13345,13342
26433,13333,13342,12818
26434,12822,12832,13346
26435,12832,13347,13346
26436,12832,12831,13347
26437,13346,13347,13348
26438,13346,13348,13349
26439,13340,13346,13349
26440,13340,13349,13341
26441,13340,12822,13346
26442,12837,12838,13350
26443,12837,13350,12836
26444,12826,13351,12839
26445,12839,13351,12838
26446,12838,13352,13350
26447,12838,13351,13352
26448,13351,13353,13352
26449,13343,13344,13353
26450,13343,13353,13351
26451,13343,13351,12826
26452,12831,13355,13354
26453,12831,12840,13355
26454,13354,13355,13356
26455,13354,13356,13357
26456,13354,13357,13358
26457,13347,13354,13358
26458,13347,13358,13348
26459,13347,12831,13354
26460,12840,12843,13359
26461,12840,13359,13355
26462,12836,13360,13361
26463,12836,13361,12847
26464,12847,13361,12846
26465,12836,13350,13360
26466,13360,13362,13361
26467,13360,13350,13363
26468,13360,13363,13362
26469,13350,13352,13363
26470,13364,13365,13366
26471,13364,13366,13367
26472,13364,13367,13368
26473,13364,13368,13369
26474,13356,13364,13369
26475,13356,13369,13357
26476,13356,13365,13364
26477,13356,13355,13365
26478,12843,12851,13370
26479,12851,13371,13370
26480,12851,12850,13371
26481,13365,13370,13371
26482,13365,13371,13366
26483,13365,13355,13370
26484,13355,13359,13370
26485,13359,12843,13370
26486,12846,13372,12855
26487,12855,13373,12854
26488,12855,13372,13373
26489,13372,13374,13373
26490,13372,13375,13374
26491,13372,13376,13375
26492,12846,13361,13376
26493,12846,13376,13372
26494,13361,13377,13376
26495,13361,13362,13377
26496,13367,13378,13368
26497,13367,13366,13378
26498,12850,12859,13379
26499,12859,13380,13379
26500,12859,12858,13380
26501,13379,13380,13381
26502,13366,13379,13381
26503,13366,13381,13378
26504,13366,13371,13379
26505,13371,12850,13379
26506,12854,13382,12863
26507,12863,13383,12862
26508,12863,13382,13383
26509,13382,13384,13383
26510,13382,13385,13384
26511,13373,13374,13385
26512,13373,13385,13382
26513,13373,13382,12854
26514,12858,12867,13386
26515,12867,13387,13386
26516,12867,12866,13387
26517,13386,13387,13388
26518,13386,13388,13389
26519,13380,13386,13389
26520,13380,13389,13381
26521,13380,12858,13386
26522,12862,13390,12871
26523,12871,13391,12870
26524,12871,13390,13391
26525,13390,13392,13391
26526,13390,13393,13392
26527,13383,13384,13393
26528,13383,13393,13390
26529,13383,13390,12862
26530,12866,12875,13394
26531,12875,13395,13394
26532,12875,12874,13395
26533,13394,13395,13396
26534,13394,13396,13397
26535,13387,13394,13397
26536,13387,13397,13388
26537,13387,12866,13394
26538,12870,13398,12879
26539,12879,13399,12878
26540,12879,13398,13399
26541,13398,13400,13399
26542,13398,13401,13400
26543,13391,13392,13401
26544,13391,13401,13398
26545,13391,13398,12870
26546,12874,12883,13402
26547,12883,13403,13402
26548,12883,12882,13403
26549,13402,13403,13404
26550,13402,13404,13405
26551,13395,13402,13405
26552,13395,13405,13396
26553,13395,12874,13402
26554,12878,13406,12887
26555,12887,13407,12886
26556,12887,13406,13407
26557,13406,13408,13407
26558,13406,13409,13408
26559,13399,13400,13409
26560,13399,13409,13406
26561,13399,13406,12878
26562,12882,12891,13410
26563,12891,13411,13410
26564,12891,12890,13411
26565,13410,13411,13412
26566,13410,13412,13413
26567,13403,13410,13413
26568,13403,13413,13404
26569,13403,12882,13410
26570,12886,13414,13415
26571,12886,13415,12895
26572,12895,13415,12894
26573,13407,13408,13416
26574,13407,13416,13414
26575,13407,13414,12886
26576,13414,13417,13415
26577,13414,13416,13417
26578,13418,13419,13420
26579,13418,13420,13421
26580,13418,13421,13422
26581,13418,13422,13423
26582,13418,13423,13424
26583,13418,13424,13419
26584,12890,12899,13425
26585,12899,13426,13425
26586,12899,12898,13426
26587,13419,13425,13426
26588,13419,13426,13420
26589,13419,13427,13425
26590,13419,13424,13427
26591,13411,13425,13427
26592,13411,13427,13412
26593,13411,12890,13425
26594,12894,13428,13429
26595,12894,13429,12903
26596,12903,13429,12902
26597,12894,13415,13428
26598,13428,13430,13429
26599,13428,13415,13431
26600,13428,13431,13430
26601,13415,13417,13431
26602,13432,13433,13434
26603,13432,13434,13435
26604,13432,13435,13436
26605,13432,13436,13437
26606,13421,13432,13437
26607,13421,13437,13422
26608,13421,13433,13432
26609,13421,13420,13433
26610,12898,12907,13438
26611,12907,13439,13438
26612,12907,12906,13439
26613,13433,13438,13439
26614,13433,13439,13434
26615,13433,13420,13438
26616,13420,13426,13438
26617,13426,12898,13438
26618,12902,13440,12910
26619,12902,13429,13440
26620,12910,13441,12911
26621,12910,13440,13442
26622,12910,13442,13441
26623,13440,13429,13443
26624,13440,13443,13442
26625,13429,13430,13443
26626,12917,13444,13445
26627,12917,13445,12918
26628,12917,13446,13444
26629,12917,12916,13446
26630,13444,13446,13447
26631,13444,13447,13448
26632,13435,13444,13448
26633,13435,13448,13436
26634,13435,13445,13444
26635,13435,13434,13445
26636,12906,12921,13449
26637,12921,12918,13449
26638,12918,13445,13449
26639,13445,13434,13449
26640,13434,13439,13449
26641,13439,12906,13449
26642,12911,13450,12925
26643,12925,13451,12924
26644,12925,13450,13451
26645,13450,13452,13451
26646,13450,13453,13452
26647,13441,13442,13453
26648,13441,13453,13450
26649,13441,13450,12911
26650,12916,12930,13454
26651,12930,13455,13454
26652,12930,12929,13455
26653,13454,13455,13456
26654,13454,13456,13457
26655,13446,13454,13457
26656,13446,13457,13447
26657,13446,12916,13454
26658,12924,13458,13459
26659,12924,13459,12935
26660,12935,13459,12934
26661,13451,13452,13460
26662,13451,13460,13458
26663,13451,13458,12924
26664,13458,13461,13459
26665,13458,13460,13461
26666,13462,13463,13464
26667,13462,13464,13465
26668,13462,13465,13466
26669,13462,13466,13467
26670,13462,13467,13468
26671,13462,13468,13463
26672,12929,12939,13469
26673,12939,13470,13469
26674,12939,12938,13470
26675,13463,13469,13470
26676,13463,13470,13464
26677,13463,13471,13469
26678,13463,13468,13471
26679,13455,13469,13471
26680,13455,13471,13456
26681,13455,12929,13469
26682,12934,13472,12941
26683,12934,13459,13472
26684,12941,13473,12943
26685,12941,13472,13474
26686,12941,13474,13473
26687,13472,13459,13475
26688,13472,13475,13474
26689,13459,13461,13475
26690,12948,13476,13477
26691,12948,13477,12949
26692,12948,13478,13476
26693,12948,12947,13478
26694,13476,13478,13479
26695,13476,13479,13480
26696,13465,13476,13480
26697,13465,13480,13466
26698,13465,13477,13476
26699,13465,13464,13477
26700,12938,12951,13481
26701,12951,12949,13481
26702,12949,13477,13481
26703,13477,13464,13481
26704,13464,13470,13481
26705,13470,12938,13481
26706,12943,13482,13483
26707,12943,13483,12955
26708,12955,13483,12954
26709,13473,13474,13484
26710,13473,13484,13482
26711,13473,13482,12943
26712,13482,13485,13483
26713,13482,13484,13485
26714,13486,13487,13488
26715,13486,13488,13489
26716,13486,13489,13490
26717,13486,13490,13491
26718,13486,13491,13492
26719,13486,13492,13487
26720,12947,12959,13493
26721,12959,13494,13493
26722,12959,12958,13494
26723,13487,13493,13494
26724,13487,13494,13488
26725,13487,13495,13493
26726,13487,13492,13495
26727,13478,13493,13495
26728,13478,13495,13479
26729,13478,12947,13493
26730,12954,13496,12961
26731,12954,13483,13496
26732,12961,13497,12963
26733,12961,13496,13498
26734,12961,13498,13497
26735,13496,13483,13499
26736,13496,13499,13498
26737,13483,13485,13499
26738,12968,13500,13501
26739,12968,13501,12969
26740,12968,13502,13500
26741,12968,12967,13502
26742,13500,13502,13503
26743,13500,13503,13504
26744,13489,13500,13504
26745,13489,13504,13490
26746,13489,13501,13500
26747,13489,13488,13501
26748,12958,12971,13505
26749,12971,12969,13505
26750,12969,13501,13505
26751,13501,13488,13505
26752,13488,13494,13505
26753,13494,12958,13505
26754,12963,13506,12974
26755,13497,13498,13507
26756,13497,13507,13506
26757,13497,13506,12963
26758,12974,13508,12975
26759,12974,13506,13509
26760,12974,13509,13508
26761,13506,13507,13509
26762,12981,13510,13511
26763,12981,13511,12982
26764,12981,13512,13510
26765,12981,12980,13512
26766,13510,13512,13513
26767,13510,13513,13514
26768,13510,13514,13515
26769,13510,13515,13511
26770,12967,12985,13516
26771,12985,12982,13516
26772,12982,13511,13516
26773,13511,13517,13516
26774,13511,13515,13517
26775,13502,13516,13517
26776,13502,13517,13503
26777,13502,12967,13516
26778,12975,13518,13519
26779,12975,13519,12989
26780,12989,13519,12988
26781,13508,13509,13520
26782,13508,13520,13518
26783,13508,13518,12975
26784,13518,13521,13519
26785,13518,13520,13521
26786,13522,13523,13524
26787,13522,13524,13525
26788,13522,13525,13526
26789,13522,13526,13527
26790,13522,13527,13528
26791,13522,13528,13523
26792,12980,12994,13529
26793,12994,13530,13529
26794,12994,12993,13530
26795,13523,13529,13530
26796,13523,13530,13524
26797,13523,13531,13529
26798,13523,13528,13531
26799,13512,13529,13531
26800,13512,13531,13513
26801,13512,12980,13529
26802,12988,13532,12997
26803,12988,13519,13532
26804,13533,13534,13535
26805,12997,13533,13535
26806,12997,13535,12999
26807,12997,13532,13533
26808,13532,13519,13533
26809,13519,13536,13533
26810,13519,13521,13536
26811,13533,13536,13534
26812,13534,13537,13535
26813,13534,13536,13537
26814,13538,13539,13540
26815,13538,13540,13541
26816,13538,13541,13542
26817,13538,13542,13543
26818,13538,13543,13544
26819,13538,13544,13539
26820,13004,13545,13546
26821,13004,13546,13005
26822,13004,13547,13545
26823,13004,13003,13547
26824,13539,13545,13547
26825,13539,13547,13540
26826,13539,13548,13545
26827,13539,13544,13548
26828,13525,13545,13548
26829,13525,13548,13526
26830,13525,13546,13545
26831,13525,13524,13546
26832,12993,13007,13549
26833,13007,13005,13549
26834,13005,13546,13549
26835,13546,13524,13549
26836,13524,13530,13549
26837,13530,12993,13549
26838,12999,13550,13009
26839,12999,13535,13550
26840,13551,13552,13553
26841,13009,13551,13553
26842,13009,13553,13011
26843,13009,13550,13551
26844,13550,13535,13551
26845,13535,13554,13551
26846,13535,13537,13554
26847,13551,13554,13552
26848,13552,13555,13553
26849,13552,13554,13555
26850,13556,13557,13558
26851,13556,13558,13559
26852,13556,13559,13560
26853,13556,13560,13561
26854,13556,13561,13562
26855,13556,13562,13557
26856,13016,13563,13564
26857,13016,13564,13017
26858,13016,13565,13563
26859,13016,13015,13565
26860,13557,13563,13565
26861,13557,13565,13558
26862,13557,13566,13563
26863,13557,13562,13566
26864,13541,13563,13566
26865,13541,13566,13542
26866,13541,13564,13563
26867,13541,13540,13564
26868,13003,13019,13567
26869,13019,13017,13567
26870,13017,13564,13567
26871,13564,13540,13567
26872,13540,13547,13567
26873,13547,13003,13567
26874,13011,13568,13021
26875,13011,13553,13568
26876,13025,13569,13570
26877,13025,13570,13026
26878,13025,13021,13569
26879,13021,13568,13569
26880,13568,13553,13569
26881,13553,13571,13569
26882,13553,13555,13571
26883,13569,13571,13570
26884,13026,13572,13027
26885,13026,13570,13573
26886,13026,13573,13572
26887,13570,13571,13573
26888,13033,13574,13575
26889,13033,13575,13034
26890,13033,13576,13574
26891,13033,13032,13576
26892,13574,13576,13577
26893,13574,13577,13578
26894,13574,13578,13579
26895,13574,13579,13575
26896,13038,13580,13581
26897,13038,13581,13039
26898,13038,13034,13580
26899,13034,13575,13580
26900,13575,13582,13580
26901,13575,13579,13582
26902,13559,13580,13582
26903,13559,13582,13560
26904,13559,13581,13580
26905,13559,13558,13581
26906,13015,13041,13583
26907,13041,13039,13583
26908,13039,13581,13583
26909,13581,13558,13583
26910,13558,13565,13583
26911,13565,13015,13583
26912,13027,13584,13045
26913,13572,13573,13585
26914,13572,13585,13584
26915,13572,13584,13027
26916,13586,13587,13588
26917,13045,13586,13588
26918,13045,13588,13047
26919,13045,13584,13586
26920,13584,13589,13586
26921,13584,13585,13589
26922,13586,13589,13590
26923,13586,13590,13587
26924,13587,13591,13588
26925,13587,13590,13591
26926,13592,13593,13594
26927,13592,13594,13595
26928,13592,13595,13596
26929,13592,13596,13597
26930,13592,13597,13598
26931,13592,13598,13593
26932,13052,13599,13600
26933,13052,13600,13053
26934,13052,13601,13599
26935,13052,13051,13601
26936,13593,13599,13601
26937,13593,13601,13594
26938,13593,13602,13599
26939,13593,13598,13602
26940,13599,13602,13603
26941,13599,13603,13600
26942,13032,13056,13604
26943,13056,13053,13604
26944,13053,13600,13604
26945,13600,13605,13604
26946,13600,13603,13605
26947,13576,13604,13605
26948,13576,13605,13577
26949,13576,13032,13604
26950,13047,13606,13059
26951,13047,13588,13606
26952,13062,13607,13608
26953,13062,13608,13063
26954,13062,13059,13607
26955,13059,13606,13607
26956,13606,13588,13607
26957,13588,13609,13607
26958,13588,13591,13609
26959,13607,13609,13608
26960,13610,13611,13612
26961,13063,13610,13612
26962,13063,13612,13065
26963,13063,13608,13610
26964,13608,13613,13610
26965,13608,13609,13613
26966,13610,13613,13614
26967,13610,13614,13611
26968,13611,13615,13612
26969,13611,13614,13615
26970,13616,13617,13618
26971,13616,13618,13619
26972,13616,13619,13620
26973,13616,13620,13621
26974,13616,13621,13622
26975,13616,13622,13617
26976,13070,13623,13624
26977,13070,13624,13071
26978,13070,13625,13623
26979,13070,13069,13625
26980,13617,13623,13625
26981,13617,13625,13618
26982,13617,13626,13623
26983,13617,13622,13626
26984,13623,13626,13627
26985,13623,13627,13624
26986,13074,13628,13629
26987,13074,13629,13075
26988,13074,13071,13628
26989,13071,13624,13628
26990,13624,13630,13628
26991,13624,13627,13630
26992,13595,13628,13630
26993,13595,13630,13596
26994,13595,13629,13628
26995,13595,13594,13629
26996,13051,13077,13631
26997,13077,13075,13631
26998,13075,13629,13631
26999,13629,13594,13631
27000,13594,13601,13631
27001,13601,13051,13631
27002,13065,13632,13079
27003,13065,13612,13632
27004,13082,13633,13634
27005,13082,13634,13083
27006,13082,13079,13633
27007,13079,13632,13633
27008,13632,13612,13633
27009,13612,13635,13633
27010,13612,13615,13635
27011,13633,13635,13634
27012,13087,13636,13637
27013,13087,13637,13088
27014,13087,13083,13636
27015,13083,13634,13636
27016,13634,13638,13636
27017,13634,13635,13638
27018,13636,13638,13639
27019,13636,13639,13637
27020,13640,13641,13642
27021,13088,13640,13642
27022,13088,13642,13089
27023,13088,13637,13640
27024,13637,13643,13640
27025,13637,13639,13643
27026,13640,13643,13644
27027,13640,13644,13641
27028,13645,13646,13647
27029,13645,13647,13648
27030,13641,13645,13648
27031,13641,13648,13642
27032,13641,13649,13645
27033,13641,13644,13649
27034,13645,13649,13650
27035,13645,13650,13646
27036,13646,13651,13647
27037,13646,13650,13651
27038,13652,13653,13654
27039,13652,13654,13655
27040,13652,13655,13656
27041,13652,13656,13657
27042,13652,13657,13658
27043,13652,13658,13653
27044,13659,13660,13661
27045,13659,13661,13662
27046,13653,13659,13662
27047,13653,13662,13654
27048,13653,13663,13659
27049,13653,13658,13663
27050,13659,13663,13664
27051,13659,13664,13660
27052,13095,13665,13666
27053,13095,13666,13096
27054,13095,13667,13665
27055,13095,13094,13667
27056,13660,13665,13667
27057,13660,13667,13661
27058,13660,13668,13665
27059,13660,13664,13668
27060,13665,13668,13669
27061,13665,13669,13666
27062,13100,13670,13671
27063,13100,13671,13101
27064,13100,13096,13670
27065,13096,13666,13670
27066,13666,13672,13670
27067,13666,13669,13672
27068,13670,13672,13673
27069,13670,13673,13671
27070,13104,13674,13675
27071,13104,13675,13105
27072,13104,13101,13674
27073,13101,13671,13674
27074,13671,13676,13674
27075,13671,13673,13676
27076,13619,13674,13676
27077,13619,13676,13620
27078,13619,13675,13674
27079,13619,13618,13675
27080,13069,13107,13677
27081,13107,13105,13677
27082,13105,13675,13677
27083,13675,13618,13677
27084,13618,13625,13677
27085,13625,13069,13677
27086,13089,13678,13111
27087,13089,13642,13678
27088,13114,13679,13680
27089,13114,13680,13115
27090,13114,13111,13679
27091,13111,13678,13679
27092,13678,13642,13679
27093,13642,13648,13679
27094,13648,13680,13679
27095,13648,13647,13680
27096,13118,13681,13682
27097,13118,13682,13119
27098,13118,13115,13681
27099,13115,13680,13681
27100,13680,13647,13681
27101,13647,13683,13681
27102,13647,13651,13683
27103,13681,13683,13682
27104,13122,13684,13685
27105,13122,13685,13123
27106,13122,13119,13684
27107,13119,13682,13684
27108,13682,13686,13684
27109,13682,13683,13686
27110,13684,13686,13687
27111,13684,13687,13685
27112,13126,13688,13689
27113,13126,13689,13127
27114,13126,13123,13688
27115,13123,13685,13688
27116,13685,13690,13688
27117,13685,13687,13690
27118,13688,13690,13691
27119,13688,13691,13689
27120,13130,13692,13693
27121,13130,13693,13131
27122,13130,13127,13692
27123,13127,13689,13692
27124,13689,13694,13692
27125,13689,13691,13694
27126,13692,13694,13695
27127,13692,13695,13693
27128,13134,13696,13697
27129,13134,13697,13135
27130,13134,13131,13696
27131,13131,13693,13696
27132,13693,13698,13696
27133,13693,13695,13698
27134,13696,13698,13699
27135,13696,13699,13697
27136,13138,13700,13701
27137,13138,13701,13139
27138,13138,13135,13700
27139,13135,13697,13700
27140,13697,13702,13700
27141,13697,13699,13702
27142,13655,13700,13702
27143,13655,13702,13656
27144,13655,13701,13700
27145,13655,13654,13701
27146,13142,13703,13704
27147,13142,13704,13143
27148,13142,13139,13703
27149,13139,13701,13703
27150,13701,13654,13703
27151,13654,13662,13703
27152,13662,13704,13703
27153,13662,13661,13704
27154,13094,13146,13705
27155,13146,13143,13705
27156,13143,13704,13705
27157,13704,13661,13705
27158,13661,13667,13705
27159,13667,13094,13705
27160,13154,13155,13706
27161,13154,13706,13153
27162,13158,13159,13707
27163,13158,13707,13708
27164,13158,13708,13155
27165,13155,13708,13706
27166,13162,13163,13709
27167,13162,13709,13710
27168,13162,13710,13159
27169,13159,13710,13707
27170,13166,13167,13711
27171,13166,13711,13712
27172,13166,13712,13163
27173,13163,13712,13709
27174,13170,13171,13713
27175,13170,13713,13714
27176,13170,13714,13167
27177,13167,13714,13711
27178,13171,13174,13715
27179,13171,13715,13713
27180,13182,13183,13716
27181,13182,13716,13181
27182,13186,13187,13718
27183,13186,13718,13717
27184,13186,13717,13183
27185,13183,13719,13716
27186,13183,13717,13719
27187,13717,13720,13719
27188,13717,13721,13720
27189,13717,13718,13721
27190,13189,13190,13723
27191,13189,13723,13722
27192,13189,13722,13187
27193,13187,13722,13718
27194,13718,13724,13721
27195,13718,13722,13724
27196,13722,13725,13724
27197,13722,13723,13725
27198,13191,13192,13727
27199,13191,13727,13726
27200,13191,13726,13190
27201,13190,13726,13723
27202,13723,13728,13725
27203,13723,13726,13728
27204,13726,13729,13728
27205,13726,13727,13729
27206,13153,13730,13193
27207,13193,13730,13192
27208,13192,13730,13727
27209,13727,13731,13729
27210,13727,13730,13731
27211,13730,13732,13731
27212,13153,13706,13732
27213,13153,13732,13730
27214,13706,13733,13732
27215,13706,13708,13734
27216,13706,13734,13733
27217,13708,13707,13734
27218,13707,13735,13734
27219,13707,13710,13736
27220,13707,13736,13735
27221,13710,13709,13736
27222,13709,13737,13736
27223,13709,13712,13738
27224,13709,13738,13737
27225,13712,13711,13738
27226,13711,13739,13738
27227,13711,13714,13740
27228,13711,13740,13739
27229,13714,13713,13740
27230,13174,13194,13741
27231,13713,13742,13740
27232,13713,13715,13743
27233,13713,13743,13742
27234,13715,13174,13741
27235,13715,13741,13743
27236,13195,13196,13745
27237,13195,13745,13744
27238,13195,13744,13194
27239,13194,13744,13741
27240,13741,13746,13743
27241,13741,13744,13746
27242,13744,13747,13746
27243,13744,13745,13747
27244,13198,13199,13749
27245,13198,13749,13748
27246,13198,13748,13196
27247,13196,13748,13745
27248,13745,13750,13747
27249,13745,13748,13750
27250,13748,13751,13750
27251,13748,13749,13751
27252,13202,13203,13752
27253,13202,13752,13753
27254,13202,13753,13199
27255,13199,13753,13754
27256,13199,13754,13749
27257,13749,13754,13751
27258,13203,13206,13755
27259,13203,13755,13752
27260,13212,13213,13756
27261,13212,13756,13211
27262,13215,13216,13758
27263,13215,13758,13757
27264,13215,13757,13213
27265,13213,13759,13756
27266,13213,13757,13759
27267,13757,13760,13759
27268,13757,13761,13760
27269,13757,13758,13761
27270,13181,13762,13217
27271,13217,13762,13216
27272,13216,13762,13758
27273,13758,13763,13761
27274,13758,13762,13763
27275,13762,13764,13763
27276,13181,13716,13764
27277,13181,13764,13762
27278,13716,13765,13764
27279,13716,13719,13765
27280,13753,13766,13754
27281,13753,13752,13766
27282,13206,13218,13767
27283,13752,13768,13766
27284,13752,13755,13769
27285,13752,13769,13768
27286,13755,13206,13767
27287,13755,13767,13769
27288,13220,13221,13770
27289,13220,13770,13771
27290,13220,13771,13218
27291,13218,13771,13772
27292,13218,13772,13767
27293,13767,13772,13769
27294,13221,13224,13773
27295,13221,13773,13770
27296,13230,13231,13774
27297,13230,13774,13229
27298,13233,13234,13776
27299,13233,13776,13775
27300,13233,13775,13231
27301,13231,13777,13774
27302,13231,13775,13777
27303,13775,13778,13777
27304,13775,13779,13778
27305,13775,13776,13779
27306,13211,13780,13235
27307,13235,13780,13234
27308,13234,13780,13776
27309,13776,13781,13779
27310,13776,13780,13781
27311,13780,13782,13781
27312,13211,13756,13782
27313,13211,13782,13780
27314,13756,13783,13782
27315,13756,13759,13783
27316,13771,13784,13772
27317,13771,13770,13784
27318,13224,13236,13785
27319,13770,13786,13784
27320,13770,13773,13787
27321,13770,13787,13786
27322,13773,13224,13785
27323,13773,13785,13787
27324,13238,13239,13788
27325,13238,13788,13789
27326,13238,13789,13236
27327,13236,13789,13790
27328,13236,13790,13785
27329,13785,13790,13787
27330,13239,13241,13791
27331,13239,13791,13788
27332,13246,13247,13793
27333,13246,13793,13792
27334,13246,13794,13245
27335,13246,13792,13794
27336,13792,13795,13794
27337,13792,13796,13795
27338,13792,13797,13796
27339,13792,13793,13797
27340,13229,13798,13249
27341,13249,13798,13247
27342,13247,13798,13793
27343,13793,13799,13797
27344,13793,13798,13799
27345,13798,13800,13799
27346,13229,13774,13800
27347,13229,13800,13798
27348,13774,13801,13800
27349,13774,13777,13801
27350,13789,13802,13790
27351,13789,13788,13802
27352,13241,13251,13803
27353,13788,13804,13802
27354,13788,13791,13805
27355,13788,13805,13804
27356,13791,13241,13803
27357,13791,13803,13805
27358,13251,13254,13806
27359,13251,13806,13807
27360,13251,13807,13803
27361,13803,13807,13805
27362,13259,13260,13809
27363,13259,13809,13808
27364,13259,13810,13258
27365,13259,13808,13810
27366,13808,13811,13810
27367,13808,13812,13811
27368,13808,13813,13812
27369,13808,13809,13813
27370,13245,13814,13261
27371,13261,13814,13260
27372,13260,13814,13809
27373,13809,13815,13813
27374,13809,13814,13815
27375,13794,13795,13815
27376,13794,13815,13814
27377,13794,13814,13245
27378,13254,13262,13816
27379,13806,13817,13807
27380,13806,13254,13816
27381,13806,13816,13817
27382,13262,13266,13818
27383,13262,13818,13819
27384,13262,13819,13816
27385,13816,13819,13817
27386,13271,13272,13821
27387,13271,13821,13820
27388,13271,13822,13270
27389,13271,13820,13822
27390,13820,13823,13822
27391,13820,13824,13823
27392,13820,13825,13824
27393,13820,13821,13825
27394,13258,13826,13273
27395,13273,13826,13272
27396,13272,13826,13821
27397,13821,13827,13825
27398,13821,13826,13827
27399,13810,13811,13827
27400,13810,13827,13826
27401,13810,13826,13258
27402,13266,13274,13828
27403,13818,13829,13819
27404,13818,13266,13828
27405,13818,13828,13829
27406,13274,13278,13830
27407,13274,13830,13831
27408,13274,13831,13828
27409,13828,13831,13829
27410,13283,13284,13833
27411,13283,13833,13832
27412,13283,13834,13282
27413,13283,13832,13834
27414,13832,13835,13834
27415,13832,13836,13835
27416,13832,13837,13836
27417,13832,13833,13837
27418,13270,13838,13285
27419,13285,13838,13284
27420,13284,13838,13833
27421,13833,13839,13837
27422,13833,13838,13839
27423,13822,13823,13839
27424,13822,13839,13838
27425,13822,13838,13270
27426,13278,13286,13840
27427,13830,13841,13831
27428,13830,13278,13840
27429,13830,13840,13841
27430,13286,13289,13842
27431,13286,13842,13843
27432,13286,13843,13840
27433,13840,13843,13841
27434,13294,13295,13844
27435,13294,13844,13293
27436,13282,13845,13297
27437,13297,13845,13295
27438,13295,13846,13844
27439,13295,13845,13846
27440,13845,13847,13846
27441,13834,13835,13847
27442,13834,13847,13845
27443,13834,13845,13282
27444,13289,13849,13848
27445,13289,13299,13849
27446,13848,13849,13850
27447,13848,13850,13851
27448,13848,13851,13852
27449,13842,13848,13852
27450,13842,13852,13843
27451,13842,13289,13848
27452,13299,13301,13853
27453,13299,13853,13849
27454,13293,13854,13305
27455,13305,13855,13304
27456,13305,13854,13855
27457,13854,13856,13855
27458,13854,13857,13856
27459,13854,13858,13857
27460,13293,13844,13858
27461,13293,13858,13854
27462,13844,13859,13858
27463,13844,13846,13859
27464,13850,13860,13851
27465,13850,13849,13860
27466,13301,13310,13861
27467,13310,13862,13861
27468,13310,13309,13862
27469,13861,13862,13863
27470,13849,13861,13863
27471,13849,13863,13860
27472,13849,13853,13861
27473,13853,13301,13861
27474,13315,13316,13864
27475,13315,13864,13314
27476,13304,13865,13317
27477,13317,13865,13316
27478,13316,13866,13864
27479,13316,13865,13866
27480,13865,13867,13866
27481,13855,13856,13867
27482,13855,13867,13865
27483,13855,13865,13304
27484,13309,13869,13868
27485,13309,13318,13869
27486,13868,13869,13870
27487,13868,13870,13871
27488,13868,13871,13872
27489,13862,13868,13872
27490,13862,13872,13863
27491,13862,13309,13868
27492,13318,13321,13873
27493,13318,13873,13869
27494,13314,13874,13325
27495,13325,13875,13324
27496,13325,13874,13875
27497,13874,13876,13875
27498,13874,13877,13876
27499,13874,13878,13877
27500,13314,13864,13878
27501,13314,13878,13874
27502,13864,13879,13878
27503,13864,13866,13879
27504,13870,13880,13871
27505,13870,13869,13880
27506,13321,13330,13881
27507,13330,13882,13881
27508,13330,13329,13882
27509,13881,13882,13883
27510,13869,13881,13883
27511,13869,13883,13880
27512,13869,13873,13881
27513,13873,13321,13881
27514,13335,13336,13884
27515,13335,13884,13334
27516,13324,13885,13337
27517,13337,13885,13336
27518,13336,13886,13884
27519,13336,13885,13886
27520,13885,13887,13886
27521,13875,13876,13887
27522,13875,13887,13885
27523,13875,13885,13324
27524,13329,13889,13888
27525,13329,13338,13889
27526,13888,13889,13890
27527,13888,13890,13891
27528,13888,13891,13892
27529,13882,13888,13892
27530,13882,13892,13883
27531,13882,13329,13888
27532,13338,13341,13893
27533,13338,13893,13889
27534,13334,13894,13345
27535,13345,13895,13344
27536,13345,13894,13895
27537,13894,13896,13895
27538,13894,13897,13896
27539,13894,13898,13897
27540,13334,13884,13898
27541,13334,13898,13894
27542,13884,13899,13898
27543,13884,13886,13899
27544,13890,13900,13891
27545,13890,13889,13900
27546,13341,13349,13901
27547,13349,13902,13901
27548,13349,13348,13902
27549,13901,13902,13903
27550,13889,13901,13903
27551,13889,13903,13900
27552,13889,13893,13901
27553,13893,13341,13901
27554,13344,13904,13353
27555,13353,13905,13352
27556,13353,13904,13905
27557,13904,13906,13905
27558,13904,13907,13906
27559,13895,13896,13907
27560,13895,13907,13904
27561,13895,13904,13344
27562,13348,13358,13908
27563,13358,13909,13908
27564,13358,13357,13909
27565,13908,13909,13910
27566,13908,13910,13911
27567,13902,13908,13911
27568,13902,13911,13903
27569,13902,13348,13908
27570,13352,13912,13363
27571,13363,13913,13362
27572,13363,13912,13913
27573,13912,13914,13913
27574,13912,13915,13914
27575,13905,13906,13915
27576,13905,13915,13912
27577,13905,13912,13352
27578,13357,13369,13916
27579,13369,13917,13916
27580,13369,13368,13917
27581,13916,13917,13918
27582,13916,13918,13919
27583,13909,13916,13919
27584,13909,13919,13910
27585,13909,13357,13916
27586,13375,13376,13920
27587,13375,13920,13374
27588,13362,13921,13377
27589,13377,13921,13376
27590,13376,13922,13920
27591,13376,13921,13922
27592,13921,13923,13922
27593,13913,13914,13923
27594,13913,13923,13921
27595,13913,13921,13362
27596,13368,13925,13924
27597,13368,13378,13925
27598,13924,13925,13926
27599,13924,13926,13927
27600,13924,13927,13928
27601,13917,13924,13928
27602,13917,13928,13918
27603,13917,13368,13924
27604,13378,13381,13929
27605,13378,13929,13925
27606,13374,13930,13931
27607,13374,13931,13385
27608,13385,13931,13384
27609,13374,13920,13930
27610,13930,13932,13931
27611,13930,13920,13933
27612,13930,13933,13932
27613,13920,13922,13933
27614,13934,13935,13936
27615,13934,13936,13937
27616,13934,13937,13938
27617,13934,13938,13939
27618,13926,13934,13939
27619,13926,13939,13927
27620,13926,13935,13934
27621,13926,13925,13935
27622,13381,13389,13940
27623,13389,13941,13940
27624,13389,13388,13941
27625,13935,13940,13941
27626,13935,13941,13936
27627,13935,13925,13940
27628,13925,13929,13940
27629,13929,13381,13940
27630,13384,13942,13943
27631,13384,13943,13393
27632,13393,13943,13392
27633,13384,13931,13942
27634,13942,13944,13943
27635,13942,13931,13945
27636,13942,13945,13944
27637,13931,13932,13945
27638,13946,13947,13948
27639,13946,13948,13949
27640,13946,13949,13950
27641,13946,13950,13951
27642,13937,13946,13951
27643,13937,13951,13938
27644,13937,13947,13946
27645,13937,13936,13947
27646,13388,13397,13952
27647,13397,13953,13952
27648,13397,13396,13953
27649,13947,13952,13953
27650,13947,13953,13948
27651,13947,13936,13952
27652,13936,13941,13952
27653,13941,13388,13952
27654,13392,13954,13955
27655,13392,13955,13401
27656,13401,13955,13400
27657,13392,13943,13954
27658,13954,13956,13955
27659,13954,13943,13957
27660,13954,13957,13956
27661,13943,13944,13957
27662,13958,13959,13960
27663,13958,13960,13961
27664,13958,13961,13962
27665,13958,13962,13963
27666,13949,13958,13963
27667,13949,13963,13950
27668,13949,13959,13958
27669,13949,13948,13959
27670,13396,13405,13964
27671,13405,13965,13964
27672,13405,13404,13965
27673,13959,13964,13965
27674,13959,13965,13960
27675,13959,13948,13964
27676,13948,13953,13964
27677,13953,13396,13964
27678,13400,13966,13967
27679,13400,13967,13409
27680,13409,13967,13408
27681,13400,13955,13966
27682,13966,13968,13967
27683,13966,13955,13969
27684,13966,13969,13968
27685,13955,13956,13969
27686,13970,13971,13972
27687,13970,13972,13973
27688,13970,13973,13974
27689,13970,13974,13975
27690,13961,13970,13975
27691,13961,13975,13962
27692,13961,13971,13970
27693,13961,13960,13971
27694,13404,13413,13976
27695,13413,13977,13976
27696,13413,13412,13977
27697,13971,13976,13977
27698,13971,13977,13972
27699,13971,13960,13976
27700,13960,13965,13976
27701,13965,13404,13976
27702,13408,13978,13416
27703,13408,13967,13978
27704,13416,13979,13417
27705,13416,13978,13980
27706,13416,13980,13979
27707,13978,13967,13981
27708,13978,13981,13980
27709,13967,13968,13981
27710,13423,13982,13983
27711,13423,13983,13424
27712,13423,13984,13982
27713,13423,13422,13984
27714,13982,13984,13985
27715,13982,13985,13986
27716,13973,13982,13986
27717,13973,13986,13974
27718,13973,13983,13982
27719,13973,13972,13983
27720,13412,13427,13987
27721,13427,13424,13987
27722,13424,13983,13987
27723,13983,13972,13987
27724,13972,13977,13987
27725,13977,13412,13987
27726,13417,13988,13431
27727,13431,13989,13430
27728,13431,13988,13989
27729,13988,13990,13989
27730,13988,13991,13990
27731,13979,13980,13991
27732,13979,13991,13988
27733,13979,13988,13417
27734,13422,13437,13992
27735,13437,13993,13992
27736,13437,13436,13993
27737,13992,13993,13994
27738,13992,13994,13995
27739,13984,13992,13995
27740,13984,13995,13985
27741,13984,13422,13992
27742,13430,13996,13443
27743,13443,13997,13442
27744,13443,13996,13997
27745,13996,13998,13997
27746,13996,13999,13998
27747,13989,13990,13999
27748,13989,13999,13996
27749,13989,13996,13430
27750,13436,13448,14000
27751,13448,14001,14000
27752,13448,13447,14001
27753,14000,14001,14002
27754,14000,14002,14003
27755,13993,14000,14003
27756,13993,14003,13994
27757,13993,13436,14000
27758,13442,14004,14005
27759,13442,14005,13453
27760,13453,14005,13452
27761,13997,13998,14006
27762,13997,14006,14004
27763,13997,14004,13442
27764,14004,14007,14005
27765,14004,14006,14007
27766,14008,14009,14010
27767,14008,14010,14011
27768,14008,14011,14012
27769,14008,14012,14013
27770,14008,14013,14014
27771,14008,14014,14009
27772,13447,13457,14015
27773,13457,14016,14015
27774,13457,13456,14016
27775,14009,14015,14016
27776,14009,14016,14010
27777,14009,14017,14015
27778,14009,14014,14017
27779,14001,14015,14017
27780,14001,14017,14002
27781,14001,13447,14015
27782,13452,14018,13460
27783,13452,14005,14018
27784,13460,14019,13461
27785,13460,14018,14020
27786,13460,14020,14019
27787,14018,14005,14021
27788,14018,14021,14020
27789,14005,14007,14021
27790,13467,14022,14023
27791,13467,14023,13468
27792,13467,14024,14022
27793,13467,13466,14024
27794,14022,14024,14025
27795,14022,14025,14026
27796,14011,14022,14026
27797,14011,14026,14012
27798,14011,14023,14022
27799,14011,14010,14023
27800,13456,13471,14027
27801,13471,13468,14027
27802,13468,14023,14027
27803,14023,14010,14027
27804,14010,14016,14027
27805,14016,13456,14027
27806,13461,14028,14029
27807,13461,14029,13475
27808,13475,14029,13474
27809,14019,14020,14030
27810,14019,14030,14028
27811,14019,14028,13461
27812,14028,14031,14029
27813,14028,14030,14031
27814,14032,14033,14034
27815,14032,14034,14035
27816,14032,14035,14036
27817,14032,14036,14037
27818,14032,14037,14038
27819,14032,14038,14033
27820,13466,13480,14039
27821,13480,14040,14039
27822,13480,13479,14040
27823,14033,14039,14040
27824,14033,14040,14034
27825,14033,14041,14039
27826,14033,14038,14041
27827,14024,14039,14041
27828,14024,14041,14025
27829,14024,13466,14039
27830,13474,14042,13484
27831,13474,14029,14042
27832,13484,14043,13485
27833,13484,14042,14044
27834,13484,14044,14043
27835,14042,14029,14045
27836,14042,14045,14044
27837,14029,14031,14045
27838,13491,14046,14047
27839,13491,14047,13492
27840,13491,14048,14046
27841,13491,13490,14048
27842,14046,14048,14049
27843,14046,14049,14050
27844,14035,14046,14050
27845,14035,14050,14036
27846,14035,14047,14046
27847,14035,14034,14047
27848,13479,13495,14051
27849,13495,13492,14051
27850,13492,14047,14051
27851,14047,14034,14051
27852,14034,14040,14051
27853,14040,13479,14051
27854,13485,14052,14053
27855,13485,14053,13499
27856,13499,14053,13498
27857,14043,14044,14054
27858,14043,14054,14052
27859,14043,14052,13485
27860,14052,14055,14053
27861,14052,14054,14055
27862,14056,14057,14058
27863,14056,14058,14059
27864,14056,14059,14060
27865,14056,14060,14061
27866,14056,14061,14062
27867,14056,14062,14057
27868,13490,13504,14063
27869,13504,14064,14063
27870,13504,13503,14064
27871,14057,14063,14064
27872,14057,14064,14058
27873,14057,14065,14063
27874,14057,14062,14065
27875,14048,14063,14065
27876,14048,14065,14049
27877,14048,13490,14063
27878,13498,14066,13507
27879,13498,14053,14066
27880,13507,14067,13509
27881,13507,14066,14068
27882,13507,14068,14067
27883,14066,14053,14069
27884,14066,14069,14068
27885,14053,14055,14069
27886,13514,14070,14071
27887,13514,14071,13515
27888,13514,14072,14070
27889,13514,13513,14072
27890,14070,14072,14073
27891,14070,14073,14074
27892,14059,14070,14074
27893,14059,14074,14060
27894,14059,14071,14070
27895,14059,14058,14071
27896,13503,13517,14075
27897,13517,13515,14075
27898,13515,14071,14075
27899,14071,14058,14075
27900,14058,14064,14075
27901,14064,13503,14075
27902,13509,14076,13520
27903,14067,14068,14077
27904,14067,14077,14076
27905,14067,14076,13509
27906,13520,14078,13521
27907,13520,14076,14079
27908,13520,14079,14078
27909,14076,14077,14079
27910,13527,14080,14081
27911,13527,14081,13528
27912,13527,14082,14080
27913,13527,13526,14082
27914,14080,14082,14083
27915,14080,14083,14084
27916,14080,14084,14085
27917,14080,14085,14081
27918,13513,13531,14086
27919,13531,13528,14086
27920,13528,14081,14086
27921,14081,14087,14086
27922,14081,14085,14087
27923,14072,14086,14087
27924,14072,14087,14073
27925,14072,13513,14086
27926,13521,14088,13536
27927,14078,14079,14089
27928,14078,14089,14088
27929,14078,14088,13521
27930,13536,14090,13537
27931,13536,14088,14091
27932,13536,14091,14090
27933,14088,14089,14091
27934,13543,14092,14093
27935,13543,14093,13544
27936,13543,14094,14092
27937,13543,13542,14094
27938,14092,14094,14095
27939,14092,14095,14096
27940,14092,14096,14097
27941,14092,14097,14093
27942,13526,13548,14098
27943,13548,13544,14098
27944,13544,14093,14098
27945,14093,14099,14098
27946,14093,14097,14099
27947,14082,14098,14099
27948,14082,14099,14083
27949,14082,13526,14098
27950,13537,14100,13554
27951,14090,14091,14101
27952,14090,14101,14100
27953,14090,14100,13537
27954,13554,14102,13555
27955,13554,14100,14103
27956,13554,14103,14102
27957,14100,14101,14103
27958,13561,14104,14105
27959,13561,14105,13562
27960,13561,14106,14104
27961,13561,13560,14106
27962,14104,14106,14107
27963,14104,14107,14108
27964,14104,14108,14109
27965,14104,14109,14105
27966,13542,13566,14110
27967,13566,13562,14110
27968,13562,14105,14110
27969,14105,14111,14110
27970,14105,14109,14111
27971,14094,14110,14111
27972,14094,14111,14095
27973,14094,13542,14110
27974,13555,14112,13571
27975,14102,14103,14113
27976,14102,14113,14112
27977,14102,14112,13555
27978,14114,14115,14116
27979,13571,14114,14116
27980,13571,14116,13573
27981,13571,14112,14114
27982,14112,14117,14114
27983,14112,14113,14117
27984,14114,14117,14118
27985,14114,14118,14115
27986,14115,14119,14116
27987,14115,14118,14119
27988,14120,14121,14122
27989,14120,14122,14123
27990,14120,14123,14124
27991,14120,14124,14125
27992,14120,14125,14126
27993,14120,14126,14121
27994,13578,14127,14128
27995,13578,14128,13579
27996,13578,14129,14127
27997,13578,13577,14129
27998,14121,14127,14129
27999,14121,14129,14122
28000,14121,14130,14127
28001,14121,14126,14130
28002,14127,14130,14131
28003,14127,14131,14128
28004,13560,13582,14132
28005,13582,13579,14132
28006,13579,14128,14132
28007,14128,14133,14132
28008,14128,14131,14133
28009,14106,14132,14133
28010,14106,14133,14107
28011,14106,13560,14132
28012,13573,14134,13585
28013,13573,14116,14134
28014,13589,14135,14136
28015,13589,14136,13590
28016,13589,13585,14135
28017,13585,14134,14135
28018,14134,14116,14135
28019,14116,14137,14135
28020,14116,14119,14137
28021,14135,14137,14136
28022,14138,14139,14140
28023,13590,14138,14140
28024,13590,14140,13591
28025,13590,14136,14138
28026,14136,14141,14138
28027,14136,14137,14141
28028,14138,14141,14142
28029,14138,14142,14139
28030,14139,14143,14140
28031,14139,14142,14143
28032,14144,14145,14146
28033,14144,14146,14147
28034,14144,14147,14148
28035,14144,14148,14149
28036,14144,14149,14150
28037,14144,14150,14145
28038,13597,14151,14152
28039,13597,14152,13598
28040,13597,14153,14151
28041,13597,13596,14153
28042,14145,14151,14153
28043,14145,14153,14146
28044,14145,14154,14151
28045,14145,14150,14154
28046,14151,14154,14155
28047,14151,14155,14152
28048,13602,14156,14157
28049,13602,14157,13603
28050,13602,13598,14156
28051,13598,14152,14156
28052,14152,14158,14156
28053,14152,14155,14158
28054,14123,14156,14158
28055,14123,14158,14124
28056,14123,14157,14156
28057,14123,14122,14157
28058,13577,13605,14159
28059,13605,13603,14159
28060,13603,14157,14159
28061,14157,14122,14159
28062,14122,14129,14159
28063,14129,13577,14159
28064,13591,14160,13609
28065,13591,14140,14160
28066,13613,14161,14162
28067,13613,14162,13614
28068,13613,13609,14161
28069,13609,14160,14161
28070,14160,14140,14161
28071,14140,14163,14161
28072,14140,14143,14163
28073,14161,14163,14162
28074,14164,14165,14166
28075,13614,14164,14166
28076,13614,14166,13615
28077,13614,14162,14164
28078,14162,14167,14164
28079,14162,14163,14167
28080,14164,14167,14168
28081,14164,14168,14165
28082,14165,14169,14166
28083,14165,14168,14169
28084,14170,14171,14172
28085,14170,14172,14173
28086,14170,14173,14174
28087,14170,14174,14175
28088,14170,14175,14176
28089,14170,14176,14171
28090,13621,14177,14178
28091,13621,14178,13622
28092,13621,14179,14177
28093,13621,13620,14179
28094,14171,14177,14179
28095,14171,14179,14172
28096,14171,14180,14177
28097,14171,14176,14180
28098,14177,14180,14181
28099,14177,14181,14178
28100,13626,14182,14183
28101,13626,14183,13627
28102,13626,13622,14182
28103,13622,14178,14182
28104,14178,14184,14182
28105,14178,14181,14184
28106,14147,14182,14184
28107,14147,14184,14148
28108,14147,14183,14182
28109,14147,14146,14183
28110,13596,13630,14185
28111,13630,13627,14185
28112,13627,14183,14185
28113,14183,14146,14185
28114,14146,14153,14185
28115,14153,13596,14185
28116,13615,14186,13635
28117,13615,14166,14186
28118,13638,14187,14188
28119,13638,14188,13639
28120,13638,13635,14187
28121,13635,14186,14187
28122,14186,14166,14187
28123,14166,14189,14187
28124,14166,14169,14189
28125,14187,14189,14188
28126,13643,14190,14191
28127,13643,14191,13644
28128,13643,13639,14190
28129,13639,14188,14190
28130,14188,14192,14190
28131,14188,14189,14192
28132,14190,14192,14193
28133,14190,14193,14191
28134,13649,14194,14195
28135,13649,14195,13650
28136,13649,13644,14194
28137,13644,14191,14194
28138,14191,14196,14194
28139,14191,14193,14196
28140,14194,14196,14197
28141,14194,14197,14195
28142,14198,14199,14200
28143,13650,14198,14200
28144,13650,14200,13651
28145,13650,14195,14198
28146,14195,14201,14198
28147,14195,14197,14201
28148,14198,14201,14202
28149,14198,14202,14199
28150,14203,14204,14205
28151,14203,14205,14206
28152,14199,14203,14206
28153,14199,14206,14200
28154,14199,14207,14203
28155,14199,14202,14207
28156,14203,14207,14208
28157,14203,14208,14204
28158,14209,14210,14211
28159,14209,14211,14212
28160,14204,14209,14212
28161,14204,14212,14205
28162,14204,14213,14209
28163,14204,14208,14213
28164,14209,14213,14214
28165,14209,14214,14210
28166,14215,14216,14217
28167,14215,14217,14218
28168,14210,14215,14218
28169,14210,14218,14211
28170,14210,14219,14215
28171,14210,14214,14219
28172,14215,14219,14220
28173,14215,14220,14216
28174,14221,14222,14223
28175,14221,14223,14224
28176,14216,14221,14224
28177,14216,14224,14217
28178,14216,14225,14221
28179,14216,14220,14225
28180,14221,14225,14226
28181,14221,14226,14222
28182,13657,14227,14228
28183,13657,14228,13658
28184,13657,14229,14227
28185,13657,13656,14229
28186,14222,14227,14229
28187,14222,14229,14223
28188,14222,14230,14227
28189,14222,14226,14230
28190,14227,14230,14231
28191,14227,14231,14228
28192,13663,14232,14233
28193,13663,14233,13664
28194,13663,13658,14232
28195,13658,14228,14232
28196,14228,14234,14232
28197,14228,14231,14234
28198,14232,14234,14235
28199,14232,14235,14233
28200,13668,14236,14237
28201,13668,14237,13669
28202,13668,13664,14236
28203,13664,14233,14236
28204,14233,14238,14236
28205,14233,14235,14238
28206,14236,14238,14239
28207,14236,14239,14237
28208,13672,14240,14241
28209,13672,14241,13673
28210,13672,13669,14240
28211,13669,14237,14240
28212,14237,14242,14240
28213,14237,14239,14242
28214,14173,14240,14242
28215,14173,14242,14174
28216,14173,14241,14240
28217,14173,14172,14241
28218,13620,13676,14243
28219,13676,13673,14243
28220,13673,14241,14243
28221,14241,14172,14243
28222,14172,14179,14243
28223,14179,13620,14243
28224,13651,14244,13683
28225,13651,14200,14244
28226,13686,14245,14246
28227,13686,14246,13687
28228,13686,13683,14245
28229,13683,14244,14245
28230,14244,14200,14245
28231,14200,14206,14245
28232,14206,14246,14245
28233,14206,14205,14246
28234,13690,14247,14248
28235,13690,14248,13691
28236,13690,13687,14247
28237,13687,14246,14247
28238,14246,14205,14247
28239,14205,14212,14247
28240,14212,14248,14247
28241,14212,14211,14248
28242,13694,14249,14250
28243,13694,14250,13695
28244,13694,13691,14249
28245,13691,14248,14249
28246,14248,14211,14249
28247,14211,14218,14249
28248,14218,14250,14249
28249,14218,14217,14250
28250,13698,14251,14252
28251,13698,14252,13699
28252,13698,13695,14251
28253,13695,14250,14251
28254,14250,14217,14251
28255,14217,14224,14251
28256,14224,14252,14251
28257,14224,14223,14252
28258,13656,13702,14253
28259,13702,13699,14253
28260,13699,14252,14253
28261,14252,14223,14253
28262,14223,14229,14253
28263,14229,13656,14253
28264,13720,13721,14254
28265,13720,14254,13719
28266,13724,13725,14255
28267,13724,14255,14256
28268,13724,14256,13721
28269,13721,14256,14254
28270,13728,13729,14258
28271,13728,14258,14257
28272,13728,14257,13725
28273,13725,14259,14255
28274,13725,14257,14259
28275,14257,14260,14259
28276,14257,14261,14260
28277,14257,14258,14261
28278,13731,13732,14263
28279,13731,14263,14262
28280,13731,14262,13729
28281,13729,14262,14258
28282,14258,14264,14261
28283,14258,14262,14264
28284,14262,14265,14264
28285,14262,14263,14265
28286,13733,13734,14267
28287,13733,14267,14266
28288,13733,14266,13732
28289,13732,14266,14263
28290,14263,14268,14265
28291,14263,14266,14268
28292,14266,14269,14268
28293,14266,14267,14269
28294,13735,13736,14271
28295,13735,14271,14270
28296,13735,14270,13734
28297,13734,14270,14267
28298,14267,14272,14269
28299,14267,14270,14272
28300,14270,14273,14272
28301,14270,14271,14273
28302,13737,13738,14275
28303,13737,14275,14274
28304,13737,14274,13736
28305,13736,14274,14271
28306,14271,14276,14273
28307,14271,14274,14276
28308,14274,14277,14276
28309,14274,14275,14277
28310,13739,13740,14279
28311,13739,14279,14278
28312,13739,14278,13738
28313,13738,14278,14275
28314,14275,14280,14277
28315,14275,14278,14280
28316,14278,14281,14280
28317,14278,14279,14281
28318,13742,13743,14283
28319,13742,14283,14282
28320,13742,14282,13740
28321,13740,14282,14279
28322,14279,14284,14281
28323,14279,14282,14284
28324,14282,14285,14284
28325,14282,14283,14285
28326,13746,13747,14286
28327,13746,14286,14287
28328,13746,14287,13743
28329,13743,14287,14288
28330,13743,14288,14283
28331,14283,14288,14285
28332,13750,13751,14289
28333,13750,14289,14290
28334,13750,14290,13747
28335,13747,14290,14286
28336,13751,13754,14291
28337,13751,14291,14289
28338,13760,13761,14292
28339,13760,14292,13759
28340,13763,13764,14294
28341,13763,14294,14293
28342,13763,14293,13761
28343,13761,14295,14292
28344,13761,14293,14295
28345,14293,14296,14295
28346,14293,14297,14296
28347,14293,14294,14297
28348,13719,14298,13765
28349,13765,14298,13764
28350,13764,14298,14294
28351,14294,14299,14297
28352,14294,14298,14299
28353,14298,14300,14299
28354,13719,14254,14300
28355,13719,14300,14298
28356,14254,14301,14300
28357,14254,14256,14302
28358,14254,14302,14301
28359,14256,14255,14302
28360,14255,14303,14302
28361,14255,14259,14303
28362,14287,14304,14288
28363,14287,14286,14304
28364,14286,14305,14304
28365,14286,14290,14306
28366,14286,14306,14305
28367,14290,14289,14306
28368,13754,13766,14307
28369,14289,14308,14306
28370,14289,14291,14309
28371,14289,14309,14308
28372,14291,13754,14307
28373,14291,14307,14309
28374,13768,13769,14310
28375,13768,14310,14311
28376,13768,14311,13766
28377,13766,14311,14312
28378,13766,14312,14307
28379,14307,14312,14309
28380,13769,13772,14313
28381,13769,14313,14310
28382,13778,13779,14314
28383,13778,14314,13777
28384,13781,13782,14316
28385,13781,14316,14315
28386,13781,14315,13779
28387,13779,14317,14314
28388,13779,14315,14317
28389,14315,14318,14317
28390,14315,14319,14318
28391,14315,14316,14319
28392,13759,14320,13783
28393,13783,14320,13782
28394,13782,14320,14316
28395,14316,14321,14319
28396,14316,14320,14321
28397,14320,14322,14321
28398,13759,14292,14322
28399,13759,14322,14320
28400,14292,14323,14322
28401,14292,14295,14323
28402,14311,14324,14312
28403,14311,14310,14324
28404,13772,13784,14325
28405,14310,14326,14324
28406,14310,14313,14327
28407,14310,14327,14326
28408,14313,13772,14325
28409,14313,14325,14327
28410,13786,13787,14328
28411,13786,14328,14329
28412,13786,14329,13784
28413,13784,14329,14330
28414,13784,14330,14325
28415,14325,14330,14327
28416,13787,13790,14331
28417,13787,14331,14328
28418,13796,13797,14332
28419,13796,14332,13795
28420,13799,13800,14334
28421,13799,14334,14333
28422,13799,14333,13797
28423,13797,14335,14332
28424,13797,14333,14335
28425,14333,14336,14335
28426,14333,14337,14336
28427,14333,14334,14337
28428,13777,14338,13801
28429,13801,14338,13800
28430,13800,14338,14334
28431,14334,14339,14337
28432,14334,14338,14339
28433,14338,14340,14339
28434,13777,14314,14340
28435,13777,14340,14338
28436,14314,14341,14340
28437,14314,14317,14341
28438,14329,14342,14330
28439,14329,14328,14342
28440,13790,13802,14343
28441,14328,14344,14342
28442,14328,14331,14345
28443,14328,14345,14344
28444,14331,13790,14343
28445,14331,14343,14345
28446,13804,13805,14346
28447,13804,14346,14347
28448,13804,14347,13802
28449,13802,14347,14348
28450,13802,14348,14343
28451,14343,14348,14345
28452,13805,13807,14349
28453,13805,14349,14346
28454,13812,13813,14350
28455,13812,14350,13811
28456,13795,14351,13815
28457,13815,14351,13813
28458,13813,14352,14350
28459,13813,14351,14352
28460,14351,14353,14352
28461,14351,14354,14353
28462,13795,14332,14354
28463,13795,14354,14351
28464,14332,14355,14354
28465,14332,14335,14355
28466,14347,14356,14348
28467,14347,14346,14356
28468,13807,14358,14357
28469,13807,13817,14358
28470,14357,14358,14359
28471,14357,14359,14360
28472,14346,14357,14360
28473,14346,14360,14356
28474,14346,14349,14357
28475,14349,13807,14357
28476,13817,13819,14361
28477,13817,14361,14358
28478,13824,13825,14362
28479,13824,14362,13823
28480,13811,14363,13827
28481,13827,14363,13825
28482,13825,14364,14362
28483,13825,14363,14364
28484,14363,14365,14364
28485,14363,14366,14365
28486,13811,14350,14366
28487,13811,14366,14363
28488,14350,14367,14366
28489,14350,14352,14367
28490,14359,14368,14360
28491,14359,14358,14368
28492,13819,14370,14369
28493,13819,13829,14370
28494,14369,14370,14371
28495,14369,14371,14372
28496,14358,14369,14372
28497,14358,14372,14368
28498,14358,14361,14369
28499,14361,13819,14369
28500,13829,13831,14373
28501,13829,14373,14370
28502,13836,13837,14374
28503,13836,14374,13835
28504,13823,14375,13839
28505,13839,14375,13837
28506,13837,14376,14374
28507,13837,14375,14376
28508,14375,14377,14376
28509,14375,14378,14377
28510,13823,14362,14378
28511,13823,14378,14375
28512,14362,14379,14378
28513,14362,14364,14379
28514,14371,14380,14372
28515,14371,14370,14380
28516,13831,14382,14381
28517,13831,13841,14382
28518,14381,14382,14383
28519,14381,14383,14384
28520,14370,14381,14384
28521,14370,14384,14380
28522,14370,14373,14381
28523,14373,13831,14381
28524,13841,13843,14385
28525,13841,14385,14382
28526,13835,14386,13847
28527,13847,14387,13846
28528,13847,14386,14387
28529,14386,14388,14387
28530,14386,14389,14388
28531,14386,14390,14389
28532,13835,14374,14390
28533,13835,14390,14386
28534,14374,14391,14390
28535,14374,14376,14391
28536,14383,14392,14384
28537,14383,14382,14392
28538,13843,13852,14393
28539,13852,14394,14393
28540,13852,13851,14394
28541,14393,14394,14395
28542,14382,14393,14395
28543,14382,14395,14392
28544,14382,14385,14393
28545,14385,13843,14393
28546,13857,13858,14396
28547,13857,14396,13856
28548,13846,14397,13859
28549,13859,14397,13858
28550,13858,14398,14396
28551,13858,14397,14398
28552,14397,14399,14398
28553,14387,14388,14399
28554,14387,14399,14397
28555,14387,14397,13846
28556,13851,14401,14400
28557,13851,13860,14401
28558,14400,14401,14402
28559,14400,14402,14403
28560,14400,14403,14404
28561,14394,14400,14404
28562,14394,14404,14395
28563,14394,13851,14400
28564,13860,13863,14405
28565,13860,14405,14401
28566,13856,14406,13867
28567,13867,14407,13866
28568,13867,14406,14407
28569,14406,14408,14407
28570,14406,14409,14408
28571,14406,14410,14409
28572,13856,14396,14410
28573,13856,14410,14406
28574,14396,14411,14410
28575,14396,14398,14411
28576,14402,14412,14403
28577,14402,14401,14412
28578,13863,13872,14413
28579,13872,14414,14413
28580,13872,13871,14414
28581,14413,14414,14415
28582,14401,14413,14415
28583,14401,14415,14412
28584,14401,14405,14413
28585,14405,13863,14413
28586,13877,13878,14416
28587,13877,14416,13876
28588,13866,14417,13879
28589,13879,14417,13878
28590,13878,14418,14416
28591,13878,14417,14418
28592,14417,14419,14418
28593,14407,14408,14419
28594,14407,14419,14417
28595,14407,14417,13866
28596,13871,14421,14420
28597,13871,13880,14421
28598,14420,14421,14422
28599,14420,14422,14423
28600,14420,14423,14424
28601,14414,14420,14424
28602,14414,14424,14415
28603,14414,13871,14420
28604,13880,13883,14425
28605,13880,14425,14421
28606,13876,14426,13887
28607,13887,14427,13886
28608,13887,14426,14427
28609,14426,14428,14427
28610,14426,14429,14428
28611,14426,14430,14429
28612,13876,14416,14430
28613,13876,14430,14426
28614,14416,14431,14430
28615,14416,14418,14431
28616,14422,14432,14423
28617,14422,14421,14432
28618,13883,13892,14433
28619,13892,14434,14433
28620,13892,13891,14434
28621,14433,14434,14435
28622,14421,14433,14435
28623,14421,14435,14432
28624,14421,14425,14433
28625,14425,13883,14433
28626,13897,13898,14436
28627,13897,14436,13896
28628,13886,14437,13899
28629,13899,14437,13898
28630,13898,14438,14436
28631,13898,14437,14438
28632,14437,14439,14438
28633,14427,14428,14439
28634,14427,14439,14437
28635,14427,14437,13886
28636,13891,14441,14440
28637,13891,13900,14441
28638,14440,14441,14442
28639,14440,14442,14443
28640,14440,14443,14444
28641,14434,14440,14444
28642,14434,14444,14435
28643,14434,13891,14440
28644,13900,13903,14445
28645,13900,14445,14441
28646,13896,14446,14447
28647,13896,14447,13907
28648,13907,14447,13906
28649,13896,14436,14446
28650,14446,14448,14447
28651,14446,14436,14449
28652,14446,14449,14448
28653,14436,14438,14449
28654,14450,14451,14452
28655,14450,14452,14453
28656,14450,14453,14454
28657,14450,14454,14455
28658,14442,14450,14455
28659,14442,14455,14443
28660,14442,14451,14450
28661,14442,14441,14451
28662,13903,13911,14456
28663,13911,14457,14456
28664,13911,13910,14457
28665,14451,14456,14457
28666,14451,14457,14452
28667,14451,14441,14456
28668,14441,14445,14456
28669,14445,13903,14456
28670,13906,14458,13915
28671,13915,14459,13914
28672,13915,14458,14459
28673,14458,14460,14459
28674,14458,14461,14460
28675,14458,14462,14461
28676,13906,14447,14462
28677,13906,14462,14458
28678,14447,14463,14462
28679,14447,14448,14463
28680,14453,14464,14454
28681,14453,14452,14464
28682,13910,13919,14465
28683,13919,14466,14465
28684,13919,13918,14466
28685,14465,14466,14467
28686,14452,14465,14467
28687,14452,14467,14464
28688,14452,14457,14465
28689,14457,13910,14465
28690,13914,14468,13923
28691,13923,14469,13922
28692,13923,14468,14469
28693,14468,14470,14469
28694,14468,14471,14470
28695,14459,14460,14471
28696,14459,14471,14468
28697,14459,14468,13914
28698,13918,13928,14472
28699,13928,14473,14472
28700,13928,13927,14473
28701,14472,14473,14474
28702,14472,14474,14475
28703,14466,14472,14475
28704,14466,14475,14467
28705,14466,13918,14472
28706,13922,14476,13933
28707,13933,14477,13932
28708,13933,14476,14477
28709,14476,14478,14477
28710,14476,14479,14478
28711,14469,14470,14479
28712,14469,14479,14476
28713,14469,14476,13922
28714,13927,13939,14480
28715,13939,14481,14480
28716,13939,13938,14481
28717,14480,14481,14482
28718,14480,14482,14483
28719,14473,14480,14483
28720,14473,14483,14474
28721,14473,13927,14480
28722,13932,14484,13945
28723,13945,14485,13944
28724,13945,14484,14485
28725,14484,14486,14485
28726,14484,14487,14486
28727,14477,14478,14487
28728,14477,14487,14484
28729,14477,14484,13932
28730,13938,13951,14488
28731,13951,14489,14488
28732,13951,13950,14489
28733,14488,14489,14490
28734,14488,14490,14491
28735,14481,14488,14491
28736,14481,14491,14482
28737,14481,13938,14488
28738,13944,14492,13957
28739,13957,14493,13956
28740,13957,14492,14493
28741,14492,14494,14493
28742,14492,14495,14494
28743,14485,14486,14495
28744,14485,14495,14492
28745,14485,14492,13944
28746,13950,13963,14496
28747,13963,14497,14496
28748,13963,13962,14497
28749,14496,14497,14498
28750,14496,14498,14499
28751,14489,14496,14499
28752,14489,14499,14490
28753,14489,13950,14496
28754,13956,14500,13969
28755,13969,14501,13968
28756,13969,14500,14501
28757,14500,14502,14501
28758,14500,14503,14502
28759,14493,14494,14503
28760,14493,14503,14500
28761,14493,14500,13956
28762,13962,13975,14504
28763,13975,14505,14504
28764,13975,13974,14505
28765,14504,14505,14506
28766,14504,14506,14507
28767,14497,14504,14507
28768,14497,14507,14498
28769,14497,13962,14504
28770,13968,14508,13981
28771,13981,14509,13980
28772,13981,14508,14509
28773,14508,14510,14509
28774,14508,14511,14510
28775,14501,14502,14511
28776,14501,14511,14508
28777,14501,14508,13968
28778,13974,13986,14512
28779,13986,14513,14512
28780,13986,13985,14513
28781,14512,14513,14514
28782,14512,14514,14515
28783,14505,14512,14515
28784,14505,14515,14506
28785,14505,13974,14512
28786,13980,14516,14517
28787,13980,14517,13991
28788,13991,14517,13990
28789,14509,14510,14518
28790,14509,14518,14516
28791,14509,14516,13980
28792,14516,14519,14517
28793,14516,14518,14519
28794,14520,14521,14522
28795,14520,14522,14523
28796,14520,14523,14524
28797,14520,14524,14525
28798,14520,14525,14526
28799,14520,14526,14521
28800,13985,13995,14527
28801,13995,14528,14527
28802,13995,13994,14528
28803,14521,14527,14528
28804,14521,14528,14522
28805,14521,14529,14527
28806,14521,14526,14529
28807,14513,14527,14529
28808,14513,14529,14514
28809,14513,13985,14527
28810,13990,14530,14531
28811,13990,14531,13999
28812,13999,14531,13998
28813,13990,14517,14530
28814,14530,14532,14531
28815,14530,14517,14533
28816,14530,14533,14532
28817,14517,14519,14533
28818,14534,14535,14536
28819,14534,14536,14537
28820,14534,14537,14538
28821,14534,14538,14539
28822,14523,14534,14539
28823,14523,14539,14524
28824,14523,14535,14534
28825,14523,14522,14535
28826,13994,14003,14540
28827,14003,14541,14540
28828,14003,14002,14541
28829,14535,14540,14541
28830,14535,14541,14536
28831,14535,14522,14540
28832,14522,14528,14540
28833,14528,13994,14540
28834,13998,14542,14006
28835,13998,14531,14542
28836,14006,14543,14007
28837,14006,14542,14544
28838,14006,14544,14543
28839,14542,14531,14545
28840,14542,14545,14544
28841,14531,14532,14545
28842,14013,14546,14547
28843,14013,14547,14014
28844,14013,14548,14546
28845,14013,14012,14548
28846,14546,14548,14549
28847,14546,14549,14550
28848,14537,14546,14550
28849,14537,14550,14538
28850,14537,14547,14546
28851,14537,14536,14547
28852,14002,14017,14551
28853,14017,14014,14551
28854,14014,14547,14551
28855,14547,14536,14551
28856,14536,14541,14551
28857,14541,14002,14551
28858,14007,14552,14553
28859,14007,14553,14021
28860,14021,14553,14020
28861,14543,14544,14554
28862,14543,14554,14552
28863,14543,14552,14007
28864,14552,14555,14553
28865,14552,14554,14555
28866,14556,14557,14558
28867,14556,14558,14559
28868,14556,14559,14560
28869,14556,14560,14561
28870,14556,14561,14562
28871,14556,14562,14557
28872,14012,14026,14563
28873,14026,14564,14563
28874,14026,14025,14564
28875,14557,14563,14564
28876,14557,14564,14558
28877,14557,14565,14563
28878,14557,14562,14565
28879,14548,14563,14565
28880,14548,14565,14549
28881,14548,14012,14563
28882,14020,14566,14030
28883,14020,14553,14566
28884,14030,14567,14031
28885,14030,14566,14568
28886,14030,14568,14567
28887,14566,14553,14569
28888,14566,14569,14568
28889,14553,14555,14569
28890,14037,14570,14571
28891,14037,14571,14038
28892,14037,14572,14570
28893,14037,14036,14572
28894,14570,14572,14573
28895,14570,14573,14574
28896,14559,14570,14574
28897,14559,14574,14560
28898,14559,14571,14570
28899,14559,14558,14571
28900,14025,14041,14575
28901,14041,14038,14575
28902,14038,14571,14575
28903,14571,14558,14575
28904,14558,14564,14575
28905,14564,14025,14575
28906,14031,14576,14577
28907,14031,14577,14045
28908,14045,14577,14044
28909,14567,14568,14578
28910,14567,14578,14576
28911,14567,14576,14031
28912,14576,14579,14577
28913,14576,14578,14579
28914,14580,14581,14582
28915,14580,14582,14583
28916,14580,14583,14584
28917,14580,14584,14585
28918,14580,14585,14586
28919,14580,14586,14581
28920,14036,14050,14587
28921,14050,14588,14587
28922,14050,14049,14588
28923,14581,14587,14588
28924,14581,14588,14582
28925,14581,14589,14587
28926,14581,14586,14589
28927,14572,14587,14589
28928,14572,14589,14573
28929,14572,14036,14587
28930,14044,14590,14054
28931,14044,14577,14590
28932,14054,14591,14055
28933,14054,14590,14592
28934,14054,14592,14591
28935,14590,14577,14593
28936,14590,14593,14592
28937,14577,14579,14593
28938,14061,14594,14595
28939,14061,14595,14062
28940,14061,14596,14594
28941,14061,14060,14596
28942,14594,14596,14597
28943,14594,14597,14598
28944,14583,14594,14598
28945,14583,14598,14584
28946,14583,14595,14594
28947,14583,14582,14595
28948,14049,14065,14599
28949,14065,14062,14599
28950,14062,14595,14599
28951,14595,14582,14599
28952,14582,14588,14599
28953,14588,14049,14599
28954,14055,14600,14601
28955,14055,14601,14069
28956,14069,14601,14068
28957,14591,14592,14602
28958,14591,14602,14600
28959,14591,14600,14055
28960,14600,14603,14601
28961,14600,14602,14603
28962,14604,14605,14606
28963,14604,14606,14607
28964,14604,14607,14608
28965,14604,14608,14609
28966,14604,14609,14610
28967,14604,14610,14605
28968,14060,14074,14611
28969,14074,14612,14611
28970,14074,14073,14612
28971,14605,14611,14612
28972,14605,14612,14606
28973,14605,14613,14611
28974,14605,14610,14613
28975,14596,14611,14613
28976,14596,14613,14597
28977,14596,14060,14611
28978,14068,14614,14077
28979,14068,14601,14614
28980,14615,14616,14617
28981,14077,14615,14617
28982,14077,14617,14079
28983,14077,14614,14615
28984,14614,14601,14615
28985,14601,14618,14615
28986,14601,14603,14618
28987,14615,14618,14616
28988,14616,14619,14617
28989,14616,14618,14619
28990,14620,14621,14622
28991,14620,14622,14623
28992,14620,14623,14624
28993,14620,14624,14625
28994,14620,14625,14626
28995,14620,14626,14621
28996,14084,14627,14628
28997,14084,14628,14085
28998,14084,14629,14627
28999,14084,14083,14629
29000,14621,14627,14629
29001,14621,14629,14622
29002,14621,14630,14627
29003,14621,14626,14630
29004,14607,14627,14630
29005,14607,14630,14608
29006,14607,14628,14627
29007,14607,14606,14628
29008,14073,14087,14631
29009,14087,14085,14631
29010,14085,14628,14631
29011,14628,14606,14631
29012,14606,14612,14631
29013,14612,14073,14631
29014,14079,14632,14089
29015,14079,14617,14632
29016,14633,14634,14635
29017,14089,14633,14635
29018,14089,14635,14091
29019,14089,14632,14633
29020,14632,14617,14633
29021,14617,14636,14633
29022,14617,14619,14636
29023,14633,14636,14634
29024,14634,14637,14635
29025,14634,14636,14637
29026,14638,14639,14640
29027,14638,14640,14641
29028,14638,14641,14642
29029,14638,14642,14643
29030,14638,14643,14644
29031,14638,14644,14639
29032,14096,14645,14646
29033,14096,14646,14097
29034,14096,14647,14645
29035,14096,14095,14647
29036,14639,14645,14647
29037,14639,14647,14640
29038,14639,14648,14645
29039,14639,14644,14648
29040,14623,14645,14648
29041,14623,14648,14624
29042,14623,14646,14645
29043,14623,14622,14646
29044,14083,14099,14649
29045,14099,14097,14649
29046,14097,14646,14649
29047,14646,14622,14649
29048,14622,14629,14649
29049,14629,14083,14649
29050,14091,14650,14101
29051,14091,14635,14650
29052,14651,14652,14653
29053,14101,14651,14653
29054,14101,14653,14103
29055,14101,14650,14651
29056,14650,14635,14651
29057,14635,14654,14651
29058,14635,14637,14654
29059,14651,14654,14652
29060,14652,14655,14653
29061,14652,14654,14655
29062,14656,14657,14658
29063,14656,14658,14659
29064,14656,14659,14660
29065,14656,14660,14661
29066,14656,14661,14662
29067,14656,14662,14657
29068,14108,14663,14664
29069,14108,14664,14109
29070,14108,14665,14663
29071,14108,14107,14665
29072,14657,14663,14665
29073,14657,14665,14658
29074,14657,14666,14663
29075,14657,14662,14666
29076,14641,14663,14666
29077,14641,14666,14642
29078,14641,14664,14663
29079,14641,14640,14664
29080,14095,14111,14667
29081,14111,14109,14667
29082,14109,14664,14667
29083,14664,14640,14667
29084,14640,14647,14667
29085,14647,14095,14667
29086,14103,14668,14113
29087,14103,14653,14668
29088,14117,14669,14670
29089,14117,14670,14118
29090,14117,14113,14669
29091,14113,14668,14669
29092,14668,14653,14669
29093,14653,14671,14669
29094,14653,14655,14671
29095,14669,14671,14670
29096,14672,14673,14674
29097,14118,14672,14674
29098,14118,14674,14119
29099,14118,14670,14672
29100,14670,14675,14672
29101,14670,14671,14675
29102,14672,14675,14676
29103,14672,14676,14673
29104,14673,14677,14674
29105,14673,14676,14677
29106,14678,14679,14680
29107,14678,14680,14681
29108,14678,14681,14682
29109,14678,14682,14683
29110,14678,14683,14684
29111,14678,14684,14679
29112,14125,14685,14686
29113,14125,14686,14126
29114,14125,14687,14685
29115,14125,14124,14687
29116,14679,14685,14687
29117,14679,14687,14680
29118,14679,14688,14685
29119,14679,14684,14688
29120,14685,14688,14689
29121,14685,14689,14686
29122,14130,14690,14691
29123,14130,14691,14131
29124,14130,14126,14690
29125,14126,14686,14690
29126,14686,14692,14690
29127,14686,14689,14692
29128,14659,14690,14692
29129,14659,14692,14660
29130,14659,14691,14690
29131,14659,14658,14691
29132,14107,14133,14693
29133,14133,14131,14693
29134,14131,14691,14693
29135,14691,14658,14693
29136,14658,14665,14693
29137,14665,14107,14693
29138,14119,14694,14137
29139,14119,14674,14694
29140,14141,14695,14696
29141,14141,14696,14142
29142,14141,14137,14695
29143,14137,14694,14695
29144,14694,14674,14695
29145,14674,14697,14695
29146,14674,14677,14697
29147,14695,14697,14696
29148,14698,14699,14700
29149,14142,14698,14700
29150,14142,14700,14143
29151,14142,14696,14698
29152,14696,14701,14698
29153,14696,14697,14701
29154,14698,14701,14702
29155,14698,14702,14699
29156,14699,14703,14700
29157,14699,14702,14703
29158,14704,14705,14706
29159,14704,14706,14707
29160,14704,14707,14708
29161,14704,14708,14709
29162,14704,14709,14710
29163,14704,14710,14705
29164,14149,14711,14712
29165,14149,14712,14150
29166,14149,14713,14711
29167,14149,14148,14713
29168,14705,14711,14713
29169,14705,14713,14706
29170,14705,14714,14711
29171,14705,14710,14714
29172,14711,14714,14715
29173,14711,14715,14712
29174,14154,14716,14717
29175,14154,14717,14155
29176,14154,14150,14716
29177,14150,14712,14716
29178,14712,14718,14716
29179,14712,14715,14718
29180,14681,14716,14718
29181,14681,14718,14682
29182,14681,14717,14716
29183,14681,14680,14717
29184,14124,14158,14719
29185,14158,14155,14719
29186,14155,14717,14719
29187,14717,14680,14719
29188,14680,14687,14719
29189,14687,14124,14719
29190,14143,14720,14163
29191,14143,14700,14720
29192,14167,14721,14722
29193,14167,14722,14168
29194,14167,14163,14721
29195,14163,14720,14721
29196,14720,14700,14721
29197,14700,14723,14721
29198,14700,14703,14723
29199,14721,14723,14722
29200,14724,14725,14726
29201,14168,14724,14726
29202,14168,14726,14169
29203,14168,14722,14724
29204,14722,14727,14724
29205,14722,14723,14727
29206,14724,14727,14728
29207,14724,14728,14725
29208,14729,14730,14731
29209,14729,14731,14732
29210,14725,14729,14732
29211,14725,14732,14726
29212,14725,14733,14729
29213,14725,14728,14733
29214,14729,14733,14734
29215,14729,14734,14730
29216,14730,14735,14731
29217,14730,14734,14735
29218,14736,14737,14738
29219,14736,14738,14739
29220,14736,14739,14740
29221,14736,14740,14741
29222,14736,14741,14742
29223,14736,14742,14737
29224,14743,14744,14745
29225,14743,14745,14746
29226,14737,14743,14746
29227,14737,14746,14738
29228,14737,14747,14743
29229,14737,14742,14747
29230,14743,14747,14748
29231,14743,14748,14744
29232,14175,14749,14750
29233,14175,14750,14176
29234,14175,14751,14749
29235,14175,14174,14751
29236,14744,14749,14751
29237,14744,14751,14745
29238,14744,14752,14749
29239,14744,14748,14752
29240,14749,14752,14753
29241,14749,14753,14750
29242,14180,14754,14755
29243,14180,14755,14181
29244,14180,14176,14754
29245,14176,14750,14754
29246,14750,14756,14754
29247,14750,14753,14756
29248,14707,14754,14756
29249,14707,14756,14708
29250,14707,14755,14754
29251,14707,14706,14755
29252,14148,14184,14757
29253,14184,14181,14757
29254,14181,14755,14757
29255,14755,14706,14757
29256,14706,14713,14757
29257,14713,14148,14757
29258,14169,14758,14189
29259,14169,14726,14758
29260,14192,14759,14760
29261,14192,14760,14193
29262,14192,14189,14759
29263,14189,14758,14759
29264,14758,14726,14759
29265,14726,14732,14759
29266,14732,14760,14759
29267,14732,14731,14760
29268,14196,14761,14762
29269,14196,14762,14197
29270,14196,14193,14761
29271,14193,14760,14761
29272,14760,14731,14761
29273,14731,14763,14761
29274,14731,14735,14763
29275,14761,14763,14762
29276,14201,14764,14765
29277,14201,14765,14202
29278,14201,14197,14764
29279,14197,14762,14764
29280,14762,14766,14764
29281,14762,14763,14766
29282,14764,14766,14767
29283,14764,14767,14765
29284,14207,14768,14769
29285,14207,14769,14208
29286,14207,14202,14768
29287,14202,14765,14768
29288,14765,14770,14768
29289,14765,14767,14770
29290,14768,14770,14771
29291,14768,14771,14769
29292,14213,14772,14773
29293,14213,14773,14214
29294,14213,14208,14772
29295,14208,14769,14772
29296,14769,14774,14772
29297,14769,14771,14774
29298,14772,14774,14775
29299,14772,14775,14773
29300,14219,14776,14777
29301,14219,14777,14220
29302,14219,14214,14776
29303,14214,14773,14776
29304,14773,14778,14776
29305,14773,14775,14778
29306,14776,14778,14779
29307,14776,14779,14777
29308,14225,14780,14781
29309,14225,14781,14226
29310,14225,14220,14780
29311,14220,14777,14780
29312,14777,14782,14780
29313,14777,14779,14782
29314,14780,14782,14783
29315,14780,14783,14781
29316,14230,14784,14785
29317,14230,14785,14231
29318,14230,14226,14784
29319,14226,14781,14784
29320,14781,14786,14784
29321,14781,14783,14786
29322,14784,14786,14787
29323,14784,14787,14785
29324,14234,14788,14789
29325,14234,14789,14235
29326,14234,14231,14788
29327,14231,14785,14788
29328,14785,14790,14788
29329,14785,14787,14790
29330,14739,14788,14790
29331,14739,14790,14740
29332,14739,14789,14788
29333,14739,14738,14789
29334,14238,14791,14792
29335,14238,14792,14239
29336,14238,14235,14791
29337,14235,14789,14791
29338,14789,14738,14791
29339,14738,14746,14791
29340,14746,14792,14791
29341,14746,14745,14792
29342,14174,14242,14793
29343,14242,14239,14793
29344,14239,14792,14793
29345,14792,14745,14793
29346,14745,14751,14793
29347,14751,14174,14793
29348,14260,14261,14794
29349,14260,14794,14259
29350,14264,14265,14795
29351,14264,14795,14796
29352,14264,14796,14261
29353,14261,14796,14794
29354,14268,14269,14797
29355,14268,14797,14798
29356,14268,14798,14265
29357,14265,14798,14795
29358,14272,14273,14799
29359,14272,14799,14800
29360,14272,14800,14269
29361,14269,14800,14797
29362,14276,14277,14801
29363,14276,14801,14802
29364,14276,14802,14273
29365,14273,14802,14799
29366,14280,14281,14803
29367,14280,14803,14804
29368,14280,14804,14277
29369,14277,14804,14801
29370,14284,14285,14805
29371,14284,14805,14806
29372,14284,14806,14281
29373,14281,14806,14803
29374,14285,14288,14807
29375,14285,14807,14805
29376,14296,14297,14808
29377,14296,14808,14295
29378,14299,14300,14810
29379,14299,14810,14809
29380,14299,14809,14297
29381,14297,14811,14808
29382,14297,14809,14811
29383,14809,14812,14811
29384,14809,14813,14812
29385,14809,14810,14813
29386,14301,14302,14815
29387,14301,14815,14814
29388,14301,14814,14300
29389,14300,14814,14810
29390,14810,14816,14813
29391,14810,14814,14816
29392,14814,14817,14816
29393,14814,14815,14817
29394,14259,14818,14303
29395,14303,14818,14302
29396,14302,14818,14815
29397,14815,14819,14817
29398,14815,14818,14819
29399,14818,14820,14819
29400,14259,14794,14820
29401,14259,14820,14818
29402,14794,14821,14820
29403,14794,14796,14822
29404,14794,14822,14821
29405,14796,14795,14822
29406,14795,14823,14822
29407,14795,14798,14824
29408,14795,14824,14823
29409,14798,14797,14824
29410,14797,14825,14824
29411,14797,14800,14826
29412,14797,14826,14825
29413,14800,14799,14826
29414,14799,14827,14826
29415,14799,14802,14828
29416,14799,14828,14827
29417,14802,14801,14828
29418,14801,14829,14828
29419,14801,14804,14830
29420,14801,14830,14829
29421,14804,14803,14830
29422,14803,14831,14830
29423,14803,14806,14832
29424,14803,14832,14831
29425,14806,14805,14832
29426,14288,14304,14833
29427,14805,14834,14832
29428,14805,14807,14835
29429,14805,14835,14834
29430,14807,14288,14833
29431,14807,14833,14835
29432,14305,14306,14837
29433,14305,14837,14836
29434,14305,14836,14304
29435,14304,14836,14833
29436,14833,14838,14835
29437,14833,14836,14838
29438,14836,14839,14838
29439,14836,14837,14839
29440,14308,14309,14840
29441,14308,14840,14841
29442,14308,14841,14306
29443,14306,14841,14842
29444,14306,14842,14837
29445,14837,14842,14839
29446,14309,14312,14843
29447,14309,14843,14840
29448,14318,14319,14844
29449,14318,14844,14317
29450,14321,14322,14846
29451,14321,14846,14845
29452,14321,14845,14319
29453,14319,14847,14844
29454,14319,14845,14847
29455,14845,14848,14847
29456,14845,14849,14848
29457,14845,14846,14849
29458,14295,14850,14323
29459,14323,14850,14322
29460,14322,14850,14846
29461,14846,14851,14849
29462,14846,14850,14851
29463,14850,14852,14851
29464,14295,14808,14852
29465,14295,14852,14850
29466,14808,14853,14852
29467,14808,14811,14853
29468,14841,14854,14842
29469,14841,14840,14854
29470,14312,14324,14855
29471,14840,14856,14854
29472,14840,14843,14857
29473,14840,14857,14856
29474,14843,14312,14855
29475,14843,14855,14857
29476,14326,14327,14858
29477,14326,14858,14859
29478,14326,14859,14324
29479,14324,14859,14860
29480,14324,14860,14855
29481,14855,14860,14857
29482,14327,14330,14861
29483,14327,14861,14858
29484,14336,14337,14862
29485,14336,14862,14335
29486,14339,14340,14864
29487,14339,14864,14863
29488,14339,14863,14337
29489,14337,14865,14862
29490,14337,14863,14865
29491,14863,14866,14865
29492,14863,14867,14866
29493,14863,14864,14867
29494,14317,14868,14341
29495,14341,14868,14340
29496,14340,14868,14864
29497,14864,14869,14867
29498,14864,14868,14869
29499,14868,14870,14869
29500,14317,14844,14870
29501,14317,14870,14868
29502,14844,14871,14870
29503,14844,14847,14871
29504,14859,14872,14860
29505,14859,14858,14872
29506,14330,14342,14873
29507,14858,14874,14872
29508,14858,14861,14875
29509,14858,14875,14874
29510,14861,14330,14873
29511,14861,14873,14875
29512,14344,14345,14876
29513,14344,14876,14877
29514,14344,14877,14342
29515,14342,14877,14878
29516,14342,14878,14873
29517,14873,14878,14875
29518,14345,14348,14879
29519,14345,14879,14876
29520,14353,14354,14880
29521,14353,14880,14352
29522,14335,14881,14355
29523,14355,14881,14354
29524,14354,14882,14880
29525,14354,14881,14882
29526,14881,14883,14882
29527,14881,14884,14883
29528,14335,14862,14884
29529,14335,14884,14881
29530,14862,14885,14884
29531,14862,14865,14885
29532,14877,14886,14878
29533,14877,14876,14886
29534,14348,14888,14887
29535,14348,14356,14888
29536,14887,14888,14889
29537,14887,14889,14890
29538,14876,14887,14890
29539,14876,14890,14886
29540,14876,14879,14887
29541,14879,14348,14887
29542,14356,14360,14891
29543,14356,14891,14888
29544,14365,14366,14892
29545,14365,14892,14364
29546,14352,14893,14367
29547,14367,14893,14366
29548,14366,14894,14892
29549,14366,14893,14894
29550,14893,14895,14894
29551,14893,14896,14895
29552,14352,14880,14896
29553,14352,14896,14893
29554,14880,14897,14896
29555,14880,14882,14897
29556,14889,14898,14890
29557,14889,14888,14898
29558,14360,14900,14899
29559,14360,14368,14900
29560,14899,14900,14901
29561,14899,14901,14902
29562,14888,14899,14902
29563,14888,14902,14898
29564,14888,14891,14899
29565,14891,14360,14899
29566,14368,14372,14903
29567,14368,14903,14900
29568,14377,14378,14904
29569,14377,14904,14376
29570,14364,14905,14379
29571,14379,14905,14378
29572,14378,14906,14904
29573,14378,14905,14906
29574,14905,14907,14906
29575,14905,14908,14907
29576,14364,14892,14908
29577,14364,14908,14905
29578,14892,14909,14908
29579,14892,14894,14909
29580,14901,14910,14902
29581,14901,14900,14910
29582,14372,14912,14911
29583,14372,14380,14912
29584,14911,14912,14913
29585,14911,14913,14914
29586,14900,14911,14914
29587,14900,14914,14910
29588,14900,14903,14911
29589,14903,14372,14911
29590,14380,14384,14915
29591,14380,14915,14912
29592,14389,14390,14916
29593,14389,14916,14388
29594,14376,14917,14391
29595,14391,14917,14390
29596,14390,14918,14916
29597,14390,14917,14918
29598,14917,14919,14918
29599,14917,14920,14919
29600,14376,14904,14920
29601,14376,14920,14917
29602,14904,14921,14920
29603,14904,14906,14921
29604,14913,14922,14914
29605,14913,14912,14922
29606,14384,14924,14923
29607,14384,14392,14924
29608,14923,14924,14925
29609,14923,14925,14926
29610,14912,14923,14926
29611,14912,14926,14922
29612,14912,14915,14923
29613,14915,14384,14923
29614,14392,14395,14927
29615,14392,14927,14924
29616,14388,14928,14399
29617,14399,14929,14398
29618,14399,14928,14929
29619,14928,14930,14929
29620,14928,14931,14930
29621,14928,14932,14931
29622,14388,14916,14932
29623,14388,14932,14928
29624,14916,14933,14932
29625,14916,14918,14933
29626,14925,14934,14926
29627,14925,14924,14934
29628,14395,14404,14935
29629,14404,14936,14935
29630,14404,14403,14936
29631,14935,14936,14937
29632,14924,14935,14937
29633,14924,14937,14934
29634,14924,14927,14935
29635,14927,14395,14935
29636,14409,14410,14938
29637,14409,14938,14408
29638,14398,14939,14411
29639,14411,14939,14410
29640,14410,14940,14938
29641,14410,14939,14940
29642,14939,14941,14940
29643,14929,14930,14941
29644,14929,14941,14939
29645,14929,14939,14398
29646,14403,14943,14942
29647,14403,14412,14943
29648,14942,14943,14944
29649,14942,14944,14945
29650,14942,14945,14946
29651,14936,14942,14946
29652,14936,14946,14937
29653,14936,14403,14942
29654,14412,14415,14947
29655,14412,14947,14943
29656,14408,14948,14419
29657,14419,14949,14418
29658,14419,14948,14949
29659,14948,14950,14949
29660,14948,14951,14950
29661,14948,14952,14951
29662,14408,14938,14952
29663,14408,14952,14948
29664,14938,14953,14952
29665,14938,14940,14953
29666,14944,14954,14945
29667,14944,14943,14954
29668,14415,14424,14955
29669,14424,14956,14955
29670,14424,14423,14956
29671,14955,14956,14957
29672,14943,14955,14957
29673,14943,14957,14954
29674,14943,14947,14955
29675,14947,14415,14955
29676,14429,14430,14958
29677,14429,14958,14428
29678,14418,14959,14431
29679,14431,14959,14430
29680,14430,14960,14958
29681,14430,14959,14960
29682,14959,14961,14960
29683,14949,14950,14961
29684,14949,14961,14959
29685,14949,14959,14418
29686,14423,14963,14962
29687,14423,14432,14963
29688,14962,14963,14964
29689,14962,14964,14965
29690,14962,14965,14966
29691,14956,14962,14966
29692,14956,14966,14957
29693,14956,14423,14962
29694,14432,14435,14967
29695,14432,14967,14963
29696,14428,14968,14439
29697,14439,14969,14438
29698,14439,14968,14969
29699,14968,14970,14969
29700,14968,14971,14970
29701,14968,14972,14971
29702,14428,14958,14972
29703,14428,14972,14968
29704,14958,14973,14972
29705,14958,14960,14973
29706,14964,14974,14965
29707,14964,14963,14974
29708,14435,14444,14975
29709,14444,14976,14975
29710,14444,14443,14976
29711,14975,14976,14977
29712,14963,14975,14977
29713,14963,14977,14974
29714,14963,14967,14975
29715,14967,14435,14975
29716,14438,14978,14449
29717,14449,14979,14448
29718,14449,14978,14979
29719,14978,14980,14979
29720,14978,14981,14980
29721,14969,14970,14981
29722,14969,14981,14978
29723,14969,14978,14438
29724,14443,14455,14982
29725,14455,14983,14982
29726,14455,14454,14983
29727,14982,14983,14984
29728,14982,14984,14985
29729,14976,14982,14985
29730,14976,14985,14977
29731,14976,14443,14982
29732,14461,14462,14986
29733,14461,14986,14460
29734,14448,14987,14463
29735,14463,14987,14462
29736,14462,14988,14986
29737,14462,14987,14988
29738,14987,14989,14988
29739,14979,14980,14989
29740,14979,14989,14987
29741,14979,14987,14448
29742,14454,14991,14990
29743,14454,14464,14991
29744,14990,14991,14992
29745,14990,14992,14993
29746,14990,14993,14994
29747,14983,14990,14994
29748,14983,14994,14984
29749,14983,14454,14990
29750,14464,14467,14995
29751,14464,14995,14991
29752,14460,14996,14997
29753,14460,14997,14471
29754,14471,14997,14470
29755,14460,14986,14996
29756,14996,14998,14997
29757,14996,14986,14999
29758,14996,14999,14998
29759,14986,14988,14999
29760,15000,15001,15002
29761,15000,15002,15003
29762,15000,15003,15004
29763,15000,15004,15005
29764,14992,15000,15005
29765,14992,15005,14993
29766,14992,15001,15000
29767,14992,14991,15001
29768,14467,14475,15006
29769,14475,15007,15006
29770,14475,14474,15007
29771,15001,15006,15007
29772,15001,15007,15002
29773,15001,14991,15006
29774,14991,14995,15006
29775,14995,14467,15006
29776,14470,15008,15009
29777,14470,15009,14479
29778,14479,15009,14478
29779,14470,14997,15008
29780,15008,15010,15009
29781,15008,14997,15011
29782,15008,15011,15010
29783,14997,14998,15011
29784,15012,15013,15014
29785,15012,15014,15015
29786,15012,15015,15016
29787,15012,15016,15017
29788,15003,15012,15017
29789,15003,15017,15004
29790,15003,15013,15012
29791,15003,15002,15013
29792,14474,14483,15018
29793,14483,15019,15018
29794,14483,14482,15019
29795,15013,15018,15019
29796,15013,15019,15014
29797,15013,15002,15018
29798,15002,15007,15018
29799,15007,14474,15018
29800,14478,15020,15021
29801,14478,15021,14487
29802,14487,15021,14486
29803,14478,15009,15020
29804,15020,15022,15021
29805,15020,15009,15023
29806,15020,15023,15022
29807,15009,15010,15023
29808,15024,15025,15026
29809,15024,15026,15027
29810,15024,15027,15028
29811,15024,15028,15029
29812,15015,15024,15029
29813,15015,15029,15016
29814,15015,15025,15024
29815,15015,15014,15025
29816,14482,14491,15030
29817,14491,15031,15030
29818,14491,14490,15031
29819,15025,15030,15031
29820,15025,15031,15026
29821,15025,15014,15030
29822,15014,15019,15030
29823,15019,14482,15030
29824,14486,15032,15033
29825,14486,15033,14495
29826,14495,15033,14494
29827,14486,15021,15032
29828,15032,15034,15033
29829,15032,15021,15035
29830,15032,15035,15034
29831,15021,15022,15035
29832,15036,15037,15038
29833,15036,15038,15039
29834,15036,15039,15040
29835,15036,15040,15041
29836,15027,15036,15041
29837,15027,15041,15028
29838,15027,15037,15036
29839,15027,15026,15037
29840,14490,14499,15042
29841,14499,15043,15042
29842,14499,14498,15043
29843,15037,15042,15043
29844,15037,15043,15038
29845,15037,15026,15042
29846,15026,15031,15042
29847,15031,14490,15042
29848,14494,15044,15045
29849,14494,15045,14503
29850,14503,15045,14502
29851,14494,15033,15044
29852,15044,15046,15045
29853,15044,15033,15047
29854,15044,15047,15046
29855,15033,15034,15047
29856,15048,15049,15050
29857,15048,15050,15051
29858,15048,15051,15052
29859,15048,15052,15053
29860,15039,15048,15053
29861,15039,15053,15040
29862,15039,15049,15048
29863,15039,15038,15049
29864,14498,14507,15054
29865,14507,15055,15054
29866,14507,14506,15055
29867,15049,15054,15055
29868,15049,15055,15050
29869,15049,15038,15054
29870,15038,15043,15054
29871,15043,14498,15054
29872,14502,15056,15057
29873,14502,15057,14511
29874,14511,15057,14510
29875,14502,15045,15056
29876,15056,15058,15057
29877,15056,15045,15059
29878,15056,15059,15058
29879,15045,15046,15059
29880,15060,15061,15062
29881,15060,15062,15063
29882,15060,15063,15064
29883,15060,15064,15065
29884,15051,15060,15065
29885,15051,15065,15052
29886,15051,15061,15060
29887,15051,15050,15061
29888,14506,14515,15066
29889,14515,15067,15066
29890,14515,14514,15067
29891,15061,15066,15067
29892,15061,15067,15062
29893,15061,15050,15066
29894,15050,15055,15066
29895,15055,14506,15066
29896,14510,15068,14518
29897,14510,15057,15068
29898,14518,15069,14519
29899,14518,15068,15070
29900,14518,15070,15069
29901,15068,15057,15071
29902,15068,15071,15070
29903,15057,15058,15071
29904,14525,15072,15073
29905,14525,15073,14526
29906,14525,15074,15072
29907,14525,14524,15074
29908,15072,15074,15075
29909,15072,15075,15076
29910,15063,15072,15076
29911,15063,15076,15064
29912,15063,15073,15072
29913,15063,15062,15073
29914,14514,14529,15077
29915,14529,14526,15077
29916,14526,15073,15077
29917,15073,15062,15077
29918,15062,15067,15077
29919,15067,14514,15077
29920,14519,15078,14533
29921,14533,15079,14532
29922,14533,15078,15079
29923,15078,15080,15079
29924,15078,15081,15080
29925,15069,15070,15081
29926,15069,15081,15078
29927,15069,15078,14519
29928,14524,14539,15082
29929,14539,15083,15082
29930,14539,14538,15083
29931,15082,15083,15084
29932,15082,15084,15085
29933,15074,15082,15085
29934,15074,15085,15075
29935,15074,14524,15082
29936,14532,15086,15087
29937,14532,15087,14545
29938,14545,15087,14544
29939,15079,15080,15088
29940,15079,15088,15086
29941,15079,15086,14532
29942,15086,15089,15087
29943,15086,15088,15089
29944,15090,15091,15092
29945,15090,15092,15093
29946,15090,15093,15094
29947,15090,15094,15095
29948,15090,15095,15096
29949,15090,15096,15091
29950,14538,14550,15097
29951,14550,15098,15097
29952,14550,14549,15098
29953,15091,15097,15098
29954,15091,15098,15092
29955,15091,15099,15097
29956,15091,15096,15099
29957,15083,15097,15099
29958,15083,15099,15084
29959,15083,14538,15097
29960,14544,15100,14554
29961,14544,15087,15100
29962,14554,15101,14555
29963,14554,15100,15102
29964,14554,15102,15101
29965,15100,15087,15103
29966,15100,15103,15102
29967,15087,15089,15103
29968,14561,15104,15105
29969,14561,15105,14562
29970,14561,15106,15104
29971,14561,14560,15106
29972,15104,15106,15107
29973,15104,15107,15108
29974,15093,15104,15108
29975,15093,15108,15094
29976,15093,15105,15104
29977,15093,15092,15105
29978,14549,14565,15109
29979,14565,14562,15109
29980,14562,15105,15109
29981,15105,15092,15109
29982,15092,15098,15109
29983,15098,14549,15109
29984,14555,15110,15111
29985,14555,15111,14569
29986,14569,15111,14568
29987,15101,15102,15112
29988,15101,15112,15110
29989,15101,15110,14555
29990,15110,15113,15111
29991,15110,15112,15113
29992,15114,15115,15116
29993,15114,15116,15117
29994,15114,15117,15118
29995,15114,15118,15119
29996,15114,15119,15120
29997,15114,15120,15115
29998,14560,14574,15121
29999,14574,15122,15121
30000,14574,14573,15122
30001,15115,15121,15122
30002,15115,15122,15116
30003,15115,15123,15121
30004,15115,15120,15123
30005,15106,15121,15123
30006,15106,15123,15107
30007,15106,14560,15121
30008,14568,15124,14578
30009,14568,15111,15124
30010,14578,15125,14579
30011,14578,15124,15126
30012,14578,15126,15125
30013,15124,15111,15127
30014,15124,15127,15126
30015,15111,15113,15127
30016,14585,15128,15129
30017,14585,15129,14586
30018,14585,15130,15128
30019,14585,14584,15130
30020,15128,15130,15131
30021,15128,15131,15132
30022,15117,15128,15132
30023,15117,15132,15118
30024,15117,15129,15128
30025,15117,15116,15129
30026,14573,14589,15133
30027,14589,14586,15133
30028,14586,15129,15133
30029,15129,15116,15133
30030,15116,15122,15133
30031,15122,14573,15133
30032,14579,15134,15135
30033,14579,15135,14593
30034,14593,15135,14592
30035,15125,15126,15136
30036,15125,15136,15134
30037,15125,15134,14579
30038,15134,15137,15135
30039,15134,15136,15137
30040,15138,15139,15140
30041,15138,15140,15141
30042,15138,15141,15142
30043,15138,15142,15143
30044,15138,15143,15144
30045,15138,15144,15139
30046,14584,14598,15145
30047,14598,15146,15145
30048,14598,14597,15146
30049,15139,15145,15146
30050,15139,15146,15140
30051,15139,15147,15145
30052,15139,15144,15147
30053,15130,15145,15147
30054,15130,15147,15131
30055,15130,14584,15145
30056,14592,15148,14602
30057,14592,15135,15148
30058,15149,15150,15151
30059,14602,15149,15151
30060,14602,15151,14603
30061,14602,15148,15149
30062,15148,15135,15149
30063,15135,15152,15149
30064,15135,15137,15152
30065,15149,15152,15150
30066,15150,15153,15151
30067,15150,15152,15153
30068,15154,15155,15156
30069,15154,15156,15157
30070,15154,15157,15158
30071,15154,15158,15159
30072,15154,15159,15160
30073,15154,15160,15155
30074,14609,15161,15162
30075,14609,15162,14610
30076,14609,15163,15161
30077,14609,14608,15163
30078,15155,15161,15163
30079,15155,15163,15156
30080,15155,15164,15161
30081,15155,15160,15164
30082,15141,15161,15164
30083,15141,15164,15142
30084,15141,15162,15161
30085,15141,15140,15162
30086,14597,14613,15165
30087,14613,14610,15165
30088,14610,15162,15165
30089,15162,15140,15165
30090,15140,15146,15165
30091,15146,14597,15165
30092,14603,15166,14618
30093,14603,15151,15166
30094,15167,15168,15169
30095,14618,15167,15169
30096,14618,15169,14619
30097,14618,15166,15167
30098,15166,15151,15167
30099,15151,15170,15167
30100,15151,15153,15170
30101,15167,15170,15168
30102,15168,15171,15169
30103,15168,15170,15171
30104,15172,15173,15174
30105,15172,15174,15175
30106,15172,15175,15176
30107,15172,15176,15177
30108,15172,15177,15178
30109,15172,15178,15173
30110,14625,15179,15180
30111,14625,15180,14626
30112,14625,15181,15179
30113,14625,14624,15181
30114,15173,15179,15181
30115,15173,15181,15174
30116,15173,15182,15179
30117,15173,15178,15182
30118,15157,15179,15182
30119,15157,15182,15158
30120,15157,15180,15179
30121,15157,15156,15180
30122,14608,14630,15183
30123,14630,14626,15183
30124,14626,15180,15183
30125,15180,15156,15183
30126,15156,15163,15183
30127,15163,14608,15183
30128,14619,15184,14636
30129,14619,15169,15184
30130,15185,15186,15187
30131,14636,15185,15187
30132,14636,15187,14637
30133,14636,15184,15185
30134,15184,15169,15185
30135,15169,15188,15185
30136,15169,15171,15188
30137,15185,15188,15186
30138,15186,15189,15187
30139,15186,15188,15189
30140,15190,15191,15192
30141,15190,15192,15193
30142,15190,15193,15194
30143,15190,15194,15195
30144,15190,15195,15196
30145,15190,15196,15191
30146,14643,15197,15198
30147,14643,15198,14644
30148,14643,15199,15197
30149,14643,14642,15199
30150,15191,15197,15199
30151,15191,15199,15192
30152,15191,15200,15197
30153,15191,15196,15200
30154,15175,15197,15200
30155,15175,15200,15176
30156,15175,15198,15197
30157,15175,15174,15198
30158,14624,14648,15201
30159,14648,14644,15201
30160,14644,15198,15201
30161,15198,15174,15201
30162,15174,15181,15201
30163,15181,14624,15201
30164,14637,15202,14654
30165,14637,15187,15202
30166,15203,15204,15205
30167,14654,15203,15205
30168,14654,15205,14655
30169,14654,15202,15203
30170,15202,15187,15203
30171,15187,15206,15203
30172,15187,15189,15206
30173,15203,15206,15204
30174,15204,15207,15205
30175,15204,15206,15207
30176,15208,15209,15210
30177,15208,15210,15211
30178,15208,15211,15212
30179,15208,15212,15213
30180,15208,15213,15214
30181,15208,15214,15209
30182,14661,15215,15216
30183,14661,15216,14662
30184,14661,15217,15215
30185,14661,14660,15217
30186,15209,15215,15217
30187,15209,15217,15210
30188,15209,15218,15215
30189,15209,15214,15218
30190,15193,15215,15218
30191,15193,15218,15194
30192,15193,15216,15215
30193,15193,15192,15216
30194,14642,14666,15219
30195,14666,14662,15219
30196,14662,15216,15219
30197,15216,15192,15219
30198,15192,15199,15219
30199,15199,14642,15219
30200,14655,15220,14671
30201,14655,15205,15220
30202,14675,15221,15222
30203,14675,15222,14676
30204,14675,14671,15221
30205,14671,15220,15221
30206,15220,15205,15221
30207,15205,15223,15221
30208,15205,15207,15223
30209,15221,15223,15222
30210,15224,15225,15226
30211,14676,15224,15226
30212,14676,15226,14677
30213,14676,15222,15224
30214,15222,15227,15224
30215,15222,15223,15227
30216,15224,15227,15228
30217,15224,15228,15225
30218,15225,15229,15226
30219,15225,15228,15229
30220,15230,15231,15232
30221,15230,15232,15233
30222,15230,15233,15234
30223,15230,15234,15235
30224,15230,15235,15236
30225,15230,15236,15231
30226,14683,15237,15238
30227,14683,15238,14684
30228,14683,15239,15237
30229,14683,14682,15239
30230,15231,15237,15239
30231,15231,15239,15232
30232,15231,15240,15237
30233,15231,15236,15240
30234,15237,15240,15241
30235,15237,15241,15238
30236,14688,15242,15243
30237,14688,15243,14689
30238,14688,14684,15242
30239,14684,15238,15242
30240,15238,15244,15242
30241,15238,15241,15244
30242,15211,15242,15244
30243,15211,15244,15212
30244,15211,15243,15242
30245,15211,15210,15243
30246,14660,14692,15245
30247,14692,14689,15245
30248,14689,15243,15245
30249,15243,15210,15245
30250,15210,15217,15245
30251,15217,14660,15245
30252,14677,15246,14697
30253,14677,15226,15246
30254,14701,15247,15248
30255,14701,15248,14702
30256,14701,14697,15247
30257,14697,15246,15247
30258,15246,15226,15247
30259,15226,15249,15247
30260,15226,15229,15249
30261,15247,15249,15248
30262,15250,15251,15252
30263,14702,15250,15252
30264,14702,15252,14703
30265,14702,15248,15250
30266,15248,15253,15250
30267,15248,15249,15253
30268,15250,15253,15254
30269,15250,15254,15251
30270,15251,15255,15252
30271,15251,15254,15255
30272,15256,15257,15258
30273,15256,15258,15259
30274,15256,15259,15260
30275,15256,15260,15261
30276,15256,15261,15262
30277,15256,15262,15257
30278,14709,15263,15264
30279,14709,15264,14710
30280,14709,15265,15263
30281,14709,14708,15265
30282,15257,15263,15265
30283,15257,15265,15258
30284,15257,15266,15263
30285,15257,15262,15266
30286,15263,15266,15267
30287,15263,15267,15264
30288,14714,15268,15269
30289,14714,15269,14715
30290,14714,14710,15268
30291,14710,15264,15268
30292,15264,15270,15268
30293,15264,15267,15270
30294,15233,15268,15270
30295,15233,15270,15234
30296,15233,15269,15268
30297,15233,15232,15269
30298,14682,14718,15271
30299,14718,14715,15271
30300,14715,15269,15271
30301,15269,15232,15271
30302,15232,15239,15271
30303,15239,14682,15271
30304,14703,15272,14723
30305,14703,15252,15272
30306,14727,15273,15274
30307,14727,15274,14728
30308,14727,14723,15273
30309,14723,15272,15273
30310,15272,15252,15273
30311,15252,15275,15273
30312,15252,15255,15275
30313,15273,15275,15274
30314,14733,15276,15277
30315,14733,15277,14734
30316,14733,14728,15276
30317,14728,15274,15276
30318,15274,15278,15276
30319,15274,15275,15278
30320,15276,15278,15279
30321,15276,15279,15277
30322,15280,15281,15282
30323,14734,15280,15282
30324,14734,15282,14735
30325,14734,15277,15280
30326,15277,15283,15280
30327,15277,15279,15283
30328,15280,15283,15284
30329,15280,15284,15281
30330,15285,15286,15287
30331,15285,15287,15288
30332,15281,15285,15288
30333,15281,15288,15282
30334,15281,15289,15285
30335,15281,15284,15289
30336,15285,15289,15290
30337,15285,15290,15286
30338,15291,15292,15293
30339,15291,15293,15294
30340,15286,15291,15294
30341,15286,15294,15287
30342,15286,15295,15291
30343,15286,15290,15295
30344,15291,15295,15296
30345,15291,15296,15292
30346,15297,15298,15299
30347,15297,15299,15300
30348,15292,15297,15300
30349,15292,15300,15293
30350,15292,15301,15297
30351,15292,15296,15301
30352,15297,15301,15302
30353,15297,15302,15298
30354,15303,15304,15305
30355,15303,15305,15306
30356,15298,15303,15306
30357,15298,15306,15299
30358,15298,15307,15303
30359,15298,15302,15307
30360,15303,15307,15308
30361,15303,15308,15304
30362,15309,15310,15311
30363,15309,15311,15312
30364,15304,15309,15312
30365,15304,15312,15305
30366,15304,15313,15309
30367,15304,15308,15313
30368,15309,15313,15314
30369,15309,15314,15310
30370,15315,15316,15317
30371,15315,15317,15318
30372,15310,15315,15318
30373,15310,15318,15311
30374,15310,15319,15315
30375,15310,15314,15319
30376,15315,15319,15320
30377,15315,15320,15316
30378,14741,15321,15322
30379,14741,15322,14742
30380,14741,15323,15321
30381,14741,14740,15323
30382,15316,15321,15323
30383,15316,15323,15317
30384,15316,15324,15321
30385,15316,15320,15324
30386,15321,15324,15325
30387,15321,15325,15322
30388,14747,15326,15327
30389,14747,15327,14748
30390,14747,14742,15326
30391,14742,15322,15326
30392,15322,15328,15326
30393,15322,15325,15328
30394,15326,15328,15329
30395,15326,15329,15327
30396,14752,15330,15331
30397,14752,15331,14753
30398,14752,14748,15330
30399,14748,15327,15330
30400,15327,15332,15330
30401,15327,15329,15332
30402,15259,15330,15332
30403,15259,15332,15260
30404,15259,15331,15330
30405,15259,15258,15331
30406,14708,14756,15333
30407,14756,14753,15333
30408,14753,15331,15333
30409,15331,15258,15333
30410,15258,15265,15333
30411,15265,14708,15333
30412,14735,15334,14763
30413,14735,15282,15334
30414,14766,15335,15336
30415,14766,15336,14767
30416,14766,14763,15335
30417,14763,15334,15335
30418,15334,15282,15335
30419,15282,15288,15335
30420,15288,15336,15335
30421,15288,15287,15336
30422,14770,15337,15338
30423,14770,15338,14771
30424,14770,14767,15337
30425,14767,15336,15337
30426,15336,15287,15337
30427,15287,15294,15337
30428,15294,15338,15337
30429,15294,15293,15338
30430,14774,15339,15340
30431,14774,15340,14775
30432,14774,14771,15339
30433,14771,15338,15339
30434,15338,15293,15339
30435,15293,15300,15339
30436,15300,15340,15339
30437,15300,15299,15340
30438,14778,15341,15342
30439,14778,15342,14779
30440,14778,14775,15341
30441,14775,15340,15341
30442,15340,15299,15341
30443,15299,15306,15341
30444,15306,15342,15341
30445,15306,15305,15342
30446,14782,15343,15344
30447,14782,15344,14783
30448,14782,14779,15343
30449,14779,15342,15343
30450,15342,15305,15343
30451,15305,15312,15343
30452,15312,15344,15343
30453,15312,15311,15344
30454,14786,15345,15346
30455,14786,15346,14787
30456,14786,14783,15345
30457,14783,15344,15345
30458,15344,15311,15345
30459,15311,15318,15345
30460,15318,15346,15345
30461,15318,15317,15346
30462,14740,14790,15347
30463,14790,14787,15347
30464,14787,15346,15347
30465,15346,15317,15347
30466,15317,15323,15347
30467,15323,14740,15347
30468,14812,14813,15348
30469,14812,15348,14811
30470,14816,14817,15349
30471,14816,15349,15350
30472,14816,15350,14813
30473,14813,15350,15348
30474,14819,14820,15352
30475,14819,15352,15351
30476,14819,15351,14817
30477,14817,15353,15349
30478,14817,15351,15353
30479,15351,15354,15353
30480,15351,15355,15354
30481,15351,15352,15355
30482,14821,14822,15357
30483,14821,15357,15356
30484,14821,15356,14820
30485,14820,15356,15352
30486,15352,15358,15355
30487,15352,15356,15358
30488,15356,15359,15358
30489,15356,15357,15359
30490,14823,14824,15361
30491,14823,15361,15360
30492,14823,15360,14822
30493,14822,15360,15357
30494,15357,15362,15359
30495,15357,15360,15362
30496,15360,15363,15362
30497,15360,15361,15363
30498,14825,14826,15365
30499,14825,15365,15364
30500,14825,15364,14824
30501,14824,15364,15361
30502,15361,15366,15363
30503,15361,15364,15366
30504,15364,15367,15366
30505,15364,15365,15367
30506,14827,14828,15369
30507,14827,15369,15368
30508,14827,15368,14826
30509,14826,15368,15365
30510,15365,15370,15367
30511,15365,15368,15370
30512,15368,15371,15370
30513,15368,15369,15371
30514,14829,14830,15373
30515,14829,15373,15372
30516,14829,15372,14828
30517,14828,15372,15369
30518,15369,15374,15371
30519,15369,15372,15374
30520,15372,15375,15374
30521,15372,15373,15375
30522,14831,14832,15377
30523,14831,15377,15376
30524,14831,15376,14830
30525,14830,15376,15373
30526,15373,15378,15375
30527,15373,15376,15378
30528,15376,15379,15378
30529,15376,15377,15379
30530,14834,14835,15380
30531,14834,15380,15381
30532,14834,15381,14832
30533,14832,15381,15382
30534,14832,15382,15377
30535,15377,15382,15379
30536,14838,14839,15383
30537,14838,15383,15384
30538,14838,15384,14835
30539,14835,15384,15380
30540,14839,14842,15385
30541,14839,15385,15383
30542,14848,14849,15386
30543,14848,15386,14847
30544,14851,14852,15388
30545,14851,15388,15387
30546,14851,15387,14849
30547,14849,15389,15386
30548,14849,15387,15389
30549,15387,15390,15389
30550,15387,15391,15390
30551,15387,15388,15391
30552,14811,15392,14853
30553,14853,15392,14852
30554,14852,15392,15388
30555,15388,15393,15391
30556,15388,15392,15393
30557,15392,15394,15393
30558,14811,15348,15394
30559,14811,15394,15392
30560,15348,15395,15394
30561,15348,15350,15396
30562,15348,15396,15395
30563,15350,15349,15396
30564,15349,15397,15396
30565,15349,15353,15397
30566,15381,15398,15382
30567,15381,15380,15398
30568,15380,15399,15398
30569,15380,15384,15400
30570,15380,15400,15399
30571,15384,15383,15400
30572,14842,14854,15401
30573,15383,15402,15400
30574,15383,15385,15403
30575,15383,15403,15402
30576,15385,14842,15401
30577,15385,15401,15403
30578,14856,14857,15404
30579,14856,15404,15405
30580,14856,15405,14854
30581,14854,15405,15406
30582,14854,15406,15401
30583,15401,15406,15403
30584,14857,14860,15407
30585,14857,15407,15404
30586,14866,14867,15408
30587,14866,15408,14865
30588,14869,14870,15410
30589,14869,15410,15409
30590,14869,15409,14867
30591,14867,15411,15408
30592,14867,15409,15411
30593,15409,15412,15411
30594,15409,15413,15412
30595,15409,15410,15413
30596,14847,15414,14871
30597,14871,15414,14870
30598,14870,15414,15410
30599,15410,15415,15413
30600,15410,15414,15415
30601,15414,15416,15415
30602,14847,15386,15416
30603,14847,15416,15414
30604,15386,15417,15416
30605,15386,15389,15417
30606,15405,15418,15406
30607,15405,15404,15418
30608,14860,14872,15419
30609,15404,15420,15418
30610,15404,15407,15421
30611,15404,15421,15420
30612,15407,14860,15419
30613,15407,15419,15421
30614,14874,14875,15422
30615,14874,15422,15423
30616,14874,15423,14872
30617,14872,15423,15424
30618,14872,15424,15419
30619,15419,15424,15421
30620,14875,14878,15425
30621,14875,15425,15422
30622,14883,14884,15426
30623,14883,15426,14882
30624,14865,15427,14885
30625,14885,15427,14884
30626,14884,15428,15426
30627,14884,15427,15428
30628,15427,15429,15428
30629,15427,15430,15429
30630,14865,15408,15430
30631,14865,15430,15427
30632,15408,15431,15430
30633,15408,15411,15431
30634,15423,15432,15424
30635,15423,15422,15432
30636,14878,15434,15433
30637,14878,14886,15434
30638,15433,15434,15435
30639,15433,15435,15436
30640,15422,15433,15436
30641,15422,15436,15432
30642,15422,15425,15433
30643,15425,14878,15433
30644,14886,14890,15437
30645,14886,15437,15434
30646,14895,14896,15439
30647,14895,15439,15438
30648,14895,15440,14894
30649,14895,15438,15440
30650,15438,15441,15440
30651,15438,15442,15441
30652,15438,15443,15442
30653,15438,15439,15443
30654,14882,15444,14897
30655,14897,15444,14896
30656,14896,15444,15439
30657,15439,15445,15443
30658,15439,15444,15445
30659,15444,15446,15445
30660,14882,15426,15446
30661,14882,15446,15444
30662,15426,15447,15446
30663,15426,15428,15447
30664,15435,15448,15436
30665,15435,15434,15448
30666,14890,14898,15449
30667,15434,15450,15448
30668,15434,15437,15451
30669,15434,15451,15450
30670,15437,14890,15449
30671,15437,15449,15451
30672,14898,14902,15452
30673,14898,15452,15453
30674,14898,15453,15449
30675,15449,15453,15451
30676,14907,14908,15455
30677,14907,15455,15454
30678,14907,15456,14906
30679,14907,15454,15456
30680,15454,15457,15456
30681,15454,15458,15457
30682,15454,15459,15458
30683,15454,15455,15459
30684,14894,15460,14909
30685,14909,15460,14908
30686,14908,15460,15455
30687,15455,15461,15459
30688,15455,15460,15461
30689,15440,15441,15461
30690,15440,15461,15460
30691,15440,15460,14894
30692,14902,14910,15462
30693,15452,15463,15453
30694,15452,14902,15462
30695,15452,15462,15463
30696,14910,14914,15464
30697,14910,15464,15465
30698,14910,15465,15462
30699,15462,15465,15463
30700,14919,14920,15466
30701,14919,15466,14918
30702,14906,15467,14921
30703,14921,15467,14920
30704,14920,15468,15466
30705,14920,15467,15468
30706,15467,15469,15468
30707,15456,15457,15469
30708,15456,15469,15467
30709,15456,15467,14906
30710,14914,15471,15470
30711,14914,14922,15471
30712,15470,15471,15472
30713,15470,15472,15473
30714,15470,15473,15474
30715,15464,15470,15474
30716,15464,15474,15465
30717,15464,14914,15470
30718,14922,14926,15475
30719,14922,15475,15471
30720,14931,14932,15476
30721,14931,15476,14930
30722,14918,15477,14933
30723,14933,15477,14932
30724,14932,15478,15476
30725,14932,15477,15478
30726,15477,15479,15478
30727,15477,15480,15479
30728,14918,15466,15480
30729,14918,15480,15477
30730,15466,15481,15480
30731,15466,15468,15481
30732,15472,15482,15473
30733,15472,15471,15482
30734,14926,15484,15483
30735,14926,14934,15484
30736,15483,15484,15485
30737,15483,15485,15486
30738,15471,15483,15486
30739,15471,15486,15482
30740,15471,15475,15483
30741,15475,14926,15483
30742,14934,14937,15487
30743,14934,15487,15484
30744,14930,15488,14941
30745,14941,15489,14940
30746,14941,15488,15489
30747,15488,15490,15489
30748,15488,15491,15490
30749,15488,15492,15491
30750,14930,15476,15492
30751,14930,15492,15488
30752,15476,15493,15492
30753,15476,15478,15493
30754,15485,15494,15486
30755,15485,15484,15494
30756,14937,14946,15495
30757,14946,15496,15495
30758,14946,14945,15496
30759,15495,15496,15497
30760,15484,15495,15497
30761,15484,15497,15494
30762,15484,15487,15495
30763,15487,14937,15495
30764,14951,14952,15498
30765,14951,15498,14950
30766,14940,15499,14953
30767,14953,15499,14952
30768,14952,15500,15498
30769,14952,15499,15500
30770,15499,15501,15500
30771,15489,15490,15501
30772,15489,15501,15499
30773,15489,15499,14940
30774,14945,15503,15502
30775,14945,14954,15503
30776,15502,15503,15504
30777,15502,15504,15505
30778,15502,15505,15506
30779,15496,15502,15506
30780,15496,15506,15497
30781,15496,14945,15502
30782,14954,14957,15507
30783,14954,15507,15503
30784,14950,15508,14961
30785,14961,15509,14960
30786,14961,15508,15509
30787,15508,15510,15509
30788,15508,15511,15510
30789,15508,15512,15511
30790,14950,15498,15512
30791,14950,15512,15508
30792,15498,15513,15512
30793,15498,15500,15513
30794,15504,15514,15505
30795,15504,15503,15514
30796,14957,14966,15515
30797,14966,15516,15515
30798,14966,14965,15516
30799,15515,15516,15517
30800,15503,15515,15517
30801,15503,15517,15514
30802,15503,15507,15515
30803,15507,14957,15515
30804,14971,14972,15518
30805,14971,15518,14970
30806,14960,15519,14973
30807,14973,15519,14972
30808,14972,15520,15518
30809,14972,15519,15520
30810,15519,15521,15520
30811,15509,15510,15521
30812,15509,15521,15519
30813,15509,15519,14960
30814,14965,15523,15522
30815,14965,14974,15523
30816,15522,15523,15524
30817,15522,15524,15525
30818,15522,15525,15526
30819,15516,15522,15526
30820,15516,15526,15517
30821,15516,14965,15522
30822,14974,14977,15527
30823,14974,15527,15523
30824,14970,15528,15529
30825,14970,15529,14981
30826,14981,15529,14980
30827,14970,15518,15528
30828,15528,15530,15529
30829,15528,15518,15531
30830,15528,15531,15530
30831,15518,15520,15531
30832,15532,15533,15534
30833,15532,15534,15535
30834,15532,15535,15536
30835,15532,15536,15537
30836,15524,15532,15537
30837,15524,15537,15525
30838,15524,15533,15532
30839,15524,15523,15533
30840,14977,14985,15538
30841,14985,15539,15538
30842,14985,14984,15539
30843,15533,15538,15539
30844,15533,15539,15534
30845,15533,15523,15538
30846,15523,15527,15538
30847,15527,14977,15538
30848,14980,15540,14989
30849,14989,15541,14988
30850,14989,15540,15541
30851,15540,15542,15541
30852,15540,15543,15542
30853,15540,15544,15543
30854,14980,15529,15544
30855,14980,15544,15540
30856,15529,15545,15544
30857,15529,15530,15545
30858,15535,15546,15536
30859,15535,15534,15546
30860,14984,14994,15547
30861,14994,15548,15547
30862,14994,14993,15548
30863,15547,15548,15549
30864,15534,15547,15549
30865,15534,15549,15546
30866,15534,15539,15547
30867,15539,14984,15547
30868,14988,15550,14999
30869,14999,15551,14998
30870,14999,15550,15551
30871,15550,15552,15551
30872,15550,15553,15552
30873,15541,15542,15553
30874,15541,15553,15550
30875,15541,15550,14988
30876,14993,15005,15554
30877,15005,15555,15554
30878,15005,15004,15555
30879,15554,15555,15556
30880,15554,15556,15557
30881,15548,15554,15557
30882,15548,15557,15549
30883,15548,14993,15554
30884,14998,15558,15011
30885,15011,15559,15010
30886,15011,15558,15559
30887,15558,15560,15559
30888,15558,15561,15560
30889,15551,15552,15561
30890,15551,15561,15558
30891,15551,15558,14998
30892,15004,15017,15562
30893,15017,15563,15562
30894,15017,15016,15563
30895,15562,15563,15564
30896,15562,15564,15565
30897,15555,15562,15565
30898,15555,15565,15556
30899,15555,15004,15562
30900,15010,15566,15023
30901,15023,15567,15022
30902,15023,15566,15567
30903,15566,15568,15567
30904,15566,15569,15568
30905,15559,15560,15569
30906,15559,15569,15566
30907,15559,15566,15010
30908,15016,15029,15570
30909,15029,15571,15570
30910,15029,15028,15571
30911,15570,15571,15572
30912,15570,15572,15573
30913,15563,15570,15573
30914,15563,15573,15564
30915,15563,15016,15570
30916,15022,15574,15035
30917,15035,15575,15034
30918,15035,15574,15575
30919,15574,15576,15575
30920,15574,15577,15576
30921,15567,15568,15577
30922,15567,15577,15574
30923,15567,15574,15022
30924,15028,15041,15578
30925,15041,15579,15578
30926,15041,15040,15579
30927,15578,15579,15580
30928,15578,15580,15581
30929,15571,15578,15581
30930,15571,15581,15572
30931,15571,15028,15578
30932,15034,15582,15047
30933,15047,15583,15046
30934,15047,15582,15583
30935,15582,15584,15583
30936,15582,15585,15584
30937,15575,15576,15585
30938,15575,15585,15582
30939,15575,15582,15034
30940,15040,15053,15586
30941,15053,15587,15586
30942,15053,15052,15587
30943,15586,15587,15588
30944,15586,15588,15589
30945,15579,15586,15589
30946,15579,15589,15580
30947,15579,15040,15586
30948,15046,15590,15059
30949,15059,15591,15058
30950,15059,15590,15591
30951,15590,15592,15591
30952,15590,15593,15592
30953,15583,15584,15593
30954,15583,15593,15590
30955,15583,15590,15046
30956,15052,15065,15594
30957,15065,15595,15594
30958,15065,15064,15595
30959,15594,15595,15596
30960,15594,15596,15597
30961,15587,15594,15597
30962,15587,15597,15588
30963,15587,15052,15594
30964,15058,15598,15599
30965,15058,15599,15071
30966,15071,15599,15070
30967,15591,15592,15600
30968,15591,15600,15598
30969,15591,15598,15058
30970,15598,15601,15599
30971,15598,15600,15601
30972,15602,15603,15604
30973,15602,15604,15605
30974,15602,15605,15606
30975,15602,15606,15607
30976,15602,15607,15608
30977,15602,15608,15603
30978,15064,15076,15609
30979,15076,15610,15609
30980,15076,15075,15610
30981,15603,15609,15610
30982,15603,15610,15604
30983,15603,15611,15609
30984,15603,15608,15611
30985,15595,15609,15611
30986,15595,15611,15596
30987,15595,15064,15609
30988,15070,15612,15613
30989,15070,15613,15081
30990,15081,15613,15080
30991,15070,15599,15612
30992,15612,15614,15613
30993,15612,15599,15615
30994,15612,15615,15614
30995,15599,15601,15615
30996,15616,15617,15618
30997,15616,15618,15619
30998,15616,15619,15620
30999,15616,15620,15621
31000,15605,15616,15621
31001,15605,15621,15606
31002,15605,15617,15616
31003,15605,15604,15617
31004,15075,15085,15622
31005,15085,15623,15622
31006,15085,15084,15623
31007,15617,15622,15623
31008,15617,15623,15618
31009,15617,15604,15622
31010,15604,15610,15622
31011,15610,15075,15622
31012,15080,15624,15088
31013,15080,15613,15624
31014,15088,15625,15089
31015,15088,15624,15626
31016,15088,15626,15625
31017,15624,15613,15627
31018,15624,15627,15626
31019,15613,15614,15627
31020,15095,15628,15629
31021,15095,15629,15096
31022,15095,15630,15628
31023,15095,15094,15630
31024,15628,15630,15631
31025,15628,15631,15632
31026,15619,15628,15632
31027,15619,15632,15620
31028,15619,15629,15628
31029,15619,15618,15629
31030,15084,15099,15633
31031,15099,15096,15633
31032,15096,15629,15633
31033,15629,15618,15633
31034,15618,15623,15633
31035,15623,15084,15633
31036,15089,15634,15635
31037,15089,15635,15103
31038,15103,15635,15102
31039,15625,15626,15636
31040,15625,15636,15634
31041,15625,15634,15089
31042,15634,15637,15635
31043,15634,15636,15637
31044,15638,15639,15640
31045,15638,15640,15641
31046,15638,15641,15642
31047,15638,15642,15643
31048,15638,15643,15644
31049,15638,15644,15639
31050,15094,15108,15645
31051,15108,15646,15645
31052,15108,15107,15646
31053,15639,15645,15646
31054,15639,15646,15640
31055,15639,15647,15645
31056,15639,15644,15647
31057,15630,15645,15647
31058,15630,15647,15631
31059,15630,15094,15645
31060,15102,15648,15112
31061,15102,15635,15648
31062,15112,15649,15113
31063,15112,15648,15650
31064,15112,15650,15649
31065,15648,15635,15651
31066,15648,15651,15650
31067,15635,15637,15651
31068,15119,15652,15653
31069,15119,15653,15120
31070,15119,15654,15652
31071,15119,15118,15654
31072,15652,15654,15655
31073,15652,15655,15656
31074,15641,15652,15656
31075,15641,15656,15642
31076,15641,15653,15652
31077,15641,15640,15653
31078,15107,15123,15657
31079,15123,15120,15657
31080,15120,15653,15657
31081,15653,15640,15657
31082,15640,15646,15657
31083,15646,15107,15657
31084,15113,15658,15659
31085,15113,15659,15127
31086,15127,15659,15126
31087,15649,15650,15660
31088,15649,15660,15658
31089,15649,15658,15113
31090,15658,15661,15659
31091,15658,15660,15661
31092,15662,15663,15664
31093,15662,15664,15665
31094,15662,15665,15666
31095,15662,15666,15667
31096,15662,15667,15668
31097,15662,15668,15663
31098,15118,15132,15669
31099,15132,15670,15669
31100,15132,15131,15670
31101,15663,15669,15670
31102,15663,15670,15664
31103,15663,15671,15669
31104,15663,15668,15671
31105,15654,15669,15671
31106,15654,15671,15655
31107,15654,15118,15669
31108,15126,15672,15136
31109,15126,15659,15672
31110,15673,15674,15675
31111,15136,15673,15675
31112,15136,15675,15137
31113,15136,15672,15673
31114,15672,15659,15673
31115,15659,15676,15673
31116,15659,15661,15676
31117,15673,15676,15674
31118,15674,15677,15675
31119,15674,15676,15677
31120,15678,15679,15680
31121,15678,15680,15681
31122,15678,15681,15682
31123,15678,15682,15683
31124,15678,15683,15684
31125,15678,15684,15679
31126,15143,15685,15686
31127,15143,15686,15144
31128,15143,15687,15685
31129,15143,15142,15687
31130,15679,15685,15687
31131,15679,15687,15680
31132,15679,15688,15685
31133,15679,15684,15688
31134,15665,15685,15688
31135,15665,15688,15666
31136,15665,15686,15685
31137,15665,15664,15686
31138,15131,15147,15689
31139,15147,15144,15689
31140,15144,15686,15689
31141,15686,15664,15689
31142,15664,15670,15689
31143,15670,15131,15689
31144,15137,15690,15152
31145,15137,15675,15690
31146,15152,15691,15153
31147,15152,15690,15692
31148,15152,15692,15691
31149,15690,15675,15693
31150,15690,15693,15692
31151,15675,15677,15693
31152,15159,15694,15695
31153,15159,15695,15160
31154,15159,15696,15694
31155,15159,15158,15696
31156,15694,15696,15697
31157,15694,15697,15698
31158,15681,15694,15698
31159,15681,15698,15682
31160,15681,15695,15694
31161,15681,15680,15695
31162,15142,15164,15699
31163,15164,15160,15699
31164,15160,15695,15699
31165,15695,15680,15699
31166,15680,15687,15699
31167,15687,15142,15699
31168,15153,15700,15170
31169,15691,15692,15701
31170,15691,15701,15700
31171,15691,15700,15153
31172,15170,15702,15171
31173,15170,15700,15703
31174,15170,15703,15702
31175,15700,15701,15703
31176,15177,15704,15705
31177,15177,15705,15178
31178,15177,15706,15704
31179,15177,15176,15706
31180,15704,15706,15707
31181,15704,15707,15708
31182,15704,15708,15709
31183,15704,15709,15705
31184,15158,15182,15710
31185,15182,15178,15710
31186,15178,15705,15710
31187,15705,15711,15710
31188,15705,15709,15711
31189,15696,15710,15711
31190,15696,15711,15697
31191,15696,15158,15710
31192,15171,15712,15188
31193,15702,15703,15713
31194,15702,15713,15712
31195,15702,15712,15171
31196,15714,15715,15716
31197,15188,15714,15716
31198,15188,15716,15189
31199,15188,15712,15714
31200,15712,15717,15714
31201,15712,15713,15717
31202,15714,15717,15718
31203,15714,15718,15715
31204,15715,15719,15716
31205,15715,15718,15719
31206,15720,15721,15722
31207,15720,15722,15723
31208,15720,15723,15724
31209,15720,15724,15725
31210,15720,15725,15726
31211,15720,15726,15721
31212,15195,15727,15728
31213,15195,15728,15196
31214,15195,15729,15727
31215,15195,15194,15729
31216,15721,15727,15729
31217,15721,15729,15722
31218,15721,15730,15727
31219,15721,15726,15730
31220,15727,15730,15731
31221,15727,15731,15728
31222,15176,15200,15732
31223,15200,15196,15732
31224,15196,15728,15732
31225,15728,15733,15732
31226,15728,15731,15733
31227,15706,15732,15733
31228,15706,15733,15707
31229,15706,15176,15732
31230,15189,15734,15206
31231,15189,15716,15734
31232,15735,15736,15737
31233,15206,15735,15737
31234,15206,15737,15207
31235,15206,15734,15735
31236,15734,15716,15735
31237,15716,15738,15735
31238,15716,15719,15738
31239,15735,15738,15736
31240,15736,15739,15737
31241,15736,15738,15739
31242,15740,15741,15742
31243,15740,15742,15743
31244,15740,15743,15744
31245,15740,15744,15745
31246,15740,15745,15746
31247,15740,15746,15741
31248,15213,15747,15748
31249,15213,15748,15214
31250,15213,15749,15747
31251,15213,15212,15749
31252,15741,15747,15749
31253,15741,15749,15742
31254,15741,15750,15747
31255,15741,15746,15750
31256,15723,15747,15750
31257,15723,15750,15724
31258,15723,15748,15747
31259,15723,15722,15748
31260,15194,15218,15751
31261,15218,15214,15751
31262,15214,15748,15751
31263,15748,15722,15751
31264,15722,15729,15751
31265,15729,15194,15751
31266,15207,15752,15223
31267,15207,15737,15752
31268,15227,15753,15754
31269,15227,15754,15228
31270,15227,15223,15753
31271,15223,15752,15753
31272,15752,15737,15753
31273,15737,15755,15753
31274,15737,15739,15755
31275,15753,15755,15754
31276,15756,15757,15758
31277,15228,15756,15758
31278,15228,15758,15229
31279,15228,15754,15756
31280,15754,15759,15756
31281,15754,15755,15759
31282,15756,15759,15760
31283,15756,15760,15757
31284,15757,15761,15758
31285,15757,15760,15761
31286,15762,15763,15764
31287,15762,15764,15765
31288,15762,15765,15766
31289,15762,15766,15767
31290,15762,15767,15768
31291,15762,15768,15763
31292,15235,15769,15770
31293,15235,15770,15236
31294,15235,15771,15769
31295,15235,15234,15771
31296,15763,15769,15771
31297,15763,15771,15764
31298,15763,15772,15769
31299,15763,15768,15772
31300,15769,15772,15773
31301,15769,15773,15770
31302,15240,15774,15775
31303,15240,15775,15241
31304,15240,15236,15774
31305,15236,15770,15774
31306,15770,15776,15774
31307,15770,15773,15776
31308,15743,15774,15776
31309,15743,15776,15744
31310,15743,15775,15774
31311,15743,15742,15775
31312,15212,15244,15777
31313,15244,15241,15777
31314,15241,15775,15777
31315,15775,15742,15777
31316,15742,15749,15777
31317,15749,15212,15777
31318,15229,15778,15249
31319,15229,15758,15778
31320,15253,15779,15780
31321,15253,15780,15254
31322,15253,15249,15779
31323,15249,15778,15779
31324,15778,15758,15779
31325,15758,15781,15779
31326,15758,15761,15781
31327,15779,15781,15780
31328,15782,15783,15784
31329,15254,15782,15784
31330,15254,15784,15255
31331,15254,15780,15782
31332,15780,15785,15782
31333,15780,15781,15785
31334,15782,15785,15786
31335,15782,15786,15783
31336,15787,15788,15789
31337,15787,15789,15790
31338,15783,15787,15790
31339,15783,15790,15784
31340,15783,15791,15787
31341,15783,15786,15791
31342,15787,15791,15792
31343,15787,15792,15788
31344,15788,15793,15789
31345,15788,15792,15793
31346,15794,15795,15796
31347,15794,15796,15797
31348,15794,15797,15798
31349,15794,15798,15799
31350,15794,15799,15800
31351,15794,15800,15795
31352,15801,15802,15803
31353,15801,15803,15804
31354,15795,15801,15804
31355,15795,15804,15796
31356,15795,15805,15801
31357,15795,15800,15805
31358,15801,15805,15806
31359,15801,15806,15802
31360,15261,15807,15808
31361,15261,15808,15262
31362,15261,15809,15807
31363,15261,15260,15809
31364,15802,15807,15809
31365,15802,15809,15803
31366,15802,15810,15807
31367,15802,15806,15810
31368,15807,15810,15811
31369,15807,15811,15808
31370,15266,15812,15813
31371,15266,15813,15267
31372,15266,15262,15812
31373,15262,15808,15812
31374,15808,15814,15812
31375,15808,15811,15814
31376,15765,15812,15814
31377,15765,15814,15766
31378,15765,15813,15812
31379,15765,15764,15813
31380,15234,15270,15815
31381,15270,15267,15815
31382,15267,15813,15815
31383,15813,15764,15815
31384,15764,15771,15815
31385,15771,15234,15815
31386,15255,15816,15275
31387,15255,15784,15816
31388,15278,15817,15818
31389,15278,15818,15279
31390,15278,15275,15817
31391,15275,15816,15817
31392,15816,15784,15817
31393,15784,15790,15817
31394,15790,15818,15817
31395,15790,15789,15818
31396,15283,15819,15820
31397,15283,15820,15284
31398,15283,15279,15819
31399,15279,15818,15819
31400,15818,15789,15819
31401,15789,15821,15819
31402,15789,15793,15821
31403,15819,15821,15820
31404,15289,15822,15823
31405,15289,15823,15290
31406,15289,15284,15822
31407,15284,15820,15822
31408,15820,15824,15822
31409,15820,15821,15824
31410,15822,15824,15825
31411,15822,15825,15823
31412,15295,15826,15827
31413,15295,15827,15296
31414,15295,15290,15826
31415,15290,15823,15826
31416,15823,15828,15826
31417,15823,15825,15828
31418,15826,15828,15829
31419,15826,15829,15827
31420,15301,15830,15831
31421,15301,15831,15302
31422,15301,15296,15830
31423,15296,15827,15830
31424,15827,15832,15830
31425,15827,15829,15832
31426,15830,15832,15833
31427,15830,15833,15831
31428,15307,15834,15835
31429,15307,15835,15308
31430,15307,15302,15834
31431,15302,15831,15834
31432,15831,15836,15834
31433,15831,15833,15836
31434,15834,15836,15837
31435,15834,15837,15835
31436,15313,15838,15839
31437,15313,15839,15314
31438,15313,15308,15838
31439,15308,15835,15838
31440,15835,15840,15838
31441,15835,15837,15840
31442,15838,15840,15841
31443,15838,15841,15839
31444,15319,15842,15843
31445,15319,15843,15320
31446,15319,15314,15842
31447,15314,15839,15842
31448,15839,15844,15842
31449,15839,15841,15844
31450,15842,15844,15845
31451,15842,15845,15843
31452,15324,15846,15847
31453,15324,15847,15325
31454,15324,15320,15846
31455,15320,15843,15846
31456,15843,15848,15846
31457,15843,15845,15848
31458,15797,15846,15848
31459,15797,15848,15798
31460,15797,15847,15846
31461,15797,15796,15847
31462,15328,15849,15850
31463,15328,15850,15329
31464,15328,15325,15849
31465,15325,15847,15849
31466,15847,15796,15849
31467,15796,15804,15849
31468,15804,15850,15849
31469,15804,15803,15850
31470,15260,15332,15851
31471,15332,15329,15851
31472,15329,15850,15851
31473,15850,15803,15851
31474,15803,15809,15851
31475,15809,15260,15851
31476,15354,15355,15852
31477,15354,15852,15353
31478,15358,15359,15853
31479,15358,15853,15854
31480,15358,15854,15355
31481,15355,15854,15852
31482,15362,15363,15855
31483,15362,15855,15856
31484,15362,15856,15359
31485,15359,15856,15853
31486,15366,15367,15857
31487,15366,15857,15858
31488,15366,15858,15363
31489,15363,15858,15855
31490,15370,15371,15859
31491,15370,15859,15860
31492,15370,15860,15367
31493,15367,15860,15857
31494,15374,15375,15861
31495,15374,15861,15862
31496,15374,15862,15371
31497,15371,15862,15859
31498,15378,15379,15863
31499,15378,15863,15864
31500,15378,15864,15375
31501,15375,15864,15861
31502,15379,15382,15865
31503,15379,15865,15863
31504,15390,15391,15866
31505,15390,15866,15389
31506,15393,15394,15867
31507,15393,15867,15868
31508,15393,15868,15391
31509,15391,15868,15866
31510,15395,15396,15870
31511,15395,15870,15869
31512,15395,15869,15394
31513,15394,15871,15867
31514,15394,15869,15871
31515,15869,15872,15871
31516,15869,15873,15872
31517,15869,15870,15873
31518,15353,15874,15397
31519,15397,15874,15396
31520,15396,15874,15870
31521,15870,15875,15873
31522,15870,15874,15875
31523,15874,15876,15875
31524,15353,15852,15876
31525,15353,15876,15874
31526,15852,15877,15876
31527,15852,15854,15878
31528,15852,15878,15877
31529,15854,15853,15878
31530,15853,15879,15878
31531,15853,15856,15880
31532,15853,15880,15879
31533,15856,15855,15880
31534,15855,15881,15880
31535,15855,15858,15882
31536,15855,15882,15881
31537,15858,15857,15882
31538,15857,15883,15882
31539,15857,15860,15884
31540,15857,15884,15883
31541,15860,15859,15884
31542,15859,15885,15884
31543,15859,15862,15886
31544,15859,15886,15885
31545,15862,15861,15886
31546,15861,15887,15886
31547,15861,15864,15888
31548,15861,15888,15887
31549,15864,15863,15888
31550,15382,15398,15889
31551,15863,15890,15888
31552,15863,15865,15891
31553,15863,15891,15890
31554,15865,15382,15889
31555,15865,15889,15891
31556,15399,15400,15892
31557,15399,15892,15893
31558,15399,15893,15398
31559,15398,15893,15894
31560,15398,15894,15889
31561,15889,15894,15891
31562,15402,15403,15895
31563,15402,15895,15896
31564,15402,15896,15400
31565,15400,15896,15892
31566,15403,15406,15897
31567,15403,15897,15895
31568,15412,15413,15898
31569,15412,15898,15411
31570,15415,15416,15900
31571,15415,15900,15899
31572,15415,15899,15413
31573,15413,15901,15898
31574,15413,15899,15901
31575,15899,15902,15901
31576,15899,15903,15902
31577,15899,15900,15903
31578,15389,15904,15417
31579,15417,15904,15416
31580,15416,15904,15900
31581,15900,15905,15903
31582,15900,15904,15905
31583,15904,15906,15905
31584,15389,15866,15906
31585,15389,15906,15904
31586,15866,15907,15906
31587,15866,15868,15908
31588,15866,15908,15907
31589,15868,15867,15908
31590,15867,15909,15908
31591,15867,15871,15909
31592,15893,15910,15894
31593,15893,15892,15910
31594,15892,15911,15910
31595,15892,15896,15912
31596,15892,15912,15911
31597,15896,15895,15912
31598,15406,15418,15913
31599,15895,15914,15912
31600,15895,15897,15915
31601,15895,15915,15914
31602,15897,15406,15913
31603,15897,15913,15915
31604,15420,15421,15916
31605,15420,15916,15917
31606,15420,15917,15418
31607,15418,15917,15918
31608,15418,15918,15913
31609,15913,15918,15915
31610,15421,15424,15919
31611,15421,15919,15916
31612,15429,15430,15920
31613,15429,15920,15428
31614,15411,15921,15431
31615,15431,15921,15430
31616,15430,15922,15920
31617,15430,15921,15922
31618,15921,15923,15922
31619,15921,15924,15923
31620,15411,15898,15924
31621,15411,15924,15921
31622,15898,15925,15924
31623,15898,15901,15925
31624,15917,15926,15918
31625,15917,15916,15926
31626,15424,15928,15927
31627,15424,15432,15928
31628,15927,15928,15929
31629,15927,15929,15930
31630,15916,15927,15930
31631,15916,15930,15926
31632,15916,15919,15927
31633,15919,15424,15927
31634,15432,15436,15931
31635,15432,15931,15928
31636,15442,15443,15932
31637,15442,15932,15441
31638,15445,15446,15934
31639,15445,15934,15933
31640,15445,15933,15443
31641,15443,15935,15932
31642,15443,15933,15935
31643,15933,15936,15935
31644,15933,15937,15936
31645,15933,15934,15937
31646,15428,15938,15447
31647,15447,15938,15446
31648,15446,15938,15934
31649,15934,15939,15937
31650,15934,15938,15939
31651,15938,15940,15939
31652,15428,15920,15940
31653,15428,15940,15938
31654,15920,15941,15940
31655,15920,15922,15941
31656,15929,15942,15930
31657,15929,15928,15942
31658,15436,15448,15943
31659,15928,15944,15942
31660,15928,15931,15945
31661,15928,15945,15944
31662,15931,15436,15943
31663,15931,15943,15945
31664,15450,15451,15946
31665,15450,15946,15947
31666,15450,15947,15448
31667,15448,15947,15948
31668,15448,15948,15943
31669,15943,15948,15945
31670,15451,15453,15949
31671,15451,15949,15946
31672,15458,15459,15950
31673,15458,15950,15457
31674,15441,15951,15461
31675,15461,15951,15459
31676,15459,15952,15950
31677,15459,15951,15952
31678,15951,15953,15952
31679,15951,15954,15953
31680,15441,15932,15954
31681,15441,15954,15951
31682,15932,15955,15954
31683,15932,15935,15955
31684,15947,15956,15948
31685,15947,15946,15956
31686,15453,15958,15957
31687,15453,15463,15958
31688,15957,15958,15959
31689,15957,15959,15960
31690,15946,15957,15960
31691,15946,15960,15956
31692,15946,15949,15957
31693,15949,15453,15957
31694,15463,15465,15961
31695,15463,15961,15958
31696,15457,15962,15469
31697,15469,15963,15468
31698,15469,15962,15963
31699,15962,15964,15963
31700,15962,15965,15964
31701,15962,15966,15965
31702,15457,15950,15966
31703,15457,15966,15962
31704,15950,15967,15966
31705,15950,15952,15967
31706,15959,15968,15960
31707,15959,15958,15968
31708,15465,15474,15969
31709,15474,15970,15969
31710,15474,15473,15970
31711,15969,15970,15971
31712,15958,15969,15971
31713,15958,15971,15968
31714,15958,15961,15969
31715,15961,15465,15969
31716,15479,15480,15972
31717,15479,15972,15478
31718,15468,15973,15481
31719,15481,15973,15480
31720,15480,15974,15972
31721,15480,15973,15974
31722,15973,15975,15974
31723,15963,15964,15975
31724,15963,15975,15973
31725,15963,15973,15468
31726,15473,15977,15976
31727,15473,15482,15977
31728,15976,15977,15978
31729,15976,15978,15979
31730,15976,15979,15980
31731,15970,15976,15980
31732,15970,15980,15971
31733,15970,15473,15976
31734,15482,15486,15981
31735,15482,15981,15977
31736,15491,15492,15982
31737,15491,15982,15490
31738,15478,15983,15493
31739,15493,15983,15492
31740,15492,15984,15982
31741,15492,15983,15984
31742,15983,15985,15984
31743,15983,15986,15985
31744,15478,15972,15986
31745,15478,15986,15983
31746,15972,15987,15986
31747,15972,15974,15987
31748,15978,15988,15979
31749,15978,15977,15988
31750,15486,15990,15989
31751,15486,15494,15990
31752,15989,15990,15991
31753,15989,15991,15992
31754,15977,15989,15992
31755,15977,15992,15988
31756,15977,15981,15989
31757,15981,15486,15989
31758,15494,15497,15993
31759,15494,15993,15990
31760,15490,15994,15501
31761,15501,15995,15500
31762,15501,15994,15995
31763,15994,15996,15995
31764,15994,15997,15996
31765,15994,15998,15997
31766,15490,15982,15998
31767,15490,15998,15994
31768,15982,15999,15998
31769,15982,15984,15999
31770,15991,16000,15992
31771,15991,15990,16000
31772,15497,15506,16001
31773,15506,16002,16001
31774,15506,15505,16002
31775,16001,16002,16003
31776,15990,16001,16003
31777,15990,16003,16000
31778,15990,15993,16001
31779,15993,15497,16001
31780,15511,15512,16004
31781,15511,16004,15510
31782,15500,16005,15513
31783,15513,16005,15512
31784,15512,16006,16004
31785,15512,16005,16006
31786,16005,16007,16006
31787,15995,15996,16007
31788,15995,16007,16005
31789,15995,16005,15500
31790,15505,16009,16008
31791,15505,15514,16009
31792,16008,16009,16010
31793,16008,16010,16011
31794,16008,16011,16012
31795,16002,16008,16012
31796,16002,16012,16003
31797,16002,15505,16008
31798,15514,15517,16013
31799,15514,16013,16009
31800,15510,16014,16015
31801,15510,16015,15521
31802,15521,16015,15520
31803,15510,16004,16014
31804,16014,16016,16015
31805,16014,16004,16017
31806,16014,16017,16016
31807,16004,16006,16017
31808,16018,16019,16020
31809,16018,16020,16021
31810,16018,16021,16022
31811,16018,16022,16023
31812,16010,16018,16023
31813,16010,16023,16011
31814,16010,16019,16018
31815,16010,16009,16019
31816,15517,15526,16024
31817,15526,16025,16024
31818,15526,15525,16025
31819,16019,16024,16025
31820,16019,16025,16020
31821,16019,16009,16024
31822,16009,16013,16024
31823,16013,15517,16024
31824,15520,16026,15531
31825,15531,16027,15530
31826,15531,16026,16027
31827,16026,16028,16027
31828,16026,16029,16028
31829,16026,16030,16029
31830,15520,16015,16030
31831,15520,16030,16026
31832,16015,16031,16030
31833,16015,16016,16031
31834,16021,16032,16022
31835,16021,16020,16032
31836,15525,15537,16033
31837,15537,16034,16033
31838,15537,15536,16034
31839,16033,16034,16035
31840,16020,16033,16035
31841,16020,16035,16032
31842,16020,16025,16033
31843,16025,15525,16033
31844,15543,15544,16036
31845,15543,16036,15542
31846,15530,16037,15545
31847,15545,16037,15544
31848,15544,16038,16036
31849,15544,16037,16038
31850,16037,16039,16038
31851,16027,16028,16039
31852,16027,16039,16037
31853,16027,16037,15530
31854,15536,16041,16040
31855,15536,15546,16041
31856,16040,16041,16042
31857,16040,16042,16043
31858,16040,16043,16044
31859,16034,16040,16044
31860,16034,16044,16035
31861,16034,15536,16040
31862,15546,15549,16045
31863,15546,16045,16041
31864,15542,16046,16047
31865,15542,16047,15553
31866,15553,16047,15552
31867,15542,16036,16046
31868,16046,16048,16047
31869,16046,16036,16049
31870,16046,16049,16048
31871,16036,16038,16049
31872,16050,16051,16052
31873,16050,16052,16053
31874,16050,16053,16054
31875,16050,16054,16055
31876,16042,16050,16055
31877,16042,16055,16043
31878,16042,16051,16050
31879,16042,16041,16051
31880,15549,15557,16056
31881,15557,16057,16056
31882,15557,15556,16057
31883,16051,16056,16057
31884,16051,16057,16052
31885,16051,16041,16056
31886,16041,16045,16056
31887,16045,15549,16056
31888,15552,16058,16059
31889,15552,16059,15561
31890,15561,16059,15560
31891,15552,16047,16058
31892,16058,16060,16059
31893,16058,16047,16061
31894,16058,16061,16060
31895,16047,16048,16061
31896,16062,16063,16064
31897,16062,16064,16065
31898,16062,16065,16066
31899,16062,16066,16067
31900,16053,16062,16067
31901,16053,16067,16054
31902,16053,16063,16062
31903,16053,16052,16063
31904,15556,15565,16068
31905,15565,16069,16068
31906,15565,15564,16069
31907,16063,16068,16069
31908,16063,16069,16064
31909,16063,16052,16068
31910,16052,16057,16068
31911,16057,15556,16068
31912,15560,16070,16071
31913,15560,16071,15569
31914,15569,16071,15568
31915,15560,16059,16070
31916,16070,16072,16071
31917,16070,16059,16073
31918,16070,16073,16072
31919,16059,16060,16073
31920,16074,16075,16076
31921,16074,16076,16077
31922,16074,16077,16078
31923,16074,16078,16079
31924,16065,16074,16079
31925,16065,16079,16066
31926,16065,16075,16074
31927,16065,16064,16075
31928,15564,15573,16080
31929,15573,16081,16080
31930,15573,15572,16081
31931,16075,16080,16081
31932,16075,16081,16076
31933,16075,16064,16080
31934,16064,16069,16080
31935,16069,15564,16080
31936,15568,16082,16083
31937,15568,16083,15577
31938,15577,16083,15576
31939,15568,16071,16082
31940,16082,16084,16083
31941,16082,16071,16085
31942,16082,16085,16084
31943,16071,16072,16085
31944,16086,16087,16088
31945,16086,16088,16089
31946,16086,16089,16090
31947,16086,16090,16091
31948,16077,16086,16091
31949,16077,16091,16078
31950,16077,16087,16086
31951,16077,16076,16087
31952,15572,15581,16092
31953,15581,16093,16092
31954,15581,15580,16093
31955,16087,16092,16093
31956,16087,16093,16088
31957,16087,16076,16092
31958,16076,16081,16092
31959,16081,15572,16092
31960,15576,16094,16095
31961,15576,16095,15585
31962,15585,16095,15584
31963,15576,16083,16094
31964,16094,16096,16095
31965,16094,16083,16097
31966,16094,16097,16096
31967,16083,16084,16097
31968,16098,16099,16100
31969,16098,16100,16101
31970,16098,16101,16102
31971,16098,16102,16103
31972,16089,16098,16103
31973,16089,16103,16090
31974,16089,16099,16098
31975,16089,16088,16099
31976,15580,15589,16104
31977,15589,16105,16104
31978,15589,15588,16105
31979,16099,16104,16105
31980,16099,16105,16100
31981,16099,16088,16104
31982,16088,16093,16104
31983,16093,15580,16104
31984,15584,16106,16107
31985,15584,16107,15593
31986,15593,16107,15592
31987,15584,16095,16106
31988,16106,16108,16107
31989,16106,16095,16109
31990,16106,16109,16108
31991,16095,16096,16109
31992,16110,16111,16112
31993,16110,16112,16113
31994,16110,16113,16114
31995,16110,16114,16115
31996,16101,16110,16115
31997,16101,16115,16102
31998,16101,16111,16110
31999,16101,16100,16111
32000,15588,15597,16116
32001,15597,16117,16116
32002,15597,15596,16117
32003,16111,16116,16117
32004,16111,16117,16112
32005,16111,16100,16116
32006,16100,16105,16116
32007,16105,15588,16116
32008,15592,16118,15600
32009,15592,16107,16118
32010,15600,16119,15601
32011,15600,16118,16120
32012,15600,16120,16119
32013,16118,16107,16121
32014,16118,16121,16120
32015,16107,16108,16121
32016,15607,16122,16123
32017,15607,16123,15608
32018,15607,16124,16122
32019,15607,15606,16124
32020,16122,16124,16125
32021,16122,16125,16126
32022,16113,16122,16126
32023,16113,16126,16114
32024,16113,16123,16122
32025,16113,16112,16123
32026,15596,15611,16127
32027,15611,15608,16127
32028,15608,16123,16127
32029,16123,16112,16127
32030,16112,16117,16127
32031,16117,15596,16127
32032,15601,16128,16129
32033,15601,16129,15615
32034,15615,16129,15614
32035,16119,16120,16130
32036,16119,16130,16128
32037,16119,16128,15601
32038,16128,16131,16129
32039,16128,16130,16131
32040,16132,16133,16134
32041,16132,16134,16135
32042,16132,16135,16136
32043,16132,16136,16137
32044,16132,16137,16138
32045,16132,16138,16133
32046,15606,15621,16139
32047,15621,16140,16139
32048,15621,15620,16140
32049,16133,16139,16140
32050,16133,16140,16134
32051,16133,16141,16139
32052,16133,16138,16141
32053,16124,16139,16141
32054,16124,16141,16125
32055,16124,15606,16139
32056,15614,16142,16143
32057,15614,16143,15627
32058,15627,16143,15626
32059,15614,16129,16142
32060,16142,16144,16143
32061,16142,16129,16145
32062,16142,16145,16144
32063,16129,16131,16145
32064,16146,16147,16148
32065,16146,16148,16149
32066,16146,16149,16150
32067,16146,16150,16151
32068,16135,16146,16151
32069,16135,16151,16136
32070,16135,16147,16146
32071,16135,16134,16147
32072,15620,15632,16152
32073,15632,16153,16152
32074,15632,15631,16153
32075,16147,16152,16153
32076,16147,16153,16148
32077,16147,16134,16152
32078,16134,16140,16152
32079,16140,15620,16152
32080,15626,16154,15636
32081,15626,16143,16154
32082,15636,16155,15637
32083,15636,16154,16156
32084,15636,16156,16155
32085,16154,16143,16157
32086,16154,16157,16156
32087,16143,16144,16157
32088,15643,16158,16159
32089,15643,16159,15644
32090,15643,16160,16158
32091,15643,15642,16160
32092,16158,16160,16161
32093,16158,16161,16162
32094,16149,16158,16162
32095,16149,16162,16150
32096,16149,16159,16158
32097,16149,16148,16159
32098,15631,15647,16163
32099,15647,15644,16163
32100,15644,16159,16163
32101,16159,16148,16163
32102,16148,16153,16163
32103,16153,15631,16163
32104,15637,16164,16165
32105,15637,16165,15651
32106,15651,16165,15650
32107,16155,16156,16166
32108,16155,16166,16164
32109,16155,16164,15637
32110,16164,16167,16165
32111,16164,16166,16167
32112,16168,16169,16170
32113,16168,16170,16171
32114,16168,16171,16172
32115,16168,16172,16173
32116,16168,16173,16174
32117,16168,16174,16169
32118,15642,15656,16175
32119,15656,16176,16175
32120,15656,15655,16176
32121,16169,16175,16176
32122,16169,16176,16170
32123,16169,16177,16175
32124,16169,16174,16177
32125,16160,16175,16177
32126,16160,16177,16161
32127,16160,15642,16175
32128,15650,16178,15660
32129,15650,16165,16178
32130,16179,16180,16181
32131,15660,16179,16181
32132,15660,16181,15661
32133,15660,16178,16179
32134,16178,16165,16179
32135,16165,16182,16179
32136,16165,16167,16182
32137,16179,16182,16180
32138,16180,16183,16181
32139,16180,16182,16183
32140,16184,16185,16186
32141,16184,16186,16187
32142,16184,16187,16188
32143,16184,16188,16189
32144,16184,16189,16190
32145,16184,16190,16185
32146,15667,16191,16192
32147,15667,16192,15668
32148,15667,16193,16191
32149,15667,15666,16193
32150,16185,16191,16193
32151,16185,16193,16186
32152,16185,16194,16191
32153,16185,16190,16194
32154,16171,16191,16194
32155,16171,16194,16172
32156,16171,16192,16191
32157,16171,16170,16192
32158,15655,15671,16195
32159,15671,15668,16195
32160,15668,16192,16195
32161,16192,16170,16195
32162,16170,16176,16195
32163,16176,15655,16195
32164,15661,16196,15676
32165,15661,16181,16196
32166,15676,16197,15677
32167,15676,16196,16198
32168,15676,16198,16197
32169,16196,16181,16199
32170,16196,16199,16198
32171,16181,16183,16199
32172,15683,16200,16201
32173,15683,16201,15684
32174,15683,16202,16200
32175,15683,15682,16202
32176,16200,16202,16203
32177,16200,16203,16204
32178,16187,16200,16204
32179,16187,16204,16188
32180,16187,16201,16200
32181,16187,16186,16201
32182,15666,15688,16205
32183,15688,15684,16205
32184,15684,16201,16205
32185,16201,16186,16205
32186,16186,16193,16205
32187,16193,15666,16205
32188,15677,16206,16207
32189,15677,16207,15693
32190,15693,16207,15692
32191,16197,16198,16208
32192,16197,16208,16206
32193,16197,16206,15677
32194,16206,16209,16207
32195,16206,16208,16209
32196,16210,16211,16212
32197,16210,16212,16213
32198,16210,16213,16214
32199,16210,16214,16215
32200,16210,16215,16216
32201,16210,16216,16211
32202,15682,15698,16217
32203,15698,16218,16217
32204,15698,15697,16218
32205,16211,16217,16218
32206,16211,16218,16212
32207,16211,16219,16217
32208,16211,16216,16219
32209,16202,16217,16219
32210,16202,16219,16203
32211,16202,15682,16217
32212,15692,16220,15701
32213,15692,16207,16220
32214,16221,16222,16223
32215,15701,16221,16223
32216,15701,16223,15703
32217,15701,16220,16221
32218,16220,16207,16221
32219,16207,16224,16221
32220,16207,16209,16224
32221,16221,16224,16222
32222,16222,16225,16223
32223,16222,16224,16225
32224,16226,16227,16228
32225,16226,16228,16229
32226,16226,16229,16230
32227,16226,16230,16231
32228,16226,16231,16232
32229,16226,16232,16227
32230,15708,16233,16234
32231,15708,16234,15709
32232,15708,16235,16233
32233,15708,15707,16235
32234,16227,16233,16235
32235,16227,16235,16228
32236,16227,16236,16233
32237,16227,16232,16236
32238,16213,16233,16236
32239,16213,16236,16214
32240,16213,16234,16233
32241,16213,16212,16234
32242,15697,15711,16237
32243,15711,15709,16237
32244,15709,16234,16237
32245,16234,16212,16237
32246,16212,16218,16237
32247,16218,15697,16237
32248,15703,16238,15713
32249,15703,16223,16238
32250,15717,16239,16240
32251,15717,16240,15718
32252,15717,15713,16239
32253,15713,16238,16239
32254,16238,16223,16239
32255,16223,16241,16239
32256,16223,16225,16241
32257,16239,16241,16240
32258,16242,16243,16244
32259,15718,16242,16244
32260,15718,16244,15719
32261,15718,16240,16242
32262,16240,16245,16242
32263,16240,16241,16245
32264,16242,16245,16246
32265,16242,16246,16243
32266,16243,16247,16244
32267,16243,16246,16247
32268,16248,16249,16250
32269,16248,16250,16251
32270,16248,16251,16252
32271,16248,16252,16253
32272,16248,16253,16254
32273,16248,16254,16249
32274,15725,16255,16256
32275,15725,16256,15726
32276,15725,16257,16255
32277,15725,15724,16257
32278,16249,16255,16257
32279,16249,16257,16250
32280,16249,16258,16255
32281,16249,16254,16258
32282,16255,16258,16259
32283,16255,16259,16256
32284,15730,16260,16261
32285,15730,16261,15731
32286,15730,15726,16260
32287,15726,16256,16260
32288,16256,16262,16260
32289,16256,16259,16262
32290,16229,16260,16262
32291,16229,16262,16230
32292,16229,16261,16260
32293,16229,16228,16261
32294,15707,15733,16263
32295,15733,15731,16263
32296,15731,16261,16263
32297,16261,16228,16263
32298,16228,16235,16263
32299,16235,15707,16263
32300,15719,16264,15738
32301,15719,16244,16264
32302,16265,16266,16267
32303,15738,16265,16267
32304,15738,16267,15739
32305,15738,16264,16265
32306,16264,16244,16265
32307,16244,16268,16265
32308,16244,16247,16268
32309,16265,16268,16266
32310,16266,16269,16267
32311,16266,16268,16269
32312,16270,16271,16272
32313,16270,16272,16273
32314,16270,16273,16274
32315,16270,16274,16275
32316,16270,16275,16276
32317,16270,16276,16271
32318,15745,16277,16278
32319,15745,16278,15746
32320,15745,16279,16277
32321,15745,15744,16279
32322,16271,16277,16279
32323,16271,16279,16272
32324,16271,16280,16277
32325,16271,16276,16280
32326,16251,16277,16280
32327,16251,16280,16252
32328,16251,16278,16277
32329,16251,16250,16278
32330,15724,15750,16281
32331,15750,15746,16281
32332,15746,16278,16281
32333,16278,16250,16281
32334,16250,16257,16281
32335,16257,15724,16281
32336,15739,16282,15755
32337,15739,16267,16282
32338,15759,16283,16284
32339,15759,16284,15760
32340,15759,15755,16283
32341,15755,16282,16283
32342,16282,16267,16283
32343,16267,16285,16283
32344,16267,16269,16285
32345,16283,16285,16284
32346,16286,16287,16288
32347,15760,16286,16288
32348,15760,16288,15761
32349,15760,16284,16286
32350,16284,16289,16286
32351,16284,16285,16289
32352,16286,16289,16290
32353,16286,16290,16287
32354,16291,16292,16293
32355,16291,16293,16294
32356,16287,16291,16294
32357,16287,16294,16288
32358,16287,16295,16291
32359,16287,16290,16295
32360,16291,16295,16296
32361,16291,16296,16292
32362,16292,16297,16293
32363,16292,16296,16297
32364,16298,16299,16300
32365,16298,16300,16301
32366,16298,16301,16302
32367,16298,16302,16303
32368,16298,16303,16304
32369,16298,16304,16299
32370,16305,16306,16307
32371,16305,16307,16308
32372,16299,16305,16308
32373,16299,16308,16300
32374,16299,16309,16305
32375,16299,16304,16309
32376,16305,16309,16310
32377,16305,16310,16306
32378,15767,16311,16312
32379,15767,16312,15768
32380,15767,16313,16311
32381,15767,15766,16313
32382,16306,16311,16313
32383,16306,16313,16307
32384,16306,16314,16311
32385,16306,16310,16314
32386,16311,16314,16315
32387,16311,16315,16312
32388,15772,16316,16317
32389,15772,16317,15773
32390,15772,15768,16316
32391,15768,16312,16316
32392,16312,16318,16316
32393,16312,16315,16318
32394,16273,16316,16318
32395,16273,16318,16274
32396,16273,16317,16316
32397,16273,16272,16317
32398,15744,15776,16319
32399,15776,15773,16319
32400,15773,16317,16319
32401,16317,16272,16319
32402,16272,16279,16319
32403,16279,15744,16319
32404,15761,16320,15781
32405,15761,16288,16320
32406,15785,16321,16322
32407,15785,16322,15786
32408,15785,15781,16321
32409,15781,16320,16321
32410,16320,16288,16321
32411,16288,16294,16321
32412,16294,16322,16321
32413,16294,16293,16322
32414,15791,16323,16324
32415,15791,16324,15792
32416,15791,15786,16323
32417,15786,16322,16323
32418,16322,16293,16323
32419,16293,16325,16323
32420,16293,16297,16325
32421,16323,16325,16324
32422,16326,16327,16328
32423,15792,16326,16328
32424,15792,16328,15793
32425,15792,16324,16326
32426,16324,16329,16326
32427,16324,16325,16329
32428,16326,16329,16330
32429,16326,16330,16327
32430,16331,16332,16333
32431,16331,16333,16334
32432,16327,16331,16334
32433,16327,16334,16328
32434,16327,16335,16331
32435,16327,16330,16335
32436,16331,16335,16336
32437,16331,16336,16332
32438,16337,16338,16339
32439,16337,16339,16340
32440,16332,16337,16340
32441,16332,16340,16333
32442,16332,16341,16337
32443,16332,16336,16341
32444,16337,16341,16342
32445,16337,16342,16338
32446,16343,16344,16345
32447,16343,16345,16346
32448,16338,16343,16346
32449,16338,16346,16339
32450,16338,16347,16343
32451,16338,16342,16347
32452,16343,16347,16348
32453,16343,16348,16344
32454,16349,16350,16351
32455,16349,16351,16352
32456,16344,16349,16352
32457,16344,16352,16345
32458,16344,16353,16349
32459,16344,16348,16353
32460,16349,16353,16354
32461,16349,16354,16350
32462,16355,16356,16357
32463,16355,16357,16358
32464,16350,16355,16358
32465,16350,16358,16351
32466,16350,16359,16355
32467,16350,16354,16359
32468,16355,16359,16360
32469,16355,16360,16356
32470,16361,16362,16363
32471,16361,16363,16364
32472,16356,16361,16364
32473,16356,16364,16357
32474,16356,16365,16361
32475,16356,16360,16365
32476,16361,16365,16366
32477,16361,16366,16362
32478,15799,16367,16368
32479,15799,16368,15800
32480,15799,16369,16367
32481,15799,15798,16369
32482,16362,16367,16369
32483,16362,16369,16363
32484,16362,16370,16367
32485,16362,16366,16370
32486,16367,16370,16371
32487,16367,16371,16368
32488,15805,16372,16373
32489,15805,16373,15806
32490,15805,15800,16372
32491,15800,16368,16372
32492,16368,16374,16372
32493,16368,16371,16374
32494,16301,16372,16374
32495,16301,16374,16302
32496,16301,16373,16372
32497,16301,16300,16373
32498,15810,16375,16376
32499,15810,16376,15811
32500,15810,15806,16375
32501,15806,16373,16375
32502,16373,16300,16375
32503,16300,16308,16375
32504,16308,16376,16375
32505,16308,16307,16376
32506,15766,15814,16377
32507,15814,15811,16377
32508,15811,16376,16377
32509,16376,16307,16377
32510,16307,16313,16377
32511,16313,15766,16377
32512,15793,16378,15821
32513,15793,16328,16378
32514,15824,16379,16380
32515,15824,16380,15825
32516,15824,15821,16379
32517,15821,16378,16379
32518,16378,16328,16379
32519,16328,16334,16379
32520,16334,16380,16379
32521,16334,16333,16380
32522,15828,16381,16382
32523,15828,16382,15829
32524,15828,15825,16381
32525,15825,16380,16381
32526,16380,16333,16381
32527,16333,16340,16381
32528,16340,16382,16381
32529,16340,16339,16382
32530,15832,16383,16384
32531,15832,16384,15833
32532,15832,15829,16383
32533,15829,16382,16383
32534,16382,16339,16383
32535,16339,16346,16383
32536,16346,16384,16383
32537,16346,16345,16384
32538,15836,16385,16386
32539,15836,16386,15837
32540,15836,15833,16385
32541,15833,16384,16385
32542,16384,16345,16385
32543,16345,16352,16385
32544,16352,16386,16385
32545,16352,16351,16386
32546,15840,16387,16388
32547,15840,16388,15841
32548,15840,15837,16387
32549,15837,16386,16387
32550,16386,16351,16387
32551,16351,16358,16387
32552,16358,16388,16387
32553,16358,16357,16388
32554,15844,16389,16390
32555,15844,16390,15845
32556,15844,15841,16389
32557,15841,16388,16389
32558,16388,16357,16389
32559,16357,16364,16389
32560,16364,16390,16389
32561,16364,16363,16390
32562,15798,15848,16391
32563,15848,15845,16391
32564,15845,16390,16391
32565,16390,16363,16391
32566,16363,16369,16391
32567,16369,15798,16391
32568,15872,15873,16392
32569,15872,16392,15871
32570,15875,15876,16393
32571,15875,16393,16394
32572,15875,16394,15873
32573,15873,16394,16392
32574,15877,15878,16395
32575,15877,16395,16396
32576,15877,16396,15876
32577,15876,16396,16393
32578,15879,15880,16397
32579,15879,16397,16398
32580,15879,16398,15878
32581,15878,16398,16395
32582,15881,15882,16399
32583,15881,16399,16400
32584,15881,16400,15880
32585,15880,16400,16397
32586,15883,15884,16401
32587,15883,16401,16402
32588,15883,16402,15882
32589,15882,16402,16399
32590,15885,15886,16403
32591,15885,16403,16404
32592,15885,16404,15884
32593,15884,16404,16401
32594,15887,15888,16405
32595,15887,16405,16406
32596,15887,16406,15886
32597,15886,16406,16403
32598,15890,15891,16407
32599,15890,16407,16408
32600,15890,16408,15888
32601,15888,16408,16405
32602,15891,15894,16409
32603,15891,16409,16407
32604,15902,15903,16410
32605,15902,16410,15901
32606,15905,15906,16411
32607,15905,16411,16412
32608,15905,16412,15903
32609,15903,16412,16410
32610,15907,15908,16414
32611,15907,16414,16413
32612,15907,16413,15906
32613,15906,16415,16411
32614,15906,16413,16415
32615,16413,16416,16415
32616,16413,16417,16416
32617,16413,16414,16417
32618,15871,16418,15909
32619,15909,16418,15908
32620,15908,16418,16414
32621,16414,16419,16417
32622,16414,16418,16419
32623,16418,16420,16419
32624,15871,16392,16420
32625,15871,16420,16418
32626,16392,16421,16420
32627,16392,16394,16422
32628,16392,16422,16421
32629,16394,16393,16422
32630,16393,16423,16422
32631,16393,16396,16424
32632,16393,16424,16423
32633,16396,16395,16424
32634,16395,16425,16424
32635,16395,16398,16426
32636,16395,16426,16425
32637,16398,16397,16426
32638,16397,16427,16426
32639,16397,16400,16428
32640,16397,16428,16427
32641,16400,16399,16428
32642,16399,16429,16428
32643,16399,16402,16430
32644,16399,16430,16429
32645,16402,16401,16430
32646,16401,16431,16430
32647,16401,16404,16432
32648,16401,16432,16431
32649,16404,16403,16432
32650,16403,16433,16432
32651,16403,16406,16434
32652,16403,16434,16433
32653,16406,16405,16434
32654,16405,16435,16434
32655,16405,16408,16436
32656,16405,16436,16435
32657,16408,16407,16436
32658,15894,15910,16437
32659,16407,16438,16436
32660,16407,16409,16439
32661,16407,16439,16438
32662,16409,15894,16437
32663,16409,16437,16439
32664,15911,15912,16440
32665,15911,16440,16441
32666,15911,16441,15910
32667,15910,16441,16442
32668,15910,16442,16437
32669,16437,16442,16439
32670,15914,15915,16443
32671,15914,16443,16444
32672,15914,16444,15912
32673,15912,16444,16440
32674,15915,15918,16445
32675,15915,16445,16443
32676,15923,15924,16446
32677,15923,16446,15922
32678,15901,16447,15925
32679,15925,16447,15924
32680,15924,16448,16446
32681,15924,16447,16448
32682,16447,16449,16448
32683,16447,16450,16449
32684,15901,16410,16450
32685,15901,16450,16447
32686,16410,16451,16450
32687,16410,16412,16452
32688,16410,16452,16451
32689,16412,16411,16452
32690,16411,16453,16452
32691,16411,16415,16453
32692,16441,16454,16442
32693,16441,16440,16454
32694,16440,16455,16454
32695,16440,16444,16456
32696,16440,16456,16455
32697,16444,16443,16456
32698,15918,16458,16457
32699,15918,15926,16458
32700,16457,16458,16459
32701,16457,16459,16460
32702,16443,16457,16460
32703,16443,16460,16456
32704,16443,16445,16457
32705,16445,15918,16457
32706,15926,15930,16461
32707,15926,16461,16458
32708,15936,15937,16462
32709,15936,16462,15935
32710,15939,15940,16463
32711,15939,16463,16464
32712,15939,16464,15937
32713,15937,16464,16462
32714,15922,16465,15941
32715,15941,16465,15940
32716,15940,16466,16463
32717,15940,16465,16466
32718,16465,16467,16466
32719,16465,16468,16467
32720,15922,16446,16468
32721,15922,16468,16465
32722,16446,16469,16468
32723,16446,16448,16469
32724,16459,16470,16460
32725,16459,16458,16470
32726,15930,16472,16471
32727,15930,15942,16472
32728,16471,16472,16473
32729,16471,16473,16474
32730,16458,16471,16474
32731,16458,16474,16470
32732,16458,16461,16471
32733,16461,15930,16471
32734,15944,15945,16475
32735,15944,16475,16476
32736,15944,16476,15942
32737,15942,16476,16472
32738,15945,15948,16477
32739,15945,16477,16475
32740,15953,15954,16478
32741,15953,16478,15952
32742,15935,16479,15955
32743,15955,16479,15954
32744,15954,16480,16478
32745,15954,16479,16480
32746,16479,16481,16480
32747,16479,16482,16481
32748,15935,16462,16482
32749,15935,16482,16479
32750,16462,16483,16482
32751,16462,16464,16484
32752,16462,16484,16483
32753,16464,16463,16484
32754,16463,16485,16484
32755,16463,16466,16485
32756,16473,16486,16474
32757,16473,16472,16486
32758,16472,16487,16486
32759,16472,16476,16488
32760,16472,16488,16487
32761,16476,16475,16488
32762,15948,16490,16489
32763,15948,15956,16490
32764,16489,16490,16491
32765,16489,16491,16492
32766,16475,16489,16492
32767,16475,16492,16488
32768,16475,16477,16489
32769,16477,15948,16489
32770,15956,15960,16493
32771,15956,16493,16490
32772,15965,15966,16494
32773,15965,16494,15964
32774,15952,16495,15967
32775,15967,16495,15966
32776,15966,16496,16494
32777,15966,16495,16496
32778,16495,16497,16496
32779,16495,16498,16497
32780,15952,16478,16498
32781,15952,16498,16495
32782,16478,16499,16498
32783,16478,16480,16499
32784,16491,16500,16492
32785,16491,16490,16500
32786,15960,16502,16501
32787,15960,15968,16502
32788,16501,16502,16503
32789,16501,16503,16504
32790,16490,16501,16504
32791,16490,16504,16500
32792,16490,16493,16501
32793,16493,15960,16501
32794,15968,15971,16505
32795,15968,16505,16502
32796,15964,16506,16507
32797,15964,16507,15975
32798,15975,16507,15974
32799,15964,16494,16506
32800,16506,16508,16507
32801,16506,16494,16509
32802,16506,16509,16508
32803,16494,16496,16509
32804,16510,16511,16512
32805,16510,16512,16513
32806,16510,16513,16514
32807,16510,16514,16515
32808,16503,16510,16515
32809,16503,16515,16504
32810,16503,16511,16510
32811,16503,16502,16511
32812,15971,15980,16516
32813,15980,16517,16516
32814,15980,15979,16517
32815,16511,16516,16517
32816,16511,16517,16512
32817,16511,16502,16516
32818,16502,16505,16516
32819,16505,15971,16516
32820,15985,15986,16518
32821,15985,16518,15984
32822,15974,16519,15987
32823,15987,16519,15986
32824,15986,16520,16518
32825,15986,16519,16520
32826,16519,16521,16520
32827,16519,16522,16521
32828,15974,16507,16522
32829,15974,16522,16519
32830,16507,16523,16522
32831,16507,16508,16523
32832,16513,16524,16514
32833,16513,16512,16524
32834,15979,16526,16525
32835,15979,15988,16526
32836,16525,16526,16527
32837,16525,16527,16528
32838,16512,16525,16528
32839,16512,16528,16524
32840,16512,16517,16525
32841,16517,15979,16525
32842,15988,15992,16529
32843,15988,16529,16526
32844,15997,15998,16530
32845,15997,16530,15996
32846,15984,16531,15999
32847,15999,16531,15998
32848,15998,16532,16530
32849,15998,16531,16532
32850,16531,16533,16532
32851,16531,16534,16533
32852,15984,16518,16534
32853,15984,16534,16531
32854,16518,16535,16534
32855,16518,16520,16535
32856,16527,16536,16528
32857,16527,16526,16536
32858,15992,16538,16537
32859,15992,16000,16538
32860,16537,16538,16539
32861,16537,16539,16540
32862,16526,16537,16540
32863,16526,16540,16536
32864,16526,16529,16537
32865,16529,15992,16537
32866,16000,16003,16541
32867,16000,16541,16538
32868,15996,16542,16543
32869,15996,16543,16007
32870,16007,16543,16006
32871,15996,16530,16542
32872,16542,16544,16543
32873,16542,16530,16545
32874,16542,16545,16544
32875,16530,16532,16545
32876,16546,16547,16548
32877,16546,16548,16549
32878,16546,16549,16550
32879,16546,16550,16551
32880,16539,16546,16551
32881,16539,16551,16540
32882,16539,16547,16546
32883,16539,16538,16547
32884,16003,16012,16552
32885,16012,16553,16552
32886,16012,16011,16553
32887,16547,16552,16553
32888,16547,16553,16548
32889,16547,16538,16552
32890,16538,16541,16552
32891,16541,16003,16552
32892,16006,16554,16017
32893,16017,16555,16016
32894,16017,16554,16555
32895,16554,16556,16555
32896,16554,16557,16556
32897,16554,16558,16557
32898,16006,16543,16558
32899,16006,16558,16554
32900,16543,16559,16558
32901,16543,16544,16559
32902,16549,16560,16550
32903,16549,16548,16560
32904,16011,16023,16561
32905,16023,16562,16561
32906,16023,16022,16562
32907,16561,16562,16563
32908,16548,16561,16563
32909,16548,16563,16560
32910,16548,16553,16561
32911,16553,16011,16561
32912,16029,16030,16564
32913,16029,16564,16028
32914,16016,16565,16031
32915,16031,16565,16030
32916,16030,16566,16564
32917,16030,16565,16566
32918,16565,16567,16566
32919,16555,16556,16567
32920,16555,16567,16565
32921,16555,16565,16016
32922,16022,16569,16568
32923,16022,16032,16569
32924,16568,16569,16570
32925,16568,16570,16571
32926,16568,16571,16572
32927,16562,16568,16572
32928,16562,16572,16563
32929,16562,16022,16568
32930,16032,16035,16573
32931,16032,16573,16569
32932,16028,16574,16575
32933,16028,16575,16039
32934,16039,16575,16038
32935,16028,16564,16574
32936,16574,16576,16575
32937,16574,16564,16577
32938,16574,16577,16576
32939,16564,16566,16577
32940,16578,16579,16580
32941,16578,16580,16581
32942,16578,16581,16582
32943,16578,16582,16583
32944,16570,16578,16583
32945,16570,16583,16571
32946,16570,16579,16578
32947,16570,16569,16579
32948,16035,16044,16584
32949,16044,16585,16584
32950,16044,16043,16585
32951,16579,16584,16585
32952,16579,16585,16580
32953,16579,16569,16584
32954,16569,16573,16584
32955,16573,16035,16584
32956,16038,16586,16587
32957,16038,16587,16049
32958,16049,16587,16048
32959,16038,16575,16586
32960,16586,16588,16587
32961,16586,16575,16589
32962,16586,16589,16588
32963,16575,16576,16589
32964,16590,16591,16592
32965,16590,16592,16593
32966,16590,16593,16594
32967,16590,16594,16595
32968,16581,16590,16595
32969,16581,16595,16582
32970,16581,16591,16590
32971,16581,16580,16591
32972,16043,16055,16596
32973,16055,16597,16596
32974,16055,16054,16597
32975,16591,16596,16597
32976,16591,16597,16592
32977,16591,16580,16596
32978,16580,16585,16596
32979,16585,16043,16596
32980,16048,16598,16599
32981,16048,16599,16061
32982,16061,16599,16060
32983,16048,16587,16598
32984,16598,16600,16599
32985,16598,16587,16601
32986,16598,16601,16600
32987,16587,16588,16601
32988,16602,16603,16604
32989,16602,16604,16605
32990,16602,16605,16606
32991,16602,16606,16607
32992,16593,16602,16607
32993,16593,16607,16594
32994,16593,16603,16602
32995,16593,16592,16603
32996,16054,16067,16608
32997,16067,16609,16608
32998,16067,16066,16609
32999,16603,16608,16609
33000,16603,16609,16604
33001,16603,16592,16608
33002,16592,16597,16608
33003,16597,16054,16608
33004,16060,16610,16611
33005,16060,16611,16073
33006,16073,16611,16072
33007,16060,16599,16610
33008,16610,16612,16611
33009,16610,16599,16613
33010,16610,16613,16612
33011,16599,16600,16613
33012,16614,16615,16616
33013,16614,16616,16617
33014,16614,16617,16618
33015,16614,16618,16619
33016,16605,16614,16619
33017,16605,16619,16606
33018,16605,16615,16614
33019,16605,16604,16615
33020,16066,16079,16620
33021,16079,16621,16620
33022,16079,16078,16621
33023,16615,16620,16621
33024,16615,16621,16616
33025,16615,16604,16620
33026,16604,16609,16620
33027,16609,16066,16620
33028,16072,16622,16623
33029,16072,16623,16085
33030,16085,16623,16084
33031,16072,16611,16622
33032,16622,16624,16623
33033,16622,16611,16625
33034,16622,16625,16624
33035,16611,16612,16625
33036,16626,16627,16628
33037,16626,16628,16629
33038,16626,16629,16630
33039,16626,16630,16631
33040,16617,16626,16631
33041,16617,16631,16618
33042,16617,16627,16626
33043,16617,16616,16627
33044,16078,16091,16632
33045,16091,16633,16632
33046,16091,16090,16633
33047,16627,16632,16633
33048,16627,16633,16628
33049,16627,16616,16632
33050,16616,16621,16632
33051,16621,16078,16632
33052,16084,16634,16635
33053,16084,16635,16097
33054,16097,16635,16096
33055,16084,16623,16634
33056,16634,16636,16635
33057,16634,16623,16637
33058,16634,16637,16636
33059,16623,16624,16637
33060,16638,16639,16640
33061,16638,16640,16641
33062,16638,16641,16642
33063,16638,16642,16643
33064,16629,16638,16643
33065,16629,16643,16630
33066,16629,16639,16638
33067,16629,16628,16639
33068,16090,16103,16644
33069,16103,16645,16644
33070,16103,16102,16645
33071,16639,16644,16645
33072,16639,16645,16640
33073,16639,16628,16644
33074,16628,16633,16644
33075,16633,16090,16644
33076,16096,16646,16647
33077,16096,16647,16109
33078,16109,16647,16108
33079,16096,16635,16646
33080,16646,16648,16647
33081,16646,16635,16649
33082,16646,16649,16648
33083,16635,16636,16649
33084,16650,16651,16652
33085,16650,16652,16653
33086,16650,16653,16654
33087,16650,16654,16655
33088,16641,16650,16655
33089,16641,16655,16642
33090,16641,16651,16650
33091,16641,16640,16651
33092,16102,16115,16656
33093,16115,16657,16656
33094,16115,16114,16657
33095,16651,16656,16657
33096,16651,16657,16652
33097,16651,16640,16656
33098,16640,16645,16656
33099,16645,16102,16656
33100,16108,16658,16659
33101,16108,16659,16121
33102,16121,16659,16120
33103,16108,16647,16658
33104,16658,16660,16659
33105,16658,16647,16661
33106,16658,16661,16660
33107,16647,16648,16661
33108,16662,16663,16664
33109,16662,16664,16665
33110,16662,16665,16666
33111,16662,16666,16667
33112,16653,16662,16667
33113,16653,16667,16654
33114,16653,16663,16662
33115,16653,16652,16663
33116,16114,16126,16668
33117,16126,16669,16668
33118,16126,16125,16669
33119,16663,16668,16669
33120,16663,16669,16664
33121,16663,16652,16668
33122,16652,16657,16668
33123,16657,16114,16668
33124,16120,16670,16130
33125,16120,16659,16670
33126,16130,16671,16131
33127,16130,16670,16672
33128,16130,16672,16671
33129,16670,16659,16673
33130,16670,16673,16672
33131,16659,16660,16673
33132,16137,16674,16675
33133,16137,16675,16138
33134,16137,16676,16674
33135,16137,16136,16676
33136,16674,16676,16677
33137,16674,16677,16678
33138,16665,16674,16678
33139,16665,16678,16666
33140,16665,16675,16674
33141,16665,16664,16675
33142,16125,16141,16679
33143,16141,16138,16679
33144,16138,16675,16679
33145,16675,16664,16679
33146,16664,16669,16679
33147,16669,16125,16679
33148,16131,16680,16681
33149,16131,16681,16145
33150,16145,16681,16144
33151,16671,16672,16682
33152,16671,16682,16680
33153,16671,16680,16131
33154,16680,16683,16681
33155,16680,16682,16683
33156,16684,16685,16686
33157,16684,16686,16687
33158,16684,16687,16688
33159,16684,16688,16689
33160,16684,16689,16690
33161,16684,16690,16685
33162,16136,16151,16691
33163,16151,16692,16691
33164,16151,16150,16692
33165,16685,16691,16692
33166,16685,16692,16686
33167,16685,16693,16691
33168,16685,16690,16693
33169,16676,16691,16693
33170,16676,16693,16677
33171,16676,16136,16691
33172,16144,16694,16695
33173,16144,16695,16157
33174,16157,16695,16156
33175,16144,16681,16694
33176,16694,16696,16695
33177,16694,16681,16697
33178,16694,16697,16696
33179,16681,16683,16697
33180,16698,16699,16700
33181,16698,16700,16701
33182,16698,16701,16702
33183,16698,16702,16703
33184,16687,16698,16703
33185,16687,16703,16688
33186,16687,16699,16698
33187,16687,16686,16699
33188,16150,16162,16704
33189,16162,16705,16704
33190,16162,16161,16705
33191,16699,16704,16705
33192,16699,16705,16700
33193,16699,16686,16704
33194,16686,16692,16704
33195,16692,16150,16704
33196,16156,16706,16166
33197,16156,16695,16706
33198,16707,16708,16709
33199,16166,16707,16709
33200,16166,16709,16167
33201,16166,16706,16707
33202,16706,16695,16707
33203,16695,16710,16707
33204,16695,16696,16710
33205,16707,16710,16708
33206,16708,16711,16709
33207,16708,16710,16711
33208,16712,16713,16714
33209,16712,16714,16715
33210,16712,16715,16716
33211,16712,16716,16717
33212,16712,16717,16718
33213,16712,16718,16713
33214,16173,16719,16720
33215,16173,16720,16174
33216,16173,16721,16719
33217,16173,16172,16721
33218,16713,16719,16721
33219,16713,16721,16714
33220,16713,16722,16719
33221,16713,16718,16722
33222,16701,16719,16722
33223,16701,16722,16702
33224,16701,16720,16719
33225,16701,16700,16720
33226,16161,16177,16723
33227,16177,16174,16723
33228,16174,16720,16723
33229,16720,16700,16723
33230,16700,16705,16723
33231,16705,16161,16723
33232,16167,16724,16182
33233,16167,16709,16724
33234,16725,16726,16727
33235,16182,16725,16727
33236,16182,16727,16183
33237,16182,16724,16725
33238,16724,16709,16725
33239,16709,16728,16725
33240,16709,16711,16728
33241,16725,16728,16726
33242,16726,16729,16727
33243,16726,16728,16729
33244,16730,16731,16732
33245,16730,16732,16733
33246,16730,16733,16734
33247,16730,16734,16735
33248,16730,16735,16736
33249,16730,16736,16731
33250,16189,16737,16738
33251,16189,16738,16190
33252,16189,16739,16737
33253,16189,16188,16739
33254,16731,16737,16739
33255,16731,16739,16732
33256,16731,16740,16737
33257,16731,16736,16740
33258,16715,16737,16740
33259,16715,16740,16716
33260,16715,16738,16737
33261,16715,16714,16738
33262,16172,16194,16741
33263,16194,16190,16741
33264,16190,16738,16741
33265,16738,16714,16741
33266,16714,16721,16741
33267,16721,16172,16741
33268,16183,16742,16743
33269,16183,16743,16199
33270,16199,16743,16198
33271,16183,16727,16742
33272,16742,16744,16743
33273,16742,16727,16745
33274,16742,16745,16744
33275,16727,16729,16745
33276,16746,16747,16748
33277,16746,16748,16749
33278,16746,16749,16750
33279,16746,16750,16751
33280,16733,16746,16751
33281,16733,16751,16734
33282,16733,16747,16746
33283,16733,16732,16747
33284,16188,16204,16752
33285,16204,16753,16752
33286,16204,16203,16753
33287,16747,16752,16753
33288,16747,16753,16748
33289,16747,16732,16752
33290,16732,16739,16752
33291,16739,16188,16752
33292,16198,16754,16208
33293,16198,16743,16754
33294,16755,16756,16757
33295,16208,16755,16757
33296,16208,16757,16209
33297,16208,16754,16755
33298,16754,16743,16755
33299,16743,16758,16755
33300,16743,16744,16758
33301,16755,16758,16756
33302,16756,16759,16757
33303,16756,16758,16759
33304,16760,16761,16762
33305,16760,16762,16763
33306,16760,16763,16764
33307,16760,16764,16765
33308,16760,16765,16766
33309,16760,16766,16761
33310,16215,16767,16768
33311,16215,16768,16216
33312,16215,16769,16767
33313,16215,16214,16769
33314,16761,16767,16769
33315,16761,16769,16762
33316,16761,16770,16767
33317,16761,16766,16770
33318,16749,16767,16770
33319,16749,16770,16750
33320,16749,16768,16767
33321,16749,16748,16768
33322,16203,16219,16771
33323,16219,16216,16771
33324,16216,16768,16771
33325,16768,16748,16771
33326,16748,16753,16771
33327,16753,16203,16771
33328,16209,16772,16224
33329,16209,16757,16772
33330,16773,16774,16775
33331,16224,16773,16775
33332,16224,16775,16225
33333,16224,16772,16773
33334,16772,16757,16773
33335,16757,16776,16773
33336,16757,16759,16776
33337,16773,16776,16774
33338,16777,16778,16779
33339,16777,16779,16780
33340,16774,16777,16780
33341,16774,16780,16775
33342,16774,16781,16777
33343,16774,16776,16781
33344,16777,16781,16782
33345,16777,16782,16778
33346,16778,16783,16779
33347,16778,16782,16783
33348,16784,16785,16786
33349,16784,16786,16787
33350,16784,16787,16788
33351,16784,16788,16789
33352,16784,16789,16790
33353,16784,16790,16785
33354,16791,16792,16793
33355,16791,16793,16794
33356,16785,16791,16794
33357,16785,16794,16786
33358,16785,16795,16791
33359,16785,16790,16795
33360,16791,16795,16796
33361,16791,16796,16792
33362,16231,16797,16798
33363,16231,16798,16232
33364,16231,16799,16797
33365,16231,16230,16799
33366,16792,16797,16799
33367,16792,16799,16793
33368,16792,16800,16797
33369,16792,16796,16800
33370,16763,16797,16800
33371,16763,16800,16764
33372,16763,16798,16797
33373,16763,16762,16798
33374,16214,16236,16801
33375,16236,16232,16801
33376,16232,16798,16801
33377,16798,16762,16801
33378,16762,16769,16801
33379,16769,16214,16801
33380,16225,16802,16241
33381,16225,16775,16802
33382,16245,16803,16804
33383,16245,16804,16246
33384,16245,16241,16803
33385,16241,16802,16803
33386,16802,16775,16803
33387,16775,16780,16803
33388,16780,16804,16803
33389,16780,16779,16804
33390,16805,16806,16807
33391,16246,16805,16807
33392,16246,16807,16247
33393,16246,16804,16805
33394,16804,16779,16805
33395,16779,16808,16805
33396,16779,16783,16808
33397,16805,16808,16806
33398,16806,16809,16807
33399,16806,16808,16809
33400,16810,16811,16812
33401,16810,16812,16813
33402,16810,16813,16814
33403,16810,16814,16815
33404,16810,16815,16816
33405,16810,16816,16811
33406,16253,16817,16818
33407,16253,16818,16254
33408,16253,16819,16817
33409,16253,16252,16819
33410,16811,16817,16819
33411,16811,16819,16812
33412,16811,16820,16817
33413,16811,16816,16820
33414,16787,16817,16820
33415,16787,16820,16788
33416,16787,16818,16817
33417,16787,16786,16818
33418,16258,16821,16822
33419,16258,16822,16259
33420,16258,16254,16821
33421,16254,16818,16821
33422,16818,16786,16821
33423,16786,16794,16821
33424,16794,16822,16821
33425,16794,16793,16822
33426,16230,16262,16823
33427,16262,16259,16823
33428,16259,16822,16823
33429,16822,16793,16823
33430,16793,16799,16823
33431,16799,16230,16823
33432,16247,16824,16268
33433,16247,16807,16824
33434,16825,16826,16827
33435,16268,16825,16827
33436,16268,16827,16269
33437,16268,16824,16825
33438,16824,16807,16825
33439,16807,16828,16825
33440,16807,16809,16828
33441,16825,16828,16826
33442,16829,16830,16831
33443,16829,16831,16832
33444,16826,16829,16832
33445,16826,16832,16827
33446,16826,16833,16829
33447,16826,16828,16833
33448,16829,16833,16834
33449,16829,16834,16830
33450,16830,16835,16831
33451,16830,16834,16835
33452,16836,16837,16838
33453,16836,16838,16839
33454,16836,16839,16840
33455,16836,16840,16841
33456,16836,16841,16842
33457,16836,16842,16837
33458,16843,16844,16845
33459,16843,16845,16846
33460,16837,16843,16846
33461,16837,16846,16838
33462,16837,16847,16843
33463,16837,16842,16847
33464,16843,16847,16848
33465,16843,16848,16844
33466,16275,16849,16850
33467,16275,16850,16276
33468,16275,16851,16849
33469,16275,16274,16851
33470,16844,16849,16851
33471,16844,16851,16845
33472,16844,16852,16849
33473,16844,16848,16852
33474,16813,16849,16852
33475,16813,16852,16814
33476,16813,16850,16849
33477,16813,16812,16850
33478,16252,16280,16853
33479,16280,16276,16853
33480,16276,16850,16853
33481,16850,16812,16853
33482,16812,16819,16853
33483,16819,16252,16853
33484,16269,16854,16285
33485,16269,16827,16854
33486,16289,16855,16856
33487,16289,16856,16290
33488,16289,16285,16855
33489,16285,16854,16855
33490,16854,16827,16855
33491,16827,16832,16855
33492,16832,16856,16855
33493,16832,16831,16856
33494,16295,16857,16858
33495,16295,16858,16296
33496,16295,16290,16857
33497,16290,16856,16857
33498,16856,16831,16857
33499,16831,16859,16857
33500,16831,16835,16859
33501,16857,16859,16858
33502,16860,16861,16862
33503,16296,16860,16862
33504,16296,16862,16297
33505,16296,16858,16860
33506,16858,16863,16860
33507,16858,16859,16863
33508,16860,16863,16864
33509,16860,16864,16861
33510,16865,16866,16867
33511,16865,16867,16868
33512,16861,16865,16868
33513,16861,16868,16862
33514,16861,16869,16865
33515,16861,16864,16869
33516,16865,16869,16870
33517,16865,16870,16866
33518,16871,16872,16873
33519,16871,16873,16874
33520,16866,16871,16874
33521,16866,16874,16867
33522,16866,16875,16871
33523,16866,16870,16875
33524,16871,16875,16876
33525,16871,16876,16872
33526,16877,16878,16879
33527,16877,16879,16880
33528,16872,16877,16880
33529,16872,16880,16873
33530,16872,16881,16877
33531,16872,16876,16881
33532,16877,16881,16882
33533,16877,16882,16878
33534,16883,16884,16885
33535,16883,16885,16886
33536,16878,16883,16886
33537,16878,16886,16879
33538,16878,16887,16883
33539,16878,16882,16887
33540,16883,16887,16888
33541,16883,16888,16884
33542,16889,16890,16891
33543,16889,16891,16892
33544,16884,16889,16892
33545,16884,16892,16885
33546,16884,16893,16889
33547,16884,16888,16893
33548,16889,16893,16894
33549,16889,16894,16890
33550,16895,16896,16897
33551,16895,16897,16898
33552,16890,16895,16898
33553,16890,16898,16891
33554,16890,16899,16895
33555,16890,16894,16899
33556,16895,16899,16900
33557,16895,16900,16896
33558,16901,16902,16903
33559,16901,16903,16904
33560,16896,16901,16904
33561,16896,16904,16897
33562,16896,16905,16901
33563,16896,16900,16905
33564,16901,16905,16906
33565,16901,16906,16902
33566,16907,16908,16909
33567,16907,16909,16910
33568,16902,16907,16910
33569,16902,16910,16903
33570,16902,16911,16907
33571,16902,16906,16911
33572,16907,16911,16912
33573,16907,16912,16908
33574,16303,16913,16914
33575,16303,16914,16304
33576,16303,16915,16913
33577,16303,16302,16915
33578,16908,16913,16915
33579,16908,16915,16909
33580,16908,16916,16913
33581,16908,16912,16916
33582,16913,16916,16917
33583,16913,16917,16914
33584,16309,16918,16919
33585,16309,16919,16310
33586,16309,16304,16918
33587,16304,16914,16918
33588,16914,16920,16918
33589,16914,16917,16920
33590,16839,16918,16920
33591,16839,16920,16840
33592,16839,16919,16918
33593,16839,16838,16919
33594,16314,16921,16922
33595,16314,16922,16315
33596,16314,16310,16921
33597,16310,16919,16921
33598,16919,16838,16921
33599,16838,16846,16921
33600,16846,16922,16921
33601,16846,16845,16922
33602,16274,16318,16923
33603,16318,16315,16923
33604,16315,16922,16923
33605,16922,16845,16923
33606,16845,16851,16923
33607,16851,16274,16923
33608,16297,16924,16325
33609,16297,16862,16924
33610,16329,16925,16926
33611,16329,16926,16330
33612,16329,16325,16925
33613,16325,16924,16925
33614,16924,16862,16925
33615,16862,16868,16925
33616,16868,16926,16925
33617,16868,16867,16926
33618,16335,16927,16928
33619,16335,16928,16336
33620,16335,16330,16927
33621,16330,16926,16927
33622,16926,16867,16927
33623,16867,16874,16927
33624,16874,16928,16927
33625,16874,16873,16928
33626,16341,16929,16930
33627,16341,16930,16342
33628,16341,16336,16929
33629,16336,16928,16929
33630,16928,16873,16929
33631,16873,16880,16929
33632,16880,16930,16929
33633,16880,16879,16930
33634,16347,16931,16932
33635,16347,16932,16348
33636,16347,16342,16931
33637,16342,16930,16931
33638,16930,16879,16931
33639,16879,16886,16931
33640,16886,16932,16931
33641,16886,16885,16932
33642,16353,16933,16934
33643,16353,16934,16354
33644,16353,16348,16933
33645,16348,16932,16933
33646,16932,16885,16933
33647,16885,16892,16933
33648,16892,16934,16933
33649,16892,16891,16934
33650,16359,16935,16936
33651,16359,16936,16360
33652,16359,16354,16935
33653,16354,16934,16935
33654,16934,16891,16935
33655,16891,16898,16935
33656,16898,16936,16935
33657,16898,16897,16936
33658,16365,16937,16938
33659,16365,16938,16366
33660,16365,16360,16937
33661,16360,16936,16937
33662,16936,16897,16937
33663,16897,16904,16937
33664,16904,16938,16937
33665,16904,16903,16938
33666,16370,16939,16940
33667,16370,16940,16371
33668,16370,16366,16939
33669,16366,16938,16939
33670,16938,16903,16939
33671,16903,16910,16939
33672,16910,16940,16939
33673,16910,16909,16940
33674,16302,16374,16941
33675,16374,16371,16941
33676,16371,16940,16941
33677,16940,16909,16941
33678,16909,16915,16941
33679,16915,16302,16941
33680,16416,16417,16942
33681,16416,16942,16415
33682,16419,16420,16943
33683,16419,16943,16944
33684,16419,16944,16417
33685,16417,16944,16942
33686,16421,16422,16945
33687,16421,16945,16946
33688,16421,16946,16420
33689,16420,16946,16943
33690,16423,16424,16947
33691,16423,16947,16948
33692,16423,16948,16422
33693,16422,16948,16945
33694,16425,16426,16950
33695,16425,16950,16949
33696,16425,16949,16424
33697,16424,16951,16947
33698,16424,16949,16951
33699,16949,16952,16951
33700,16949,16953,16952
33701,16949,16950,16953
33702,16427,16428,16955
33703,16427,16955,16954
33704,16427,16954,16426
33705,16426,16954,16950
33706,16950,16956,16953
33707,16950,16954,16956
33708,16954,16957,16956
33709,16954,16955,16957
33710,16429,16430,16959
33711,16429,16959,16958
33712,16429,16958,16428
33713,16428,16958,16955
33714,16955,16960,16957
33715,16955,16958,16960
33716,16958,16961,16960
33717,16958,16959,16961
33718,16431,16432,16962
33719,16431,16962,16963
33720,16431,16963,16430
33721,16430,16963,16964
33722,16430,16964,16959
33723,16959,16964,16961
33724,16433,16434,16965
33725,16433,16965,16966
33726,16433,16966,16432
33727,16432,16966,16962
33728,16435,16436,16967
33729,16435,16967,16968
33730,16435,16968,16434
33731,16434,16968,16965
33732,16438,16439,16969
33733,16438,16969,16970
33734,16438,16970,16436
33735,16436,16970,16967
33736,16439,16442,16971
33737,16439,16971,16969
33738,16449,16450,16972
33739,16449,16972,16448
33740,16451,16452,16973
33741,16451,16973,16974
33742,16451,16974,16450
33743,16450,16974,16972
33744,16415,16975,16453
33745,16453,16975,16452
33746,16452,16976,16973
33747,16452,16975,16976
33748,16975,16977,16976
33749,16975,16978,16977
33750,16415,16942,16978
33751,16415,16978,16975
33752,16942,16979,16978
33753,16942,16944,16980
33754,16942,16980,16979
33755,16944,16943,16980
33756,16943,16981,16980
33757,16943,16946,16982
33758,16943,16982,16981
33759,16946,16945,16982
33760,16945,16983,16982
33761,16945,16948,16984
33762,16945,16984,16983
33763,16948,16947,16984
33764,16947,16985,16984
33765,16947,16951,16985
33766,16963,16986,16964
33767,16963,16962,16986
33768,16962,16987,16986
33769,16962,16966,16988
33770,16962,16988,16987
33771,16966,16965,16988
33772,16965,16989,16988
33773,16965,16968,16990
33774,16965,16990,16989
33775,16968,16967,16990
33776,16967,16991,16990
33777,16967,16970,16992
33778,16967,16992,16991
33779,16970,16969,16992
33780,16442,16994,16993
33781,16442,16454,16994
33782,16993,16994,16995
33783,16993,16995,16996
33784,16969,16993,16996
33785,16969,16996,16992
33786,16969,16971,16993
33787,16971,16442,16993
33788,16455,16456,16997
33789,16455,16997,16998
33790,16455,16998,16454
33791,16454,16998,16994
33792,16456,16460,16999
33793,16456,16999,16997
33794,16467,16468,17000
33795,16467,17000,16466
33796,16448,17001,16469
33797,16469,17001,16468
33798,16468,17002,17000
33799,16468,17001,17002
33800,17001,17003,17002
33801,17001,17004,17003
33802,16448,16972,17004
33803,16448,17004,17001
33804,16972,17005,17004
33805,16972,16974,17006
33806,16972,17006,17005
33807,16974,16973,17006
33808,16973,17007,17006
33809,16973,16976,17007
33810,16995,17008,16996
33811,16995,16994,17008
33812,16994,17009,17008
33813,16994,16998,17010
33814,16994,17010,17009
33815,16998,16997,17010
33816,16460,17012,17011
33817,16460,16470,17012
33818,17011,17012,17013
33819,17011,17013,17014
33820,16997,17011,17014
33821,16997,17014,17010
33822,16997,16999,17011
33823,16999,16460,17011
33824,16470,16474,17015
33825,16470,17015,17012
33826,16481,16482,17016
33827,16481,17016,16480
33828,16483,16484,17017
33829,16483,17017,17018
33830,16483,17018,16482
33831,16482,17018,17016
33832,16466,17019,16485
33833,16485,17019,16484
33834,16484,17020,17017
33835,16484,17019,17020
33836,17019,17021,17020
33837,17019,17022,17021
33838,16466,17000,17022
33839,16466,17022,17019
33840,17000,17023,17022
33841,17000,17002,17023
33842,17013,17024,17014
33843,17013,17012,17024
33844,16474,17026,17025
33845,16474,16486,17026
33846,17025,17026,17027
33847,17025,17027,17028
33848,17012,17025,17028
33849,17012,17028,17024
33850,17012,17015,17025
33851,17015,16474,17025
33852,16487,16488,17029
33853,16487,17029,17030
33854,16487,17030,16486
33855,16486,17030,17026
33856,16488,16492,17031
33857,16488,17031,17029
33858,16497,16498,17032
33859,16497,17032,16496
33860,16480,17033,17034
33861,16480,17034,16499
33862,16499,17034,17035
33863,16499,17035,16498
33864,16498,17035,17032
33865,16480,17016,17033
33866,17033,17036,17034
33867,17033,17016,17037
33868,17033,17037,17036
33869,17016,17018,17038
33870,17016,17038,17037
33871,17018,17017,17038
33872,17017,17039,17038
33873,17017,17020,17039
33874,17027,17040,17028
33875,17027,17026,17040
33876,17041,17042,17043
33877,17041,17043,17044
33878,17041,17044,17045
33879,17026,17041,17045
33880,17026,17045,17040
33881,17026,17030,17041
33882,17030,17042,17041
33883,17030,17029,17042
33884,16492,17047,17046
33885,16492,16500,17047
33886,17046,17047,17048
33887,17042,17046,17048
33888,17042,17048,17043
33889,17042,17029,17046
33890,17029,17031,17046
33891,17031,16492,17046
33892,16500,16504,17049
33893,16500,17049,17047
33894,16496,17050,17051
33895,16496,17051,16509
33896,16509,17051,16508
33897,16496,17032,17050
33898,17050,17052,17051
33899,17050,17032,17053
33900,17050,17053,17052
33901,17032,17035,17054
33902,17032,17054,17053
33903,17035,17034,17054
33904,17034,17055,17054
33905,17034,17036,17055
33906,17044,17056,17045
33907,17044,17043,17056
33908,17057,17058,17059
33909,17057,17059,17060
33910,17057,17060,17061
33911,17043,17057,17061
33912,17043,17061,17056
33913,17043,17048,17057
33914,17048,17058,17057
33915,17048,17047,17058
33916,16504,16515,17062
33917,16515,17063,17062
33918,16515,16514,17063
33919,17058,17062,17063
33920,17058,17063,17059
33921,17058,17047,17062
33922,17047,17049,17062
33923,17049,16504,17062
33924,16521,16522,17064
33925,16521,17064,16520
33926,16508,17065,16523
33927,16523,17065,16522
33928,16522,17066,17064
33929,16522,17065,17066
33930,17065,17067,17066
33931,17065,17068,17067
33932,16508,17051,17068
33933,16508,17068,17065
33934,17051,17069,17068
33935,17051,17052,17069
33936,17060,17070,17061
33937,17060,17059,17070
33938,16514,17072,17071
33939,16514,16524,17072
33940,17071,17072,17073
33941,17071,17073,17074
33942,17059,17071,17074
33943,17059,17074,17070
33944,17059,17063,17071
33945,17063,16514,17071
33946,16524,16528,17075
33947,16524,17075,17072
33948,16533,16534,17076
33949,16533,17076,16532
33950,16520,17077,16535
33951,16535,17077,16534
33952,16534,17078,17076
33953,16534,17077,17078
33954,17077,17079,17078
33955,17077,17080,17079
33956,16520,17064,17080
33957,16520,17080,17077
33958,17064,17081,17080
33959,17064,17066,17081
33960,17073,17082,17074
33961,17073,17072,17082
33962,16528,17084,17083
33963,16528,16536,17084
33964,17083,17084,17085
33965,17083,17085,17086
33966,17072,17083,17086
33967,17072,17086,17082
33968,17072,17075,17083
33969,17075,16528,17083
33970,16536,16540,17087
33971,16536,17087,17084
33972,16532,17088,17089
33973,16532,17089,16545
33974,16545,17089,16544
33975,16532,17076,17088
33976,17088,17090,17089
33977,17088,17076,17091
33978,17088,17091,17090
33979,17076,17078,17091
33980,17092,17093,17094
33981,17092,17094,17095
33982,17092,17095,17096
33983,17092,17096,17097
33984,17085,17092,17097
33985,17085,17097,17086
33986,17085,17093,17092
33987,17085,17084,17093
33988,16540,16551,17098
33989,16551,17099,17098
33990,16551,16550,17099
33991,17093,17098,17099
33992,17093,17099,17094
33993,17093,17084,17098
33994,17084,17087,17098
33995,17087,16540,17098
33996,16557,16558,17100
33997,16557,17100,16556
33998,16544,17101,16559
33999,16559,17101,16558
34000,16558,17102,17100
34001,16558,17101,17102
34002,17101,17103,17102
34003,17101,17104,17103
34004,16544,17089,17104
34005,16544,17104,17101
34006,17089,17105,17104
34007,17089,17090,17105
34008,17095,17106,17096
34009,17095,17094,17106
34010,16550,17108,17107
34011,16550,16560,17108
34012,17107,17108,17109
34013,17107,17109,17110
34014,17094,17107,17110
34015,17094,17110,17106
34016,17094,17099,17107
34017,17099,16550,17107
34018,16560,16563,17111
34019,16560,17111,17108
34020,16556,17112,17113
34021,16556,17113,16567
34022,16567,17113,16566
34023,16556,17100,17112
34024,17112,17114,17113
34025,17112,17100,17115
34026,17112,17115,17114
34027,17100,17102,17115
34028,17116,17117,17118
34029,17116,17118,17119
34030,17116,17119,17120
34031,17116,17120,17121
34032,17109,17116,17121
34033,17109,17121,17110
34034,17109,17117,17116
34035,17109,17108,17117
34036,16563,16572,17122
34037,16572,17123,17122
34038,16572,16571,17123
34039,17117,17122,17123
34040,17117,17123,17118
34041,17117,17108,17122
34042,17108,17111,17122
34043,17111,16563,17122
34044,16566,17124,17125
34045,16566,17125,16577
34046,16577,17125,16576
34047,16566,17113,17124
34048,17124,17126,17125
34049,17124,17113,17127
34050,17124,17127,17126
34051,17113,17114,17127
34052,17128,17129,17130
34053,17128,17130,17131
34054,17128,17131,17132
34055,17128,17132,17133
34056,17119,17128,17133
34057,17119,17133,17120
34058,17119,17129,17128
34059,17119,17118,17129
34060,16571,16583,17134
34061,16583,17135,17134
34062,16583,16582,17135
34063,17129,17134,17135
34064,17129,17135,17130
34065,17129,17118,17134
34066,17118,17123,17134
34067,17123,16571,17134
34068,16576,17136,17137
34069,16576,17137,16589
34070,16589,17137,16588
34071,16576,17125,17136
34072,17136,17138,17137
34073,17136,17125,17139
34074,17136,17139,17138
34075,17125,17126,17139
34076,17140,17141,17142
34077,17140,17142,17143
34078,17140,17143,17144
34079,17140,17144,17145
34080,17131,17140,17145
34081,17131,17145,17132
34082,17131,17141,17140
34083,17131,17130,17141
34084,16582,16595,17146
34085,16595,17147,17146
34086,16595,16594,17147
34087,17141,17146,17147
34088,17141,17147,17142
34089,17141,17130,17146
34090,17130,17135,17146
34091,17135,16582,17146
34092,16588,17148,16601
34093,16601,17149,16600
34094,16601,17148,17149
34095,17148,17150,17149
34096,17148,17151,17150
34097,17148,17152,17151
34098,16588,17137,17152
34099,16588,17152,17148
34100,17137,17153,17152
34101,17137,17138,17153
34102,17143,17154,17144
34103,17143,17142,17154
34104,16594,16607,17155
34105,16607,17156,17155
34106,16607,16606,17156
34107,17155,17156,17157
34108,17142,17155,17157
34109,17142,17157,17154
34110,17142,17147,17155
34111,17147,16594,17155
34112,16600,17158,16613
34113,16613,17159,16612
34114,16613,17158,17159
34115,17158,17160,17159
34116,17158,17161,17160
34117,17149,17150,17161
34118,17149,17161,17158
34119,17149,17158,16600
34120,16606,16619,17162
34121,16619,17163,17162
34122,16619,16618,17163
34123,17162,17163,17164
34124,17162,17164,17165
34125,17156,17162,17165
34126,17156,17165,17157
34127,17156,16606,17162
34128,16612,17166,16625
34129,16625,17167,16624
34130,16625,17166,17167
34131,17166,17168,17167
34132,17166,17169,17168
34133,17159,17160,17169
34134,17159,17169,17166
34135,17159,17166,16612
34136,16618,16631,17170
34137,16631,17171,17170
34138,16631,16630,17171
34139,17170,17171,17172
34140,17170,17172,17173
34141,17163,17170,17173
34142,17163,17173,17164
34143,17163,16618,17170
34144,16624,17174,17175
34145,16624,17175,16637
34146,16637,17175,16636
34147,17167,17168,17176
34148,17167,17176,17174
34149,17167,17174,16624
34150,17174,17177,17175
34151,17174,17176,17177
34152,17178,17179,17180
34153,17178,17180,17181
34154,17178,17181,17182
34155,17178,17182,17183
34156,17178,17183,17184
34157,17178,17184,17179
34158,16630,16643,17185
34159,16643,17186,17185
34160,16643,16642,17186
34161,17179,17185,17186
34162,17179,17186,17180
34163,17179,17187,17185
34164,17179,17184,17187
34165,17171,17185,17187
34166,17171,17187,17172
34167,17171,16630,17185
34168,16636,17188,17189
34169,16636,17189,16649
34170,16649,17189,16648
34171,16636,17175,17188
34172,17188,17190,17189
34173,17188,17175,17191
34174,17188,17191,17190
34175,17175,17177,17191
34176,17192,17193,17194
34177,17192,17194,17195
34178,17192,17195,17196
34179,17192,17196,17197
34180,17181,17192,17197
34181,17181,17197,17182
34182,17181,17193,17192
34183,17181,17180,17193
34184,16642,16655,17198
34185,16655,17199,17198
34186,16655,16654,17199
34187,17193,17198,17199
34188,17193,17199,17194
34189,17193,17180,17198
34190,17180,17186,17198
34191,17186,16642,17198
34192,16648,17200,17201
34193,16648,17201,16661
34194,16661,17201,16660
34195,16648,17189,17200
34196,17200,17202,17201
34197,17200,17189,17203
34198,17200,17203,17202
34199,17189,17190,17203
34200,17204,17205,17206
34201,17204,17206,17207
34202,17204,17207,17208
34203,17204,17208,17209
34204,17195,17204,17209
34205,17195,17209,17196
34206,17195,17205,17204
34207,17195,17194,17205
34208,16654,16667,17210
34209,16667,17211,17210
34210,16667,16666,17211
34211,17205,17210,17211
34212,17205,17211,17206
34213,17205,17194,17210
34214,17194,17199,17210
34215,17199,16654,17210
34216,16660,17212,17213
34217,16660,17213,16673
34218,16673,17213,16672
34219,16660,17201,17212
34220,17212,17214,17213
34221,17212,17201,17215
34222,17212,17215,17214
34223,17201,17202,17215
34224,17216,17217,17218
34225,17216,17218,17219
34226,17216,17219,17220
34227,17216,17220,17221
34228,17207,17216,17221
34229,17207,17221,17208
34230,17207,17217,17216
34231,17207,17206,17217
34232,16666,16678,17222
34233,16678,17223,17222
34234,16678,16677,17223
34235,17217,17222,17223
34236,17217,17223,17218
34237,17217,17206,17222
34238,17206,17211,17222
34239,17211,16666,17222
34240,16672,17224,16682
34241,16672,17213,17224
34242,17225,17226,17227
34243,16682,17225,17227
34244,16682,17227,16683
34245,16682,17224,17225
34246,17224,17213,17225
34247,17213,17228,17225
34248,17213,17214,17228
34249,17225,17228,17226
34250,17226,17229,17227
34251,17226,17228,17229
34252,17230,17231,17232
34253,17230,17232,17233
34254,17230,17233,17234
34255,17230,17234,17235
34256,17230,17235,17236
34257,17230,17236,17231
34258,16689,17237,17238
34259,16689,17238,16690
34260,16689,17239,17237
34261,16689,16688,17239
34262,17231,17237,17239
34263,17231,17239,17232
34264,17231,17240,17237
34265,17231,17236,17240
34266,17219,17237,17240
34267,17219,17240,17220
34268,17219,17238,17237
34269,17219,17218,17238
34270,16677,16693,17241
34271,16693,16690,17241
34272,16690,17238,17241
34273,17238,17218,17241
34274,17218,17223,17241
34275,17223,16677,17241
34276,16683,17242,17243
34277,16683,17243,16697
34278,16697,17243,16696
34279,16683,17227,17242
34280,17242,17244,17243
34281,17242,17227,17245
34282,17242,17245,17244
34283,17227,17229,17245
34284,17246,17247,17248
34285,17246,17248,17249
34286,17246,17249,17250
34287,17246,17250,17251
34288,17233,17246,17251
34289,17233,17251,17234
34290,17233,17247,17246
34291,17233,17232,17247
34292,16688,16703,17252
34293,16703,17253,17252
34294,16703,16702,17253
34295,17247,17252,17253
34296,17247,17253,17248
34297,17247,17232,17252
34298,17232,17239,17252
34299,17239,16688,17252
34300,16696,17254,16710
34301,16696,17243,17254
34302,17255,17256,17257
34303,16710,17255,17257
34304,16710,17257,16711
34305,16710,17254,17255
34306,17254,17243,17255
34307,17243,17258,17255
34308,17243,17244,17258
34309,17255,17258,17256
34310,17256,17259,17257
34311,17256,17258,17259
34312,17260,17261,17262
34313,17260,17262,17263
34314,17260,17263,17264
34315,17260,17264,17265
34316,17260,17265,17266
34317,17260,17266,17261
34318,16717,17267,17268
34319,16717,17268,16718
34320,16717,17269,17267
34321,16717,16716,17269
34322,17261,17267,17269
34323,17261,17269,17262
34324,17261,17270,17267
34325,17261,17266,17270
34326,17249,17267,17270
34327,17249,17270,17250
34328,17249,17268,17267
34329,17249,17248,17268
34330,16702,16722,17271
34331,16722,16718,17271
34332,16718,17268,17271
34333,17268,17248,17271
34334,17248,17253,17271
34335,17253,16702,17271
34336,16711,17272,16728
34337,16711,17257,17272
34338,17273,17274,17275
34339,16728,17273,17275
34340,16728,17275,16729
34341,16728,17272,17273
34342,17272,17257,17273
34343,17257,17276,17273
34344,17257,17259,17276
34345,17273,17276,17274
34346,17274,17277,17275
34347,17274,17276,17277
34348,17278,17279,17280
34349,17278,17280,17281
34350,17278,17281,17282
34351,17278,17282,17283
34352,17278,17283,17284
34353,17278,17284,17279
34354,16735,17285,17286
34355,16735,17286,16736
34356,16735,17287,17285
34357,16735,16734,17287
34358,17279,17285,17287
34359,17279,17287,17280
34360,17279,17288,17285
34361,17279,17284,17288
34362,17263,17285,17288
34363,17263,17288,17264
34364,17263,17286,17285
34365,17263,17262,17286
34366,16716,16740,17289
34367,16740,16736,17289
34368,16736,17286,17289
34369,17286,17262,17289
34370,17262,17269,17289
34371,17269,16716,17289
34372,16729,17290,17291
34373,16729,17291,16745
34374,16745,17291,16744
34375,16729,17275,17290
34376,17292,17293,17294
34377,17292,17294,17295
34378,17290,17292,17295
34379,17290,17295,17291
34380,17290,17275,17292
34381,17275,17296,17292
34382,17275,17277,17296
34383,17292,17296,17293
34384,17293,17297,17294
34385,17293,17296,17297
34386,17298,17299,17300
34387,17298,17300,17301
34388,17298,17301,17302
34389,17298,17302,17303
34390,17298,17303,17304
34391,17298,17304,17299
34392,17305,17306,17307
34393,17305,17307,17308
34394,17299,17305,17308
34395,17299,17308,17300
34396,17299,17309,17305
34397,17299,17304,17309
34398,17281,17305,17309
34399,17281,17309,17282
34400,17281,17306,17305
34401,17281,17280,17306
34402,16734,16751,17310
34403,16751,17311,17310
34404,16751,16750,17311
34405,17306,17310,17311
34406,17306,17311,17307
34407,17306,17280,17310
34408,17280,17287,17310
34409,17287,16734,17310
34410,16744,17312,16758
34411,16744,17291,17312
34412,17313,17314,17315
34413,16758,17313,17315
34414,16758,17315,16759
34415,16758,17312,17313
34416,17312,17291,17313
34417,17291,17295,17313
34418,17295,17314,17313
34419,17295,17294,17314
34420,17316,17317,17318
34421,17316,17318,17319
34422,17314,17316,17319
34423,17314,17319,17315
34424,17314,17294,17316
34425,17294,17320,17316
34426,17294,17297,17320
34427,17316,17320,17317
34428,17317,17321,17318
34429,17317,17320,17321
34430,17322,17323,17324
34431,17322,17324,17325
34432,17322,17325,17326
34433,17322,17326,17327
34434,17322,17327,17328
34435,17322,17328,17323
34436,17329,17330,17331
34437,17329,17331,17332
34438,17323,17329,17332
34439,17323,17332,17324
34440,17323,17333,17329
34441,17323,17328,17333
34442,17301,17329,17333
34443,17301,17333,17302
34444,17301,17330,17329
34445,17301,17300,17330
34446,16765,17334,17335
34447,16765,17335,16766
34448,16765,17336,17334
34449,16765,16764,17336
34450,17330,17334,17336
34451,17330,17336,17331
34452,17330,17300,17334
34453,17300,17308,17334
34454,17308,17335,17334
34455,17308,17307,17335
34456,16750,16770,17337
34457,16770,16766,17337
34458,16766,17335,17337
34459,17335,17307,17337
34460,17307,17311,17337
34461,17311,16750,17337
34462,16759,17338,16776
34463,16759,17315,17338
34464,16781,17339,17340
34465,16781,17340,16782
34466,16781,16776,17339
34467,16776,17338,17339
34468,17338,17315,17339
34469,17315,17319,17339
34470,17319,17340,17339
34471,17319,17318,17340
34472,17341,17342,17343
34473,16782,17341,17343
34474,16782,17343,16783
34475,16782,17340,17341
34476,17340,17318,17341
34477,17318,17344,17341
34478,17318,17321,17344
34479,17341,17344,17342
34480,17342,17345,17343
34481,17342,17344,17345
34482,17346,17347,17348
34483,17346,17348,17349
34484,17346,17349,17350
34485,17346,17350,17351
34486,17346,17351,17352
34487,17346,17352,17347
34488,16789,17353,17354
34489,16789,17354,16790
34490,16789,17355,17353
34491,16789,16788,17355
34492,17347,17353,17355
34493,17347,17355,17348
34494,17347,17356,17353
34495,17347,17352,17356
34496,17325,17353,17356
34497,17325,17356,17326
34498,17325,17354,17353
34499,17325,17324,17354
34500,16795,17357,17358
34501,16795,17358,16796
34502,16795,16790,17357
34503,16790,17354,17357
34504,17354,17324,17357
34505,17324,17332,17357
34506,17332,17358,17357
34507,17332,17331,17358
34508,16764,16800,17359
34509,16800,16796,17359
34510,16796,17358,17359
34511,17358,17331,17359
34512,17331,17336,17359
34513,17336,16764,17359
34514,16783,17360,16808
34515,16783,17343,17360
34516,17361,17362,17363
34517,16808,17361,17363
34518,16808,17363,16809
34519,16808,17360,17361
34520,17360,17343,17361
34521,17343,17364,17361
34522,17343,17345,17364
34523,17361,17364,17362
34524,17365,17366,17367
34525,17365,17367,17368
34526,17362,17365,17368
34527,17362,17368,17363
34528,17362,17369,17365
34529,17362,17364,17369
34530,17365,17369,17370
34531,17365,17370,17366
34532,17366,17371,17367
34533,17366,17370,17371
34534,17372,17373,17374
34535,17372,17374,17375
34536,17372,17375,17376
34537,17372,17376,17377
34538,17372,17377,17378
34539,17372,17378,17373
34540,17379,17380,17381
34541,17379,17381,17382
34542,17373,17379,17382
34543,17373,17382,17374
34544,17373,17383,17379
34545,17373,17378,17383
34546,17379,17383,17384
34547,17379,17384,17380
34548,16815,17385,17386
34549,16815,17386,16816
34550,16815,17387,17385
34551,16815,16814,17387
34552,17380,17385,17387
34553,17380,17387,17381
34554,17380,17388,17385
34555,17380,17384,17388
34556,17349,17385,17388
34557,17349,17388,17350
34558,17349,17386,17385
34559,17349,17348,17386
34560,16788,16820,17389
34561,16820,16816,17389
34562,16816,17386,17389
34563,17386,17348,17389
34564,17348,17355,17389
34565,17355,16788,17389
34566,16809,17390,16828
34567,16809,17363,17390
34568,16833,17391,17392
34569,16833,17392,16834
34570,16833,16828,17391
34571,16828,17390,17391
34572,17390,17363,17391
34573,17363,17368,17391
34574,17368,17392,17391
34575,17368,17367,17392
34576,17393,17394,17395
34577,16834,17393,17395
34578,16834,17395,16835
34579,16834,17392,17393
34580,17392,17367,17393
34581,17367,17396,17393
34582,17367,17371,17396
34583,17393,17396,17394
34584,17397,17398,17399
34585,17397,17399,17400
34586,17394,17397,17400
34587,17394,17400,17395
34588,17394,17401,17397
34589,17394,17396,17401
34590,17397,17401,17402
34591,17397,17402,17398
34592,17403,17404,17405
34593,17403,17405,17406
34594,17398,17403,17406
34595,17398,17406,17399
34596,17398,17407,17403
34597,17398,17402,17407
34598,17403,17407,17408
34599,17403,17408,17404
34600,17409,17410,17411
34601,17409,17411,17412
34602,17404,17409,17412
34603,17404,17412,17405
34604,17404,17413,17409
34605,17404,17408,17413
34606,17409,17413,17414
34607,17409,17414,17410
34608,17410,17415,17411
34609,17410,17414,17415
34610,17416,17417,17418
34611,17416,17418,17419
34612,17416,17419,17420
34613,17416,17420,17421
34614,17416,17421,17422
34615,17416,17422,17417
34616,17423,17424,17425
34617,17423,17425,17426
34618,17417,17423,17426
34619,17417,17426,17418
34620,17417,17427,17423
34621,17417,17422,17427
34622,17423,17427,17428
34623,17423,17428,17424
34624,17429,17430,17431
34625,17429,17431,17432
34626,17424,17429,17432
34627,17424,17432,17425
34628,17424,17433,17429
34629,17424,17428,17433
34630,17429,17433,17434
34631,17429,17434,17430
34632,17435,17436,17437
34633,17435,17437,17438
34634,17430,17435,17438
34635,17430,17438,17431
34636,17430,17439,17435
34637,17430,17434,17439
34638,17435,17439,17440
34639,17435,17440,17436
34640,16841,17441,17442
34641,16841,17442,16842
34642,16841,17443,17441
34643,16841,16840,17443
34644,17436,17441,17443
34645,17436,17443,17437
34646,17436,17444,17441
34647,17436,17440,17444
34648,17375,17441,17444
34649,17375,17444,17376
34650,17375,17442,17441
34651,17375,17374,17442
34652,16847,17445,17446
34653,16847,17446,16848
34654,16847,16842,17445
34655,16842,17442,17445
34656,17442,17374,17445
34657,17374,17382,17445
34658,17382,17446,17445
34659,17382,17381,17446
34660,16814,16852,17447
34661,16852,16848,17447
34662,16848,17446,17447
34663,17446,17381,17447
34664,17381,17387,17447
34665,17387,16814,17447
34666,16835,17448,16859
34667,16835,17395,17448
34668,16863,17449,17450
34669,16863,17450,16864
34670,16863,16859,17449
34671,16859,17448,17449
34672,17448,17395,17449
34673,17395,17400,17449
34674,17400,17450,17449
34675,17400,17399,17450
34676,16869,17451,17452
34677,16869,17452,16870
34678,16869,16864,17451
34679,16864,17450,17451
34680,17450,17399,17451
34681,17399,17406,17451
34682,17406,17452,17451
34683,17406,17405,17452
34684,16875,17453,17454
34685,16875,17454,16876
34686,16875,16870,17453
34687,16870,17452,17453
34688,17452,17405,17453
34689,17405,17412,17453
34690,17412,17454,17453
34691,17412,17411,17454
34692,16881,17455,17456
34693,16881,17456,16882
34694,16881,16876,17455
34695,16876,17454,17455
34696,17454,17411,17455
34697,17411,17457,17455
34698,17411,17415,17457
34699,17455,17457,17456
34700,16887,17458,17459
34701,16887,17459,16888
34702,16887,16882,17458
34703,16882,17456,17458
34704,17456,17460,17458
34705,17456,17457,17460
34706,17458,17460,17461
34707,17458,17461,17459
34708,16893,17462,17463
34709,16893,17463,16894
34710,16893,16888,17462
34711,16888,17459,17462
34712,17459,17464,17462
34713,17459,17461,17464
34714,17462,17464,17465
34715,17462,17465,17463
34716,16899,17466,17467
34717,16899,17467,16900
34718,16899,16894,17466
34719,16894,17463,17466
34720,17463,17468,17466
34721,17463,17465,17468
34722,17419,17466,17468
34723,17419,17468,17420
34724,17419,17467,17466
34725,17419,17418,17467
34726,16905,17469,17470
34727,16905,17470,16906
34728,16905,16900,17469
34729,16900,17467,17469
34730,17467,17418,17469
34731,17418,17426,17469
34732,17426,17470,17469
34733,17426,17425,17470
34734,16911,17471,17472
34735,16911,17472,16912
34736,16911,16906,17471
34737,16906,17470,17471
34738,17470,17425,17471
34739,17425,17432,17471
34740,17432,17472,17471
34741,17432,17431,17472
34742,16916,17473,17474
34743,16916,17474,16917
34744,16916,16912,17473
34745,16912,17472,17473
34746,17472,17431,17473
34747,17431,17438,17473
34748,17438,17474,17473
34749,17438,17437,17474
34750,16840,16920,17475
34751,16920,16917,17475
34752,16917,17474,17475
34753,17474,17437,17475
34754,17437,17443,17475
34755,17443,16840,17475
34756,16952,16953,17476
34757,16952,17476,16951
34758,16956,16957,17477
34759,16956,17477,17478
34760,16956,17478,16953
34761,16953,17478,17476
34762,16960,16961,17479
34763,16960,17479,17480
34764,16960,17480,16957
34765,16957,17480,17477
34766,16961,16964,17481
34767,16961,17481,17479
34768,16977,16978,17482
34769,16977,17482,16976
34770,16979,16980,17483
34771,16979,17483,17484
34772,16979,17484,16978
34773,16978,17484,17482
34774,16981,16982,17485
34775,16981,17485,17486
34776,16981,17486,16980
34777,16980,17486,17483
34778,16983,16984,17487
34779,16983,17487,17488
34780,16983,17488,16982
34781,16982,17488,17485
34782,16951,17489,16985
34783,16985,17489,16984
34784,16984,17490,17487
34785,16984,17489,17490
34786,17489,17491,17490
34787,17489,17492,17491
34788,16951,17476,17492
34789,16951,17492,17489
34790,17476,17493,17492
34791,17476,17478,17494
34792,17476,17494,17493
34793,17478,17477,17494
34794,17477,17495,17494
34795,17477,17480,17496
34796,17477,17496,17495
34797,17480,17479,17496
34798,16964,17498,17497
34799,16964,16986,17498
34800,17497,17498,17499
34801,17497,17499,17500
34802,17479,17497,17500
34803,17479,17500,17496
34804,17479,17481,17497
34805,17481,16964,17497
34806,16987,16988,17501
34807,16987,17501,17502
34808,16987,17502,16986
34809,16986,17502,17498
34810,16989,16990,17503
34811,16989,17503,17504
34812,16989,17504,16988
34813,16988,17504,17501
34814,16991,16992,17505
34815,16991,17505,17506
34816,16991,17506,16990
34817,16990,17506,17503
34818,16992,16996,17507
34819,16992,17507,17505
34820,17003,17004,17508
34821,17003,17508,17002
34822,17005,17006,17509
34823,17005,17509,17510
34824,17005,17510,17004
34825,17004,17510,17508
34826,16976,17511,17007
34827,17007,17511,17006
34828,17006,17512,17509
34829,17006,17511,17512
34830,17511,17513,17512
34831,17511,17514,17513
34832,16976,17482,17514
34833,16976,17514,17511
34834,17482,17515,17514
34835,17482,17484,17516
34836,17482,17516,17515
34837,17484,17483,17516
34838,17483,17517,17516
34839,17483,17486,17518
34840,17483,17518,17517
34841,17486,17485,17518
34842,17485,17519,17518
34843,17485,17488,17520
34844,17485,17520,17519
34845,17488,17487,17520
34846,17487,17521,17520
34847,17487,17490,17521
34848,17499,17522,17500
34849,17499,17498,17522
34850,17498,17523,17522
34851,17498,17502,17524
34852,17498,17524,17523
34853,17502,17501,17524
34854,17501,17525,17524
34855,17501,17504,17526
34856,17501,17526,17525
34857,17504,17503,17526
34858,17503,17527,17526
34859,17503,17506,17528
34860,17503,17528,17527
34861,17506,17505,17528
34862,16996,17530,17529
34863,16996,17008,17530
34864,17529,17530,17531
34865,17529,17531,17532
34866,17505,17529,17532
34867,17505,17532,17528
34868,17505,17507,17529
34869,17507,16996,17529
34870,17009,17010,17533
34871,17009,17533,17534
34872,17009,17534,17008
34873,17008,17534,17530
34874,17010,17014,17535
34875,17010,17535,17533
34876,17021,17022,17536
34877,17021,17536,17020
34878,17002,17537,17023
34879,17023,17537,17022
34880,17022,17538,17536
34881,17022,17537,17538
34882,17537,17539,17538
34883,17537,17540,17539
34884,17002,17508,17540
34885,17002,17540,17537
34886,17508,17541,17540
34887,17508,17510,17542
34888,17508,17542,17541
34889,17510,17509,17542
34890,17509,17543,17542
34891,17509,17512,17543
34892,17531,17544,17532
34893,17531,17530,17544
34894,17530,17545,17544
34895,17530,17534,17546
34896,17530,17546,17545
34897,17534,17533,17546
34898,17014,17548,17547
34899,17014,17024,17548
34900,17547,17548,17549
34901,17547,17549,17550
34902,17533,17547,17550
34903,17533,17550,17546
34904,17533,17535,17547
34905,17535,17014,17547
34906,17024,17028,17551
34907,17024,17551,17548
34908,17037,17038,17552
34909,17037,17552,17036
34910,17020,17553,17039
34911,17039,17553,17038
34912,17038,17554,17552
34913,17038,17553,17554
34914,17553,17555,17554
34915,17553,17556,17555
34916,17020,17536,17556
34917,17020,17556,17553
34918,17536,17557,17556
34919,17536,17538,17557
34920,17549,17558,17550
34921,17549,17548,17558
34922,17028,17560,17559
34923,17028,17040,17560
34924,17559,17560,17561
34925,17559,17561,17562
34926,17548,17559,17562
34927,17548,17562,17558
34928,17548,17551,17559
34929,17551,17028,17559
34930,17040,17045,17563
34931,17040,17563,17560
34932,17053,17054,17564
34933,17053,17564,17052
34934,17036,17565,17055
34935,17055,17565,17054
34936,17054,17566,17564
34937,17054,17565,17566
34938,17565,17567,17566
34939,17565,17568,17567
34940,17036,17552,17568
34941,17036,17568,17565
34942,17552,17569,17568
34943,17552,17554,17569
34944,17561,17570,17562
34945,17561,17560,17570
34946,17045,17572,17571
34947,17045,17056,17572
34948,17571,17572,17573
34949,17571,17573,17574
34950,17560,17571,17574
34951,17560,17574,17570
34952,17560,17563,17571
34953,17563,17045,17571
34954,17056,17061,17575
34955,17056,17575,17572
34956,17067,17068,17576
34957,17067,17576,17066
34958,17052,17577,17069
34959,17069,17577,17068
34960,17068,17578,17576
34961,17068,17577,17578
34962,17577,17579,17578
34963,17577,17580,17579
34964,17052,17564,17580
34965,17052,17580,17577
34966,17564,17581,17580
34967,17564,17566,17581
34968,17573,17582,17574
34969,17573,17572,17582
34970,17061,17584,17583
34971,17061,17070,17584
34972,17583,17584,17585
34973,17583,17585,17586
34974,17572,17583,17586
34975,17572,17586,17582
34976,17572,17575,17583
34977,17575,17061,17583
34978,17070,17074,17587
34979,17070,17587,17584
34980,17079,17080,17588
34981,17079,17588,17078
34982,17066,17589,17081
34983,17081,17589,17080
34984,17080,17590,17588
34985,17080,17589,17590
34986,17589,17591,17590
34987,17589,17592,17591
34988,17066,17576,17592
34989,17066,17592,17589
34990,17576,17593,17592
34991,17576,17578,17593
34992,17585,17594,17586
34993,17585,17584,17594
34994,17074,17596,17595
34995,17074,17082,17596
34996,17595,17596,17597
34997,17595,17597,17598
34998,17584,17595,17598
34999,17584,17598,17594
35000,17584,17587,17595
35001,17587,17074,17595
35002,17082,17086,17599
35003,17082,17599,17596
35004,17078,17600,17601
35005,17078,17601,17091
35006,17091,17601,17090
35007,17078,17588,17600
35008,17600,17602,17601
35009,17600,17588,17603
35010,17600,17603,17602
35011,17588,17590,17603
35012,17604,17605,17606
35013,17604,17606,17607
35014,17604,17607,17608
35015,17604,17608,17609
35016,17597,17604,17609
35017,17597,17609,17598
35018,17597,17605,17604
35019,17597,17596,17605
35020,17086,17097,17610
35021,17097,17611,17610
35022,17097,17096,17611
35023,17605,17610,17611
35024,17605,17611,17606
35025,17605,17596,17610
35026,17596,17599,17610
35027,17599,17086,17610
35028,17103,17104,17612
35029,17103,17612,17102
35030,17090,17613,17105
35031,17105,17613,17104
35032,17104,17614,17612
35033,17104,17613,17614
35034,17613,17615,17614
35035,17613,17616,17615
35036,17090,17601,17616
35037,17090,17616,17613
35038,17601,17617,17616
35039,17601,17602,17617
35040,17607,17618,17608
35041,17607,17606,17618
35042,17096,17620,17619
35043,17096,17106,17620
35044,17619,17620,17621
35045,17619,17621,17622
35046,17606,17619,17622
35047,17606,17622,17618
35048,17606,17611,17619
35049,17611,17096,17619
35050,17106,17110,17623
35051,17106,17623,17620
35052,17102,17624,17625
35053,17102,17625,17115
35054,17115,17625,17114
35055,17102,17612,17624
35056,17624,17626,17625
35057,17624,17612,17627
35058,17624,17627,17626
35059,17612,17614,17627
35060,17628,17629,17630
35061,17628,17630,17631
35062,17628,17631,17632
35063,17628,17632,17633
35064,17621,17628,17633
35065,17621,17633,17622
35066,17621,17629,17628
35067,17621,17620,17629
35068,17110,17121,17634
35069,17121,17635,17634
35070,17121,17120,17635
35071,17629,17634,17635
35072,17629,17635,17630
35073,17629,17620,17634
35074,17620,17623,17634
35075,17623,17110,17634
35076,17114,17636,17637
35077,17114,17637,17127
35078,17127,17637,17126
35079,17114,17625,17636
35080,17636,17638,17637
35081,17636,17625,17639
35082,17636,17639,17638
35083,17625,17626,17639
35084,17640,17641,17642
35085,17640,17642,17643
35086,17640,17643,17644
35087,17640,17644,17645
35088,17631,17640,17645
35089,17631,17645,17632
35090,17631,17641,17640
35091,17631,17630,17641
35092,17120,17133,17646
35093,17133,17647,17646
35094,17133,17132,17647
35095,17641,17646,17647
35096,17641,17647,17642
35097,17641,17630,17646
35098,17630,17635,17646
35099,17635,17120,17646
35100,17126,17648,17649
35101,17126,17649,17139
35102,17139,17649,17138
35103,17126,17637,17648
35104,17648,17650,17649
35105,17648,17637,17651
35106,17648,17651,17650
35107,17637,17638,17651
35108,17652,17653,17654
35109,17652,17654,17655
35110,17652,17655,17656
35111,17652,17656,17657
35112,17643,17652,17657
35113,17643,17657,17644
35114,17643,17653,17652
35115,17643,17642,17653
35116,17132,17145,17658
35117,17145,17659,17658
35118,17145,17144,17659
35119,17653,17658,17659
35120,17653,17659,17654
35121,17653,17642,17658
35122,17642,17647,17658
35123,17647,17132,17658
35124,17151,17152,17660
35125,17151,17660,17150
35126,17138,17661,17153
35127,17153,17661,17152
35128,17152,17662,17660
35129,17152,17661,17662
35130,17661,17663,17662
35131,17661,17664,17663
35132,17138,17649,17664
35133,17138,17664,17661
35134,17649,17665,17664
35135,17649,17650,17665
35136,17655,17666,17656
35137,17655,17654,17666
35138,17144,17668,17667
35139,17144,17154,17668
35140,17667,17668,17669
35141,17667,17669,17670
35142,17654,17667,17670
35143,17654,17670,17666
35144,17654,17659,17667
35145,17659,17144,17667
35146,17154,17157,17671
35147,17154,17671,17668
35148,17150,17672,17673
35149,17150,17673,17161
35150,17161,17673,17160
35151,17150,17660,17672
35152,17672,17674,17673
35153,17672,17660,17675
35154,17672,17675,17674
35155,17660,17662,17675
35156,17676,17677,17678
35157,17676,17678,17679
35158,17676,17679,17680
35159,17676,17680,17681
35160,17669,17676,17681
35161,17669,17681,17670
35162,17669,17677,17676
35163,17669,17668,17677
35164,17157,17165,17682
35165,17165,17683,17682
35166,17165,17164,17683
35167,17677,17682,17683
35168,17677,17683,17678
35169,17677,17668,17682
35170,17668,17671,17682
35171,17671,17157,17682
35172,17160,17684,17685
35173,17160,17685,17169
35174,17169,17685,17168
35175,17160,17673,17684
35176,17684,17686,17685
35177,17684,17673,17687
35178,17684,17687,17686
35179,17673,17674,17687
35180,17688,17689,17690
35181,17688,17690,17691
35182,17688,17691,17692
35183,17688,17692,17693
35184,17679,17688,17693
35185,17679,17693,17680
35186,17679,17689,17688
35187,17679,17678,17689
35188,17164,17173,17694
35189,17173,17695,17694
35190,17173,17172,17695
35191,17689,17694,17695
35192,17689,17695,17690
35193,17689,17678,17694
35194,17678,17683,17694
35195,17683,17164,17694
35196,17168,17696,17176
35197,17168,17685,17696
35198,17697,17698,17699
35199,17176,17697,17699
35200,17176,17699,17177
35201,17176,17696,17697
35202,17696,17685,17697
35203,17685,17700,17697
35204,17685,17686,17700
35205,17697,17700,17698
35206,17698,17701,17699
35207,17698,17700,17701
35208,17702,17703,17704
35209,17702,17704,17705
35210,17702,17705,17706
35211,17702,17706,17707
35212,17702,17707,17708
35213,17702,17708,17703
35214,17183,17709,17710
35215,17183,17710,17184
35216,17183,17711,17709
35217,17183,17182,17711
35218,17703,17709,17711
35219,17703,17711,17704
35220,17703,17712,17709
35221,17703,17708,17712
35222,17691,17709,17712
35223,17691,17712,17692
35224,17691,17710,17709
35225,17691,17690,17710
35226,17172,17187,17713
35227,17187,17184,17713
35228,17184,17710,17713
35229,17710,17690,17713
35230,17690,17695,17713
35231,17695,17172,17713
35232,17177,17714,17715
35233,17177,17715,17191
35234,17191,17715,17190
35235,17177,17699,17714
35236,17714,17716,17715
35237,17714,17699,17717
35238,17714,17717,17716
35239,17699,17701,17717
35240,17718,17719,17720
35241,17718,17720,17721
35242,17718,17721,17722
35243,17718,17722,17723
35244,17705,17718,17723
35245,17705,17723,17706
35246,17705,17719,17718
35247,17705,17704,17719
35248,17182,17197,17724
35249,17197,17725,17724
35250,17197,17196,17725
35251,17719,17724,17725
35252,17719,17725,17720
35253,17719,17704,17724
35254,17704,17711,17724
35255,17711,17182,17724
35256,17190,17726,17727
35257,17190,17727,17203
35258,17203,17727,17202
35259,17190,17715,17726
35260,17726,17728,17727
35261,17726,17715,17729
35262,17726,17729,17728
35263,17715,17716,17729
35264,17730,17731,17732
35265,17730,17732,17733
35266,17730,17733,17734
35267,17730,17734,17735
35268,17721,17730,17735
35269,17721,17735,17722
35270,17721,17731,17730
35271,17721,17720,17731
35272,17196,17209,17736
35273,17209,17737,17736
35274,17209,17208,17737
35275,17731,17736,17737
35276,17731,17737,17732
35277,17731,17720,17736
35278,17720,17725,17736
35279,17725,17196,17736
35280,17202,17738,17739
35281,17202,17739,17215
35282,17215,17739,17214
35283,17202,17727,17738
35284,17738,17740,17739
35285,17738,17727,17741
35286,17738,17741,17740
35287,17727,17728,17741
35288,17742,17743,17744
35289,17742,17744,17745
35290,17742,17745,17746
35291,17742,17746,17747
35292,17733,17742,17747
35293,17733,17747,17734
35294,17733,17743,17742
35295,17733,17732,17743
35296,17208,17221,17748
35297,17221,17749,17748
35298,17221,17220,17749
35299,17743,17748,17749
35300,17743,17749,17744
35301,17743,17732,17748
35302,17732,17737,17748
35303,17737,17208,17748
35304,17214,17750,17228
35305,17214,17739,17750
35306,17751,17752,17753
35307,17228,17751,17753
35308,17228,17753,17229
35309,17228,17750,17751
35310,17750,17739,17751
35311,17739,17754,17751
35312,17739,17740,17754
35313,17751,17754,17752
35314,17752,17755,17753
35315,17752,17754,17755
35316,17756,17757,17758
35317,17756,17758,17759
35318,17756,17759,17760
35319,17756,17760,17761
35320,17756,17761,17762
35321,17756,17762,17757
35322,17235,17763,17764
35323,17235,17764,17236
35324,17235,17765,17763
35325,17235,17234,17765
35326,17757,17763,17765
35327,17757,17765,17758
35328,17757,17766,17763
35329,17757,17762,17766
35330,17745,17763,17766
35331,17745,17766,17746
35332,17745,17764,17763
35333,17745,17744,17764
35334,17220,17240,17767
35335,17240,17236,17767
35336,17236,17764,17767
35337,17764,17744,17767
35338,17744,17749,17767
35339,17749,17220,17767
35340,17229,17768,17769
35341,17229,17769,17245
35342,17245,17769,17244
35343,17229,17753,17768
35344,17768,17770,17769
35345,17768,17753,17771
35346,17768,17771,17770
35347,17753,17755,17771
35348,17772,17773,17774
35349,17772,17774,17775
35350,17772,17775,17776
35351,17772,17776,17777
35352,17759,17772,17777
35353,17759,17777,17760
35354,17759,17773,17772
35355,17759,17758,17773
35356,17234,17251,17778
35357,17251,17779,17778
35358,17251,17250,17779
35359,17773,17778,17779
35360,17773,17779,17774
35361,17773,17758,17778
35362,17758,17765,17778
35363,17765,17234,17778
35364,17244,17780,17258
35365,17244,17769,17780
35366,17781,17782,17783
35367,17258,17781,17783
35368,17258,17783,17259
35369,17258,17780,17781
35370,17780,17769,17781
35371,17769,17784,17781
35372,17769,17770,17784
35373,17781,17784,17782
35374,17782,17785,17783
35375,17782,17784,17785
35376,17786,17787,17788
35377,17786,17788,17789
35378,17786,17789,17790
35379,17786,17790,17791
35380,17786,17791,17792
35381,17786,17792,17787
35382,17265,17793,17794
35383,17265,17794,17266
35384,17265,17795,17793
35385,17265,17264,17795
35386,17787,17793,17795
35387,17787,17795,17788
35388,17787,17796,17793
35389,17787,17792,17796
35390,17775,17793,17796
35391,17775,17796,17776
35392,17775,17794,17793
35393,17775,17774,17794
35394,17250,17270,17797
35395,17270,17266,17797
35396,17266,17794,17797
35397,17794,17774,17797
35398,17774,17779,17797
35399,17779,17250,17797
35400,17259,17798,17276
35401,17259,17783,17798
35402,17799,17800,17801
35403,17276,17799,17801
35404,17276,17801,17277
35405,17276,17798,17799
35406,17798,17783,17799
35407,17783,17802,17799
35408,17783,17785,17802
35409,17799,17802,17800
35410,17800,17803,17801
35411,17800,17802,17803
35412,17804,17805,17806
35413,17804,17806,17807
35414,17804,17807,17808
35415,17804,17808,17809
35416,17804,17809,17810
35417,17804,17810,17805
35418,17283,17811,17812
35419,17283,17812,17284
35420,17283,17813,17811
35421,17283,17282,17813
35422,17805,17811,17813
35423,17805,17813,17806
35424,17805,17814,17811
35425,17805,17810,17814
35426,17789,17811,17814
35427,17789,17814,17790
35428,17789,17812,17811
35429,17789,17788,17812
35430,17264,17288,17815
35431,17288,17284,17815
35432,17284,17812,17815
35433,17812,17788,17815
35434,17788,17795,17815
35435,17795,17264,17815
35436,17277,17816,17296
35437,17277,17801,17816
35438,17817,17818,17819
35439,17296,17817,17819
35440,17296,17819,17297
35441,17296,17816,17817
35442,17816,17801,17817
35443,17801,17820,17817
35444,17801,17803,17820
35445,17817,17820,17818
35446,17818,17821,17819
35447,17818,17820,17821
35448,17822,17823,17824
35449,17822,17824,17825
35450,17822,17825,17826
35451,17822,17826,17827
35452,17822,17827,17828
35453,17822,17828,17823
35454,17303,17829,17830
35455,17303,17830,17304
35456,17303,17831,17829
35457,17303,17302,17831
35458,17823,17829,17831
35459,17823,17831,17824
35460,17823,17832,17829
35461,17823,17828,17832
35462,17807,17829,17832
35463,17807,17832,17808
35464,17807,17830,17829
35465,17807,17806,17830
35466,17282,17309,17833
35467,17309,17304,17833
35468,17304,17830,17833
35469,17830,17806,17833
35470,17806,17813,17833
35471,17813,17282,17833
35472,17297,17834,17320
35473,17297,17819,17834
35474,17835,17836,17837
35475,17320,17835,17837
35476,17320,17837,17321
35477,17320,17834,17835
35478,17834,17819,17835
35479,17819,17838,17835
35480,17819,17821,17838
35481,17835,17838,17836
35482,17836,17839,17837
35483,17836,17838,17839
35484,17840,17841,17842
35485,17840,17842,17843
35486,17840,17843,17844
35487,17840,17844,17845
35488,17840,17845,17846
35489,17840,17846,17841
35490,17327,17847,17848
35491,17327,17848,17328
35492,17327,17849,17847
35493,17327,17326,17849
35494,17841,17847,17849
35495,17841,17849,17842
35496,17841,17850,17847
35497,17841,17846,17850
35498,17825,17847,17850
35499,17825,17850,17826
35500,17825,17848,17847
35501,17825,17824,17848
35502,17302,17333,17851
35503,17333,17328,17851
35504,17328,17848,17851
35505,17848,17824,17851
35506,17824,17831,17851
35507,17831,17302,17851
35508,17321,17852,17344
35509,17321,17837,17852
35510,17853,17854,17855
35511,17344,17853,17855
35512,17344,17855,17345
35513,17344,17852,17853
35514,17852,17837,17853
35515,17837,17856,17853
35516,17837,17839,17856
35517,17853,17856,17854
35518,17857,17858,17859
35519,17857,17859,17860
35520,17854,17857,17860
35521,17854,17860,17855
35522,17854,17861,17857
35523,17854,17856,17861
35524,17857,17861,17862
35525,17857,17862,17858
35526,17858,17863,17859
35527,17858,17862,17863
35528,17864,17865,17866
35529,17864,17866,17867
35530,17864,17867,17868
35531,17864,17868,17869
35532,17864,17869,17870
35533,17864,17870,17865
35534,17871,17872,17873
35535,17871,17873,17874
35536,17865,17871,17874
35537,17865,17874,17866
35538,17865,17875,17871
35539,17865,17870,17875
35540,17871,17875,17876
35541,17871,17876,17872
35542,17351,17877,17878
35543,17351,17878,17352
35544,17351,17879,17877
35545,17351,17350,17879
35546,17872,17877,17879
35547,17872,17879,17873
35548,17872,17880,17877
35549,17872,17876,17880
35550,17843,17877,17880
35551,17843,17880,17844
35552,17843,17878,17877
35553,17843,17842,17878
35554,17326,17356,17881
35555,17356,17352,17881
35556,17352,17878,17881
35557,17878,17842,17881
35558,17842,17849,17881
35559,17849,17326,17881
35560,17345,17882,17364
35561,17345,17855,17882
35562,17369,17883,17884
35563,17369,17884,17370
35564,17369,17364,17883
35565,17364,17882,17883
35566,17882,17855,17883
35567,17855,17860,17883
35568,17860,17884,17883
35569,17860,17859,17884
35570,17885,17886,17887
35571,17370,17885,17887
35572,17370,17887,17371
35573,17370,17884,17885
35574,17884,17859,17885
35575,17859,17888,17885
35576,17859,17863,17888
35577,17885,17888,17886
35578,17889,17890,17891
35579,17889,17891,17892
35580,17886,17889,17892
35581,17886,17892,17887
35582,17886,17893,17889
35583,17886,17888,17893
35584,17889,17893,17894
35585,17889,17894,17890
35586,17895,17896,17897
35587,17895,17897,17898
35588,17890,17895,17898
35589,17890,17898,17891
35590,17890,17899,17895
35591,17890,17894,17899
35592,17895,17899,17900
35593,17895,17900,17896
35594,17901,17902,17903
35595,17901,17903,17904
35596,17896,17901,17904
35597,17896,17904,17897
35598,17896,17905,17901
35599,17896,17900,17905
35600,17901,17905,17906
35601,17901,17906,17902
35602,17902,17907,17903
35603,17902,17906,17907
35604,17908,17909,17910
35605,17908,17910,17911
35606,17908,17911,17912
35607,17908,17912,17913
35608,17908,17913,17914
35609,17908,17914,17909
35610,17915,17916,17917
35611,17915,17917,17918
35612,17909,17915,17918
35613,17909,17918,17910
35614,17909,17919,17915
35615,17909,17914,17919
35616,17915,17919,17920
35617,17915,17920,17916
35618,17921,17922,17923
35619,17921,17923,17924
35620,17916,17921,17924
35621,17916,17924,17917
35622,17916,17925,17921
35623,17916,17920,17925
35624,17921,17925,17926
35625,17921,17926,17922
35626,17927,17928,17929
35627,17927,17929,17930
35628,17922,17927,17930
35629,17922,17930,17923
35630,17922,17931,17927
35631,17922,17926,17931
35632,17927,17931,17932
35633,17927,17932,17928
35634,17377,17933,17934
35635,17377,17934,17378
35636,17377,17935,17933
35637,17377,17376,17935
35638,17928,17933,17935
35639,17928,17935,17929
35640,17928,17936,17933
35641,17928,17932,17936
35642,17867,17933,17936
35643,17867,17936,17868
35644,17867,17934,17933
35645,17867,17866,17934
35646,17383,17937,17938
35647,17383,17938,17384
35648,17383,17378,17937
35649,17378,17934,17937
35650,17934,17866,17937
35651,17866,17874,17937
35652,17874,17938,17937
35653,17874,17873,17938
35654,17350,17388,17939
35655,17388,17384,17939
35656,17384,17938,17939
35657,17938,17873,17939
35658,17873,17879,17939
35659,17879,17350,17939
35660,17371,17940,17396
35661,17371,17887,17940
35662,17401,17941,17942
35663,17401,17942,17402
35664,17401,17396,17941
35665,17396,17940,17941
35666,17940,17887,17941
35667,17887,17892,17941
35668,17892,17942,17941
35669,17892,17891,17942
35670,17407,17943,17944
35671,17407,17944,17408
35672,17407,17402,17943
35673,17402,17942,17943
35674,17942,17891,17943
35675,17891,17898,17943
35676,17898,17944,17943
35677,17898,17897,17944
35678,17413,17945,17946
35679,17413,17946,17414
35680,17413,17408,17945
35681,17408,17944,17945
35682,17944,17897,17945
35683,17897,17904,17945
35684,17904,17946,17945
35685,17904,17903,17946
35686,17947,17948,17949
35687,17414,17947,17949
35688,17414,17949,17415
35689,17414,17946,17947
35690,17946,17903,17947
35691,17903,17950,17947
35692,17903,17907,17950
35693,17947,17950,17948
35694,17951,17952,17953
35695,17951,17953,17954
35696,17948,17951,17954
35697,17948,17954,17949
35698,17948,17955,17951
35699,17948,17950,17955
35700,17951,17955,17956
35701,17951,17956,17952
35702,17957,17958,17959
35703,17957,17959,17960
35704,17952,17957,17960
35705,17952,17960,17953
35706,17952,17961,17957
35707,17952,17956,17961
35708,17957,17961,17962
35709,17957,17962,17958
35710,17421,17963,17964
35711,17421,17964,17422
35712,17421,17965,17963
35713,17421,17420,17965
35714,17958,17963,17965
35715,17958,17965,17959
35716,17958,17966,17963
35717,17958,17962,17966
35718,17911,17963,17966
35719,17911,17966,17912
35720,17911,17964,17963
35721,17911,17910,17964
35722,17427,17967,17968
35723,17427,17968,17428
35724,17427,17422,17967
35725,17422,17964,17967
35726,17964,17910,17967
35727,17910,17918,17967
35728,17918,17968,17967
35729,17918,17917,17968
35730,17433,17969,17970
35731,17433,17970,17434
35732,17433,17428,17969
35733,17428,17968,17969
35734,17968,17917,17969
35735,17917,17924,17969
35736,17924,17970,17969
35737,17924,17923,17970
35738,17439,17971,17972
35739,17439,17972,17440
35740,17439,17434,17971
35741,17434,17970,17971
35742,17970,17923,17971
35743,17923,17930,17971
35744,17930,17972,17971
35745,17930,17929,17972
35746,17376,17444,17973
35747,17444,17440,17973
35748,17440,17972,17973
35749,17972,17929,17973
35750,17929,17935,17973
35751,17935,17376,17973
35752,17415,17974,17457
35753,17415,17949,17974
35754,17460,17975,17976
35755,17460,17976,17461
35756,17460,17457,17975
35757,17457,17974,17975
35758,17974,17949,17975
35759,17949,17954,17975
35760,17954,17976,17975
35761,17954,17953,17976
35762,17464,17977,17978
35763,17464,17978,17465
35764,17464,17461,17977
35765,17461,17976,17977
35766,17976,17953,17977
35767,17953,17960,17977
35768,17960,17978,17977
35769,17960,17959,17978
35770,17420,17468,17979
35771,17468,17465,17979
35772,17465,17978,17979
35773,17978,17959,17979
35774,17959,17965,17979
35775,17965,17420,17979
35776,17491,17492,17980
35777,17491,17980,17490
35778,17493,17494,17981
35779,17493,17981,17982
35780,17493,17982,17492
35781,17492,17982,17980
35782,17495,17496,17983
35783,17495,17983,17984
35784,17495,17984,17494
35785,17494,17984,17981
35786,17496,17500,17985
35787,17496,17985,17983
35788,17513,17514,17986
35789,17513,17986,17512
35790,17515,17516,17987
35791,17515,17987,17988
35792,17515,17988,17514
35793,17514,17988,17986
35794,17517,17518,17989
35795,17517,17989,17990
35796,17517,17990,17516
35797,17516,17990,17987
35798,17519,17520,17991
35799,17519,17991,17992
35800,17519,17992,17518
35801,17518,17992,17989
35802,17490,17993,17994
35803,17490,17994,17521
35804,17521,17994,17995
35805,17521,17995,17520
35806,17520,17995,17991
35807,17490,17980,17993
35808,17996,17997,17998
35809,17996,17998,17999
35810,17993,17996,17999
35811,17993,17999,17994
35812,17993,17980,17996
35813,17980,17982,17996
35814,17982,17997,17996
35815,17982,17981,17997
35816,18000,18001,18002
35817,18000,18002,18003
35818,17997,18000,18003
35819,17997,18003,17998
35820,17997,17981,18000
35821,17981,17984,18000
35822,17984,18001,18000
35823,17984,17983,18001
35824,17500,18005,18004
35825,17500,17522,18005
35826,18004,18005,18006
35827,18001,18004,18006
35828,18001,18006,18002
35829,18001,17983,18004
35830,17983,17985,18004
35831,17985,17500,18004
35832,17523,17524,18007
35833,17523,18007,18008
35834,17523,18008,17522
35835,17522,18008,18005
35836,17525,17526,18009
35837,17525,18009,18010
35838,17525,18010,17524
35839,17524,18010,18007
35840,17527,17528,18011
35841,17527,18011,18012
35842,17527,18012,17526
35843,17526,18012,18009
35844,17528,17532,18013
35845,17528,18013,18011
35846,17539,17540,18014
35847,17539,18014,17538
35848,17541,17542,18015
35849,17541,18015,18016
35850,17541,18016,17540
35851,17540,18016,18014
35852,17512,18017,18018
35853,17512,18018,17543
35854,17543,18018,18019
35855,17543,18019,17542
35856,17542,18019,18015
35857,17512,17986,18017
35858,18017,18020,18018
35859,18017,17986,18021
35860,18017,18021,18020
35861,17986,17988,18022
35862,17986,18022,18021
35863,17988,17987,18022
35864,17987,18023,18022
35865,17987,17990,18024
35866,17987,18024,18023
35867,17990,17989,18024
35868,17989,18025,18024
35869,17989,17992,18026
35870,17989,18026,18025
35871,17992,17991,18026
35872,17991,18027,18026
35873,17991,17995,18028
35874,17991,18028,18027
35875,17995,17994,18028
35876,17994,18029,18028
35877,17994,17999,18030
35878,17994,18030,18029
35879,17999,17998,18030
35880,17998,18031,18030
35881,17998,18003,18032
35882,17998,18032,18031
35883,18003,18002,18032
35884,18002,18033,18032
35885,18002,18006,18034
35886,18002,18034,18033
35887,18006,18005,18034
35888,18005,18035,18034
35889,18005,18008,18036
35890,18005,18036,18035
35891,18008,18007,18036
35892,18007,18037,18036
35893,18007,18010,18038
35894,18007,18038,18037
35895,18010,18009,18038
35896,18039,18040,18041
35897,18039,18041,18042
35898,18039,18042,18043
35899,18009,18039,18043
35900,18009,18043,18038
35901,18009,18012,18039
35902,18012,18040,18039
35903,18012,18011,18040
35904,17532,18045,18044
35905,17532,17544,18045
35906,18044,18045,18046
35907,18040,18044,18046
35908,18040,18046,18041
35909,18040,18011,18044
35910,18011,18013,18044
35911,18013,17532,18044
35912,17545,17546,18047
35913,17545,18047,18048
35914,17545,18048,17544
35915,17544,18048,18045
35916,17546,17550,18049
35917,17546,18049,18047
35918,17555,17556,18050
35919,17555,18050,17554
35920,17538,18051,18052
35921,17538,18052,17557
35922,17557,18052,18053
35923,17557,18053,17556
35924,17556,18053,18050
35925,17538,18014,18051
35926,18051,18054,18052
35927,18051,18014,18055
35928,18051,18055,18054
35929,18014,18016,18056
35930,18014,18056,18055
35931,18016,18015,18056
35932,18015,18057,18056
35933,18015,18019,18058
35934,18015,18058,18057
35935,18019,18018,18058
35936,18018,18059,18058
35937,18018,18020,18059
35938,18042,18060,18043
35939,18042,18041,18060
35940,18041,18061,18060
35941,18041,18046,18062
35942,18041,18062,18061
35943,18046,18045,18062
35944,18063,18064,18065
35945,18063,18065,18066
35946,18063,18066,18067
35947,18045,18063,18067
35948,18045,18067,18062
35949,18045,18048,18063
35950,18048,18064,18063
35951,18048,18047,18064
35952,17550,18069,18068
35953,17550,17558,18069
35954,18068,18069,18070
35955,18064,18068,18070
35956,18064,18070,18065
35957,18064,18047,18068
35958,18047,18049,18068
35959,18049,17550,18068
35960,17558,17562,18071
35961,17558,18071,18069
35962,17567,17568,18072
35963,17567,18072,17566
35964,17554,18073,18074
35965,17554,18074,17569
35966,17569,18074,18075
35967,17569,18075,17568
35968,17568,18075,18072
35969,17554,18050,18073
35970,18073,18076,18074
35971,18073,18050,18077
35972,18073,18077,18076
35973,18050,18053,18078
35974,18050,18078,18077
35975,18053,18052,18078
35976,18052,18079,18078
35977,18052,18054,18079
35978,18066,18080,18067
35979,18066,18065,18080
35980,18081,18082,18083
35981,18081,18083,18084
35982,18081,18084,18085
35983,18065,18081,18085
35984,18065,18085,18080
35985,18065,18070,18081
35986,18070,18082,18081
35987,18070,18069,18082
35988,17562,18087,18086
35989,17562,17570,18087
35990,18086,18087,18088
35991,18082,18086,18088
35992,18082,18088,18083
35993,18082,18069,18086
35994,18069,18071,18086
35995,18071,17562,18086
35996,17570,17574,18089
35997,17570,18089,18087
35998,17579,17580,18090
35999,17579,18090,17578
36000,17566,18091,18092
36001,17566,18092,17581
36002,17581,18092,18093
36003,17581,18093,17580
36004,17580,18093,18090
36005,17566,18072,18091
36006,18091,18094,18092
36007,18091,18072,18095
36008,18091,18095,18094
36009,18072,18075,18096
36010,18072,18096,18095
36011,18075,18074,18096
36012,18074,18097,18096
36013,18074,18076,18097
36014,18084,18098,18085
36015,18084,18083,18098
36016,18099,18100,18101
36017,18099,18101,18102
36018,18099,18102,18103
36019,18083,18099,18103
36020,18083,18103,18098
36021,18083,18088,18099
36022,18088,18100,18099
36023,18088,18087,18100
36024,17574,18105,18104
36025,17574,17582,18105
36026,18104,18105,18106
36027,18100,18104,18106
36028,18100,18106,18101
36029,18100,18087,18104
36030,18087,18089,18104
36031,18089,17574,18104
36032,17582,17586,18107
36033,17582,18107,18105
36034,17591,17592,18108
36035,17591,18108,17590
36036,17578,18109,18110
36037,17578,18110,17593
36038,17593,18110,18111
36039,17593,18111,17592
36040,17592,18111,18108
36041,17578,18090,18109
36042,18109,18112,18110
36043,18109,18090,18113
36044,18109,18113,18112
36045,18090,18093,18114
36046,18090,18114,18113
36047,18093,18092,18114
36048,18092,18115,18114
36049,18092,18094,18115
36050,18102,18116,18103
36051,18102,18101,18116
36052,18117,18118,18119
36053,18117,18119,18120
36054,18117,18120,18121
36055,18101,18117,18121
36056,18101,18121,18116
36057,18101,18106,18117
36058,18106,18118,18117
36059,18106,18105,18118
36060,17586,18123,18122
36061,17586,17594,18123
36062,18122,18123,18124
36063,18118,18122,18124
36064,18118,18124,18119
36065,18118,18105,18122
36066,18105,18107,18122
36067,18107,17586,18122
36068,17594,17598,18125
36069,17594,18125,18123
36070,17590,18126,18127
36071,17590,18127,17603
36072,17603,18127,17602
36073,17590,18108,18126
36074,18126,18128,18127
36075,18126,18108,18129
36076,18126,18129,18128
36077,18108,18111,18130
36078,18108,18130,18129
36079,18111,18110,18130
36080,18110,18131,18130
36081,18110,18112,18131
36082,18120,18132,18121
36083,18120,18119,18132
36084,18133,18134,18135
36085,18133,18135,18136
36086,18133,18136,18137
36087,18119,18133,18137
36088,18119,18137,18132
36089,18119,18124,18133
36090,18124,18134,18133
36091,18124,18123,18134
36092,17598,17609,18138
36093,17609,18139,18138
36094,17609,17608,18139
36095,18134,18138,18139
36096,18134,18139,18135
36097,18134,18123,18138
36098,18123,18125,18138
36099,18125,17598,18138
36100,17615,17616,18140
36101,17615,18140,17614
36102,17602,18141,18142
36103,17602,18142,17617
36104,17617,18142,18143
36105,17617,18143,17616
36106,17616,18143,18140
36107,17602,18127,18141
36108,18141,18144,18142
36109,18141,18127,18145
36110,18141,18145,18144
36111,18127,18128,18145
36112,18146,18147,18148
36113,18146,18148,18149
36114,18146,18149,18150
36115,18146,18150,18151
36116,18136,18146,18151
36117,18136,18151,18137
36118,18136,18147,18146
36119,18136,18135,18147
36120,17608,18153,18152
36121,17608,17618,18153
36122,18152,18153,18154
36123,18147,18152,18154
36124,18147,18154,18148
36125,18147,18135,18152
36126,18135,18139,18152
36127,18139,17608,18152
36128,17618,17622,18155
36129,17618,18155,18153
36130,17614,18156,18157
36131,17614,18157,17627
36132,17627,18157,17626
36133,17614,18140,18156
36134,18156,18158,18157
36135,18156,18140,18159
36136,18156,18159,18158
36137,18140,18143,18160
36138,18140,18160,18159
36139,18143,18142,18160
36140,18142,18161,18160
36141,18142,18144,18161
36142,18149,18162,18150
36143,18149,18148,18162
36144,18163,18164,18165
36145,18163,18165,18166
36146,18163,18166,18167
36147,18148,18163,18167
36148,18148,18167,18162
36149,18148,18154,18163
36150,18154,18164,18163
36151,18154,18153,18164
36152,17622,17633,18168
36153,17633,18169,18168
36154,17633,17632,18169
36155,18164,18168,18169
36156,18164,18169,18165
36157,18164,18153,18168
36158,18153,18155,18168
36159,18155,17622,18168
36160,17626,18170,18171
36161,17626,18171,17639
36162,17639,18171,17638
36163,17626,18157,18170
36164,18170,18172,18171
36165,18170,18157,18173
36166,18170,18173,18172
36167,18157,18158,18173
36168,18174,18175,18176
36169,18174,18176,18177
36170,18174,18177,18178
36171,18174,18178,18179
36172,18166,18174,18179
36173,18166,18179,18167
36174,18166,18175,18174
36175,18166,18165,18175
36176,17632,17645,18180
36177,17645,18181,18180
36178,17645,17644,18181
36179,18175,18180,18181
36180,18175,18181,18176
36181,18175,18165,18180
36182,18165,18169,18180
36183,18169,17632,18180
36184,17638,18182,18183
36185,17638,18183,17651
36186,17651,18183,17650
36187,17638,18171,18182
36188,18182,18184,18183
36189,18182,18171,18185
36190,18182,18185,18184
36191,18171,18172,18185
36192,18186,18187,18188
36193,18186,18188,18189
36194,18186,18189,18190
36195,18186,18190,18191
36196,18177,18186,18191
36197,18177,18191,18178
36198,18177,18187,18186
36199,18177,18176,18187
36200,17644,17657,18192
36201,17657,18193,18192
36202,17657,17656,18193
36203,18187,18192,18193
36204,18187,18193,18188
36205,18187,18176,18192
36206,18176,18181,18192
36207,18181,17644,18192
36208,17663,17664,18194
36209,17663,18194,17662
36210,17650,18195,18196
36211,17650,18196,17665
36212,17665,18196,18197
36213,17665,18197,17664
36214,17664,18197,18194
36215,17650,18183,18195
36216,18195,18198,18196
36217,18195,18183,18199
36218,18195,18199,18198
36219,18183,18184,18199
36220,18200,18201,18202
36221,18200,18202,18203
36222,18200,18203,18204
36223,18200,18204,18205
36224,18189,18200,18205
36225,18189,18205,18190
36226,18189,18201,18200
36227,18189,18188,18201
36228,17656,18207,18206
36229,17656,17666,18207
36230,18206,18207,18208
36231,18201,18206,18208
36232,18201,18208,18202
36233,18201,18188,18206
36234,18188,18193,18206
36235,18193,17656,18206
36236,17666,17670,18209
36237,17666,18209,18207
36238,17662,18210,18211
36239,17662,18211,17675
36240,17675,18211,17674
36241,17662,18194,18210
36242,18212,18213,18214
36243,18212,18214,18215
36244,18210,18212,18215
36245,18210,18215,18211
36246,18210,18194,18212
36247,18194,18197,18212
36248,18197,18213,18212
36249,18197,18196,18213
36250,18213,18216,18214
36251,18213,18196,18217
36252,18213,18217,18216
36253,18196,18198,18217
36254,18218,18219,18220
36255,18218,18220,18221
36256,18218,18221,18222
36257,18218,18222,18223
36258,18203,18218,18223
36259,18203,18223,18204
36260,18203,18219,18218
36261,18203,18202,18219
36262,18224,18225,18226
36263,18224,18226,18227
36264,18219,18224,18227
36265,18219,18227,18220
36266,18219,18202,18224
36267,18202,18208,18224
36268,18208,18225,18224
36269,18208,18207,18225
36270,17670,17681,18228
36271,17681,18229,18228
36272,17681,17680,18229
36273,18225,18228,18229
36274,18225,18229,18226
36275,18225,18207,18228
36276,18207,18209,18228
36277,18209,17670,18228
36278,17674,18230,18231
36279,17674,18231,17687
36280,17687,18231,17686
36281,17674,18211,18230
36282,18232,18233,18234
36283,18232,18234,18235
36284,18230,18232,18235
36285,18230,18235,18231
36286,18230,18211,18232
36287,18211,18215,18232
36288,18215,18233,18232
36289,18215,18214,18233
36290,18233,18236,18234
36291,18233,18214,18237
36292,18233,18237,18236
36293,18214,18216,18237
36294,18238,18239,18240
36295,18238,18240,18241
36296,18238,18241,18242
36297,18238,18242,18243
36298,18221,18238,18243
36299,18221,18243,18222
36300,18221,18239,18238
36301,18221,18220,18239
36302,18244,18245,18246
36303,18244,18246,18247
36304,18239,18244,18247
36305,18239,18247,18240
36306,18239,18220,18244
36307,18220,18227,18244
36308,18227,18245,18244
36309,18227,18226,18245
36310,17680,17693,18248
36311,17693,18249,18248
36312,17693,17692,18249
36313,18245,18248,18249
36314,18245,18249,18246
36315,18245,18226,18248
36316,18226,18229,18248
36317,18229,17680,18248
36318,17686,18250,17700
36319,17686,18231,18250
36320,18251,18252,18253
36321,17700,18251,18253
36322,17700,18253,17701
36323,17700,18250,18251
36324,18250,18231,18251
36325,18231,18235,18251
36326,18235,18252,18251
36327,18235,18234,18252
36328,18252,18254,18253
36329,18252,18234,18255
36330,18252,18255,18254
36331,18234,18236,18255
36332,18256,18257,18258
36333,18256,18258,18259
36334,18256,18259,18260
36335,18256,18260,18261
36336,18241,18256,18261
36337,18241,18261,18242
36338,18241,18257,18256
36339,18241,18240,18257
36340,17707,18262,18263
36341,17707,18263,17708
36342,17707,18264,18262
36343,17707,17706,18264
36344,18257,18262,18264
36345,18257,18264,18258
36346,18257,18240,18262
36347,18240,18247,18262
36348,18247,18263,18262
36349,18247,18246,18263
36350,17692,17712,18265
36351,17712,17708,18265
36352,17708,18263,18265
36353,18263,18246,18265
36354,18246,18249,18265
36355,18249,17692,18265
36356,17701,18266,18267
36357,17701,18267,17717
36358,17717,18267,17716
36359,17701,18253,18266
36360,18266,18268,18267
36361,18266,18253,18269
36362,18266,18269,18268
36363,18253,18254,18269
36364,18270,18271,18272
36365,18270,18272,18273
36366,18270,18273,18274
36367,18270,18274,18275
36368,18259,18270,18275
36369,18259,18275,18260
36370,18259,18271,18270
36371,18259,18258,18271
36372,17706,17723,18276
36373,17723,18277,18276
36374,17723,17722,18277
36375,18271,18276,18277
36376,18271,18277,18272
36377,18271,18258,18276
36378,18258,18264,18276
36379,18264,17706,18276
36380,17716,18278,18279
36381,17716,18279,17729
36382,17729,18279,17728
36383,17716,18267,18278
36384,18278,18280,18279
36385,18278,18267,18281
36386,18278,18281,18280
36387,18267,18268,18281
36388,18282,18283,18284
36389,18282,18284,18285
36390,18282,18285,18286
36391,18282,18286,18287
36392,18273,18282,18287
36393,18273,18287,18274
36394,18273,18283,18282
36395,18273,18272,18283
36396,17722,17735,18288
36397,17735,18289,18288
36398,17735,17734,18289
36399,18283,18288,18289
36400,18283,18289,18284
36401,18283,18272,18288
36402,18272,18277,18288
36403,18277,17722,18288
36404,17728,18290,18291
36405,17728,18291,17741
36406,17741,18291,17740
36407,17728,18279,18290
36408,18292,18293,18294
36409,18292,18294,18295
36410,18290,18292,18295
36411,18290,18295,18291
36412,18290,18279,18292
36413,18279,18296,18292
36414,18279,18280,18296
36415,18292,18296,18293
36416,18293,18297,18294
36417,18293,18296,18297
36418,18298,18299,18300
36419,18298,18300,18301
36420,18298,18301,18302
36421,18298,18302,18303
36422,18298,18303,18304
36423,18298,18304,18299
36424,18305,18306,18307
36425,18305,18307,18308
36426,18299,18305,18308
36427,18299,18308,18300
36428,18299,18309,18305
36429,18299,18304,18309
36430,18285,18305,18309
36431,18285,18309,18286
36432,18285,18306,18305
36433,18285,18284,18306
36434,17734,17747,18310
36435,17747,18311,18310
36436,17747,17746,18311
36437,18306,18310,18311
36438,18306,18311,18307
36439,18306,18284,18310
36440,18284,18289,18310
36441,18289,17734,18310
36442,17740,18312,17754
36443,17740,18291,18312
36444,18313,18314,18315
36445,17754,18313,18315
36446,17754,18315,17755
36447,17754,18312,18313
36448,18312,18291,18313
36449,18291,18295,18313
36450,18295,18314,18313
36451,18295,18294,18314
36452,18314,18316,18315
36453,18314,18294,18317
36454,18314,18317,18316
36455,18294,18297,18317
36456,18318,18319,18320
36457,18318,18320,18321
36458,18318,18321,18322
36459,18318,18322,18323
36460,18301,18318,18323
36461,18301,18323,18302
36462,18301,18319,18318
36463,18301,18300,18319
36464,17761,18324,18325
36465,17761,18325,17762
36466,17761,18326,18324
36467,17761,17760,18326
36468,18319,18324,18326
36469,18319,18326,18320
36470,18319,18300,18324
36471,18300,18308,18324
36472,18308,18325,18324
36473,18308,18307,18325
36474,17746,17766,18327
36475,17766,17762,18327
36476,17762,18325,18327
36477,18325,18307,18327
36478,18307,18311,18327
36479,18311,17746,18327
36480,17755,18328,18329
36481,17755,18329,17771
36482,17771,18329,17770
36483,17755,18315,18328
36484,18330,18331,18332
36485,18330,18332,18333
36486,18328,18330,18333
36487,18328,18333,18329
36488,18328,18315,18330
36489,18315,18334,18330
36490,18315,18316,18334
36491,18330,18334,18331
36492,18331,18335,18332
36493,18331,18334,18335
36494,18336,18337,18338
36495,18336,18338,18339
36496,18336,18339,18340
36497,18336,18340,18341
36498,18336,18341,18342
36499,18336,18342,18337
36500,18343,18344,18345
36501,18343,18345,18346
36502,18337,18343,18346
36503,18337,18346,18338
36504,18337,18347,18343
36505,18337,18342,18347
36506,18321,18343,18347
36507,18321,18347,18322
36508,18321,18344,18343
36509,18321,18320,18344
36510,17760,17777,18348
36511,17777,18349,18348
36512,17777,17776,18349
36513,18344,18348,18349
36514,18344,18349,18345
36515,18344,18320,18348
36516,18320,18326,18348
36517,18326,17760,18348
36518,17770,18350,17784
36519,17770,18329,18350
36520,18351,18352,18353
36521,17784,18351,18353
36522,17784,18353,17785
36523,17784,18350,18351
36524,18350,18329,18351
36525,18329,18333,18351
36526,18333,18352,18351
36527,18333,18332,18352
36528,18354,18355,18356
36529,18354,18356,18357
36530,18352,18354,18357
36531,18352,18357,18353
36532,18352,18332,18354
36533,18332,18358,18354
36534,18332,18335,18358
36535,18354,18358,18355
36536,18355,18359,18356
36537,18355,18358,18359
36538,18360,18361,18362
36539,18360,18362,18363
36540,18360,18363,18364
36541,18360,18364,18365
36542,18360,18365,18366
36543,18360,18366,18361
36544,18367,18368,18369
36545,18367,18369,18370
36546,18361,18367,18370
36547,18361,18370,18362
36548,18361,18371,18367
36549,18361,18366,18371
36550,18339,18367,18371
36551,18339,18371,18340
36552,18339,18368,18367
36553,18339,18338,18368
36554,17791,18372,18373
36555,17791,18373,17792
36556,17791,18374,18372
36557,17791,17790,18374
36558,18368,18372,18374
36559,18368,18374,18369
36560,18368,18338,18372
36561,18338,18346,18372
36562,18346,18373,18372
36563,18346,18345,18373
36564,17776,17796,18375
36565,17796,17792,18375
36566,17792,18373,18375
36567,18373,18345,18375
36568,18345,18349,18375
36569,18349,17776,18375
36570,17785,18376,17802
36571,17785,18353,18376
36572,18377,18378,18379
36573,17802,18377,18379
36574,17802,18379,17803
36575,17802,18376,18377
36576,18376,18353,18377
36577,18353,18357,18377
36578,18357,18378,18377
36579,18357,18356,18378
36580,18380,18381,18382
36581,18380,18382,18383
36582,18378,18380,18383
36583,18378,18383,18379
36584,18378,18356,18380
36585,18356,18384,18380
36586,18356,18359,18384
36587,18380,18384,18381
36588,18381,18385,18382
36589,18381,18384,18385
36590,18386,18387,18388
36591,18386,18388,18389
36592,18386,18389,18390
36593,18386,18390,18391
36594,18386,18391,18392
36595,18386,18392,18387
36596,18393,18394,18395
36597,18393,18395,18396
36598,18387,18393,18396
36599,18387,18396,18388
36600,18387,18397,18393
36601,18387,18392,18397
36602,18363,18393,18397
36603,18363,18397,18364
36604,18363,18394,18393
36605,18363,18362,18394
36606,17809,18398,18399
36607,17809,18399,17810
36608,17809,18400,18398
36609,17809,17808,18400
36610,18394,18398,18400
36611,18394,18400,18395
36612,18394,18362,18398
36613,18362,18370,18398
36614,18370,18399,18398
36615,18370,18369,18399
36616,17790,17814,18401
36617,17814,17810,18401
36618,17810,18399,18401
36619,18399,18369,18401
36620,18369,18374,18401
36621,18374,17790,18401
36622,17803,18402,17820
36623,17803,18379,18402
36624,18403,18404,18405
36625,17820,18403,18405
36626,17820,18405,17821
36627,17820,18402,18403
36628,18402,18379,18403
36629,18379,18383,18403
36630,18383,18404,18403
36631,18383,18382,18404
36632,18406,18407,18408
36633,18406,18408,18409
36634,18404,18406,18409
36635,18404,18409,18405
36636,18404,18382,18406
36637,18382,18410,18406
36638,18382,18385,18410
36639,18406,18410,18407
36640,18407,18411,18408
36641,18407,18410,18411
36642,18412,18413,18414
36643,18412,18414,18415
36644,18412,18415,18416
36645,18412,18416,18417
36646,18412,18417,18418
36647,18412,18418,18413
36648,18419,18420,18421
36649,18419,18421,18422
36650,18413,18419,18422
36651,18413,18422,18414
36652,18413,18423,18419
36653,18413,18418,18423
36654,18389,18419,18423
36655,18389,18423,18390
36656,18389,18420,18419
36657,18389,18388,18420
36658,17827,18424,18425
36659,17827,18425,17828
36660,17827,18426,18424
36661,17827,17826,18426
36662,18420,18424,18426
36663,18420,18426,18421
36664,18420,18388,18424
36665,18388,18396,18424
36666,18396,18425,18424
36667,18396,18395,18425
36668,17808,17832,18427
36669,17832,17828,18427
36670,17828,18425,18427
36671,18425,18395,18427
36672,18395,18400,18427
36673,18400,17808,18427
36674,17821,18428,17838
36675,17821,18405,18428
36676,18429,18430,18431
36677,17838,18429,18431
36678,17838,18431,17839
36679,17838,18428,18429
36680,18428,18405,18429
36681,18405,18409,18429
36682,18409,18430,18429
36683,18409,18408,18430
36684,18432,18433,18434
36685,18432,18434,18435
36686,18430,18432,18435
36687,18430,18435,18431
36688,18430,18408,18432
36689,18408,18436,18432
36690,18408,18411,18436
36691,18432,18436,18433
36692,18437,18438,18439
36693,18437,18439,18440
36694,18433,18437,18440
36695,18433,18440,18434
36696,18433,18441,18437
36697,18433,18436,18441
36698,18437,18441,18442
36699,18437,18442,18438
36700,18438,18443,18439
36701,18438,18442,18443
36702,18444,18445,18446
36703,18444,18446,18447
36704,18444,18447,18448
36705,18444,18448,18449
36706,18444,18449,18450
36707,18444,18450,18445
36708,18451,18452,18453
36709,18451,18453,18454
36710,18445,18451,18454
36711,18445,18454,18446
36712,18445,18455,18451
36713,18445,18450,18455
36714,18451,18455,18456
36715,18451,18456,18452
36716,18457,18458,18459
36717,18457,18459,18460
36718,18452,18457,18460
36719,18452,18460,18453
36720,18452,18461,18457
36721,18452,18456,18461
36722,18415,18457,18461
36723,18415,18461,18416
36724,18415,18458,18457
36725,18415,18414,18458
36726,17845,18462,18463
36727,17845,18463,17846
36728,17845,18464,18462
36729,17845,17844,18464
36730,18458,18462,18464
36731,18458,18464,18459
36732,18458,18414,18462
36733,18414,18422,18462
36734,18422,18463,18462
36735,18422,18421,18463
36736,17826,17850,18465
36737,17850,17846,18465
36738,17846,18463,18465
36739,18463,18421,18465
36740,18421,18426,18465
36741,18426,17826,18465
36742,17839,18466,17856
36743,17839,18431,18466
36744,17861,18467,18468
36745,17861,18468,17862
36746,17861,17856,18467
36747,17856,18466,18467
36748,18466,18431,18467
36749,18431,18435,18467
36750,18435,18468,18467
36751,18435,18434,18468
36752,18469,18470,18471
36753,17862,18469,18471
36754,17862,18471,17863
36755,17862,18468,18469
36756,18468,18434,18469
36757,18434,18440,18469
36758,18440,18470,18469
36759,18440,18439,18470
36760,18472,18473,18474
36761,18472,18474,18475
36762,18470,18472,18475
36763,18470,18475,18471
36764,18470,18439,18472
36765,18439,18476,18472
36766,18439,18443,18476
36767,18472,18476,18473
36768,18477,18478,18479
36769,18477,18479,18480
36770,18473,18477,18480
36771,18473,18480,18474
36772,18473,18481,18477
36773,18473,18476,18481
36774,18477,18481,18482
36775,18477,18482,18478
36776,18483,18484,18485
36777,18483,18485,18486
36778,18478,18483,18486
36779,18478,18486,18479
36780,18478,18487,18483
36781,18478,18482,18487
36782,18483,18487,18488
36783,18483,18488,18484
36784,18489,18490,18491
36785,18489,18491,18492
36786,18484,18489,18492
36787,18484,18492,18485
36788,18484,18493,18489
36789,18484,18488,18493
36790,18489,18493,18494
36791,18489,18494,18490
36792,18495,18496,18497
36793,18495,18497,18498
36794,18490,18495,18498
36795,18490,18498,18491
36796,18490,18499,18495
36797,18490,18494,18499
36798,18495,18499,18500
36799,18495,18500,18496
36800,18501,18502,18503
36801,18501,18503,18504
36802,18496,18501,18504
36803,18496,18504,18497
36804,18496,18505,18501
36805,18496,18500,18505
36806,18501,18505,18506
36807,18501,18506,18502
36808,18507,18508,18509
36809,18507,18509,18510
36810,18502,18507,18510
36811,18502,18510,18503
36812,18502,18511,18507
36813,18502,18506,18511
36814,18507,18511,18512
36815,18507,18512,18508
36816,18513,18514,18515
36817,18513,18515,18516
36818,18508,18513,18516
36819,18508,18516,18509
36820,18508,18517,18513
36821,18508,18512,18517
36822,18513,18517,18518
36823,18513,18518,18514
36824,18519,18520,18521
36825,18519,18521,18522
36826,18514,18519,18522
36827,18514,18522,18515
36828,18514,18523,18519
36829,18514,18518,18523
36830,18519,18523,18524
36831,18519,18524,18520
36832,18525,18526,18527
36833,18525,18527,18528
36834,18520,18525,18528
36835,18520,18528,18521
36836,18520,18529,18525
36837,18520,18524,18529
36838,18447,18525,18529
36839,18447,18529,18448
36840,18447,18526,18525
36841,18447,18446,18526
36842,17869,18530,18531
36843,17869,18531,17870
36844,17869,18532,18530
36845,17869,17868,18532
36846,18526,18530,18532
36847,18526,18532,18527
36848,18526,18446,18530
36849,18446,18454,18530
36850,18454,18531,18530
36851,18454,18453,18531
36852,17875,18533,18534
36853,17875,18534,17876
36854,17875,17870,18533
36855,17870,18531,18533
36856,18531,18453,18533
36857,18453,18460,18533
36858,18460,18534,18533
36859,18460,18459,18534
36860,17844,17880,18535
36861,17880,17876,18535
36862,17876,18534,18535
36863,18534,18459,18535
36864,18459,18464,18535
36865,18464,17844,18535
36866,17863,18536,17888
36867,17863,18471,18536
36868,17893,18537,18538
36869,17893,18538,17894
36870,17893,17888,18537
36871,17888,18536,18537
36872,18536,18471,18537
36873,18471,18475,18537
36874,18475,18538,18537
36875,18475,18474,18538
36876,17899,18539,18540
36877,17899,18540,17900
36878,17899,17894,18539
36879,17894,18538,18539
36880,18538,18474,18539
36881,18474,18480,18539
36882,18480,18540,18539
36883,18480,18479,18540
36884,17905,18541,18542
36885,17905,18542,17906
36886,17905,17900,18541
36887,17900,18540,18541
36888,18540,18479,18541
36889,18479,18486,18541
36890,18486,18542,18541
36891,18486,18485,18542
36892,18543,18544,18545
36893,17906,18543,18545
36894,17906,18545,17907
36895,17906,18542,18543
36896,18542,18485,18543
36897,18485,18492,18543
36898,18492,18544,18543
36899,18492,18491,18544
36900,18546,18547,18548
36901,18546,18548,18549
36902,18544,18546,18549
36903,18544,18549,18545
36904,18544,18491,18546
36905,18491,18498,18546
36906,18498,18547,18546
36907,18498,18497,18547
36908,18550,18551,18552
36909,18550,18552,18553
36910,18547,18550,18553
36911,18547,18553,18548
36912,18547,18497,18550
36913,18497,18504,18550
36914,18504,18551,18550
36915,18504,18503,18551
36916,17913,18554,18555
36917,17913,18555,17914
36918,17913,18556,18554
36919,17913,17912,18556
36920,18551,18554,18556
36921,18551,18556,18552
36922,18551,18503,18554
36923,18503,18510,18554
36924,18510,18555,18554
36925,18510,18509,18555
36926,17919,18557,18558
36927,17919,18558,17920
36928,17919,17914,18557
36929,17914,18555,18557
36930,18555,18509,18557
36931,18509,18516,18557
36932,18516,18558,18557
36933,18516,18515,18558
36934,17925,18559,18560
36935,17925,18560,17926
36936,17925,17920,18559
36937,17920,18558,18559
36938,18558,18515,18559
36939,18515,18522,18559
36940,18522,18560,18559
36941,18522,18521,18560
36942,17931,18561,18562
36943,17931,18562,17932
36944,17931,17926,18561
36945,17926,18560,18561
36946,18560,18521,18561
36947,18521,18528,18561
36948,18528,18562,18561
36949,18528,18527,18562
36950,17868,17936,18563
36951,17936,17932,18563
36952,17932,18562,18563
36953,18562,18527,18563
36954,18527,18532,18563
36955,18532,17868,18563
36956,17907,18564,17950
36957,17907,18545,18564
36958,17955,18565,18566
36959,17955,18566,17956
36960,17955,17950,18565
36961,17950,18564,18565
36962,18564,18545,18565
36963,18545,18549,18565
36964,18549,18566,18565
36965,18549,18548,18566
36966,17961,18567,18568
36967,17961,18568,17962
36968,17961,17956,18567
36969,17956,18566,18567
36970,18566,18548,18567
36971,18548,18553,18567
36972,18553,18568,18567
36973,18553,18552,18568
36974,17912,17966,18569
36975,17966,17962,18569
36976,17962,18568,18569
36977,18568,18552,18569
36978,18552,18556,18569
36979,18556,17912,18569
36980,18021,18022,18570
36981,18021,18570,18020
36982,18023,18024,18571
36983,18023,18571,18572
36984,18023,18572,18022
36985,18022,18572,18570
36986,18025,18026,18573
36987,18025,18573,18574
36988,18025,18574,18024
36989,18024,18574,18571
36990,18027,18028,18575
36991,18027,18575,18576
36992,18027,18576,18026
36993,18026,18576,18573
36994,18029,18030,18577
36995,18029,18577,18578
36996,18029,18578,18028
36997,18028,18578,18575
36998,18031,18032,18579
36999,18031,18579,18580
37000,18031,18580,18030
37001,18030,18580,18577
37002,18033,18034,18581
37003,18033,18581,18582
37004,18033,18582,18032
37005,18032,18582,18579
37006,18035,18036,18583
37007,18035,18583,18584
37008,18035,18584,18034
37009,18034,18584,18581
37010,18037,18038,18585
37011,18037,18585,18586
37012,18037,18586,18036
37013,18036,18586,18583
37014,18038,18043,18587
37015,18038,18587,18585
37016,18055,18056,18588
37017,18055,18588,18054
37018,18057,18058,18589
37019,18057,18589,18590
37020,18057,18590,18056
37021,18056,18590,18588
37022,18020,18591,18592
37023,18020,18592,18059
37024,18059,18592,18593
37025,18059,18593,18058
37026,18058,18593,18589
37027,18020,18570,18591
37028,18591,18594,18592
37029,18591,18570,18595
37030,18591,18595,18594
37031,18570,18572,18596
37032,18570,18596,18595
37033,18572,18571,18596
37034,18571,18597,18596
37035,18571,18574,18598
37036,18571,18598,18597
37037,18574,18573,18598
37038,18573,18599,18598
37039,18573,18576,18600
37040,18573,18600,18599
37041,18576,18575,18600
37042,18575,18601,18600
37043,18575,18578,18602
37044,18575,18602,18601
37045,18578,18577,18602
37046,18577,18603,18602
37047,18577,18580,18604
37048,18577,18604,18603
37049,18580,18579,18604
37050,18579,18605,18604
37051,18579,18582,18606
37052,18579,18606,18605
37053,18582,18581,18606
37054,18581,18607,18606
37055,18581,18584,18608
37056,18581,18608,18607
37057,18584,18583,18608
37058,18609,18610,18611
37059,18609,18611,18612
37060,18609,18612,18613
37061,18583,18609,18613
37062,18583,18613,18608
37063,18583,18586,18609
37064,18586,18610,18609
37065,18586,18585,18610
37066,18043,18615,18614
37067,18043,18060,18615
37068,18614,18615,18616
37069,18610,18614,18616
37070,18610,18616,18611
37071,18610,18585,18614
37072,18585,18587,18614
37073,18587,18043,18614
37074,18061,18062,18617
37075,18061,18617,18618
37076,18061,18618,18060
37077,18060,18618,18615
37078,18062,18067,18619
37079,18062,18619,18617
37080,18077,18078,18620
37081,18077,18620,18076
37082,18054,18621,18622
37083,18054,18622,18079
37084,18079,18622,18623
37085,18079,18623,18078
37086,18078,18623,18620
37087,18054,18588,18621
37088,18621,18624,18622
37089,18621,18588,18625
37090,18621,18625,18624
37091,18588,18590,18626
37092,18588,18626,18625
37093,18590,18589,18626
37094,18589,18627,18626
37095,18589,18593,18628
37096,18589,18628,18627
37097,18593,18592,18628
37098,18592,18629,18628
37099,18592,18594,18629
37100,18612,18630,18613
37101,18612,18611,18630
37102,18611,18631,18630
37103,18611,18616,18632
37104,18611,18632,18631
37105,18616,18615,18632
37106,18633,18634,18635
37107,18633,18635,18636
37108,18633,18636,18637
37109,18615,18633,18637
37110,18615,18637,18632
37111,18615,18618,18633
37112,18618,18634,18633
37113,18618,18617,18634
37114,18067,18639,18638
37115,18067,18080,18639
37116,18638,18639,18640
37117,18634,18638,18640
37118,18634,18640,18635
37119,18634,18617,18638
37120,18617,18619,18638
37121,18619,18067,18638
37122,18080,18085,18641
37123,18080,18641,18639
37124,18095,18096,18642
37125,18095,18642,18094
37126,18076,18643,18644
37127,18076,18644,18097
37128,18097,18644,18645
37129,18097,18645,18096
37130,18096,18645,18642
37131,18076,18620,18643
37132,18643,18646,18644
37133,18643,18620,18647
37134,18643,18647,18646
37135,18620,18623,18648
37136,18620,18648,18647
37137,18623,18622,18648
37138,18622,18649,18648
37139,18622,18624,18649
37140,18636,18650,18637
37141,18636,18635,18650
37142,18651,18652,18653
37143,18651,18653,18654
37144,18651,18654,18655
37145,18635,18651,18655
37146,18635,18655,18650
37147,18635,18640,18651
37148,18640,18652,18651
37149,18640,18639,18652
37150,18085,18657,18656
37151,18085,18098,18657
37152,18656,18657,18658
37153,18652,18656,18658
37154,18652,18658,18653
37155,18652,18639,18656
37156,18639,18641,18656
37157,18641,18085,18656
37158,18098,18103,18659
37159,18098,18659,18657
37160,18113,18114,18660
37161,18113,18660,18112
37162,18094,18661,18662
37163,18094,18662,18115
37164,18115,18662,18663
37165,18115,18663,18114
37166,18114,18663,18660
37167,18094,18642,18661
37168,18661,18664,18662
37169,18661,18642,18665
37170,18661,18665,18664
37171,18642,18645,18666
37172,18642,18666,18665
37173,18645,18644,18666
37174,18644,18667,18666
37175,18644,18646,18667
37176,18654,18668,18655
37177,18654,18653,18668
37178,18669,18670,18671
37179,18669,18671,18672
37180,18669,18672,18673
37181,18653,18669,18673
37182,18653,18673,18668
37183,18653,18658,18669
37184,18658,18670,18669
37185,18658,18657,18670
37186,18103,18675,18674
37187,18103,18116,18675
37188,18674,18675,18676
37189,18670,18674,18676
37190,18670,18676,18671
37191,18670,18657,18674
37192,18657,18659,18674
37193,18659,18103,18674
37194,18116,18121,18677
37195,18116,18677,18675
37196,18129,18130,18678
37197,18129,18678,18128
37198,18112,18679,18680
37199,18112,18680,18131
37200,18131,18680,18681
37201,18131,18681,18130
37202,18130,18681,18678
37203,18112,18660,18679
37204,18679,18682,18680
37205,18679,18660,18683
37206,18679,18683,18682
37207,18660,18663,18684
37208,18660,18684,18683
37209,18663,18662,18684
37210,18662,18685,18684
37211,18662,18664,18685
37212,18672,18686,18673
37213,18672,18671,18686
37214,18687,18688,18689
37215,18687,18689,18690
37216,18687,18690,18691
37217,18671,18687,18691
37218,18671,18691,18686
37219,18671,18676,18687
37220,18676,18688,18687
37221,18676,18675,18688
37222,18121,18693,18692
37223,18121,18132,18693
37224,18692,18693,18694
37225,18688,18692,18694
37226,18688,18694,18689
37227,18688,18675,18692
37228,18675,18677,18692
37229,18677,18121,18692
37230,18132,18137,18695
37231,18132,18695,18693
37232,18128,18696,18697
37233,18128,18697,18145
37234,18145,18697,18144
37235,18128,18678,18696
37236,18696,18698,18697
37237,18696,18678,18699
37238,18696,18699,18698
37239,18678,18681,18700
37240,18678,18700,18699
37241,18681,18680,18700
37242,18680,18701,18700
37243,18680,18682,18701
37244,18690,18702,18691
37245,18690,18689,18702
37246,18703,18704,18705
37247,18703,18705,18706
37248,18703,18706,18707
37249,18689,18703,18707
37250,18689,18707,18702
37251,18689,18694,18703
37252,18694,18704,18703
37253,18694,18693,18704
37254,18137,18151,18708
37255,18151,18709,18708
37256,18151,18150,18709
37257,18704,18708,18709
37258,18704,18709,18705
37259,18704,18693,18708
37260,18693,18695,18708
37261,18695,18137,18708
37262,18159,18160,18710
37263,18159,18710,18158
37264,18144,18711,18712
37265,18144,18712,18161
37266,18161,18712,18713
37267,18161,18713,18160
37268,18160,18713,18710
37269,18144,18697,18711
37270,18711,18714,18712
37271,18711,18697,18715
37272,18711,18715,18714
37273,18697,18698,18715
37274,18716,18717,18718
37275,18716,18718,18719
37276,18716,18719,18720
37277,18716,18720,18721
37278,18706,18716,18721
37279,18706,18721,18707
37280,18706,18717,18716
37281,18706,18705,18717
37282,18150,18723,18722
37283,18150,18162,18723
37284,18722,18723,18724
37285,18717,18722,18724
37286,18717,18724,18718
37287,18717,18705,18722
37288,18705,18709,18722
37289,18709,18150,18722
37290,18162,18167,18725
37291,18162,18725,18723
37292,18158,18726,18727
37293,18158,18727,18173
37294,18173,18727,18172
37295,18158,18710,18726
37296,18726,18728,18727
37297,18726,18710,18729
37298,18726,18729,18728
37299,18710,18713,18730
37300,18710,18730,18729
37301,18713,18712,18730
37302,18712,18731,18730
37303,18712,18714,18731
37304,18719,18732,18720
37305,18719,18718,18732
37306,18733,18734,18735
37307,18733,18735,18736
37308,18733,18736,18737
37309,18718,18733,18737
37310,18718,18737,18732
37311,18718,18724,18733
37312,18724,18734,18733
37313,18724,18723,18734
37314,18167,18179,18738
37315,18179,18739,18738
37316,18179,18178,18739
37317,18734,18738,18739
37318,18734,18739,18735
37319,18734,18723,18738
37320,18723,18725,18738
37321,18725,18167,18738
37322,18172,18740,18741
37323,18172,18741,18185
37324,18185,18741,18184
37325,18172,18727,18740
37326,18740,18742,18741
37327,18740,18727,18743
37328,18740,18743,18742
37329,18727,18728,18743
37330,18744,18745,18746
37331,18744,18746,18747
37332,18744,18747,18748
37333,18744,18748,18749
37334,18736,18744,18749
37335,18736,18749,18737
37336,18736,18745,18744
37337,18736,18735,18745
37338,18178,18191,18750
37339,18191,18751,18750
37340,18191,18190,18751
37341,18745,18750,18751
37342,18745,18751,18746
37343,18745,18735,18750
37344,18735,18739,18750
37345,18739,18178,18750
37346,18184,18752,18753
37347,18184,18753,18199
37348,18199,18753,18198
37349,18184,18741,18752
37350,18752,18754,18753
37351,18752,18741,18755
37352,18752,18755,18754
37353,18741,18742,18755
37354,18756,18757,18758
37355,18756,18758,18759
37356,18756,18759,18760
37357,18756,18760,18761
37358,18747,18756,18761
37359,18747,18761,18748
37360,18747,18757,18756
37361,18747,18746,18757
37362,18190,18205,18762
37363,18205,18763,18762
37364,18205,18204,18763
37365,18757,18762,18763
37366,18757,18763,18758
37367,18757,18746,18762
37368,18746,18751,18762
37369,18751,18190,18762
37370,18198,18764,18765
37371,18198,18765,18217
37372,18217,18765,18216
37373,18198,18753,18764
37374,18764,18766,18765
37375,18764,18753,18767
37376,18764,18767,18766
37377,18753,18754,18767
37378,18768,18769,18770
37379,18768,18770,18771
37380,18768,18771,18772
37381,18768,18772,18773
37382,18759,18768,18773
37383,18759,18773,18760
37384,18759,18769,18768
37385,18759,18758,18769
37386,18204,18223,18774
37387,18223,18775,18774
37388,18223,18222,18775
37389,18769,18774,18775
37390,18769,18775,18770
37391,18769,18758,18774
37392,18758,18763,18774
37393,18763,18204,18774
37394,18216,18776,18777
37395,18216,18777,18237
37396,18237,18777,18236
37397,18216,18765,18776
37398,18776,18778,18777
37399,18776,18765,18779
37400,18776,18779,18778
37401,18765,18766,18779
37402,18780,18781,18782
37403,18780,18782,18783
37404,18780,18783,18784
37405,18780,18784,18785
37406,18771,18780,18785
37407,18771,18785,18772
37408,18771,18781,18780
37409,18771,18770,18781
37410,18222,18243,18786
37411,18243,18787,18786
37412,18243,18242,18787
37413,18781,18786,18787
37414,18781,18787,18782
37415,18781,18770,18786
37416,18770,18775,18786
37417,18775,18222,18786
37418,18236,18788,18789
37419,18236,18789,18255
37420,18255,18789,18254
37421,18236,18777,18788
37422,18788,18790,18789
37423,18788,18777,18791
37424,18788,18791,18790
37425,18777,18778,18791
37426,18792,18793,18794
37427,18792,18794,18795
37428,18792,18795,18796
37429,18792,18796,18797
37430,18783,18792,18797
37431,18783,18797,18784
37432,18783,18793,18792
37433,18783,18782,18793
37434,18242,18261,18798
37435,18261,18799,18798
37436,18261,18260,18799
37437,18793,18798,18799
37438,18793,18799,18794
37439,18793,18782,18798
37440,18782,18787,18798
37441,18787,18242,18798
37442,18254,18800,18801
37443,18254,18801,18269
37444,18269,18801,18268
37445,18254,18789,18800
37446,18800,18802,18801
37447,18800,18789,18803
37448,18800,18803,18802
37449,18789,18790,18803
37450,18804,18805,18806
37451,18804,18806,18807
37452,18804,18807,18808
37453,18804,18808,18809
37454,18795,18804,18809
37455,18795,18809,18796
37456,18795,18805,18804
37457,18795,18794,18805
37458,18260,18275,18810
37459,18275,18811,18810
37460,18275,18274,18811
37461,18805,18810,18811
37462,18805,18811,18806
37463,18805,18794,18810
37464,18794,18799,18810
37465,18799,18260,18810
37466,18268,18812,18813
37467,18268,18813,18281
37468,18281,18813,18280
37469,18268,18801,18812
37470,18814,18815,18816
37471,18814,18816,18817
37472,18812,18814,18817
37473,18812,18817,18813
37474,18812,18801,18814
37475,18801,18818,18814
37476,18801,18802,18818
37477,18814,18818,18815
37478,18815,18819,18816
37479,18815,18818,18819
37480,18820,18821,18822
37481,18820,18822,18823
37482,18820,18823,18824
37483,18820,18824,18825
37484,18820,18825,18826
37485,18820,18826,18821
37486,18827,18828,18829
37487,18827,18829,18830
37488,18821,18827,18830
37489,18821,18830,18822
37490,18821,18831,18827
37491,18821,18826,18831
37492,18807,18827,18831
37493,18807,18831,18808
37494,18807,18828,18827
37495,18807,18806,18828
37496,18274,18287,18832
37497,18287,18833,18832
37498,18287,18286,18833
37499,18828,18832,18833
37500,18828,18833,18829
37501,18828,18806,18832
37502,18806,18811,18832
37503,18811,18274,18832
37504,18280,18834,18296
37505,18280,18813,18834
37506,18835,18836,18837
37507,18296,18835,18837
37508,18296,18837,18297
37509,18296,18834,18835
37510,18834,18813,18835
37511,18813,18817,18835
37512,18817,18836,18835
37513,18817,18816,18836
37514,18836,18838,18837
37515,18836,18816,18839
37516,18836,18839,18838
37517,18816,18819,18839
37518,18840,18841,18842
37519,18840,18842,18843
37520,18840,18843,18844
37521,18840,18844,18845
37522,18823,18840,18845
37523,18823,18845,18824
37524,18823,18841,18840
37525,18823,18822,18841
37526,18303,18846,18847
37527,18303,18847,18304
37528,18303,18848,18846
37529,18303,18302,18848
37530,18841,18846,18848
37531,18841,18848,18842
37532,18841,18822,18846
37533,18822,18830,18846
37534,18830,18847,18846
37535,18830,18829,18847
37536,18286,18309,18849
37537,18309,18304,18849
37538,18304,18847,18849
37539,18847,18829,18849
37540,18829,18833,18849
37541,18833,18286,18849
37542,18297,18850,18851
37543,18297,18851,18317
37544,18317,18851,18316
37545,18297,18837,18850
37546,18852,18853,18854
37547,18852,18854,18855
37548,18850,18852,18855
37549,18850,18855,18851
37550,18850,18837,18852
37551,18837,18856,18852
37552,18837,18838,18856
37553,18852,18856,18853
37554,18853,18857,18854
37555,18853,18856,18857
37556,18858,18859,18860
37557,18858,18860,18861
37558,18858,18861,18862
37559,18858,18862,18863
37560,18858,18863,18864
37561,18858,18864,18859
37562,18865,18866,18867
37563,18865,18867,18868
37564,18859,18865,18868
37565,18859,18868,18860
37566,18859,18869,18865
37567,18859,18864,18869
37568,18843,18865,18869
37569,18843,18869,18844
37570,18843,18866,18865
37571,18843,18842,18866
37572,18302,18323,18870
37573,18323,18871,18870
37574,18323,18322,18871
37575,18866,18870,18871
37576,18866,18871,18867
37577,18866,18842,18870
37578,18842,18848,18870
37579,18848,18302,18870
37580,18316,18872,18334
37581,18316,18851,18872
37582,18873,18874,18875
37583,18334,18873,18875
37584,18334,18875,18335
37585,18334,18872,18873
37586,18872,18851,18873
37587,18851,18855,18873
37588,18855,18874,18873
37589,18855,18854,18874
37590,18876,18877,18878
37591,18876,18878,18879
37592,18874,18876,18879
37593,18874,18879,18875
37594,18874,18854,18876
37595,18854,18880,18876
37596,18854,18857,18880
37597,18876,18880,18877
37598,18877,18881,18878
37599,18877,18880,18881
37600,18882,18883,18884
37601,18882,18884,18885
37602,18882,18885,18886
37603,18882,18886,18887
37604,18882,18887,18888
37605,18882,18888,18883
37606,18889,18890,18891
37607,18889,18891,18892
37608,18883,18889,18892
37609,18883,18892,18884
37610,18883,18893,18889
37611,18883,18888,18893
37612,18861,18889,18893
37613,18861,18893,18862
37614,18861,18890,18889
37615,18861,18860,18890
37616,18341,18894,18895
37617,18341,18895,18342
37618,18341,18896,18894
37619,18341,18340,18896
37620,18890,18894,18896
37621,18890,18896,18891
37622,18890,18860,18894
37623,18860,18868,18894
37624,18868,18895,18894
37625,18868,18867,18895
37626,18322,18347,18897
37627,18347,18342,18897
37628,18342,18895,18897
37629,18895,18867,18897
37630,18867,18871,18897
37631,18871,18322,18897
37632,18335,18898,18358
37633,18335,18875,18898
37634,18899,18900,18901
37635,18358,18899,18901
37636,18358,18901,18359
37637,18358,18898,18899
37638,18898,18875,18899
37639,18875,18879,18899
37640,18879,18900,18899
37641,18879,18878,18900
37642,18902,18903,18904
37643,18902,18904,18905
37644,18900,18902,18905
37645,18900,18905,18901
37646,18900,18878,18902
37647,18878,18906,18902
37648,18878,18881,18906
37649,18902,18906,18903
37650,18903,18907,18904
37651,18903,18906,18907
37652,18908,18909,18910
37653,18908,18910,18911
37654,18908,18911,18912
37655,18908,18912,18913
37656,18908,18913,18914
37657,18908,18914,18909
37658,18915,18916,18917
37659,18915,18917,18918
37660,18909,18915,18918
37661,18909,18918,18910
37662,18909,18919,18915
37663,18909,18914,18919
37664,18885,18915,18919
37665,18885,18919,18886
37666,18885,18916,18915
37667,18885,18884,18916
37668,18365,18920,18921
37669,18365,18921,18366
37670,18365,18922,18920
37671,18365,18364,18922
37672,18916,18920,18922
37673,18916,18922,18917
37674,18916,18884,18920
37675,18884,18892,18920
37676,18892,18921,18920
37677,18892,18891,18921
37678,18340,18371,18923
37679,18371,18366,18923
37680,18366,18921,18923
37681,18921,18891,18923
37682,18891,18896,18923
37683,18896,18340,18923
37684,18359,18924,18384
37685,18359,18901,18924
37686,18925,18926,18927
37687,18384,18925,18927
37688,18384,18927,18385
37689,18384,18924,18925
37690,18924,18901,18925
37691,18901,18905,18925
37692,18905,18926,18925
37693,18905,18904,18926
37694,18928,18929,18930
37695,18928,18930,18931
37696,18926,18928,18931
37697,18926,18931,18927
37698,18926,18904,18928
37699,18904,18932,18928
37700,18904,18907,18932
37701,18928,18932,18929
37702,18929,18933,18930
37703,18929,18932,18933
37704,18934,18935,18936
37705,18934,18936,18937
37706,18934,18937,18938
37707,18934,18938,18939
37708,18934,18939,18940
37709,18934,18940,18935
37710,18941,18942,18943
37711,18941,18943,18944
37712,18935,18941,18944
37713,18935,18944,18936
37714,18935,18945,18941
37715,18935,18940,18945
37716,18911,18941,18945
37717,18911,18945,18912
37718,18911,18942,18941
37719,18911,18910,18942
37720,18391,18946,18947
37721,18391,18947,18392
37722,18391,18948,18946
37723,18391,18390,18948
37724,18942,18946,18948
37725,18942,18948,18943
37726,18942,18910,18946
37727,18910,18918,18946
37728,18918,18947,18946
37729,18918,18917,18947
37730,18364,18397,18949
37731,18397,18392,18949
37732,18392,18947,18949
37733,18947,18917,18949
37734,18917,18922,18949
37735,18922,18364,18949
37736,18385,18950,18410
37737,18385,18927,18950
37738,18951,18952,18953
37739,18410,18951,18953
37740,18410,18953,18411
37741,18410,18950,18951
37742,18950,18927,18951
37743,18927,18931,18951
37744,18931,18952,18951
37745,18931,18930,18952
37746,18954,18955,18956
37747,18954,18956,18957
37748,18952,18954,18957
37749,18952,18957,18953
37750,18952,18930,18954
37751,18930,18958,18954
37752,18930,18933,18958
37753,18954,18958,18955
37754,18959,18960,18961
37755,18959,18961,18962
37756,18955,18959,18962
37757,18955,18962,18956
37758,18955,18963,18959
37759,18955,18958,18963
37760,18959,18963,18964
37761,18959,18964,18960
37762,18960,18965,18961
37763,18960,18964,18965
37764,18966,18967,18968
37765,18966,18968,18969
37766,18966,18969,18970
37767,18966,18970,18971
37768,18966,18971,18972
37769,18966,18972,18967
37770,18973,18974,18975
37771,18973,18975,18976
37772,18967,18973,18976
37773,18967,18976,18968
37774,18967,18977,18973
37775,18967,18972,18977
37776,18973,18977,18978
37777,18973,18978,18974
37778,18979,18980,18981
37779,18979,18981,18982
37780,18974,18979,18982
37781,18974,18982,18975
37782,18974,18983,18979
37783,18974,18978,18983
37784,18937,18979,18983
37785,18937,18983,18938
37786,18937,18980,18979
37787,18937,18936,18980
37788,18417,18984,18985
37789,18417,18985,18418
37790,18417,18986,18984
37791,18417,18416,18986
37792,18980,18984,18986
37793,18980,18986,18981
37794,18980,18936,18984
37795,18936,18944,18984
37796,18944,18985,18984
37797,18944,18943,18985
37798,18390,18423,18987
37799,18423,18418,18987
37800,18418,18985,18987
37801,18985,18943,18987
37802,18943,18948,18987
37803,18948,18390,18987
37804,18411,18988,18436
37805,18411,18953,18988
37806,18441,18989,18990
37807,18441,18990,18442
37808,18441,18436,18989
37809,18436,18988,18989
37810,18988,18953,18989
37811,18953,18957,18989
37812,18957,18990,18989
37813,18957,18956,18990
37814,18991,18992,18993
37815,18442,18991,18993
37816,18442,18993,18443
37817,18442,18990,18991
37818,18990,18956,18991
37819,18956,18962,18991
37820,18962,18992,18991
37821,18962,18961,18992
37822,18994,18995,18996
37823,18994,18996,18997
37824,18992,18994,18997
37825,18992,18997,18993
37826,18992,18961,18994
37827,18961,18998,18994
37828,18961,18965,18998
37829,18994,18998,18995
37830,18999,19000,19001
37831,18999,19001,19002
37832,18995,18999,19002
37833,18995,19002,18996
37834,18995,19003,18999
37835,18995,18998,19003
37836,18999,19003,19004
37837,18999,19004,19000
37838,19005,19006,19007
37839,19005,19007,19008
37840,19000,19005,19008
37841,19000,19008,19001
37842,19000,19009,19005
37843,19000,19004,19009
37844,19005,19009,19010
37845,19005,19010,19006
37846,19011,19012,19013
37847,19011,19013,19014
37848,19006,19011,19014
37849,19006,19014,19007
37850,19006,19015,19011
37851,19006,19010,19015
37852,19011,19015,19016
37853,19011,19016,19012
37854,19017,19018,19019
37855,19017,19019,19020
37856,19012,19017,19020
37857,19012,19020,19013
37858,19012,19021,19017
37859,19012,19016,19021
37860,19017,19021,19022
37861,19017,19022,19018
37862,19023,19024,19025
37863,19023,19025,19026
37864,19018,19023,19026
37865,19018,19026,19019
37866,19018,19027,19023
37867,19018,19022,19027
37868,19023,19027,19028
37869,19023,19028,19024
37870,19029,19030,19031
37871,19029,19031,19032
37872,19024,19029,19032
37873,19024,19032,19025
37874,19024,19033,19029
37875,19024,19028,19033
37876,19029,19033,19034
37877,19029,19034,19030
37878,19035,19036,19037
37879,19035,19037,19038
37880,19030,19035,19038
37881,19030,19038,19031
37882,19030,19039,19035
37883,19030,19034,19039
37884,18969,19035,19039
37885,18969,19039,18970
37886,18969,19036,19035
37887,18969,18968,19036
37888,18449,19040,19041
37889,18449,19041,18450
37890,18449,19042,19040
37891,18449,18448,19042
37892,19036,19040,19042
37893,19036,19042,19037
37894,19036,18968,19040
37895,18968,18976,19040
37896,18976,19041,19040
37897,18976,18975,19041
37898,18455,19043,19044
37899,18455,19044,18456
37900,18455,18450,19043
37901,18450,19041,19043
37902,19041,18975,19043
37903,18975,18982,19043
37904,18982,19044,19043
37905,18982,18981,19044
37906,18416,18461,19045
37907,18461,18456,19045
37908,18456,19044,19045
37909,19044,18981,19045
37910,18981,18986,19045
37911,18986,18416,19045
37912,18443,19046,18476
37913,18443,18993,19046
37914,18481,19047,19048
37915,18481,19048,18482
37916,18481,18476,19047
37917,18476,19046,19047
37918,19046,18993,19047
37919,18993,18997,19047
37920,18997,19048,19047
37921,18997,18996,19048
37922,18487,19049,19050
37923,18487,19050,18488
37924,18487,18482,19049
37925,18482,19048,19049
37926,19048,18996,19049
37927,18996,19002,19049
37928,19002,19050,19049
37929,19002,19001,19050
37930,18493,19051,19052
37931,18493,19052,18494
37932,18493,18488,19051
37933,18488,19050,19051
37934,19050,19001,19051
37935,19001,19008,19051
37936,19008,19052,19051
37937,19008,19007,19052
37938,18499,19053,19054
37939,18499,19054,18500
37940,18499,18494,19053
37941,18494,19052,19053
37942,19052,19007,19053
37943,19007,19014,19053
37944,19014,19054,19053
37945,19014,19013,19054
37946,18505,19055,19056
37947,18505,19056,18506
37948,18505,18500,19055
37949,18500,19054,19055
37950,19054,19013,19055
37951,19013,19020,19055
37952,19020,19056,19055
37953,19020,19019,19056
37954,18511,19057,19058
37955,18511,19058,18512
37956,18511,18506,19057
37957,18506,19056,19057
37958,19056,19019,19057
37959,19019,19026,19057
37960,19026,19058,19057
37961,19026,19025,19058
37962,18517,19059,19060
37963,18517,19060,18518
37964,18517,18512,19059
37965,18512,19058,19059
37966,19058,19025,19059
37967,19025,19032,19059
37968,19032,19060,19059
37969,19032,19031,19060
37970,18523,19061,19062
37971,18523,19062,18524
37972,18523,18518,19061
37973,18518,19060,19061
37974,19060,19031,19061
37975,19031,19038,19061
37976,19038,19062,19061
37977,19038,19037,19062
37978,18448,18529,19063
37979,18529,18524,19063
37980,18524,19062,19063
37981,19062,19037,19063
37982,19037,19042,19063
37983,19042,18448,19063
37984,18595,18596,19064
37985,18595,19064,18594
37986,18597,18598,19065
37987,18597,19065,19066
37988,18597,19066,18596
37989,18596,19066,19064
37990,18599,18600,19067
37991,18599,19067,19068
37992,18599,19068,18598
37993,18598,19068,19065
37994,18601,18602,19069
37995,18601,19069,19070
37996,18601,19070,18600
37997,18600,19070,19067
37998,18603,18604,19071
37999,18603,19071,19072
38000,18603,19072,18602
38001,18602,19072,19069
38002,18605,18606,19073
38003,18605,19073,19074
38004,18605,19074,18604
38005,18604,19074,19071
38006,18607,18608,19075
38007,18607,19075,19076
38008,18607,19076,18606
38009,18606,19076,19073
38010,18608,18613,19077
38011,18608,19077,19075
38012,18625,18626,19078
38013,18625,19078,18624
38014,18627,18628,19079
38015,18627,19079,19080
38016,18627,19080,18626
38017,18626,19080,19078
38018,18594,19081,19082
38019,18594,19082,18629
38020,18629,19082,19083
38021,18629,19083,18628
38022,18628,19083,19079
38023,18594,19064,19081
38024,19084,19085,19086
38025,19084,19086,19087
38026,19081,19084,19087
38027,19081,19087,19082
38028,19081,19064,19084
38029,19064,19066,19084
38030,19066,19085,19084
38031,19066,19065,19085
38032,19088,19089,19090
38033,19088,19090,19091
38034,19085,19088,19091
38035,19085,19091,19086
38036,19085,19065,19088
38037,19065,19068,19088
38038,19068,19089,19088
38039,19068,19067,19089
38040,19092,19093,19094
38041,19092,19094,19095
38042,19089,19092,19095
38043,19089,19095,19090
38044,19089,19067,19092
38045,19067,19070,19092
38046,19070,19093,19092
38047,19070,19069,19093
38048,19096,19097,19098
38049,19096,19098,19099
38050,19093,19096,19099
38051,19093,19099,19094
38052,19093,19069,19096
38053,19069,19072,19096
38054,19072,19097,19096
38055,19072,19071,19097
38056,19100,19101,19102
38057,19100,19102,19103
38058,19097,19100,19103
38059,19097,19103,19098
38060,19097,19071,19100
38061,19071,19074,19100
38062,19074,19101,19100
38063,19074,19073,19101
38064,19104,19105,19106
38065,19104,19106,19107
38066,19101,19104,19107
38067,19101,19107,19102
38068,19101,19073,19104
38069,19073,19076,19104
38070,19076,19105,19104
38071,19076,19075,19105
38072,18613,19109,19108
38073,18613,18630,19109
38074,19108,19109,19110
38075,19105,19108,19110
38076,19105,19110,19106
38077,19105,19075,19108
38078,19075,19077,19108
38079,19077,18613,19108
38080,18631,18632,19111
38081,18631,19111,19112
38082,18631,19112,18630
38083,18630,19112,19109
38084,18632,18637,19113
38085,18632,19113,19111
38086,18647,18648,19114
38087,18647,19114,18646
38088,18624,19115,19116
38089,18624,19116,18649
38090,18649,19116,19117
38091,18649,19117,18648
38092,18648,19117,19114
38093,18624,19078,19115
38094,19118,19119,19120
38095,19118,19120,19121
38096,19115,19118,19121
38097,19115,19121,19116
38098,19115,19078,19118
38099,19078,19080,19118
38100,19080,19119,19118
38101,19080,19079,19119
38102,19119,19122,19120
38103,19119,19079,19123
38104,19119,19123,19122
38105,19079,19083,19124
38106,19079,19124,19123
38107,19083,19082,19124
38108,19082,19125,19124
38109,19082,19087,19126
38110,19082,19126,19125
38111,19087,19086,19126
38112,19086,19127,19126
38113,19086,19091,19128
38114,19086,19128,19127
38115,19091,19090,19128
38116,19090,19129,19128
38117,19090,19095,19130
38118,19090,19130,19129
38119,19095,19094,19130
38120,19094,19131,19130
38121,19094,19099,19132
38122,19094,19132,19131
38123,19099,19098,19132
38124,19098,19133,19132
38125,19098,19103,19134
38126,19098,19134,19133
38127,19103,19102,19134
38128,19102,19135,19134
38129,19102,19107,19136
38130,19102,19136,19135
38131,19107,19106,19136
38132,19137,19138,19139
38133,19137,19139,19140
38134,19137,19140,19141
38135,19106,19137,19141
38136,19106,19141,19136
38137,19106,19110,19137
38138,19110,19138,19137
38139,19110,19109,19138
38140,19142,19143,19144
38141,19142,19144,19145
38142,19138,19142,19145
38143,19138,19145,19139
38144,19138,19109,19142
38145,19109,19112,19142
38146,19112,19143,19142
38147,19112,19111,19143
38148,18637,19147,19146
38149,18637,18650,19147
38150,19146,19147,19148
38151,19143,19146,19148
38152,19143,19148,19144
38153,19143,19111,19146
38154,19111,19113,19146
38155,19113,18637,19146
38156,18650,18655,19149
38157,18650,19149,19147
38158,18665,18666,19150
38159,18665,19150,18664
38160,18646,19151,19152
38161,18646,19152,18667
38162,18667,19152,19153
38163,18667,19153,18666
38164,18666,19153,19150
38165,18646,19114,19151
38166,19151,19154,19152
38167,19151,19114,19155
38168,19151,19155,19154
38169,19114,19117,19156
38170,19114,19156,19155
38171,19117,19116,19156
38172,19116,19157,19156
38173,19116,19121,19158
38174,19116,19158,19157
38175,19121,19120,19158
38176,19120,19159,19158
38177,19120,19122,19159
38178,19140,19160,19141
38179,19140,19139,19160
38180,19139,19161,19160
38181,19139,19145,19162
38182,19139,19162,19161
38183,19145,19144,19162
38184,19163,19164,19165
38185,19163,19165,19166
38186,19163,19166,19167
38187,19144,19163,19167
38188,19144,19167,19162
38189,19144,19148,19163
38190,19148,19164,19163
38191,19148,19147,19164
38192,18655,19169,19168
38193,18655,18668,19169
38194,19168,19169,19170
38195,19164,19168,19170
38196,19164,19170,19165
38197,19164,19147,19168
38198,19147,19149,19168
38199,19149,18655,19168
38200,18668,18673,19171
38201,18668,19171,19169
38202,18683,18684,19172
38203,18683,19172,18682
38204,18664,19173,19174
38205,18664,19174,18685
38206,18685,19174,19175
38207,18685,19175,18684
38208,18684,19175,19172
38209,18664,19150,19173
38210,19173,19176,19174
38211,19173,19150,19177
38212,19173,19177,19176
38213,19150,19153,19178
38214,19150,19178,19177
38215,19153,19152,19178
38216,19152,19179,19178
38217,19152,19154,19179
38218,19166,19180,19167
38219,19166,19165,19180
38220,19181,19182,19183
38221,19181,19183,19184
38222,19181,19184,19185
38223,19165,19181,19185
38224,19165,19185,19180
38225,19165,19170,19181
38226,19170,19182,19181
38227,19170,19169,19182
38228,18673,19187,19186
38229,18673,18686,19187
38230,19186,19187,19188
38231,19182,19186,19188
38232,19182,19188,19183
38233,19182,19169,19186
38234,19169,19171,19186
38235,19171,18673,19186
38236,18686,18691,19189
38237,18686,19189,19187
38238,18699,18700,19190
38239,18699,19190,18698
38240,18682,19191,19192
38241,18682,19192,18701
38242,18701,19192,19193
38243,18701,19193,18700
38244,18700,19193,19190
38245,18682,19172,19191
38246,19191,19194,19192
38247,19191,19172,19195
38248,19191,19195,19194
38249,19172,19175,19196
38250,19172,19196,19195
38251,19175,19174,19196
38252,19174,19197,19196
38253,19174,19176,19197
38254,19184,19198,19185
38255,19184,19183,19198
38256,19199,19200,19201
38257,19199,19201,19202
38258,19199,19202,19203
38259,19183,19199,19203
38260,19183,19203,19198
38261,19183,19188,19199
38262,19188,19200,19199
38263,19188,19187,19200
38264,18691,19205,19204
38265,18691,18702,19205
38266,19204,19205,19206
38267,19200,19204,19206
38268,19200,19206,19201
38269,19200,19187,19204
38270,19187,19189,19204
38271,19189,18691,19204
38272,18702,18707,19207
38273,18702,19207,19205
38274,18698,19208,19209
38275,18698,19209,18715
38276,18715,19209,18714
38277,18698,19190,19208
38278,19210,19211,19212
38279,19210,19212,19213
38280,19208,19210,19213
38281,19208,19213,19209
38282,19208,19190,19210
38283,19190,19193,19210
38284,19193,19211,19210
38285,19193,19192,19211
38286,19211,19214,19212
38287,19211,19192,19215
38288,19211,19215,19214
38289,19192,19194,19215
38290,19216,19217,19218
38291,19216,19218,19219
38292,19216,19219,19220
38293,19216,19220,19221
38294,19202,19216,19221
38295,19202,19221,19203
38296,19202,19217,19216
38297,19202,19201,19217
38298,19222,19223,19224
38299,19222,19224,19225
38300,19217,19222,19225
38301,19217,19225,19218
38302,19217,19201,19222
38303,19201,19206,19222
38304,19206,19223,19222
38305,19206,19205,19223
38306,18707,18721,19226
38307,18721,19227,19226
38308,18721,18720,19227
38309,19223,19226,19227
38310,19223,19227,19224
38311,19223,19205,19226
38312,19205,19207,19226
38313,19207,18707,19226
38314,18729,18730,19228
38315,18729,19228,18728
38316,18714,19229,19230
38317,18714,19230,18731
38318,18731,19230,19231
38319,18731,19231,18730
38320,18730,19231,19228
38321,18714,19209,19229
38322,19229,19232,19230
38323,19229,19209,19233
38324,19229,19233,19232
38325,19209,19213,19234
38326,19209,19234,19233
38327,19213,19212,19234
38328,19212,19235,19234
38329,19212,19214,19235
38330,19219,19236,19220
38331,19219,19218,19236
38332,19237,19238,19239
38333,19237,19239,19240
38334,19237,19240,19241
38335,19218,19237,19241
38336,19218,19241,19236
38337,19218,19225,19237
38338,19225,19238,19237
38339,19225,19224,19238
38340,18720,19243,19242
38341,18720,18732,19243
38342,19242,19243,19244
38343,19238,19242,19244
38344,19238,19244,19239
38345,19238,19224,19242
38346,19224,19227,19242
38347,19227,18720,19242
38348,18732,18737,19245
38349,18732,19245,19243
38350,18728,19246,19247
38351,18728,19247,18743
38352,18743,19247,18742
38353,18728,19228,19246
38354,19248,19249,19250
38355,19248,19250,19251
38356,19246,19248,19251
38357,19246,19251,19247
38358,19246,19228,19248
38359,19228,19231,19248
38360,19231,19249,19248
38361,19231,19230,19249
38362,19249,19252,19250
38363,19249,19230,19253
38364,19249,19253,19252
38365,19230,19232,19253
38366,19254,19255,19256
38367,19254,19256,19257
38368,19254,19257,19258
38369,19254,19258,19259
38370,19240,19254,19259
38371,19240,19259,19241
38372,19240,19255,19254
38373,19240,19239,19255
38374,19260,19261,19262
38375,19260,19262,19263
38376,19255,19260,19263
38377,19255,19263,19256
38378,19255,19239,19260
38379,19239,19244,19260
38380,19244,19261,19260
38381,19244,19243,19261
38382,18737,18749,19264
38383,18749,19265,19264
38384,18749,18748,19265
38385,19261,19264,19265
38386,19261,19265,19262
38387,19261,19243,19264
38388,19243,19245,19264
38389,19245,18737,19264
38390,18742,19266,19267
38391,18742,19267,18755
38392,18755,19267,18754
38393,18742,19247,19266
38394,19268,19269,19270
38395,19268,19270,19271
38396,19266,19268,19271
38397,19266,19271,19267
38398,19266,19247,19268
38399,19247,19251,19268
38400,19251,19269,19268
38401,19251,19250,19269
38402,19269,19272,19270
38403,19269,19250,19273
38404,19269,19273,19272
38405,19250,19252,19273
38406,19274,19275,19276
38407,19274,19276,19277
38408,19274,19277,19278
38409,19274,19278,19279
38410,19257,19274,19279
38411,19257,19279,19258
38412,19257,19275,19274
38413,19257,19256,19275
38414,19280,19281,19282
38415,19280,19282,19283
38416,19275,19280,19283
38417,19275,19283,19276
38418,19275,19256,19280
38419,19256,19263,19280
38420,19263,19281,19280
38421,19263,19262,19281
38422,18748,18761,19284
38423,18761,19285,19284
38424,18761,18760,19285
38425,19281,19284,19285
38426,19281,19285,19282
38427,19281,19262,19284
38428,19262,19265,19284
38429,19265,18748,19284
38430,18754,19286,19287
38431,18754,19287,18767
38432,18767,19287,18766
38433,18754,19267,19286
38434,19288,19289,19290
38435,19288,19290,19291
38436,19286,19288,19291
38437,19286,19291,19287
38438,19286,19267,19288
38439,19267,19271,19288
38440,19271,19289,19288
38441,19271,19270,19289
38442,19289,19292,19290
38443,19289,19270,19293
38444,19289,19293,19292
38445,19270,19272,19293
38446,19294,19295,19296
38447,19294,19296,19297
38448,19294,19297,19298
38449,19294,19298,19299
38450,19277,19294,19299
38451,19277,19299,19278
38452,19277,19295,19294
38453,19277,19276,19295
38454,19300,19301,19302
38455,19300,19302,19303
38456,19295,19300,19303
38457,19295,19303,19296
38458,19295,19276,19300
38459,19276,19283,19300
38460,19283,19301,19300
38461,19283,19282,19301
38462,18760,18773,19304
38463,18773,19305,19304
38464,18773,18772,19305
38465,19301,19304,19305
38466,19301,19305,19302
38467,19301,19282,19304
38468,19282,19285,19304
38469,19285,18760,19304
38470,18766,19306,19307
38471,18766,19307,18779
38472,18779,19307,18778
38473,18766,19287,19306
38474,19308,19309,19310
38475,19308,19310,19311
38476,19306,19308,19311
38477,19306,19311,19307
38478,19306,19287,19308
38479,19287,19291,19308
38480,19291,19309,19308
38481,19291,19290,19309
38482,19309,19312,19310
38483,19309,19290,19313
38484,19309,19313,19312
38485,19290,19292,19313
38486,19314,19315,19316
38487,19314,19316,19317
38488,19314,19317,19318
38489,19314,19318,19319
38490,19297,19314,19319
38491,19297,19319,19298
38492,19297,19315,19314
38493,19297,19296,19315
38494,19320,19321,19322
38495,19320,19322,19323
38496,19315,19320,19323
38497,19315,19323,19316
38498,19315,19296,19320
38499,19296,19303,19320
38500,19303,19321,19320
38501,19303,19302,19321
38502,18772,18785,19324
38503,18785,19325,19324
38504,18785,18784,19325
38505,19321,19324,19325
38506,19321,19325,19322
38507,19321,19302,19324
38508,19302,19305,19324
38509,19305,18772,19324
38510,18778,19326,19327
38511,18778,19327,18791
38512,18791,19327,18790
38513,18778,19307,19326
38514,19328,19329,19330
38515,19328,19330,19331
38516,19326,19328,19331
38517,19326,19331,19327
38518,19326,19307,19328
38519,19307,19311,19328
38520,19311,19329,19328
38521,19311,19310,19329
38522,19329,19332,19330
38523,19329,19310,19333
38524,19329,19333,19332
38525,19310,19312,19333
38526,19334,19335,19336
38527,19334,19336,19337
38528,19334,19337,19338
38529,19334,19338,19339
38530,19317,19334,19339
38531,19317,19339,19318
38532,19317,19335,19334
38533,19317,19316,19335
38534,19340,19341,19342
38535,19340,19342,19343
38536,19335,19340,19343
38537,19335,19343,19336
38538,19335,19316,19340
38539,19316,19323,19340
38540,19323,19341,19340
38541,19323,19322,19341
38542,18784,18797,19344
38543,18797,19345,19344
38544,18797,18796,19345
38545,19341,19344,19345
38546,19341,19345,19342
38547,19341,19322,19344
38548,19322,19325,19344
38549,19325,18784,19344
38550,18790,19346,19347
38551,18790,19347,18803
38552,18803,19347,18802
38553,18790,19327,19346
38554,19348,19349,19350
38555,19348,19350,19351
38556,19346,19348,19351
38557,19346,19351,19347
38558,19346,19327,19348
38559,19327,19331,19348
38560,19331,19349,19348
38561,19331,19330,19349
38562,19349,19352,19350
38563,19349,19330,19353
38564,19349,19353,19352
38565,19330,19332,19353
38566,19354,19355,19356
38567,19354,19356,19357
38568,19354,19357,19358
38569,19354,19358,19359
38570,19337,19354,19359
38571,19337,19359,19338
38572,19337,19355,19354
38573,19337,19336,19355
38574,19360,19361,19362
38575,19360,19362,19363
38576,19355,19360,19363
38577,19355,19363,19356
38578,19355,19336,19360
38579,19336,19343,19360
38580,19343,19361,19360
38581,19343,19342,19361
38582,18796,18809,19364
38583,18809,19365,19364
38584,18809,18808,19365
38585,19361,19364,19365
38586,19361,19365,19362
38587,19361,19342,19364
38588,19342,19345,19364
38589,19345,18796,19364
38590,18802,19366,18818
38591,18802,19347,19366
38592,19367,19368,19369
38593,18818,19367,19369
38594,18818,19369,18819
38595,18818,19366,19367
38596,19366,19347,19367
38597,19347,19351,19367
38598,19351,19368,19367
38599,19351,19350,19368
38600,19370,19371,19372
38601,19370,19372,19373
38602,19368,19370,19373
38603,19368,19373,19369
38604,19368,19350,19370
38605,19350,19374,19370
38606,19350,19352,19374
38607,19370,19374,19371
38608,19371,19375,19372
38609,19371,19374,19375
38610,19376,19377,19378
38611,19376,19378,19379
38612,19376,19379,19380
38613,19376,19380,19381
38614,19376,19381,19382
38615,19376,19382,19377
38616,19383,19384,19385
38617,19383,19385,19386
38618,19377,19383,19386
38619,19377,19386,19378
38620,19377,19387,19383
38621,19377,19382,19387
38622,19357,19383,19387
38623,19357,19387,19358
38624,19357,19384,19383
38625,19357,19356,19384
38626,18825,19388,19389
38627,18825,19389,18826
38628,18825,19390,19388
38629,18825,18824,19390
38630,19384,19388,19390
38631,19384,19390,19385
38632,19384,19356,19388
38633,19356,19363,19388
38634,19363,19389,19388
38635,19363,19362,19389
38636,18808,18831,19391
38637,18831,18826,19391
38638,18826,19389,19391
38639,19389,19362,19391
38640,19362,19365,19391
38641,19365,18808,19391
38642,18819,19392,19393
38643,18819,19393,18839
38644,18839,19393,18838
38645,18819,19369,19392
38646,19394,19395,19396
38647,19394,19396,19397
38648,19392,19394,19397
38649,19392,19397,19393
38650,19392,19369,19394
38651,19369,19373,19394
38652,19373,19395,19394
38653,19373,19372,19395
38654,19395,19398,19396
38655,19395,19372,19399
38656,19395,19399,19398
38657,19372,19375,19399
38658,19400,19401,19402
38659,19400,19402,19403
38660,19400,19403,19404
38661,19400,19404,19405
38662,19379,19400,19405
38663,19379,19405,19380
38664,19379,19401,19400
38665,19379,19378,19401
38666,19406,19407,19408
38667,19406,19408,19409
38668,19401,19406,19409
38669,19401,19409,19402
38670,19401,19378,19406
38671,19378,19386,19406
38672,19386,19407,19406
38673,19386,19385,19407
38674,18824,18845,19410
38675,18845,19411,19410
38676,18845,18844,19411
38677,19407,19410,19411
38678,19407,19411,19408
38679,19407,19385,19410
38680,19385,19390,19410
38681,19390,18824,19410
38682,18838,19412,18856
38683,18838,19393,19412
38684,19413,19414,19415
38685,18856,19413,19415
38686,18856,19415,18857
38687,18856,19412,19413
38688,19412,19393,19413
38689,19393,19397,19413
38690,19397,19414,19413
38691,19397,19396,19414
38692,19416,19417,19418
38693,19416,19418,19419
38694,19414,19416,19419
38695,19414,19419,19415
38696,19414,19396,19416
38697,19396,19420,19416
38698,19396,19398,19420
38699,19416,19420,19417
38700,19417,19421,19418
38701,19417,19420,19421
38702,19422,19423,19424
38703,19422,19424,19425
38704,19422,19425,19426
38705,19422,19426,19427
38706,19422,19427,19428
38707,19422,19428,19423
38708,19429,19430,19431
38709,19429,19431,19432
38710,19423,19429,19432
38711,19423,19432,19424
38712,19423,19433,19429
38713,19423,19428,19433
38714,19403,19429,19433
38715,19403,19433,19404
38716,19403,19430,19429
38717,19403,19402,19430
38718,18863,19434,19435
38719,18863,19435,18864
38720,18863,19436,19434
38721,18863,18862,19436
38722,19430,19434,19436
38723,19430,19436,19431
38724,19430,19402,19434
38725,19402,19409,19434
38726,19409,19435,19434
38727,19409,19408,19435
38728,18844,18869,19437
38729,18869,18864,19437
38730,18864,19435,19437
38731,19435,19408,19437
38732,19408,19411,19437
38733,19411,18844,19437
38734,18857,19438,18880
38735,18857,19415,19438
38736,19439,19440,19441
38737,18880,19439,19441
38738,18880,19441,18881
38739,18880,19438,19439
38740,19438,19415,19439
38741,19415,19419,19439
38742,19419,19440,19439
38743,19419,19418,19440
38744,19442,19443,19444
38745,19442,19444,19445
38746,19440,19442,19445
38747,19440,19445,19441
38748,19440,19418,19442
38749,19418,19446,19442
38750,19418,19421,19446
38751,19442,19446,19443
38752,19443,19447,19444
38753,19443,19446,19447
38754,19448,19449,19450
38755,19448,19450,19451
38756,19448,19451,19452
38757,19448,19452,19453
38758,19448,19453,19454
38759,19448,19454,19449
38760,19455,19456,19457
38761,19455,19457,19458
38762,19449,19455,19458
38763,19449,19458,19450
38764,19449,19459,19455
38765,19449,19454,19459
38766,19425,19455,19459
38767,19425,19459,19426
38768,19425,19456,19455
38769,19425,19424,19456
38770,18887,19460,19461
38771,18887,19461,18888
38772,18887,19462,19460
38773,18887,18886,19462
38774,19456,19460,19462
38775,19456,19462,19457
38776,19456,19424,19460
38777,19424,19432,19460
38778,19432,19461,19460
38779,19432,19431,19461
38780,18862,18893,19463
38781,18893,18888,19463
38782,18888,19461,19463
38783,19461,19431,19463
38784,19431,19436,19463
38785,19436,18862,19463
38786,18881,19464,18906
38787,18881,19441,19464
38788,19465,19466,19467
38789,18906,19465,19467
38790,18906,19467,18907
38791,18906,19464,19465
38792,19464,19441,19465
38793,19441,19445,19465
38794,19445,19466,19465
38795,19445,19444,19466
38796,19468,19469,19470
38797,19468,19470,19471
38798,19466,19468,19471
38799,19466,19471,19467
38800,19466,19444,19468
38801,19444,19472,19468
38802,19444,19447,19472
38803,19468,19472,19469
38804,19473,19474,19475
38805,19473,19475,19476
38806,19469,19473,19476
38807,19469,19476,19470
38808,19469,19477,19473
38809,19469,19472,19477
38810,19473,19477,19478
38811,19473,19478,19474
38812,19474,19479,19475
38813,19474,19478,19479
38814,19480,19481,19482
38815,19480,19482,19483
38816,19480,19483,19484
38817,19480,19484,19485
38818,19480,19485,19486
38819,19480,19486,19481
38820,19487,19488,19489
38821,19487,19489,19490
38822,19481,19487,19490
38823,19481,19490,19482
38824,19481,19491,19487
38825,19481,19486,19491
38826,19487,19491,19492
38827,19487,19492,19488
38828,19493,19494,19495
38829,19493,19495,19496
38830,19488,19493,19496
38831,19488,19496,19489
38832,19488,19497,19493
38833,19488,19492,19497
38834,19451,19493,19497
38835,19451,19497,19452
38836,19451,19494,19493
38837,19451,19450,19494
38838,18913,19498,19499
38839,18913,19499,18914
38840,18913,19500,19498
38841,18913,18912,19500
38842,19494,19498,19500
38843,19494,19500,19495
38844,19494,19450,19498
38845,19450,19458,19498
38846,19458,19499,19498
38847,19458,19457,19499
38848,18886,18919,19501
38849,18919,18914,19501
38850,18914,19499,19501
38851,19499,19457,19501
38852,19457,19462,19501
38853,19462,18886,19501
38854,18907,19502,18932
38855,18907,19467,19502
38856,19503,19504,19505
38857,18932,19503,19505
38858,18932,19505,18933
38859,18932,19502,19503
38860,19502,19467,19503
38861,19467,19471,19503
38862,19471,19504,19503
38863,19471,19470,19504
38864,19506,19507,19508
38865,19506,19508,19509
38866,19504,19506,19509
38867,19504,19509,19505
38868,19504,19470,19506
38869,19470,19476,19506
38870,19476,19507,19506
38871,19476,19475,19507
38872,19510,19511,19512
38873,19510,19512,19513
38874,19507,19510,19513
38875,19507,19513,19508
38876,19507,19475,19510
38877,19475,19514,19510
38878,19475,19479,19514
38879,19510,19514,19511
38880,19515,19516,19517
38881,19515,19517,19518
38882,19511,19515,19518
38883,19511,19518,19512
38884,19511,19519,19515
38885,19511,19514,19519
38886,19515,19519,19520
38887,19515,19520,19516
38888,19521,19522,19523
38889,19521,19523,19524
38890,19516,19521,19524
38891,19516,19524,19517
38892,19516,19525,19521
38893,19516,19520,19525
38894,19521,19525,19526
38895,19521,19526,19522
38896,19527,19528,19529
38897,19527,19529,19530
38898,19522,19527,19530
38899,19522,19530,19523
38900,19522,19531,19527
38901,19522,19526,19531
38902,19527,19531,19532
38903,19527,19532,19528
38904,19533,19534,19535
38905,19533,19535,19536
38906,19528,19533,19536
38907,19528,19536,19529
38908,19528,19537,19533
38909,19528,19532,19537
38910,19533,19537,19538
38911,19533,19538,19534
38912,19539,19540,19541
38913,19539,19541,19542
38914,19534,19539,19542
38915,19534,19542,19535
38916,19534,19543,19539
38917,19534,19538,19543
38918,19539,19543,19544
38919,19539,19544,19540
38920,19545,19546,19547
38921,19545,19547,19548
38922,19540,19545,19548
38923,19540,19548,19541
38924,19540,19549,19545
38925,19540,19544,19549
38926,19545,19549,19550
38927,19545,19550,19546
38928,19551,19552,19553
38929,19551,19553,19554
38930,19546,19551,19554
38931,19546,19554,19547
38932,19546,19555,19551
38933,19546,19550,19555
38934,19483,19551,19555
38935,19483,19555,19484
38936,19483,19552,19551
38937,19483,19482,19552
38938,19556,19557,19558
38939,19556,19558,19559
38940,19552,19556,19559
38941,19552,19559,19553
38942,19552,19482,19556
38943,19482,19490,19556
38944,19490,19557,19556
38945,19490,19489,19557
38946,18939,19560,19561
38947,18939,19561,18940
38948,18939,19562,19560
38949,18939,18938,19562
38950,19557,19560,19562
38951,19557,19562,19558
38952,19557,19489,19560
38953,19489,19496,19560
38954,19496,19561,19560
38955,19496,19495,19561
38956,18912,18945,19563
38957,18945,18940,19563
38958,18940,19561,19563
38959,19561,19495,19563
38960,19495,19500,19563
38961,19500,18912,19563
38962,18933,19564,18958
38963,18933,19505,19564
38964,18963,19565,19566
38965,18963,19566,18964
38966,18963,18958,19565
38967,18958,19564,19565
38968,19564,19505,19565
38969,19505,19509,19565
38970,19509,19566,19565
38971,19509,19508,19566
38972,19567,19568,19569
38973,18964,19567,19569
38974,18964,19569,18965
38975,18964,19566,19567
38976,19566,19508,19567
38977,19508,19513,19567
38978,19513,19568,19567
38979,19513,19512,19568
38980,19570,19571,19572
38981,19570,19572,19573
38982,19568,19570,19573
38983,19568,19573,19569
38984,19568,19512,19570
38985,19512,19518,19570
38986,19518,19571,19570
38987,19518,19517,19571
38988,19574,19575,19576
38989,19574,19576,19577
38990,19571,19574,19577
38991,19571,19577,19572
38992,19571,19517,19574
38993,19517,19524,19574
38994,19524,19575,19574
38995,19524,19523,19575
38996,19578,19579,19580
38997,19578,19580,19581
38998,19575,19578,19581
38999,19575,19581,19576
39000,19575,19523,19578
39001,19523,19530,19578
39002,19530,19579,19578
39003,19530,19529,19579
39004,19582,19583,19584
39005,19582,19584,19585
39006,19579,19582,19585
39007,19579,19585,19580
39008,19579,19529,19582
39009,19529,19536,19582
39010,19536,19583,19582
39011,19536,19535,19583
39012,19586,19587,19588
39013,19586,19588,19589
39014,19583,19586,19589
39015,19583,19589,19584
39016,19583,19535,19586
39017,19535,19542,19586
39018,19542,19587,19586
39019,19542,19541,19587
39020,19590,19591,19592
39021,19590,19592,19593
39022,19587,19590,19593
39023,19587,19593,19588
39024,19587,19541,19590
39025,19541,19548,19590
39026,19548,19591,19590
39027,19548,19547,19591
39028,18971,19594,19595
39029,18971,19595,18972
39030,18971,19596,19594
39031,18971,18970,19596
39032,19591,19594,19596
39033,19591,19596,19592
39034,19591,19547,19594
39035,19547,19554,19594
39036,19554,19595,19594
39037,19554,19553,19595
39038,18977,19597,19598
39039,18977,19598,18978
39040,18977,18972,19597
39041,18972,19595,19597
39042,19595,19553,19597
39043,19553,19559,19597
39044,19559,19598,19597
39045,19559,19558,19598
39046,18938,18983,19599
39047,18983,18978,19599
39048,18978,19598,19599
39049,19598,19558,19599
39050,19558,19562,19599
39051,19562,18938,19599
39052,18965,19600,18998
39053,18965,19569,19600
39054,19003,19601,19602
39055,19003,19602,19004
39056,19003,18998,19601
39057,18998,19600,19601
39058,19600,19569,19601
39059,19569,19573,19601
39060,19573,19602,19601
39061,19573,19572,19602
39062,19009,19603,19604
39063,19009,19604,19010
39064,19009,19004,19603
39065,19004,19602,19603
39066,19602,19572,19603
39067,19572,19577,19603
39068,19577,19604,19603
39069,19577,19576,19604
39070,19015,19605,19606
39071,19015,19606,19016
39072,19015,19010,19605
39073,19010,19604,19605
39074,19604,19576,19605
39075,19576,19581,19605
39076,19581,19606,19605
39077,19581,19580,19606
39078,19021,19607,19608
39079,19021,19608,19022
39080,19021,19016,19607
39081,19016,19606,19607
39082,19606,19580,19607
39083,19580,19585,19607
39084,19585,19608,19607
39085,19585,19584,19608
39086,19027,19609,19610
39087,19027,19610,19028
39088,19027,19022,19609
39089,19022,19608,19609
39090,19608,19584,19609
39091,19584,19589,19609
39092,19589,19610,19609
39093,19589,19588,19610
39094,19033,19611,19612
39095,19033,19612,19034
39096,19033,19028,19611
39097,19028,19610,19611
39098,19610,19588,19611
39099,19588,19593,19611
39100,19593,19612,19611
39101,19593,19592,19612
39102,18970,19039,19613
39103,19039,19034,19613
39104,19034,19612,19613
39105,19612,19592,19613
39106,19592,19596,19613
39107,19596,18970,19613
39108,19123,19124,19614
39109,19123,19614,19122
39110,19125,19126,19615
39111,19125,19615,19616
39112,19125,19616,19124
39113,19124,19616,19614
39114,19127,19128,19617
39115,19127,19617,19618
39116,19127,19618,19126
39117,19126,19618,19615
39118,19129,19130,19619
39119,19129,19619,19620
39120,19129,19620,19128
39121,19128,19620,19617
39122,19131,19132,19621
39123,19131,19621,19622
39124,19131,19622,19130
39125,19130,19622,19619
39126,19133,19134,19623
39127,19133,19623,19624
39128,19133,19624,19132
39129,19132,19624,19621
39130,19135,19136,19625
39131,19135,19625,19626
39132,19135,19626,19134
39133,19134,19626,19623
39134,19136,19141,19627
39135,19136,19627,19625
39136,19155,19156,19628
39137,19155,19628,19154
39138,19157,19158,19629
39139,19157,19629,19630
39140,19157,19630,19156
39141,19156,19630,19628
39142,19122,19631,19632
39143,19122,19632,19159
39144,19159,19632,19633
39145,19159,19633,19158
39146,19158,19633,19629
39147,19122,19614,19631
39148,19634,19635,19636
39149,19634,19636,19637
39150,19631,19634,19637
39151,19631,19637,19632
39152,19631,19614,19634
39153,19614,19616,19634
39154,19616,19635,19634
39155,19616,19615,19635
39156,19638,19639,19640
39157,19638,19640,19641
39158,19635,19638,19641
39159,19635,19641,19636
39160,19635,19615,19638
39161,19615,19618,19638
39162,19618,19639,19638
39163,19618,19617,19639
39164,19642,19643,19644
39165,19642,19644,19645
39166,19639,19642,19645
39167,19639,19645,19640
39168,19639,19617,19642
39169,19617,19620,19642
39170,19620,19643,19642
39171,19620,19619,19643
39172,19646,19647,19648
39173,19646,19648,19649
39174,19643,19646,19649
39175,19643,19649,19644
39176,19643,19619,19646
39177,19619,19622,19646
39178,19622,19647,19646
39179,19622,19621,19647
39180,19650,19651,19652
39181,19650,19652,19653
39182,19647,19650,19653
39183,19647,19653,19648
39184,19647,19621,19650
39185,19621,19624,19650
39186,19624,19651,19650
39187,19624,19623,19651
39188,19654,19655,19656
39189,19654,19656,19657
39190,19651,19654,19657
39191,19651,19657,19652
39192,19651,19623,19654
39193,19623,19626,19654
39194,19626,19655,19654
39195,19626,19625,19655
39196,19141,19659,19658
39197,19141,19160,19659
39198,19658,19659,19660
39199,19655,19658,19660
39200,19655,19660,19656
39201,19655,19625,19658
39202,19625,19627,19658
39203,19627,19141,19658
39204,19161,19162,19661
39205,19161,19661,19662
39206,19161,19662,19160
39207,19160,19662,19659
39208,19162,19167,19663
39209,19162,19663,19661
39210,19177,19178,19664
39211,19177,19664,19176
39212,19154,19665,19666
39213,19154,19666,19179
39214,19179,19666,19667
39215,19179,19667,19178
39216,19178,19667,19664
39217,19154,19628,19665
39218,19668,19669,19670
39219,19668,19670,19671
39220,19665,19668,19671
39221,19665,19671,19666
39222,19665,19628,19668
39223,19628,19630,19668
39224,19630,19669,19668
39225,19630,19629,19669
39226,19672,19673,19674
39227,19672,19674,19675
39228,19669,19672,19675
39229,19669,19675,19670
39230,19669,19629,19672
39231,19629,19633,19672
39232,19633,19673,19672
39233,19633,19632,19673
39234,19673,19676,19674
39235,19673,19632,19677
39236,19673,19677,19676
39237,19632,19637,19678
39238,19632,19678,19677
39239,19637,19636,19678
39240,19636,19679,19678
39241,19636,19641,19680
39242,19636,19680,19679
39243,19641,19640,19680
39244,19640,19681,19680
39245,19640,19645,19682
39246,19640,19682,19681
39247,19645,19644,19682
39248,19644,19683,19682
39249,19644,19649,19684
39250,19644,19684,19683
39251,19649,19648,19684
39252,19648,19685,19684
39253,19648,19653,19686
39254,19648,19686,19685
39255,19653,19652,19686
39256,19687,19688,19689
39257,19687,19689,19690
39258,19687,19690,19691
39259,19652,19687,19691
39260,19652,19691,19686
39261,19652,19657,19687
39262,19657,19688,19687
39263,19657,19656,19688
39264,19692,19693,19694
39265,19692,19694,19695
39266,19688,19692,19695
39267,19688,19695,19689
39268,19688,19656,19692
39269,19656,19660,19692
39270,19660,19693,19692
39271,19660,19659,19693
39272,19696,19697,19698
39273,19696,19698,19699
39274,19693,19696,19699
39275,19693,19699,19694
39276,19693,19659,19696
39277,19659,19662,19696
39278,19662,19697,19696
39279,19662,19661,19697
39280,19167,19701,19700
39281,19167,19180,19701
39282,19700,19701,19702
39283,19697,19700,19702
39284,19697,19702,19698
39285,19697,19661,19700
39286,19661,19663,19700
39287,19663,19167,19700
39288,19180,19185,19703
39289,19180,19703,19701
39290,19195,19196,19704
39291,19195,19704,19194
39292,19176,19705,19706
39293,19176,19706,19197
39294,19197,19706,19707
39295,19197,19707,19196
39296,19196,19707,19704
39297,19176,19664,19705
39298,19708,19709,19710
39299,19708,19710,19711
39300,19705,19708,19711
39301,19705,19711,19706
39302,19705,19664,19708
39303,19664,19667,19708
39304,19667,19709,19708
39305,19667,19666,19709
39306,19709,19712,19710
39307,19709,19666,19713
39308,19709,19713,19712
39309,19666,19671,19714
39310,19666,19714,19713
39311,19671,19670,19714
39312,19670,19715,19714
39313,19670,19675,19716
39314,19670,19716,19715
39315,19675,19674,19716
39316,19674,19717,19716
39317,19674,19676,19717
39318,19690,19718,19691
39319,19690,19689,19718
39320,19689,19719,19718
39321,19689,19695,19720
39322,19689,19720,19719
39323,19695,19694,19720
39324,19721,19722,19723
39325,19721,19723,19724
39326,19721,19724,19725
39327,19694,19721,19725
39328,19694,19725,19720
39329,19694,19699,19721
39330,19699,19722,19721
39331,19699,19698,19722
39332,19726,19727,19728
39333,19726,19728,19729
39334,19722,19726,19729
39335,19722,19729,19723
39336,19722,19698,19726
39337,19698,19702,19726
39338,19702,19727,19726
39339,19702,19701,19727
39340,19185,19731,19730
39341,19185,19198,19731
39342,19730,19731,19732
39343,19727,19730,19732
39344,19727,19732,19728
39345,19727,19701,19730
39346,19701,19703,19730
39347,19703,19185,19730
39348,19198,19203,19733
39349,19198,19733,19731
39350,19194,19734,19735
39351,19194,19735,19215
39352,19215,19735,19214
39353,19194,19704,19734
39354,19736,19737,19738
39355,19736,19738,19739
39356,19734,19736,19739
39357,19734,19739,19735
39358,19734,19704,19736
39359,19704,19707,19736
39360,19707,19737,19736
39361,19707,19706,19737
39362,19737,19740,19738
39363,19737,19706,19741
39364,19737,19741,19740
39365,19706,19711,19742
39366,19706,19742,19741
39367,19711,19710,19742
39368,19710,19743,19742
39369,19710,19712,19743
39370,19724,19744,19725
39371,19724,19723,19744
39372,19745,19746,19747
39373,19745,19747,19748
39374,19745,19748,19749
39375,19723,19745,19749
39376,19723,19749,19744
39377,19723,19729,19745
39378,19729,19746,19745
39379,19729,19728,19746
39380,19750,19751,19752
39381,19750,19752,19753
39382,19746,19750,19753
39383,19746,19753,19747
39384,19746,19728,19750
39385,19728,19732,19750
39386,19732,19751,19750
39387,19732,19731,19751
39388,19203,19221,19754
39389,19221,19755,19754
39390,19221,19220,19755
39391,19751,19754,19755
39392,19751,19755,19752
39393,19751,19731,19754
39394,19731,19733,19754
39395,19733,19203,19754
39396,19233,19234,19756
39397,19233,19756,19232
39398,19214,19757,19758
39399,19214,19758,19235
39400,19235,19758,19759
39401,19235,19759,19234
39402,19234,19759,19756
39403,19214,19735,19757
39404,19760,19761,19762
39405,19760,19762,19763
39406,19757,19760,19763
39407,19757,19763,19758
39408,19757,19735,19760
39409,19735,19739,19760
39410,19739,19761,19760
39411,19739,19738,19761
39412,19761,19764,19762
39413,19761,19738,19765
39414,19761,19765,19764
39415,19738,19740,19765
39416,19766,19767,19768
39417,19766,19768,19769
39418,19766,19769,19770
39419,19766,19770,19771
39420,19748,19766,19771
39421,19748,19771,19749
39422,19748,19767,19766
39423,19748,19747,19767
39424,19772,19773,19774
39425,19772,19774,19775
39426,19767,19772,19775
39427,19767,19775,19768
39428,19767,19747,19772
39429,19747,19753,19772
39430,19753,19773,19772
39431,19753,19752,19773
39432,19220,19777,19776
39433,19220,19236,19777
39434,19776,19777,19778
39435,19773,19776,19778
39436,19773,19778,19774
39437,19773,19752,19776
39438,19752,19755,19776
39439,19755,19220,19776
39440,19236,19241,19779
39441,19236,19779,19777
39442,19232,19780,19781
39443,19232,19781,19253
39444,19253,19781,19252
39445,19232,19756,19780
39446,19782,19783,19784
39447,19782,19784,19785
39448,19780,19782,19785
39449,19780,19785,19781
39450,19780,19756,19782
39451,19756,19759,19782
39452,19759,19783,19782
39453,19759,19758,19783
39454,19783,19786,19784
39455,19783,19758,19787
39456,19783,19787,19786
39457,19758,19763,19788
39458,19758,19788,19787
39459,19763,19762,19788
39460,19762,19789,19788
39461,19762,19764,19789
39462,19769,19790,19770
39463,19769,19768,19790
39464,19791,19792,19793
39465,19791,19793,19794
39466,19791,19794,19795
39467,19768,19791,19795
39468,19768,19795,19790
39469,19768,19775,19791
39470,19775,19792,19791
39471,19775,19774,19792
39472,19796,19797,19798
39473,19796,19798,19799
39474,19792,19796,19799
39475,19792,19799,19793
39476,19792,19774,19796
39477,19774,19778,19796
39478,19778,19797,19796
39479,19778,19777,19797
39480,19241,19259,19800
39481,19259,19801,19800
39482,19259,19258,19801
39483,19797,19800,19801
39484,19797,19801,19798
39485,19797,19777,19800
39486,19777,19779,19800
39487,19779,19241,19800
39488,19252,19802,19803
39489,19252,19803,19273
39490,19273,19803,19272
39491,19252,19781,19802
39492,19804,19805,19806
39493,19804,19806,19807
39494,19802,19804,19807
39495,19802,19807,19803
39496,19802,19781,19804
39497,19781,19785,19804
39498,19785,19805,19804
39499,19785,19784,19805
39500,19805,19808,19806
39501,19805,19784,19809
39502,19805,19809,19808
39503,19784,19786,19809
39504,19810,19811,19812
39505,19810,19812,19813
39506,19810,19813,19814
39507,19810,19814,19815
39508,19794,19810,19815
39509,19794,19815,19795
39510,19794,19811,19810
39511,19794,19793,19811
39512,19816,19817,19818
39513,19816,19818,19819
39514,19811,19816,19819
39515,19811,19819,19812
39516,19811,19793,19816
39517,19793,19799,19816
39518,19799,19817,19816
39519,19799,19798,19817
39520,19258,19279,19820
39521,19279,19821,19820
39522,19279,19278,19821
39523,19817,19820,19821
39524,19817,19821,19818
39525,19817,19798,19820
39526,19798,19801,19820
39527,19801,19258,19820
39528,19272,19822,19823
39529,19272,19823,19293
39530,19293,19823,19292
39531,19272,19803,19822
39532,19824,19825,19826
39533,19824,19826,19827
39534,19822,19824,19827
39535,19822,19827,19823
39536,19822,19803,19824
39537,19803,19807,19824
39538,19807,19825,19824
39539,19807,19806,19825
39540,19825,19828,19826
39541,19825,19806,19829
39542,19825,19829,19828
39543,19806,19808,19829
39544,19830,19831,19832
39545,19830,19832,19833
39546,19830,19833,19834
39547,19830,19834,19835
39548,19813,19830,19835
39549,19813,19835,19814
39550,19813,19831,19830
39551,19813,19812,19831
39552,19836,19837,19838
39553,19836,19838,19839
39554,19831,19836,19839
39555,19831,19839,19832
39556,19831,19812,19836
39557,19812,19819,19836
39558,19819,19837,19836
39559,19819,19818,19837
39560,19278,19299,19840
39561,19299,19841,19840
39562,19299,19298,19841
39563,19837,19840,19841
39564,19837,19841,19838
39565,19837,19818,19840
39566,19818,19821,19840
39567,19821,19278,19840
39568,19292,19842,19843
39569,19292,19843,19313
39570,19313,19843,19312
39571,19292,19823,19842
39572,19844,19845,19846
39573,19844,19846,19847
39574,19842,19844,19847
39575,19842,19847,19843
39576,19842,19823,19844
39577,19823,19827,19844
39578,19827,19845,19844
39579,19827,19826,19845
39580,19845,19848,19846
39581,19845,19826,19849
39582,19845,19849,19848
39583,19826,19828,19849
39584,19850,19851,19852
39585,19850,19852,19853
39586,19850,19853,19854
39587,19850,19854,19855
39588,19833,19850,19855
39589,19833,19855,19834
39590,19833,19851,19850
39591,19833,19832,19851
39592,19856,19857,19858
39593,19856,19858,19859
39594,19851,19856,19859
39595,19851,19859,19852
39596,19851,19832,19856
39597,19832,19839,19856
39598,19839,19857,19856
39599,19839,19838,19857
39600,19298,19319,19860
39601,19319,19861,19860
39602,19319,19318,19861
39603,19857,19860,19861
39604,19857,19861,19858
39605,19857,19838,19860
39606,19838,19841,19860
39607,19841,19298,19860
39608,19312,19862,19863
39609,19312,19863,19333
39610,19333,19863,19332
39611,19312,19843,19862
39612,19864,19865,19866
39613,19864,19866,19867
39614,19862,19864,19867
39615,19862,19867,19863
39616,19862,19843,19864
39617,19843,19847,19864
39618,19847,19865,19864
39619,19847,19846,19865
39620,19865,19868,19866
39621,19865,19846,19869
39622,19865,19869,19868
39623,19846,19848,19869
39624,19870,19871,19872
39625,19870,19872,19873
39626,19870,19873,19874
39627,19870,19874,19875
39628,19853,19870,19875
39629,19853,19875,19854
39630,19853,19871,19870
39631,19853,19852,19871
39632,19876,19877,19878
39633,19876,19878,19879
39634,19871,19876,19879
39635,19871,19879,19872
39636,19871,19852,19876
39637,19852,19859,19876
39638,19859,19877,19876
39639,19859,19858,19877
39640,19318,19339,19880
39641,19339,19881,19880
39642,19339,19338,19881
39643,19877,19880,19881
39644,19877,19881,19878
39645,19877,19858,19880
39646,19858,19861,19880
39647,19861,19318,19880
39648,19332,19882,19883
39649,19332,19883,19353
39650,19353,19883,19352
39651,19332,19863,19882
39652,19884,19885,19886
39653,19884,19886,19887
39654,19882,19884,19887
39655,19882,19887,19883
39656,19882,19863,19884
39657,19863,19867,19884
39658,19867,19885,19884
39659,19867,19866,19885
39660,19888,19889,19890
39661,19888,19890,19891
39662,19885,19888,19891
39663,19885,19891,19886
39664,19885,19866,19888
39665,19866,19892,19888
39666,19866,19868,19892
39667,19888,19892,19889
39668,19889,19893,19890
39669,19889,19892,19893
39670,19894,19895,19896
39671,19894,19896,19897
39672,19894,19897,19898
39673,19894,19898,19899
39674,19894,19899,19900
39675,19894,19900,19895
39676,19901,19902,19903
39677,19901,19903,19904
39678,19895,19901,19904
39679,19895,19904,19896
39680,19895,19905,19901
39681,19895,19900,19905
39682,19873,19901,19905
39683,19873,19905,19874
39684,19873,19902,19901
39685,19873,19872,19902
39686,19906,19907,19908
39687,19906,19908,19909
39688,19902,19906,19909
39689,19902,19909,19903
39690,19902,19872,19906
39691,19872,19879,19906
39692,19879,19907,19906
39693,19879,19878,19907
39694,19338,19359,19910
39695,19359,19911,19910
39696,19359,19358,19911
39697,19907,19910,19911
39698,19907,19911,19908
39699,19907,19878,19910
39700,19878,19881,19910
39701,19881,19338,19910
39702,19352,19912,19374
39703,19352,19883,19912
39704,19913,19914,19915
39705,19374,19913,19915
39706,19374,19915,19375
39707,19374,19912,19913
39708,19912,19883,19913
39709,19883,19887,19913
39710,19887,19914,19913
39711,19887,19886,19914
39712,19916,19917,19918
39713,19916,19918,19919
39714,19914,19916,19919
39715,19914,19919,19915
39716,19914,19886,19916
39717,19886,19891,19916
39718,19891,19917,19916
39719,19891,19890,19917
39720,19917,19920,19918
39721,19917,19890,19921
39722,19917,19921,19920
39723,19890,19893,19921
39724,19922,19923,19924
39725,19922,19924,19925
39726,19922,19925,19926
39727,19922,19926,19927
39728,19897,19922,19927
39729,19897,19927,19898
39730,19897,19923,19922
39731,19897,19896,19923
39732,19928,19929,19930
39733,19928,19930,19931
39734,19923,19928,19931
39735,19923,19931,19924
39736,19923,19896,19928
39737,19896,19904,19928
39738,19904,19929,19928
39739,19904,19903,19929
39740,19381,19932,19933
39741,19381,19933,19382
39742,19381,19934,19932
39743,19381,19380,19934
39744,19929,19932,19934
39745,19929,19934,19930
39746,19929,19903,19932
39747,19903,19909,19932
39748,19909,19933,19932
39749,19909,19908,19933
39750,19358,19387,19935
39751,19387,19382,19935
39752,19382,19933,19935
39753,19933,19908,19935
39754,19908,19911,19935
39755,19911,19358,19935
39756,19375,19936,19937
39757,19375,19937,19399
39758,19399,19937,19398
39759,19375,19915,19936
39760,19938,19939,19940
39761,19938,19940,19941
39762,19936,19938,19941
39763,19936,19941,19937
39764,19936,19915,19938
39765,19915,19919,19938
39766,19919,19939,19938
39767,19919,19918,19939
39768,19942,19943,19944
39769,19942,19944,19945
39770,19939,19942,19945
39771,19939,19945,19940
39772,19939,19918,19942
39773,19918,19946,19942
39774,19918,19920,19946
39775,19942,19946,19943
39776,19943,19947,19944
39777,19943,19946,19947
39778,19948,19949,19950
39779,19948,19950,19951
39780,19948,19951,19952
39781,19948,19952,19953
39782,19948,19953,19954
39783,19948,19954,19949
39784,19955,19956,19957
39785,19955,19957,19958
39786,19949,19955,19958
39787,19949,19958,19950
39788,19949,19959,19955
39789,19949,19954,19959
39790,19925,19955,19959
39791,19925,19959,19926
39792,19925,19956,19955
39793,19925,19924,19956
39794,19960,19961,19962
39795,19960,19962,19963
39796,19956,19960,19963
39797,19956,19963,19957
39798,19956,19924,19960
39799,19924,19931,19960
39800,19931,19961,19960
39801,19931,19930,19961
39802,19380,19405,19964
39803,19405,19965,19964
39804,19405,19404,19965
39805,19961,19964,19965
39806,19961,19965,19962
39807,19961,19930,19964
39808,19930,19934,19964
39809,19934,19380,19964
39810,19398,19966,19420
39811,19398,19937,19966
39812,19967,19968,19969
39813,19420,19967,19969
39814,19420,19969,19421
39815,19420,19966,19967
39816,19966,19937,19967
39817,19937,19941,19967
39818,19941,19968,19967
39819,19941,19940,19968
39820,19970,19971,19972
39821,19970,19972,19973
39822,19968,19970,19973
39823,19968,19973,19969
39824,19968,19940,19970
39825,19940,19945,19970
39826,19945,19971,19970
39827,19945,19944,19971
39828,19974,19975,19976
39829,19974,19976,19977
39830,19971,19974,19977
39831,19971,19977,19972
39832,19971,19944,19974
39833,19944,19978,19974
39834,19944,19947,19978
39835,19974,19978,19975
39836,19979,19980,19981
39837,19979,19981,19982
39838,19975,19979,19982
39839,19975,19982,19976
39840,19975,19983,19979
39841,19975,19978,19983
39842,19979,19983,19984
39843,19979,19984,19980
39844,19980,19985,19981
39845,19980,19984,19985
39846,19986,19987,19988
39847,19986,19988,19989
39848,19986,19989,19990
39849,19986,19990,19991
39850,19986,19991,19992
39851,19986,19992,19987
39852,19993,19994,19995
39853,19993,19995,19996
39854,19987,19993,19996
39855,19987,19996,19988
39856,19987,19997,19993
39857,19987,19992,19997
39858,19993,19997,19998
39859,19993,19998,19994
39860,19999,20000,20001
39861,19999,20001,20002
39862,19994,19999,20002
39863,19994,20002,19995
39864,19994,20003,19999
39865,19994,19998,20003
39866,19951,19999,20003
39867,19951,20003,19952
39868,19951,20000,19999
39869,19951,19950,20000
39870,20004,20005,20006
39871,20004,20006,20007
39872,20000,20004,20007
39873,20000,20007,20001
39874,20000,19950,20004
39875,19950,19958,20004
39876,19958,20005,20004
39877,19958,19957,20005
39878,19427,20008,20009
39879,19427,20009,19428
39880,19427,20010,20008
39881,19427,19426,20010
39882,20005,20008,20010
39883,20005,20010,20006
39884,20005,19957,20008
39885,19957,19963,20008
39886,19963,20009,20008
39887,19963,19962,20009
39888,19404,19433,20011
39889,19433,19428,20011
39890,19428,20009,20011
39891,20009,19962,20011
39892,19962,19965,20011
39893,19965,19404,20011
39894,19421,20012,19446
39895,19421,19969,20012
39896,20013,20014,20015
39897,19446,20013,20015
39898,19446,20015,19447
39899,19446,20012,20013
39900,20012,19969,20013
39901,19969,19973,20013
39902,19973,20014,20013
39903,19973,19972,20014
39904,20016,20017,20018
39905,20016,20018,20019
39906,20014,20016,20019
39907,20014,20019,20015
39908,20014,19972,20016
39909,19972,19977,20016
39910,19977,20017,20016
39911,19977,19976,20017
39912,20020,20021,20022
39913,20020,20022,20023
39914,20017,20020,20023
39915,20017,20023,20018
39916,20017,19976,20020
39917,19976,19982,20020
39918,19982,20021,20020
39919,19982,19981,20021
39920,20024,20025,20026
39921,20024,20026,20027
39922,20021,20024,20027
39923,20021,20027,20022
39924,20021,19981,20024
39925,19981,20028,20024
39926,19981,19985,20028
39927,20024,20028,20025
39928,20029,20030,20031
39929,20029,20031,20032
39930,20025,20029,20032
39931,20025,20032,20026
39932,20025,20033,20029
39933,20025,20028,20033
39934,20029,20033,20034
39935,20029,20034,20030
39936,20035,20036,20037
39937,20035,20037,20038
39938,20030,20035,20038
39939,20030,20038,20031
39940,20030,20039,20035
39941,20030,20034,20039
39942,20035,20039,20040
39943,20035,20040,20036
39944,20041,20042,20043
39945,20041,20043,20044
39946,20036,20041,20044
39947,20036,20044,20037
39948,20036,20045,20041
39949,20036,20040,20045
39950,20041,20045,20046
39951,20041,20046,20042
39952,20047,20048,20049
39953,20047,20049,20050
39954,20042,20047,20050
39955,20042,20050,20043
39956,20042,20051,20047
39957,20042,20046,20051
39958,20047,20051,20052
39959,20047,20052,20048
39960,20053,20054,20055
39961,20053,20055,20056
39962,20048,20053,20056
39963,20048,20056,20049
39964,20048,20057,20053
39965,20048,20052,20057
39966,19989,20053,20057
39967,19989,20057,19990
39968,19989,20054,20053
39969,19989,19988,20054
39970,20058,20059,20060
39971,20058,20060,20061
39972,20054,20058,20061
39973,20054,20061,20055
39974,20054,19988,20058
39975,19988,19996,20058
39976,19996,20059,20058
39977,19996,19995,20059
39978,20062,20063,20064
39979,20062,20064,20065
39980,20059,20062,20065
39981,20059,20065,20060
39982,20059,19995,20062
39983,19995,20002,20062
39984,20002,20063,20062
39985,20002,20001,20063
39986,19453,20066,20067
39987,19453,20067,19454
39988,19453,20068,20066
39989,19453,19452,20068
39990,20063,20066,20068
39991,20063,20068,20064
39992,20063,20001,20066
39993,20001,20007,20066
39994,20007,20067,20066
39995,20007,20006,20067
39996,19426,19459,20069
39997,19459,19454,20069
39998,19454,20067,20069
39999,20067,20006,20069
40000,20006,20010,20069
40001,20010,19426,20069
40002,19447,20070,19472
40003,19447,20015,20070
40004,19477,20071,20072
40005,19477,20072,19478
40006,19477,19472,20071
40007,19472,20070,20071
40008,20070,20015,20071
40009,20015,20019,20071
40010,20019,20072,20071
40011,20019,20018,20072
40012,20073,20074,20075
40013,19478,20073,20075
40014,19478,20075,19479
40015,19478,20072,20073
40016,20072,20018,20073
40017,20018,20023,20073
40018,20023,20074,20073
40019,20023,20022,20074
40020,20076,20077,20078
40021,20076,20078,20079
40022,20074,20076,20079
40023,20074,20079,20075
40024,20074,20022,20076
40025,20022,20027,20076
40026,20027,20077,20076
40027,20027,20026,20077
40028,20080,20081,20082
40029,20080,20082,20083
40030,20077,20080,20083
40031,20077,20083,20078
40032,20077,20026,20080
40033,20026,20032,20080
40034,20032,20081,20080
40035,20032,20031,20081
40036,20084,20085,20086
40037,20084,20086,20087
40038,20081,20084,20087
40039,20081,20087,20082
40040,20081,20031,20084
40041,20031,20038,20084
40042,20038,20085,20084
40043,20038,20037,20085
40044,20088,20089,20090
40045,20088,20090,20091
40046,20085,20088,20091
40047,20085,20091,20086
40048,20085,20037,20088
40049,20037,20044,20088
40050,20044,20089,20088
40051,20044,20043,20089
40052,20092,20093,20094
40053,20092,20094,20095
40054,20089,20092,20095
40055,20089,20095,20090
40056,20089,20043,20092
40057,20043,20050,20092
40058,20050,20093,20092
40059,20050,20049,20093
40060,20096,20097,20098
40061,20096,20098,20099
40062,20093,20096,20099
40063,20093,20099,20094
40064,20093,20049,20096
40065,20049,20056,20096
40066,20056,20097,20096
40067,20056,20055,20097
40068,19485,20100,20101
40069,19485,20101,19486
40070,19485,20102,20100
40071,19485,19484,20102
40072,20097,20100,20102
40073,20097,20102,20098
40074,20097,20055,20100
40075,20055,20061,20100
40076,20061,20101,20100
40077,20061,20060,20101
40078,19491,20103,20104
40079,19491,20104,19492
40080,19491,19486,20103
40081,19486,20101,20103
40082,20101,20060,20103
40083,20060,20065,20103
40084,20065,20104,20103
40085,20065,20064,20104
40086,19452,19497,20105
40087,19497,19492,20105
40088,19492,20104,20105
40089,20104,20064,20105
40090,20064,20068,20105
40091,20068,19452,20105
40092,19479,20106,19514
40093,19479,20075,20106
40094,19519,20107,20108
40095,19519,20108,19520
40096,19519,19514,20107
40097,19514,20106,20107
40098,20106,20075,20107
40099,20075,20079,20107
40100,20079,20108,20107
40101,20079,20078,20108
40102,19525,20109,20110
40103,19525,20110,19526
40104,19525,19520,20109
40105,19520,20108,20109
40106,20108,20078,20109
40107,20078,20083,20109
40108,20083,20110,20109
40109,20083,20082,20110
40110,19531,20111,20112
40111,19531,20112,19532
40112,19531,19526,20111
40113,19526,20110,20111
40114,20110,20082,20111
40115,20082,20087,20111
40116,20087,20112,20111
40117,20087,20086,20112
40118,19537,20113,20114
40119,19537,20114,19538
40120,19537,19532,20113
40121,19532,20112,20113
40122,20112,20086,20113
40123,20086,20091,20113
40124,20091,20114,20113
40125,20091,20090,20114
40126,19543,20115,20116
40127,19543,20116,19544
40128,19543,19538,20115
40129,19538,20114,20115
40130,20114,20090,20115
40131,20090,20095,20115
40132,20095,20116,20115
40133,20095,20094,20116
40134,19549,20117,20118
40135,19549,20118,19550
40136,19549,19544,20117
40137,19544,20116,20117
40138,20116,20094,20117
40139,20094,20099,20117
40140,20099,20118,20117
40141,20099,20098,20118
40142,19484,19555,20119
40143,19555,19550,20119
40144,19550,20118,20119
40145,20118,20098,20119
40146,20098,20102,20119
40147,20102,19484,20119
40148,19677,19678,20120
40149,19677,20120,19676
40150,19679,19680,20121
40151,19679,20121,20122
40152,19679,20122,19678
40153,19678,20122,20120
40154,19681,19682,20123
40155,19681,20123,20124
40156,19681,20124,19680
40157,19680,20124,20121
40158,19683,19684,20125
40159,19683,20125,20126
40160,19683,20126,19682
40161,19682,20126,20123
40162,19685,19686,20127
40163,19685,20127,20128
40164,19685,20128,19684
40165,19684,20128,20125
40166,19686,19691,20129
40167,19686,20129,20127
40168,19713,19714,20130
40169,19713,20130,19712
40170,19715,19716,20131
40171,19715,20131,20132
40172,19715,20132,19714
40173,19714,20132,20130
40174,19676,20133,20134
40175,19676,20134,19717
40176,19717,20134,20135
40177,19717,20135,19716
40178,19716,20135,20131
40179,19676,20120,20133
40180,20136,20137,20138
40181,20136,20138,20139
40182,20133,20136,20139
40183,20133,20139,20134
40184,20133,20120,20136
40185,20120,20122,20136
40186,20122,20137,20136
40187,20122,20121,20137
40188,20140,20141,20142
40189,20140,20142,20143
40190,20137,20140,20143
40191,20137,20143,20138
40192,20137,20121,20140
40193,20121,20124,20140
40194,20124,20141,20140
40195,20124,20123,20141
40196,20144,20145,20146
40197,20144,20146,20147
40198,20141,20144,20147
40199,20141,20147,20142
40200,20141,20123,20144
40201,20123,20126,20144
40202,20126,20145,20144
40203,20126,20125,20145
40204,20148,20149,20150
40205,20148,20150,20151
40206,20145,20148,20151
40207,20145,20151,20146
40208,20145,20125,20148
40209,20125,20128,20148
40210,20128,20149,20148
40211,20128,20127,20149
40212,19691,20153,20152
40213,19691,19718,20153
40214,20152,20153,20154
40215,20149,20152,20154
40216,20149,20154,20150
40217,20149,20127,20152
40218,20127,20129,20152
40219,20129,19691,20152
40220,19719,19720,20155
40221,19719,20155,20156
40222,19719,20156,19718
40223,19718,20156,20153
40224,19720,19725,20157
40225,19720,20157,20155
40226,19741,19742,20158
40227,19741,20158,19740
40228,19712,20159,20160
40229,19712,20160,19743
40230,19743,20160,20161
40231,19743,20161,19742
40232,19742,20161,20158
40233,19712,20130,20159
40234,20162,20163,20164
40235,20162,20164,20165
40236,20159,20162,20165
40237,20159,20165,20160
40238,20159,20130,20162
40239,20130,20132,20162
40240,20132,20163,20162
40241,20132,20131,20163
40242,20166,20167,20168
40243,20166,20168,20169
40244,20163,20166,20169
40245,20163,20169,20164
40246,20163,20131,20166
40247,20131,20135,20166
40248,20135,20167,20166
40249,20135,20134,20167
40250,20170,20171,20172
40251,20170,20172,20173
40252,20167,20170,20173
40253,20167,20173,20168
40254,20167,20134,20170
40255,20134,20139,20170
40256,20139,20171,20170
40257,20139,20138,20171
40258,20174,20175,20176
40259,20174,20176,20177
40260,20171,20174,20177
40261,20171,20177,20172
40262,20171,20138,20174
40263,20138,20143,20174
40264,20143,20175,20174
40265,20143,20142,20175
40266,20178,20179,20180
40267,20178,20180,20181
40268,20175,20178,20181
40269,20175,20181,20176
40270,20175,20142,20178
40271,20142,20147,20178
40272,20147,20179,20178
40273,20147,20146,20179
40274,20182,20183,20184
40275,20182,20184,20185
40276,20179,20182,20185
40277,20179,20185,20180
40278,20179,20146,20182
40279,20146,20151,20182
40280,20151,20183,20182
40281,20151,20150,20183
40282,20186,20187,20188
40283,20186,20188,20189
40284,20183,20186,20189
40285,20183,20189,20184
40286,20183,20150,20186
40287,20150,20154,20186
40288,20154,20187,20186
40289,20154,20153,20187
40290,20190,20191,20192
40291,20190,20192,20193
40292,20187,20190,20193
40293,20187,20193,20188
40294,20187,20153,20190
40295,20153,20156,20190
40296,20156,20191,20190
40297,20156,20155,20191
40298,19725,20195,20194
40299,19725,19744,20195
40300,20194,20195,20196
40301,20191,20194,20196
40302,20191,20196,20192
40303,20191,20155,20194
40304,20155,20157,20194
40305,20157,19725,20194
40306,19744,19749,20197
40307,19744,20197,20195
40308,19740,20198,20199
40309,19740,20199,19765
40310,19765,20199,19764
40311,19740,20158,20198
40312,20200,20201,20202
40313,20200,20202,20203
40314,20198,20200,20203
40315,20198,20203,20199
40316,20198,20158,20200
40317,20158,20161,20200
40318,20161,20201,20200
40319,20161,20160,20201
40320,20204,20205,20206
40321,20204,20206,20207
40322,20201,20204,20207
40323,20201,20207,20202
40324,20201,20160,20204
40325,20160,20165,20204
40326,20165,20205,20204
40327,20165,20164,20205
40328,20208,20209,20210
40329,20208,20210,20211
40330,20205,20208,20211
40331,20205,20211,20206
40332,20205,20164,20208
40333,20164,20169,20208
40334,20169,20209,20208
40335,20169,20168,20209
40336,20212,20213,20214
40337,20212,20214,20215
40338,20209,20212,20215
40339,20209,20215,20210
40340,20209,20168,20212
40341,20168,20173,20212
40342,20173,20213,20212
40343,20173,20172,20213
40344,20216,20217,20218
40345,20216,20218,20219
40346,20213,20216,20219
40347,20213,20219,20214
40348,20213,20172,20216
40349,20172,20177,20216
40350,20177,20217,20216
40351,20177,20176,20217
40352,20220,20221,20222
40353,20220,20222,20223
40354,20217,20220,20223
40355,20217,20223,20218
40356,20217,20176,20220
40357,20176,20181,20220
40358,20181,20221,20220
40359,20181,20180,20221
40360,20224,20225,20226
40361,20224,20226,20227
40362,20221,20224,20227
40363,20221,20227,20222
40364,20221,20180,20224
40365,20180,20185,20224
40366,20185,20225,20224
40367,20185,20184,20225
40368,20228,20229,20230
40369,20228,20230,20231
40370,20225,20228,20231
40371,20225,20231,20226
40372,20225,20184,20228
40373,20184,20189,20228
40374,20189,20229,20228
40375,20189,20188,20229
40376,20232,20233,20234
40377,20232,20234,20235
40378,20229,20232,20235
40379,20229,20235,20230
40380,20229,20188,20232
40381,20188,20193,20232
40382,20193,20233,20232
40383,20193,20192,20233
40384,20236,20237,20238
40385,20236,20238,20239
40386,20233,20236,20239
40387,20233,20239,20234
40388,20233,20192,20236
40389,20192,20196,20236
40390,20196,20237,20236
40391,20196,20195,20237
40392,19749,19771,20240
40393,19771,20241,20240
40394,19771,19770,20241
40395,20237,20240,20241
40396,20237,20241,20238
40397,20237,20195,20240
40398,20195,20197,20240
40399,20197,19749,20240
40400,19787,19788,20242
40401,19787,20242,19786
40402,19764,20243,20244
40403,19764,20244,19789
40404,19789,20244,20245
40405,19789,20245,19788
40406,19788,20245,20242
40407,19764,20199,20243
40408,20246,20247,20248
40409,20246,20248,20249
40410,20243,20246,20249
40411,20243,20249,20244
40412,20243,20199,20246
40413,20199,20203,20246
40414,20203,20247,20246
40415,20203,20202,20247
40416,20250,20251,20252
40417,20250,20252,20253
40418,20247,20250,20253
40419,20247,20253,20248
40420,20247,20202,20250
40421,20202,20207,20250
40422,20207,20251,20250
40423,20207,20206,20251
40424,20254,20255,20256
40425,20254,20256,20257
40426,20251,20254,20257
40427,20251,20257,20252
40428,20251,20206,20254
40429,20206,20211,20254
40430,20211,20255,20254
40431,20211,20210,20255
40432,20255,20258,20256
40433,20255,20210,20259
40434,20255,20259,20258
40435,20210,20215,20260
40436,20210,20260,20259
40437,20215,20214,20260
40438,20214,20261,20260
40439,20214,20219,20262
40440,20214,20262,20261
40441,20219,20218,20262
40442,20218,20263,20262
40443,20218,20223,20264
40444,20218,20264,20263
40445,20223,20222,20264
40446,20265,20266,20267
40447,20265,20267,20268
40448,20265,20268,20269
40449,20222,20265,20269
40450,20222,20269,20264
40451,20222,20227,20265
40452,20227,20266,20265
40453,20227,20226,20266
40454,20270,20271,20272
40455,20270,20272,20273
40456,20266,20270,20273
40457,20266,20273,20267
40458,20266,20226,20270
40459,20226,20231,20270
40460,20231,20271,20270
40461,20231,20230,20271
40462,20274,20275,20276
40463,20274,20276,20277
40464,20271,20274,20277
40465,20271,20277,20272
40466,20271,20230,20274
40467,20230,20235,20274
40468,20235,20275,20274
40469,20235,20234,20275
40470,20278,20279,20280
40471,20278,20280,20281
40472,20275,20278,20281
40473,20275,20281,20276
40474,20275,20234,20278
40475,20234,20239,20278
40476,20239,20279,20278
40477,20239,20238,20279
40478,19770,20283,20282
40479,19770,19790,20283
40480,20282,20283,20284
40481,20279,20282,20284
40482,20279,20284,20280
40483,20279,20238,20282
40484,20238,20241,20282
40485,20241,19770,20282
40486,19790,19795,20285
40487,19790,20285,20283
40488,19786,20286,20287
40489,19786,20287,19809
40490,19809,20287,19808
40491,19786,20242,20286
40492,20288,20289,20290
40493,20288,20290,20291
40494,20286,20288,20291
40495,20286,20291,20287
40496,20286,20242,20288
40497,20242,20245,20288
40498,20245,20289,20288
40499,20245,20244,20289
40500,20292,20293,20294
40501,20292,20294,20295
40502,20289,20292,20295
40503,20289,20295,20290
40504,20289,20244,20292
40505,20244,20249,20292
40506,20249,20293,20292
40507,20249,20248,20293
40508,20296,20297,20298
40509,20296,20298,20299
40510,20293,20296,20299
40511,20293,20299,20294
40512,20293,20248,20296
40513,20248,20253,20296
40514,20253,20297,20296
40515,20253,20252,20297
40516,20297,20300,20298
40517,20297,20252,20301
40518,20297,20301,20300
40519,20252,20257,20302
40520,20252,20302,20301
40521,20257,20256,20302
40522,20256,20303,20302
40523,20256,20258,20303
40524,20268,20304,20269
40525,20268,20267,20304
40526,20305,20306,20307
40527,20305,20307,20308
40528,20305,20308,20309
40529,20267,20305,20309
40530,20267,20309,20304
40531,20267,20273,20305
40532,20273,20306,20305
40533,20273,20272,20306
40534,20310,20311,20312
40535,20310,20312,20313
40536,20306,20310,20313
40537,20306,20313,20307
40538,20306,20272,20310
40539,20272,20277,20310
40540,20277,20311,20310
40541,20277,20276,20311
40542,20314,20315,20316
40543,20314,20316,20317
40544,20311,20314,20317
40545,20311,20317,20312
40546,20311,20276,20314
40547,20276,20281,20314
40548,20281,20315,20314
40549,20281,20280,20315
40550,20318,20319,20320
40551,20318,20320,20321
40552,20315,20318,20321
40553,20315,20321,20316
40554,20315,20280,20318
40555,20280,20284,20318
40556,20284,20319,20318
40557,20284,20283,20319
40558,19795,19815,20322
40559,19815,20323,20322
40560,19815,19814,20323
40561,20319,20322,20323
40562,20319,20323,20320
40563,20319,20283,20322
40564,20283,20285,20322
40565,20285,19795,20322
40566,19808,20324,20325
40567,19808,20325,19829
40568,19829,20325,19828
40569,19808,20287,20324
40570,20326,20327,20328
40571,20326,20328,20329
40572,20324,20326,20329
40573,20324,20329,20325
40574,20324,20287,20326
40575,20287,20291,20326
40576,20291,20327,20326
40577,20291,20290,20327
40578,20330,20331,20332
40579,20330,20332,20333
40580,20327,20330,20333
40581,20327,20333,20328
40582,20327,20290,20330
40583,20290,20295,20330
40584,20295,20331,20330
40585,20295,20294,20331
40586,20334,20335,20336
40587,20334,20336,20337
40588,20331,20334,20337
40589,20331,20337,20332
40590,20331,20294,20334
40591,20294,20299,20334
40592,20299,20335,20334
40593,20299,20298,20335
40594,20335,20338,20336
40595,20335,20298,20339
40596,20335,20339,20338
40597,20298,20300,20339
40598,20340,20341,20342
40599,20340,20342,20343
40600,20340,20343,20344
40601,20340,20344,20345
40602,20308,20340,20345
40603,20308,20345,20309
40604,20308,20341,20340
40605,20308,20307,20341
40606,20346,20347,20348
40607,20346,20348,20349
40608,20341,20346,20349
40609,20341,20349,20342
40610,20341,20307,20346
40611,20307,20313,20346
40612,20313,20347,20346
40613,20313,20312,20347
40614,20350,20351,20352
40615,20350,20352,20353
40616,20347,20350,20353
40617,20347,20353,20348
40618,20347,20312,20350
40619,20312,20317,20350
40620,20317,20351,20350
40621,20317,20316,20351
40622,20354,20355,20356
40623,20354,20356,20357
40624,20351,20354,20357
40625,20351,20357,20352
40626,20351,20316,20354
40627,20316,20321,20354
40628,20321,20355,20354
40629,20321,20320,20355
40630,19814,19835,20358
40631,19835,20359,20358
40632,19835,19834,20359
40633,20355,20358,20359
40634,20355,20359,20356
40635,20355,20320,20358
40636,20320,20323,20358
40637,20323,19814,20358
40638,19828,20360,20361
40639,19828,20361,19849
40640,19849,20361,19848
40641,19828,20325,20360
40642,20362,20363,20364
40643,20362,20364,20365
40644,20360,20362,20365
40645,20360,20365,20361
40646,20360,20325,20362
40647,20325,20329,20362
40648,20329,20363,20362
40649,20329,20328,20363
40650,20366,20367,20368
40651,20366,20368,20369
40652,20363,20366,20369
40653,20363,20369,20364
40654,20363,20328,20366
40655,20328,20333,20366
40656,20333,20367,20366
40657,20333,20332,20367
40658,20370,20371,20372
40659,20370,20372,20373
40660,20367,20370,20373
40661,20367,20373,20368
40662,20367,20332,20370
40663,20332,20337,20370
40664,20337,20371,20370
40665,20337,20336,20371
40666,20371,20374,20372
40667,20371,20336,20375
40668,20371,20375,20374
40669,20336,20338,20375
40670,20376,20377,20378
40671,20376,20378,20379
40672,20376,20379,20380
40673,20376,20380,20381
40674,20343,20376,20381
40675,20343,20381,20344
40676,20343,20377,20376
40677,20343,20342,20377
40678,20382,20383,20384
40679,20382,20384,20385
40680,20377,20382,20385
40681,20377,20385,20378
40682,20377,20342,20382
40683,20342,20349,20382
40684,20349,20383,20382
40685,20349,20348,20383
40686,20386,20387,20388
40687,20386,20388,20389
40688,20383,20386,20389
40689,20383,20389,20384
40690,20383,20348,20386
40691,20348,20353,20386
40692,20353,20387,20386
40693,20353,20352,20387
40694,20390,20391,20392
40695,20390,20392,20393
40696,20387,20390,20393
40697,20387,20393,20388
40698,20387,20352,20390
40699,20352,20357,20390
40700,20357,20391,20390
40701,20357,20356,20391
40702,19834,19855,20394
40703,19855,20395,20394
40704,19855,19854,20395
40705,20391,20394,20395
40706,20391,20395,20392
40707,20391,20356,20394
40708,20356,20359,20394
40709,20359,19834,20394
40710,19848,20396,20397
40711,19848,20397,19869
40712,19869,20397,19868
40713,19848,20361,20396
40714,20398,20399,20400
40715,20398,20400,20401
40716,20396,20398,20401
40717,20396,20401,20397
40718,20396,20361,20398
40719,20361,20365,20398
40720,20365,20399,20398
40721,20365,20364,20399
40722,20402,20403,20404
40723,20402,20404,20405
40724,20399,20402,20405
40725,20399,20405,20400
40726,20399,20364,20402
40727,20364,20369,20402
40728,20369,20403,20402
40729,20369,20368,20403
40730,20406,20407,20408
40731,20406,20408,20409
40732,20403,20406,20409
40733,20403,20409,20404
40734,20403,20368,20406
40735,20368,20373,20406
40736,20373,20407,20406
40737,20373,20372,20407
40738,20410,20411,20412
40739,20410,20412,20413
40740,20407,20410,20413
40741,20407,20413,20408
40742,20407,20372,20410
40743,20372,20414,20410
40744,20372,20374,20414
40745,20410,20414,20411
40746,20411,20415,20412
40747,20411,20414,20415
40748,20416,20417,20418
40749,20416,20418,20419
40750,20416,20419,20420
40751,20416,20420,20421
40752,20416,20421,20422
40753,20416,20422,20417
40754,20423,20424,20425
40755,20423,20425,20426
40756,20417,20423,20426
40757,20417,20426,20418
40758,20417,20427,20423
40759,20417,20422,20427
40760,20379,20423,20427
40761,20379,20427,20380
40762,20379,20424,20423
40763,20379,20378,20424
40764,20428,20429,20430
40765,20428,20430,20431
40766,20424,20428,20431
40767,20424,20431,20425
40768,20424,20378,20428
40769,20378,20385,20428
40770,20385,20429,20428
40771,20385,20384,20429
40772,20432,20433,20434
40773,20432,20434,20435
40774,20429,20432,20435
40775,20429,20435,20430
40776,20429,20384,20432
40777,20384,20389,20432
40778,20389,20433,20432
40779,20389,20388,20433
40780,20436,20437,20438
40781,20436,20438,20439
40782,20433,20436,20439
40783,20433,20439,20434
40784,20433,20388,20436
40785,20388,20393,20436
40786,20393,20437,20436
40787,20393,20392,20437
40788,19854,19875,20440
40789,19875,20441,20440
40790,19875,19874,20441
40791,20437,20440,20441
40792,20437,20441,20438
40793,20437,20392,20440
40794,20392,20395,20440
40795,20395,19854,20440
40796,19868,20442,19892
40797,19868,20397,20442
40798,20443,20444,20445
40799,19892,20443,20445
40800,19892,20445,19893
40801,19892,20442,20443
40802,20442,20397,20443
40803,20397,20401,20443
40804,20401,20444,20443
40805,20401,20400,20444
40806,20446,20447,20448
40807,20446,20448,20449
40808,20444,20446,20449
40809,20444,20449,20445
40810,20444,20400,20446
40811,20400,20405,20446
40812,20405,20447,20446
40813,20405,20404,20447
40814,20450,20451,20452
40815,20450,20452,20453
40816,20447,20450,20453
40817,20447,20453,20448
40818,20447,20404,20450
40819,20404,20409,20450
40820,20409,20451,20450
40821,20409,20408,20451
40822,20454,20455,20456
40823,20454,20456,20457
40824,20451,20454,20457
40825,20451,20457,20452
40826,20451,20408,20454
40827,20408,20413,20454
40828,20413,20455,20454
40829,20413,20412,20455
40830,20458,20459,20460
40831,20458,20460,20461
40832,20455,20458,20461
40833,20455,20461,20456
40834,20455,20412,20458
40835,20412,20462,20458
40836,20412,20415,20462
40837,20458,20462,20459
40838,20463,20464,20465
40839,20463,20465,20466
40840,20459,20463,20466
40841,20459,20466,20460
40842,20459,20467,20463
40843,20459,20462,20467
40844,20463,20467,20468
40845,20463,20468,20464
40846,20469,20470,20471
40847,20469,20471,20472
40848,20464,20469,20472
40849,20464,20472,20465
40850,20464,20473,20469
40851,20464,20468,20473
40852,20469,20473,20474
40853,20469,20474,20470
40854,20475,20476,20477
40855,20475,20477,20478
40856,20470,20475,20478
40857,20470,20478,20471
40858,20470,20479,20475
40859,20470,20474,20479
40860,20419,20475,20479
40861,20419,20479,20420
40862,20419,20476,20475
40863,20419,20418,20476
40864,20480,20481,20482
40865,20480,20482,20483
40866,20476,20480,20483
40867,20476,20483,20477
40868,20476,20418,20480
40869,20418,20426,20480
40870,20426,20481,20480
40871,20426,20425,20481
40872,20484,20485,20486
40873,20484,20486,20487
40874,20481,20484,20487
40875,20481,20487,20482
40876,20481,20425,20484
40877,20425,20431,20484
40878,20431,20485,20484
40879,20431,20430,20485
40880,20488,20489,20490
40881,20488,20490,20491
40882,20485,20488,20491
40883,20485,20491,20486
40884,20485,20430,20488
40885,20430,20435,20488
40886,20435,20489,20488
40887,20435,20434,20489
40888,19899,20492,20493
40889,19899,20493,19900
40890,19899,20494,20492
40891,19899,19898,20494
40892,20489,20492,20494
40893,20489,20494,20490
40894,20489,20434,20492
40895,20434,20439,20492
40896,20439,20493,20492
40897,20439,20438,20493
40898,19874,19905,20495
40899,19905,19900,20495
40900,19900,20493,20495
40901,20493,20438,20495
40902,20438,20441,20495
40903,20441,19874,20495
40904,19893,20496,20497
40905,19893,20497,19921
40906,19921,20497,19920
40907,19893,20445,20496
40908,20498,20499,20500
40909,20498,20500,20501
40910,20496,20498,20501
40911,20496,20501,20497
40912,20496,20445,20498
40913,20445,20449,20498
40914,20449,20499,20498
40915,20449,20448,20499
40916,20502,20503,20504
40917,20502,20504,20505
40918,20499,20502,20505
40919,20499,20505,20500
40920,20499,20448,20502
40921,20448,20453,20502
40922,20453,20503,20502
40923,20453,20452,20503
40924,20506,20507,20508
40925,20506,20508,20509
40926,20503,20506,20509
40927,20503,20509,20504
40928,20503,20452,20506
40929,20452,20457,20506
40930,20457,20507,20506
40931,20457,20456,20507
40932,20510,20511,20512
40933,20510,20512,20513
40934,20507,20510,20513
40935,20507,20513,20508
40936,20507,20456,20510
40937,20456,20461,20510
40938,20461,20511,20510
40939,20461,20460,20511
40940,20514,20515,20516
40941,20514,20516,20517
40942,20511,20514,20517
40943,20511,20517,20512
40944,20511,20460,20514
40945,20460,20466,20514
40946,20466,20515,20514
40947,20466,20465,20515
40948,20518,20519,20520
40949,20518,20520,20521
40950,20515,20518,20521
40951,20515,20521,20516
40952,20515,20465,20518
40953,20465,20472,20518
40954,20472,20519,20518
40955,20472,20471,20519
40956,20522,20523,20524
40957,20522,20524,20525
40958,20519,20522,20525
40959,20519,20525,20520
40960,20519,20471,20522
40961,20471,20478,20522
40962,20478,20523,20522
40963,20478,20477,20523
40964,20526,20527,20528
40965,20526,20528,20529
40966,20523,20526,20529
40967,20523,20529,20524
40968,20523,20477,20526
40969,20477,20483,20526
40970,20483,20527,20526
40971,20483,20482,20527
40972,20530,20531,20532
40973,20530,20532,20533
40974,20527,20530,20533
40975,20527,20533,20528
40976,20527,20482,20530
40977,20482,20487,20530
40978,20487,20531,20530
40979,20487,20486,20531
40980,20534,20535,20536
40981,20534,20536,20537
40982,20531,20534,20537
40983,20531,20537,20532
40984,20531,20486,20534
40985,20486,20491,20534
40986,20491,20535,20534
40987,20491,20490,20535
40988,19898,19927,20538
40989,19927,20539,20538
40990,19927,19926,20539
40991,20535,20538,20539
40992,20535,20539,20536
40993,20535,20490,20538
40994,20490,20494,20538
40995,20494,19898,20538
40996,19920,20540,19946
40997,19920,20497,20540
40998,20541,20542,20543
40999,19946,20541,20543
41000,19946,20543,19947
41001,19946,20540,20541
41002,20540,20497,20541
41003,20497,20501,20541
41004,20501,20542,20541
41005,20501,20500,20542
41006,20544,20545,20546
41007,20544,20546,20547
41008,20542,20544,20547
41009,20542,20547,20543
41010,20542,20500,20544
41011,20500,20505,20544
41012,20505,20545,20544
41013,20505,20504,20545
41014,20548,20549,20550
41015,20548,20550,20551
41016,20545,20548,20551
41017,20545,20551,20546
41018,20545,20504,20548
41019,20504,20509,20548
41020,20509,20549,20548
41021,20509,20508,20549
41022,20552,20553,20554
41023,20552,20554,20555
41024,20549,20552,20555
41025,20549,20555,20550
41026,20549,20508,20552
41027,20508,20513,20552
41028,20513,20553,20552
41029,20513,20512,20553
41030,20556,20557,20558
41031,20556,20558,20559
41032,20553,20556,20559
41033,20553,20559,20554
41034,20553,20512,20556
41035,20512,20517,20556
41036,20517,20557,20556
41037,20517,20516,20557
41038,20560,20561,20562
41039,20560,20562,20563
41040,20557,20560,20563
41041,20557,20563,20558
41042,20557,20516,20560
41043,20516,20521,20560
41044,20521,20561,20560
41045,20521,20520,20561
41046,20564,20565,20566
41047,20564,20566,20567
41048,20561,20564,20567
41049,20561,20567,20562
41050,20561,20520,20564
41051,20520,20525,20564
41052,20525,20565,20564
41053,20525,20524,20565
41054,20568,20569,20570
41055,20568,20570,20571
41056,20565,20568,20571
41057,20565,20571,20566
41058,20565,20524,20568
41059,20524,20529,20568
41060,20529,20569,20568
41061,20529,20528,20569
41062,20572,20573,20574
41063,20572,20574,20575
41064,20569,20572,20575
41065,20569,20575,20570
41066,20569,20528,20572
41067,20528,20533,20572
41068,20533,20573,20572
41069,20533,20532,20573
41070,19953,20576,20577
41071,19953,20577,19954
41072,19953,20578,20576
41073,19953,19952,20578
41074,20573,20576,20578
41075,20573,20578,20574
41076,20573,20532,20576
41077,20532,20537,20576
41078,20537,20577,20576
41079,20537,20536,20577
41080,19926,19959,20579
41081,19959,19954,20579
41082,19954,20577,20579
41083,20577,20536,20579
41084,20536,20539,20579
41085,20539,19926,20579
41086,19947,20580,19978
41087,19947,20543,20580
41088,19983,20581,20582
41089,19983,20582,19984
41090,19983,19978,20581
41091,19978,20580,20581
41092,20580,20543,20581
41093,20543,20547,20581
41094,20547,20582,20581
41095,20547,20546,20582
41096,20583,20584,20585
41097,19984,20583,20585
41098,19984,20585,19985
41099,19984,20582,20583
41100,20582,20546,20583
41101,20546,20551,20583
41102,20551,20584,20583
41103,20551,20550,20584
41104,20586,20587,20588
41105,20586,20588,20589
41106,20584,20586,20589
41107,20584,20589,20585
41108,20584,20550,20586
41109,20550,20555,20586
41110,20555,20587,20586
41111,20555,20554,20587
41112,20590,20591,20592
41113,20590,20592,20593
41114,20587,20590,20593
41115,20587,20593,20588
41116,20587,20554,20590
41117,20554,20559,20590
41118,20559,20591,20590
41119,20559,20558,20591
41120,20594,20595,20596
41121,20594,20596,20597
41122,20591,20594,20597
41123,20591,20597,20592
41124,20591,20558,20594
41125,20558,20563,20594
41126,20563,20595,20594
41127,20563,20562,20595
41128,20598,20599,20600
41129,20598,20600,20601
41130,20595,20598,20601
41131,20595,20601,20596
41132,20595,20562,20598
41133,20562,20567,20598
41134,20567,20599,20598
41135,20567,20566,20599
41136,19991,20602,20603
41137,19991,20603,19992
41138,19991,20604,20602
41139,19991,19990,20604
41140,20599,20602,20604
41141,20599,20604,20600
41142,20599,20566,20602
41143,20566,20571,20602
41144,20571,20603,20602
41145,20571,20570,20603
41146,19997,20605,20606
41147,19997,20606,19998
41148,19997,19992,20605
41149,19992,20603,20605
41150,20603,20570,20605
41151,20570,20575,20605
41152,20575,20606,20605
41153,20575,20574,20606
41154,19952,20003,20607
41155,20003,19998,20607
41156,19998,20606,20607
41157,20606,20574,20607
41158,20574,20578,20607
41159,20578,19952,20607
41160,19985,20608,20028
41161,19985,20585,20608
41162,20033,20609,20610
41163,20033,20610,20034
41164,20033,20028,20609
41165,20028,20608,20609
41166,20608,20585,20609
41167,20585,20589,20609
41168,20589,20610,20609
41169,20589,20588,20610
41170,20039,20611,20612
41171,20039,20612,20040
41172,20039,20034,20611
41173,20034,20610,20611
41174,20610,20588,20611
41175,20588,20593,20611
41176,20593,20612,20611
41177,20593,20592,20612
41178,20045,20613,20614
41179,20045,20614,20046
41180,20045,20040,20613
41181,20040,20612,20613
41182,20612,20592,20613
41183,20592,20597,20613
41184,20597,20614,20613
41185,20597,20596,20614
41186,20051,20615,20616
41187,20051,20616,20052
41188,20051,20046,20615
41189,20046,20614,20615
41190,20614,20596,20615
41191,20596,20601,20615
41192,20601,20616,20615
41193,20601,20600,20616
41194,19990,20057,20617
41195,20057,20052,20617
41196,20052,20616,20617
41197,20616,20600,20617
41198,20600,20604,20617
41199,20604,19990,20617
41200,20259,20260,20618
41201,20259,20618,20258
41202,20261,20262,20619
41203,20261,20619,20620
41204,20261,20620,20260
41205,20260,20620,20618
41206,20263,20264,20621
41207,20263,20621,20622
41208,20263,20622,20262
41209,20262,20622,20619
41210,20264,20269,20623
41211,20264,20623,20621
41212,20301,20302,20624
41213,20301,20624,20300
41214,20258,20625,20626
41215,20258,20626,20303
41216,20303,20626,20627
41217,20303,20627,20302
41218,20302,20627,20624
41219,20258,20618,20625
41220,20628,20629,20630
41221,20628,20630,20631
41222,20625,20628,20631
41223,20625,20631,20626
41224,20625,20618,20628
41225,20618,20620,20628
41226,20620,20629,20628
41227,20620,20619,20629
41228,20632,20633,20634
41229,20632,20634,20635
41230,20629,20632,20635
41231,20629,20635,20630
41232,20629,20619,20632
41233,20619,20622,20632
41234,20622,20633,20632
41235,20622,20621,20633
41236,20269,20637,20636
41237,20269,20304,20637
41238,20636,20637,20638
41239,20633,20636,20638
41240,20633,20638,20634
41241,20633,20621,20636
41242,20621,20623,20636
41243,20623,20269,20636
41244,20304,20309,20639
41245,20304,20639,20637
41246,20300,20640,20641
41247,20300,20641,20339
41248,20339,20641,20338
41249,20300,20624,20640
41250,20642,20643,20644
41251,20642,20644,20645
41252,20640,20642,20645
41253,20640,20645,20641
41254,20640,20624,20642
41255,20624,20627,20642
41256,20627,20643,20642
41257,20627,20626,20643
41258,20646,20647,20648
41259,20646,20648,20649
41260,20643,20646,20649
41261,20643,20649,20644
41262,20643,20626,20646
41263,20626,20631,20646
41264,20631,20647,20646
41265,20631,20630,20647
41266,20650,20651,20652
41267,20650,20652,20653
41268,20647,20650,20653
41269,20647,20653,20648
41270,20647,20630,20650
41271,20630,20635,20650
41272,20635,20651,20650
41273,20635,20634,20651
41274,20654,20655,20656
41275,20654,20656,20657
41276,20651,20654,20657
41277,20651,20657,20652
41278,20651,20634,20654
41279,20634,20638,20654
41280,20638,20655,20654
41281,20638,20637,20655
41282,20309,20345,20658
41283,20345,20659,20658
41284,20345,20344,20659
41285,20655,20658,20659
41286,20655,20659,20656
41287,20655,20637,20658
41288,20637,20639,20658
41289,20639,20309,20658
41290,20338,20660,20661
41291,20338,20661,20375
41292,20375,20661,20374
41293,20338,20641,20660
41294,20662,20663,20664
41295,20662,20664,20665
41296,20660,20662,20665
41297,20660,20665,20661
41298,20660,20641,20662
41299,20641,20645,20662
41300,20645,20663,20662
41301,20645,20644,20663
41302,20666,20667,20668
41303,20666,20668,20669
41304,20663,20666,20669
41305,20663,20669,20664
41306,20663,20644,20666
41307,20644,20649,20666
41308,20649,20667,20666
41309,20649,20648,20667
41310,20670,20671,20672
41311,20670,20672,20673
41312,20667,20670,20673
41313,20667,20673,20668
41314,20667,20648,20670
41315,20648,20653,20670
41316,20653,20671,20670
41317,20653,20652,20671
41318,20674,20675,20676
41319,20674,20676,20677
41320,20671,20674,20677
41321,20671,20677,20672
41322,20671,20652,20674
41323,20652,20657,20674
41324,20657,20675,20674
41325,20657,20656,20675
41326,20344,20381,20678
41327,20381,20679,20678
41328,20381,20380,20679
41329,20675,20678,20679
41330,20675,20679,20676
41331,20675,20656,20678
41332,20656,20659,20678
41333,20659,20344,20678
41334,20374,20680,20414
41335,20374,20661,20680
41336,20681,20682,20683
41337,20414,20681,20683
41338,20414,20683,20415
41339,20414,20680,20681
41340,20680,20661,20681
41341,20661,20665,20681
41342,20665,20682,20681
41343,20665,20664,20682
41344,20684,20685,20686
41345,20684,20686,20687
41346,20682,20684,20687
41347,20682,20687,20683
41348,20682,20664,20684
41349,20664,20669,20684
41350,20669,20685,20684
41351,20669,20668,20685
41352,20688,20689,20690
41353,20688,20690,20691
41354,20685,20688,20691
41355,20685,20691,20686
41356,20685,20668,20688
41357,20668,20673,20688
41358,20673,20689,20688
41359,20673,20672,20689
41360,20421,20692,20693
41361,20421,20693,20422
41362,20421,20694,20692
41363,20421,20420,20694
41364,20689,20692,20694
41365,20689,20694,20690
41366,20689,20672,20692
41367,20672,20677,20692
41368,20677,20693,20692
41369,20677,20676,20693
41370,20380,20427,20695
41371,20427,20422,20695
41372,20422,20693,20695
41373,20693,20676,20695
41374,20676,20679,20695
41375,20679,20380,20695
41376,20415,20696,20462
41377,20415,20683,20696
41378,20467,20697,20698
41379,20467,20698,20468
41380,20467,20462,20697
41381,20462,20696,20697
41382,20696,20683,20697
41383,20683,20687,20697
41384,20687,20698,20697
41385,20687,20686,20698
41386,20473,20699,20700
41387,20473,20700,20474
41388,20473,20468,20699
41389,20468,20698,20699
41390,20698,20686,20699
41391,20686,20691,20699
41392,20691,20700,20699
41393,20691,20690,20700
41394,20420,20479,20701
41395,20479,20474,20701
41396,20474,20700,20701
41397,20700,20690,20701
41398,20690,20694,20701
41399,20694,20420,20701
