method,N,seed,estimate
uniform,64,1,0.34979353051466822
importance,64,1,0.33515011905021364
missing_half,64,1,0.043724191314333527
uniform,64,2,0.23989467671956025
importance,64,2,0.31017347374540527
missing_half,64,2,0.029986834589945031
uniform,64,3,0.2824370530267668
importance,64,3,0.31520025864498208
missing_half,64,3,0.035304631628345851
uniform,64,4,0.39552303737997868
importance,64,4,0.34310689654718374
missing_half,64,4,0.049440379672497335
uniform,64,5,0.33198710814254906
importance,64,5,0.32805828728630404
missing_half,64,5,0.041498388517818632
uniform,64,6,0.36267069264375451
importance,64,6,0.35080945672993052
missing_half,64,6,0.045333836580469314
uniform,64,7,0.31427755074627689
importance,64,7,0.33129371946815916
missing_half,64,7,0.039284693843284611
uniform,64,8,0.30765101087604874
importance,64,8,0.32368145950335031
missing_half,64,8,0.038456376359506092
uniform,64,9,0.33816975415353179
importance,64,9,0.32844109399303828
missing_half,64,9,0.042271219269191473
uniform,64,10,0.30626307760373028
importance,64,10,0.32371455021830436
missing_half,64,10,0.038282884700466285
uniform,64,11,0.34362205809865537
importance,64,11,0.3260572595604932
missing_half,64,11,0.042952757262331921
uniform,64,12,0.33605156382692497
importance,64,12,0.32504876868729299
missing_half,64,12,0.042006445478365621
uniform,64,13,0.37469319290371256
importance,64,13,0.34664219330708174
missing_half,64,13,0.04683664911296407
uniform,64,14,0.31239028676711605
importance,64,14,0.32204248902706351
missing_half,64,14,0.039048785845889507
uniform,64,15,0.31173330904019214
importance,64,15,0.32293422895144808
missing_half,64,15,0.038966663630024018
uniform,64,16,0.26368652050820895
importance,64,16,0.3124494276656164
missing_half,64,16,0.032960815063526119
uniform,64,17,0.26543988084777509
importance,64,17,0.30836579156883021
missing_half,64,17,0.033179985105971886
uniform,64,18,0.35944382747720161
importance,64,18,0.3472113368401023
missing_half,64,18,0.044930478434650201
uniform,64,19,0.33259494531577483
importance,64,19,0.33818251143108335
missing_half,64,19,0.041574368164471853
uniform,64,20,0.41624906000021961
importance,64,20,0.36431165737637333
missing_half,64,20,0.052031132500027451
uniform,64,21,0.31899738917525272
importance,64,21,0.32839195075604721
missing_half,64,21,0.03987467364690659
uniform,64,22,0.39344073829255283
importance,64,22,0.34536409271099039
missing_half,64,22,0.049180092286569103
uniform,64,23,0.35860207999811028
importance,64,23,0.34136854444703812
missing_half,64,23,0.044825259999763785
uniform,64,24,0.39891950917470831
importance,64,24,0.36359482875043847
missing_half,64,24,0.049864938646838539
uniform,64,25,0.28377704528239311
importance,64,25,0.32890246016658126
missing_half,64,25,0.035472130660299139
uniform,64,26,0.36587773918558025
importance,64,26,0.35325976293398925
missing_half,64,26,0.045734717398197532
uniform,64,27,0.33174506324216918
importance,64,27,0.33023604959282243
missing_half,64,27,0.041468132905271148
uniform,64,28,0.39598092490678038
importance,64,28,0.35449987854142007
missing_half,64,28,0.049497615613347548
uniform,64,29,0.35807624671599242
importance,64,29,0.343800981073348
missing_half,64,29,0.044759530839499052
uniform,64,30,0.34994683317408792
importance,64,30,0.3356932358930394
missing_half,64,30,0.04374335414676099
uniform,64,31,0.30171510049929223
importance,64,31,0.3178391331421962
missing_half,64,31,0.037714387562411529
uniform,64,32,0.37179583162449814
importance,64,32,0.34574672730319433
missing_half,64,32,0.046474478953062268
uniform,64,33,0.36445449646725459
importance,64,33,0.33781481040903982
missing_half,64,33,0.045556812058406823
uniform,64,34,0.33241338456207931
importance,64,34,0.33398055855154252
missing_half,64,34,0.041551673070259913
uniform,64,35,0.35619831381913525
importance,64,35,0.34058457054312613
missing_half,64,35,0.044524789227391906
uniform,64,36,0.29879882612284436
importance,64,36,0.32402633421991756
missing_half,64,36,0.037349853265355545
uniform,64,37,0.34830370300878566
importance,64,37,0.34516047079816503
missing_half,64,37,0.043537962876098207
uniform,64,38,0.37791050395130754
importance,64,38,0.35278464600724757
missing_half,64,38,0.047238812993913443
uniform,64,39,0.35849941888204973
importance,64,39,0.35078870132322926
missing_half,64,39,0.044812427360256216
uniform,64,40,0.33737493931101525
importance,64,40,0.34401058650389438
missing_half,64,40,0.042171867413876907
uniform,64,41,0.27887270986462881
importance,64,41,0.32053972040598905
missing_half,64,41,0.034859088733078601
uniform,64,42,0.29377930018129605
importance,64,42,0.31217501096309097
missing_half,64,42,0.036722412522662007
uniform,64,43,0.27370912424400906
importance,64,43,0.30971706425909573
missing_half,64,43,0.034213640530501133
uniform,64,44,0.30372669833145549
importance,64,44,0.32590756032824547
missing_half,64,44,0.037965837291431936
uniform,64,45,0.32921296502534975
importance,64,45,0.32845173875920508
missing_half,64,45,0.041151620628168718
uniform,64,46,0.29105558616556426
importance,64,46,0.3145283656187573
missing_half,64,46,0.036381948270695533
uniform,64,47,0.36877233450238789
importance,64,47,0.3460449342965663
missing_half,64,47,0.046096541812798486
uniform,64,48,0.29222132977236359
importance,64,48,0.32680624370007516
missing_half,64,48,0.036527666221545449
uniform,64,49,0.35285458957645482
importance,64,49,0.3405264015552078
missing_half,64,49,0.044106823697056853
uniform,64,50,0.3079028689103408
importance,64,50,0.31988589057440597
missing_half,64,50,0.0384878586137926
uniform,64,51,0.29214411444046656
importance,64,51,0.32328189323332451
missing_half,64,51,0.03651801430505832
uniform,64,52,0.36540111423222782
importance,64,52,0.35199421200226544
missing_half,64,52,0.045675139279028477
uniform,64,53,0.37120761586397966
importance,64,53,0.35311778068683203
missing_half,64,53,0.046400951982997457
uniform,64,54,0.30969547576661099
importance,64,54,0.32311908061860733
missing_half,64,54,0.038711934470826374
uniform,64,55,0.35509605509032494
importance,64,55,0.33977469876346267
missing_half,64,55,0.044387006886290617
uniform,64,56,0.35559387695139072
importance,64,56,0.33809096204038858
missing_half,64,56,0.04444923461892384
uniform,64,57,0.32602533301636144
importance,64,57,0.32275375028626929
missing_half,64,57,0.04075316662704518
uniform,64,58,0.34504742417468132
importance,64,58,0.33783341440177983
missing_half,64,58,0.043130928021835165
uniform,64,59,0.32544702509990847
importance,64,59,0.33579360519690848
missing_half,64,59,0.040680878137488559
uniform,64,60,0.34676299218187867
importance,64,60,0.3384982583094916
missing_half,64,60,0.043345374022734834
uniform,64,61,0.34840509554923627
importance,64,61,0.33522725316559498
missing_half,64,61,0.043550636943654533
uniform,64,62,0.31390311341521748
importance,64,62,0.32288468165224904
missing_half,64,62,0.039237889176902185
uniform,64,63,0.38183962488564149
importance,64,63,0.33902780230469098
missing_half,64,63,0.047729953110705187
uniform,64,64,0.31117828600523384
importance,64,64,0.32418394412832874
missing_half,64,64,0.03889728575065423
uniform,64,65,0.28861231797428066
importance,64,65,0.32163077482356162
missing_half,64,65,0.036076539746785083
uniform,64,66,0.23457280755559906
importance,64,66,0.28415398475072579
missing_half,64,66,0.029321600944449883
uniform,64,67,0.33906539538565678
importance,64,67,0.34042475604860878
missing_half,64,67,0.042383174423207097
uniform,64,68,0.34304629034885553
importance,64,68,0.3406808601261575
missing_half,64,68,0.042880786293606941
uniform,64,69,0.26608139315639778
importance,64,69,0.31492640011348294
missing_half,64,69,0.033260174144549723
uniform,64,70,0.27715024052159221
importance,64,70,0.30942756590694753
missing_half,64,70,0.034643780065199026
uniform,64,71,0.34182710255722382
importance,64,71,0.33142000020143686
missing_half,64,71,0.042728387819652977
uniform,64,72,0.31167437616684657
importance,64,72,0.33301208539228594
missing_half,64,72,0.038959297020855821
uniform,64,73,0.31760479995574326
importance,64,73,0.33145461704320506
missing_half,64,73,0.039700599994467907
uniform,64,74,0.34615294043859285
importance,64,74,0.33426316551436053
missing_half,64,74,0.043269117554824106
uniform,64,75,0.34149701975700353
importance,64,75,0.34521368677704439
missing_half,64,75,0.042687127469625441
uniform,64,76,0.40264643235548458
importance,64,76,0.35092192873299954
missing_half,64,76,0.050330804044435573
uniform,64,77,0.34976593636513031
importance,64,77,0.33813140462172908
missing_half,64,77,0.043720742045641289
uniform,64,78,0.4397764284146205
importance,64,78,0.374294561985688
missing_half,64,78,0.054972053551827563
uniform,64,79,0.35800136681045841
importance,64,79,0.33522329450268334
missing_half,64,79,0.044750170851307301
uniform,64,80,0.36327841754678603
importance,64,80,0.34681045699816365
missing_half,64,80,0.045409802193348253
uniform,64,81,0.37867600295195558
importance,64,81,0.34572990285433919
missing_half,64,81,0.047334500368994448
uniform,64,82,0.33940172392036744
importance,64,82,0.33559327578232706
missing_half,64,82,0.04242521549004593
uniform,64,83,0.26293827165754735
importance,64,83,0.3123648969783458
missing_half,64,83,0.032867283957193419
uniform,64,84,0.34199529437513232
importance,64,84,0.33709450572854754
missing_half,64,84,0.04274941179689154
uniform,64,85,0.26268823851536016
importance,64,85,0.30985799886994603
missing_half,64,85,0.03283602981442002
uniform,64,86,0.34809406056236503
importance,64,86,0.343098016632016
missing_half,64,86,0.043511757570295628
uniform,64,87,0.29035575154134774
importance,64,87,0.31731291751975504
missing_half,64,87,0.036294468942668467
uniform,64,88,0.331704079537889
importance,64,88,0.33140632931820319
missing_half,64,88,0.041463009942236125
uniform,64,89,0.28607284071051287
importance,64,89,0.32079043580764105
missing_half,64,89,0.035759105088814108
uniform,64,90,0.3279995643671248
importance,64,90,0.33586496955022516
missing_half,64,90,0.0409999455458906
uniform,64,91,0.28504103695306982
importance,64,91,0.31573460567673933
missing_half,64,91,0.035630129619133727
uniform,64,92,0.36438882761155983
importance,64,92,0.34151024523058898
missing_half,64,92,0.045548603451444979
uniform,64,93,0.32434698352428243
importance,64,93,0.32853255590979286
missing_half,64,93,0.040543372940535304
uniform,64,94,0.32829402831468457
importance,64,94,0.3384319432223038
missing_half,64,94,0.041036753539335571
uniform,64,95,0.38965745381046157
importance,64,95,0.36467329978920238
missing_half,64,95,0.048707181726307697
uniform,64,96,0.35210176900874973
importance,64,96,0.33242566246961985
missing_half,64,96,0.044012721126093717
uniform,64,97,0.24553607767481819
importance,64,97,0.29941571181468701
missing_half,64,97,0.030692009709352274
uniform,64,98,0.35979925689920561
importance,64,98,0.34498963264367122
missing_half,64,98,0.044974907112400701
uniform,64,99,0.32722915096721783
importance,64,99,0.33634195174165077
missing_half,64,99,0.040903643870902229
uniform,64,100,0.27564294393429906
importance,64,100,0.30966667563699785
missing_half,64,100,0.034455367991787382
uniform,64,101,0.37400732118766489
importance,64,101,0.34724576661856088
missing_half,64,101,0.046750915148458111
uniform,64,102,0.29446670376520262
importance,64,102,0.32652774393183637
missing_half,64,102,0.036808337970650327
uniform,64,103,0.31172922096986055
importance,64,103,0.32277449905560374
missing_half,64,103,0.038966152621232569
uniform,64,104,0.25869699980753724
importance,64,104,0.30570512323229121
missing_half,64,104,0.032337124975942155
uniform,64,105,0.34423364006937318
importance,64,105,0.33759462597933571
missing_half,64,105,0.043029205008671648
uniform,64,106,0.36195740463691867
importance,64,106,0.34076989864979129
missing_half,64,106,0.045244675579614833
uniform,64,107,0.30386799670237807
importance,64,107,0.3239902629409227
missing_half,64,107,0.037983499587797259
uniform,64,108,0.27964833267134948
importance,64,108,0.3091468403316236
missing_half,64,108,0.034956041583918684
uniform,64,109,0.36775757077493115
importance,64,109,0.3431360978571823
missing_half,64,109,0.045969696346866394
uniform,64,110,0.30385349581504434
importance,64,110,0.32091886083996041
missing_half,64,110,0.037981686976880542
uniform,64,111,0.3456939507845227
importance,64,111,0.34018455140836201
missing_half,64,111,0.043211743848065337
uniform,64,112,0.37604897238420998
importance,64,112,0.34256318282742981
missing_half,64,112,0.047006121548026247
uniform,64,113,0.33952140143911969
importance,64,113,0.33334927170505335
missing_half,64,113,0.042440175179889961
uniform,64,114,0.29863085725290195
importance,64,114,0.31871939807728256
missing_half,64,114,0.037328857156612744
uniform,64,115,0.3288131503617675
importance,64,115,0.3345079730150371
missing_half,64,115,0.041101643795220938
uniform,64,116,0.33030956544927137
importance,64,116,0.32697264950346183
missing_half,64,116,0.041288695681158921
uniform,64,117,0.41204167550542842
importance,64,117,0.34593148165433429
missing_half,64,117,0.051505209438178552
uniform,64,118,0.37003088764289072
importance,64,118,0.34169766603487117
missing_half,64,118,0.046253860955361339
uniform,64,119,0.33382032694752589
importance,64,119,0.33125613794793901
missing_half,64,119,0.041727540868440736
uniform,64,120,0.37348573795332313
importance,64,120,0.34950691692481012
missing_half,64,120,0.046685717244165391
uniform,64,121,0.3589785920185633
importance,64,121,0.34748796814119043
missing_half,64,121,0.044872324002320413
uniform,64,122,0.33574443400143278
importance,64,122,0.3356882410744797
missing_half,64,122,0.041968054250179097
uniform,64,123,0.29691388780971667
importance,64,123,0.34034619695419921
missing_half,64,123,0.037114235976214584
uniform,64,124,0.33081902554227771
importance,64,124,0.33452532200659313
missing_half,64,124,0.041352378192784714
uniform,64,125,0.2989776527548616
importance,64,125,0.31049908219281841
missing_half,64,125,0.0373722065943577
uniform,64,126,0.33384050838113688
importance,64,126,0.33771319089830865
missing_half,64,126,0.04173006354764211
uniform,64,127,0.28358292074275893
importance,64,127,0.30692476615493386
missing_half,64,127,0.035447865092844866
uniform,64,128,0.32639279651801589
importance,64,128,0.33014649776804317
missing_half,64,128,0.040799099564751987
uniform,64,129,0.27297601969032204
importance,64,129,0.30518138783661314
missing_half,64,129,0.034122002461290254
uniform,64,130,0.39278982914919391
importance,64,130,0.35226890899154861
missing_half,64,130,0.049098728643649239
uniform,64,131,0.29470311558760043
importance,64,131,0.33116241220917775
missing_half,64,131,0.036837889448450054
uniform,64,132,0.33186859840438454
importance,64,132,0.32595089283609813
missing_half,64,132,0.041483574800548068
uniform,64,133,0.32336941493302379
importance,64,133,0.33741976201929308
missing_half,64,133,0.040421176866627974
uniform,64,134,0.34209011527482114
importance,64,134,0.33672384968823205
missing_half,64,134,0.042761264409352642
uniform,64,135,0.33077079378718544
importance,64,135,0.32269064825181892
missing_half,64,135,0.041346349223398179
uniform,64,136,0.28437522236594376
importance,64,136,0.30523106330205396
missing_half,64,136,0.03554690279574297
uniform,64,137,0.37633584032687095
importance,64,137,0.35304144848428676
missing_half,64,137,0.047041980040858869
uniform,64,138,0.32886088658922596
importance,64,138,0.31729797437157004
missing_half,64,138,0.041107610823653246
uniform,64,139,0.28485444710834734
importance,64,139,0.31522034199948623
missing_half,64,139,0.035606805888543418
uniform,64,140,0.31935824166505922
importance,64,140,0.32558039041483366
missing_half,64,140,0.039919780208132402
uniform,64,141,0.33025092434814746
importance,64,141,0.33615875939209577
missing_half,64,141,0.041281365543518432
uniform,64,142,0.33314195026935889
importance,64,142,0.33713109539100805
missing_half,64,142,0.041642743783669861
uniform,64,143,0.32410756400973884
importance,64,143,0.31777467181384311
missing_half,64,143,0.040513445501217354
uniform,64,144,0.31041785921906112
importance,64,144,0.33423032289733029
missing_half,64,144,0.03880223240238264
uniform,64,145,0.24720202496272606
importance,64,145,0.30295661676347291
missing_half,64,145,0.030900253120340757
uniform,64,146,0.34662381305633921
importance,64,146,0.34305080921771108
missing_half,64,146,0.043327976632042402
uniform,64,147,0.29308339472937744
importance,64,147,0.30166517234241275
missing_half,64,147,0.036635424341172181
uniform,64,148,0.30149594503117727
importance,64,148,0.32598755889713021
missing_half,64,148,0.037686993128897159
uniform,64,149,0.39508275392866238
importance,64,149,0.34877442597880726
missing_half,64,149,0.049385344241082797
uniform,64,150,0.35329862847591526
importance,64,150,0.3523983206612552
missing_half,64,150,0.044162328559489407
uniform,64,151,0.39197978860337307
importance,64,151,0.34546026399886248
missing_half,64,151,0.048997473575421634
uniform,64,152,0.2661584217998052
importance,64,152,0.30359214071637042
missing_half,64,152,0.03326980272497565
uniform,64,153,0.29637430930772263
importance,64,153,0.32290782463649087
missing_half,64,153,0.037046788663465328
uniform,64,154,0.36669362566180752
importance,64,154,0.34453457398360809
missing_half,64,154,0.04583670320772594
uniform,64,155,0.31666146290614167
importance,64,155,0.33275217648400662
missing_half,64,155,0.039582682863267708
uniform,64,156,0.27940850519616228
importance,64,156,0.31672511983850837
missing_half,64,156,0.034926063149520285
uniform,64,157,0.37423032729789796
importance,64,157,0.35021670137167465
missing_half,64,157,0.046778790912237245
uniform,64,158,0.3940285079610969
importance,64,158,0.34821016713504832
missing_half,64,158,0.049253563495137112
uniform,64,159,0.30610044874842018
importance,64,159,0.31946342138731498
missing_half,64,159,0.038262556093552523
uniform,64,160,0.35809979878810916
importance,64,160,0.34064592412854666
missing_half,64,160,0.044762474848513645
uniform,64,161,0.32933663949224673
importance,64,161,0.33648342159735961
missing_half,64,161,0.041167079936530841
uniform,64,162,0.37504131801337603
importance,64,162,0.34821835942529816
missing_half,64,162,0.046880164751672004
uniform,64,163,0.32695467836620373
importance,64,163,0.32723216676588518
missing_half,64,163,0.040869334795775467
uniform,64,164,0.33469938306099017
importance,64,164,0.33693210078079883
missing_half,64,164,0.041837422882623772
uniform,64,165,0.34672759879223369
importance,64,165,0.33643740879036838
missing_half,64,165,0.043340949849029212
uniform,64,166,0.29274563739439546
importance,64,166,0.32004154878439967
missing_half,64,166,0.036593204674299433
uniform,64,167,0.34291563071066056
importance,64,167,0.35160695446458701
missing_half,64,167,0.04286445383883257
uniform,64,168,0.37282976695569858
importance,64,168,0.35031143843170609
missing_half,64,168,0.046603720869462323
uniform,64,169,0.3161305332304124
importance,64,169,0.32300291086870603
missing_half,64,169,0.03951631665380155
uniform,64,170,0.34160209018516585
importance,64,170,0.32743671661603962
missing_half,64,170,0.042700261273145731
uniform,64,171,0.2708764522945275
importance,64,171,0.30307333200066006
missing_half,64,171,0.033859556536815938
uniform,64,172,0.28860189770246458
importance,64,172,0.31774733111105397
missing_half,64,172,0.036075237212808073
uniform,64,173,0.39627550625994334
importance,64,173,0.35702269871354381
missing_half,64,173,0.049534438282492918
uniform,64,174,0.33137416801384428
importance,64,174,0.32750871835039663
missing_half,64,174,0.041421771001730535
uniform,64,175,0.34862350241134898
importance,64,175,0.32931625390898611
missing_half,64,175,0.043577937801418623
uniform,64,176,0.38310645682738498
importance,64,176,0.34114324629550502
missing_half,64,176,0.047888307103423122
uniform,64,177,0.33445855042258077
importance,64,177,0.33818368313915742
missing_half,64,177,0.041807318802822596
uniform,64,178,0.31267975066579301
importance,64,178,0.31842644846413187
missing_half,64,178,0.039084968833224126
uniform,64,179,0.39689530603533307
importance,64,179,0.35598168862049173
missing_half,64,179,0.049611913254416634
uniform,64,180,0.31667883830207594
importance,64,180,0.32781468163801952
missing_half,64,180,0.039584854787759492
uniform,64,181,0.31316533029192517
importance,64,181,0.32403310811206215
missing_half,64,181,0.039145666286490646
uniform,64,182,0.36137485304979128
importance,64,182,0.34564032866854588
missing_half,64,182,0.04517185663122391
uniform,64,183,0.30843009599855559
importance,64,183,0.3208918693028518
missing_half,64,183,0.038553761999819448
uniform,64,184,0.32945974973609632
importance,64,184,0.33792233056113941
missing_half,64,184,0.04118246871701204
uniform,64,185,0.37054265352678034
importance,64,185,0.34292703194001978
missing_half,64,185,0.046317831690847543
uniform,64,186,0.3472258547251742
importance,64,186,0.34256091671960365
missing_half,64,186,0.043403231840646775
uniform,64,187,0.34653951003017652
importance,64,187,0.34484133648226267
missing_half,64,187,0.043317438753772065
uniform,64,188,0.32744974274025229
importance,64,188,0.33076432019876634
missing_half,64,188,0.040931217842531536
uniform,64,189,0.33859275076076178
importance,64,189,0.34133571880197555
missing_half,64,189,0.042324093845095223
uniform,64,190,0.39590108581178002
importance,64,190,0.36321277717299055
missing_half,64,190,0.049487635726472502
uniform,64,191,0.29241489290402634
importance,64,191,0.32068610433471245
missing_half,64,191,0.036551861613003292
uniform,64,192,0.34131389313030108
importance,64,192,0.33094896585252748
missing_half,64,192,0.042664236641287635
uniform,64,193,0.35532612421087589
importance,64,193,0.34342429484283082
missing_half,64,193,0.044415765526359487
uniform,64,194,0.34629295221468448
importance,64,194,0.34898849278660415
missing_half,64,194,0.04328661902683556
uniform,64,195,0.27791952183910051
importance,64,195,0.31515663995747972
missing_half,64,195,0.034739940229887564
uniform,64,196,0.31655442748305429
importance,64,196,0.33615669671133591
missing_half,64,196,0.039569303435381786
uniform,64,197,0.32138838612528337
importance,64,197,0.3261821334231691
missing_half,64,197,0.040173548265660421
uniform,64,198,0.26811643198084018
importance,64,198,0.30843511471975898
missing_half,64,198,0.033514553997605022
uniform,64,199,0.31297184390057359
importance,64,199,0.32881530876876064
missing_half,64,199,0.039121480487571698
uniform,64,200,0.40267833037655054
importance,64,200,0.35985923347420695
missing_half,64,200,0.050334791297068818
uniform,64,201,0.35789425376170159
importance,64,201,0.34780793125969384
missing_half,64,201,0.044736781720212698
uniform,64,202,0.35689527265832527
importance,64,202,0.34747510980484314
missing_half,64,202,0.044611909082290659
uniform,64,203,0.40950323378810904
importance,64,203,0.35851462769884501
missing_half,64,203,0.051187904223513631
uniform,64,204,0.39234166622326944
importance,64,204,0.35070898826857916
missing_half,64,204,0.04904270827790868
uniform,64,205,0.36662829076874059
importance,64,205,0.35403611715575523
missing_half,64,205,0.045828536346092574
uniform,64,206,0.32303849109597038
importance,64,206,0.33838373880472766
missing_half,64,206,0.040379811386996298
uniform,64,207,0.34160036257535442
importance,64,207,0.33666370047391581
missing_half,64,207,0.042700045321919303
uniform,64,208,0.35031850662458502
importance,64,208,0.3391289524587896
missing_half,64,208,0.043789813328073128
uniform,64,209,0.32779556721240644
importance,64,209,0.33548170130499599
missing_half,64,209,0.040974445901550804
uniform,64,210,0.31243518154836331
importance,64,210,0.32910470291462962
missing_half,64,210,0.039054397693545413
uniform,64,211,0.36616252103088415
importance,64,211,0.34332146505352823
missing_half,64,211,0.045770315128860518
uniform,64,212,0.3647565559383445
importance,64,212,0.32987548363499691
missing_half,64,212,0.045594569492293062
uniform,64,213,0.32484913369570384
importance,64,213,0.33130673708525443
missing_half,64,213,0.04060614171196298
uniform,64,214,0.29629602111773568
importance,64,214,0.32384855002397023
missing_half,64,214,0.037037002639716959
uniform,64,215,0.28303178983425648
importance,64,215,0.31675098668522206
missing_half,64,215,0.035378973729282059
uniform,64,216,0.39622049429793832
importance,64,216,0.35318853042297427
missing_half,64,216,0.04952756178724229
uniform,64,217,0.2840165725989871
importance,64,217,0.31547532564392272
missing_half,64,217,0.035502071574873388
uniform,64,218,0.28769668317316671
importance,64,218,0.31280770560827015
missing_half,64,218,0.035962085396645839
uniform,64,219,0.37387487168738082
importance,64,219,0.34468101173175031
missing_half,64,219,0.046734358960922602
uniform,64,220,0.31712518239252013
importance,64,220,0.33828260910331237
missing_half,64,220,0.039640647799065017
uniform,64,221,0.31137399091093387
importance,64,221,0.32221594095135642
missing_half,64,221,0.038921748863866734
uniform,64,222,0.34856548837340723
importance,64,222,0.34273454616975274
missing_half,64,222,0.043570686046675904
uniform,64,223,0.3552201157210213
importance,64,223,0.33946418418512414
missing_half,64,223,0.044402514465127663
uniform,64,224,0.26122179060689721
importance,64,224,0.31226307295792899
missing_half,64,224,0.032652723825862151
uniform,64,225,0.35891221845814647
importance,64,225,0.34163365630709208
missing_half,64,225,0.044864027307268309
uniform,64,226,0.33936167059673605
importance,64,226,0.32920287692330696
missing_half,64,226,0.042420208824592007
uniform,64,227,0.38904422116343412
importance,64,227,0.34983001437775424
missing_half,64,227,0.048630527645429265
uniform,64,228,0.25430953284905278
importance,64,228,0.30036117482505281
missing_half,64,228,0.031788691606131597
uniform,64,229,0.3389319320730938
importance,64,229,0.33734082428690504
missing_half,64,229,0.042366491509136725
uniform,64,230,0.35987731085405367
importance,64,230,0.3351071045110402
missing_half,64,230,0.044984663856756708
uniform,64,231,0.32590648900452007
importance,64,231,0.32821429503650218
missing_half,64,231,0.040738311125565009
uniform,64,232,0.27332611210170099
importance,64,232,0.31410866792224973
missing_half,64,232,0.034165764012712624
uniform,64,233,0.33533453082268466
importance,64,233,0.3353266965365605
missing_half,64,233,0.041916816352835583
uniform,64,234,0.36785208633710675
importance,64,234,0.34790984944288894
missing_half,64,234,0.045981510792138344
uniform,64,235,0.30531232010320697
importance,64,235,0.32445157881034931
missing_half,64,235,0.038164040012900871
uniform,64,236,0.37876159961572181
importance,64,236,0.33930040998969796
missing_half,64,236,0.047345199951965226
uniform,64,237,0.28933632604449039
importance,64,237,0.31829676398723378
missing_half,64,237,0.036167040755561299
uniform,64,238,0.40723776145742457
importance,64,238,0.34042822344286239
missing_half,64,238,0.050904720182178072
uniform,64,239,0.36814055017863601
importance,64,239,0.34478589115280711
missing_half,64,239,0.046017568772329501
uniform,64,240,0.38946088695423686
importance,64,240,0.35311609956100409
missing_half,64,240,0.048682610869279608
uniform,64,241,0.36417267184931129
importance,64,241,0.33282543177823631
missing_half,64,241,0.045521583981163911
uniform,64,242,0.3188533339979282
importance,64,242,0.31482468168020883
missing_half,64,242,0.039856666749741025
uniform,64,243,0.27850433731485758
importance,64,243,0.31881202260646202
missing_half,64,243,0.034813042164357197
uniform,64,244,0.35268615212892301
importance,64,244,0.33360589042239569
missing_half,64,244,0.044085769016115377
uniform,64,245,0.35684326889575624
importance,64,245,0.33803586889050191
missing_half,64,245,0.04460540861196953
uniform,64,246,0.36064004060722199
importance,64,246,0.34229297817728721
missing_half,64,246,0.045080005075902749
uniform,64,247,0.2978871522094505
importance,64,247,0.32811925864686786
missing_half,64,247,0.037235894026181313
uniform,64,248,0.38549566485863351
importance,64,248,0.3518291057284666
missing_half,64,248,0.048186958107329189
uniform,64,249,0.31361703897697946
importance,64,249,0.32793125281244057
missing_half,64,249,0.039202129872122432
uniform,64,250,0.32876537379330312
importance,64,250,0.33293161626950502
missing_half,64,250,0.04109567172416289
uniform,64,251,0.34574268374102546
importance,64,251,0.33126537001013795
missing_half,64,251,0.043217835467628182
uniform,64,252,0.35241857234674939
importance,64,252,0.33815748392127631
missing_half,64,252,0.044052321543343674
uniform,64,253,0.36447706940450869
importance,64,253,0.34578542936225681
missing_half,64,253,0.045559633675563586
uniform,64,254,0.31977110895850158
importance,64,254,0.33281872450015332
missing_half,64,254,0.039971388619812698
uniform,64,255,0.3014156366208588
importance,64,255,0.32456996834708385
missing_half,64,255,0.037676954577607349
uniform,64,256,0.29241858617875588
importance,64,256,0.32405148456892674
missing_half,64,256,0.036552323272344485
uniform,256,1,0.32953350918914703
importance,256,1,0.32893650656404622
missing_half,256,1,0.041191688648643379
uniform,256,2,0.34097181178591784
importance,256,2,0.34213503079210617
missing_half,256,2,0.042621476473239731
uniform,256,3,0.31592556178834774
importance,256,3,0.33234985719600796
missing_half,256,3,0.039490695223543468
uniform,256,4,0.33986006895663634
importance,256,4,0.33057138192263502
missing_half,256,4,0.042482508619579543
uniform,256,5,0.35692350980184445
importance,256,5,0.33785597306360754
missing_half,256,5,0.044615438725230556
uniform,256,6,0.33912762563273291
importance,256,6,0.34087161955738005
missing_half,256,6,0.042390953204091614
uniform,256,7,0.32666853554885089
importance,256,7,0.33918767078551493
missing_half,256,7,0.040833566943606361
uniform,256,8,0.32282714956697645
importance,256,8,0.33337736723547806
missing_half,256,8,0.040353393695872056
uniform,256,9,0.33066091615879689
importance,256,9,0.32620362851119888
missing_half,256,9,0.041332614519849611
uniform,256,10,0.28659190773429777
importance,256,10,0.31698038509609378
missing_half,256,10,0.035823988466787221
uniform,256,11,0.33723266712508504
importance,256,11,0.33425695650394288
missing_half,256,11,0.04215408339063563
uniform,256,12,0.32137453307649649
importance,256,12,0.32667721944442712
missing_half,256,12,0.040171816634562062
uniform,256,13,0.31948099465328811
importance,256,13,0.32423255152983305
missing_half,256,13,0.039935124331661014
uniform,256,14,0.32263654114428181
importance,256,14,0.32739094683132014
missing_half,256,14,0.040329567643035226
uniform,256,15,0.32140618147620004
importance,256,15,0.32860148964503261
missing_half,256,15,0.040175772684525005
uniform,256,16,0.33220817411298487
importance,256,16,0.33304518074377776
missing_half,256,16,0.041526021764123108
uniform,256,17,0.33906670197386085
importance,256,17,0.33474459406056439
missing_half,256,17,0.042383337746732606
uniform,256,18,0.34667672807204952
importance,256,18,0.34109877842276065
missing_half,256,18,0.04333459100900619
uniform,256,19,0.34340150185483831
importance,256,19,0.3342874701688181
missing_half,256,19,0.042925187731854789
uniform,256,20,0.35383649891976021
importance,256,20,0.34344165004155741
missing_half,256,20,0.044229562364970026
uniform,256,21,0.34419768669947381
importance,256,21,0.34416948460722069
missing_half,256,21,0.043024710837434227
uniform,256,22,0.34662054114325519
importance,256,22,0.33453942627010974
missing_half,256,22,0.043327567642906899
uniform,256,23,0.32886648620528169
importance,256,23,0.32965736711421706
missing_half,256,23,0.041108310775660212
uniform,256,24,0.35637068033679764
importance,256,24,0.34646015710118649
missing_half,256,24,0.044546335042099705
uniform,256,25,0.3084919851453039
importance,256,25,0.32797038342522811
missing_half,256,25,0.038561498143162988
uniform,256,26,0.34736265270412986
importance,256,26,0.34336813122605336
missing_half,256,26,0.043420331588016232
uniform,256,27,0.34385033230174716
importance,256,27,0.33361456066430856
missing_half,256,27,0.042981291537718395
uniform,256,28,0.35384773275129816
importance,256,28,0.34157082249908438
missing_half,256,28,0.04423096659391227
uniform,256,29,0.35965465565766402
importance,256,29,0.3421230225648621
missing_half,256,29,0.044956831957208003
uniform,256,30,0.307436524266679
importance,256,30,0.32243774784865348
missing_half,256,30,0.038429565533334875
uniform,256,31,0.30172160734669501
importance,256,31,0.32290299113845189
missing_half,256,31,0.037715200918336876
uniform,256,32,0.32066233850077491
importance,256,32,0.33298715258209055
missing_half,256,32,0.040082792312596864
uniform,256,33,0.36364084631082111
importance,256,33,0.34355076175613031
missing_half,256,33,0.045455105788852639
uniform,256,34,0.37023467227428425
importance,256,34,0.34385848661739732
missing_half,256,34,0.046279334034285531
uniform,256,35,0.34730423509985875
importance,256,35,0.33710666396893807
missing_half,256,35,0.043413029387482344
uniform,256,36,0.33368667396584301
importance,256,36,0.3325373681137786
missing_half,256,36,0.041710834245730376
uniform,256,37,0.3318015306855005
importance,256,37,0.33855956984431368
missing_half,256,37,0.041475191335687563
uniform,256,38,0.350350774239857
importance,256,38,0.34140854398126946
missing_half,256,38,0.043793846779982125
uniform,256,39,0.32549417462823316
importance,256,39,0.33556700331125378
missing_half,256,39,0.040686771828529145
uniform,256,40,0.31713843577866174
importance,256,40,0.32536040385621839
missing_half,256,40,0.039642304472332718
uniform,256,41,0.29816497433302386
importance,256,41,0.32860035295550633
missing_half,256,41,0.037270621791627982
uniform,256,42,0.31927716982743998
importance,256,42,0.32546495850019752
missing_half,256,42,0.039909646228429997
uniform,256,43,0.35630168549632385
importance,256,43,0.34097691998752844
missing_half,256,43,0.044537710687040481
uniform,256,44,0.3244316462760175
importance,256,44,0.32575970997329107
missing_half,256,44,0.040553955784502188
uniform,256,45,0.3401805872333763
importance,256,45,0.3331860667060445
missing_half,256,45,0.042522573404172037
uniform,256,46,0.30353325653159385
importance,256,46,0.31810318598794235
missing_half,256,46,0.037941657066449232
uniform,256,47,0.34913307098763913
importance,256,47,0.33989344688284845
missing_half,256,47,0.043641633873454891
uniform,256,48,0.31406361217888007
importance,256,48,0.32369132597962186
missing_half,256,48,0.039257951522360009
uniform,256,49,0.37021421909234348
importance,256,49,0.345987756481901
missing_half,256,49,0.046276777386542935
uniform,256,50,0.33797225016578042
importance,256,50,0.33345648682832119
missing_half,256,50,0.042246531270722552
uniform,256,51,0.30738822921658571
importance,256,51,0.31992966091020192
missing_half,256,51,0.038423528652073213
uniform,256,52,0.33720127073008821
importance,256,52,0.34165686263565226
missing_half,256,52,0.042150158841261026
uniform,256,53,0.34830117309408398
importance,256,53,0.34234847531249041
missing_half,256,53,0.043537646636760498
uniform,256,54,0.33152826971443033
importance,256,54,0.33080058569133647
missing_half,256,54,0.041441033714303792
uniform,256,55,0.34219114575280496
importance,256,55,0.33818821720318143
missing_half,256,55,0.04277389321910062
uniform,256,56,0.33760384783794661
importance,256,56,0.3307372548208028
missing_half,256,56,0.042200480979743327
uniform,256,57,0.3395487154394371
importance,256,57,0.33535700998715007
missing_half,256,57,0.042443589429929637
uniform,256,58,0.34887334321635705
importance,256,58,0.3376304487023094
missing_half,256,58,0.043609167902044631
uniform,256,59,0.35607412701342467
importance,256,59,0.34809576486660704
missing_half,256,59,0.044509265876678084
uniform,256,60,0.36493263750131888
importance,256,60,0.34631164382994623
missing_half,256,60,0.04561657968766486
uniform,256,61,0.34369335312322291
importance,256,61,0.3375125887428887
missing_half,256,61,0.042961669140402864
uniform,256,62,0.32425220381432557
importance,256,62,0.32937888607149063
missing_half,256,62,0.040531525476790696
uniform,256,63,0.36974358598172807
importance,256,63,0.34345463632253642
missing_half,256,63,0.046217948247716009
uniform,256,64,0.31690699386344917
importance,256,64,0.32469457284020314
missing_half,256,64,0.039613374232931146
uniform,256,65,0.30510087211613279
importance,256,65,0.32468323956245965
missing_half,256,65,0.038137609014516599
uniform,256,66,0.2897193969736433
importance,256,66,0.31877368250155225
missing_half,256,66,0.036214924621705412
uniform,256,67,0.32358385224922676
importance,256,67,0.32757384068257128
missing_half,256,67,0.040447981531153344
uniform,256,68,0.31759618283644275
importance,256,68,0.32632064601697996
missing_half,256,68,0.039699522854555344
uniform,256,69,0.29794118988122736
importance,256,69,0.32267566564007422
missing_half,256,69,0.037242648735153421
uniform,256,70,0.32816406720626429
importance,256,70,0.32627447288249217
missing_half,256,70,0.041020508400783036
uniform,256,71,0.32260635701178803
importance,256,71,0.32851214437280307
missing_half,256,71,0.040325794626473503
uniform,256,72,0.32813345397920407
importance,256,72,0.33587977909832273
missing_half,256,72,0.041016681747400509
uniform,256,73,0.30930803506125815
importance,256,73,0.32333246734176763
missing_half,256,73,0.038663504382657268
uniform,256,74,0.3597425024230006
importance,256,74,0.34033400280939152
missing_half,256,74,0.044967812802875075
uniform,256,75,0.31438174213384346
importance,256,75,0.32983834584579103
missing_half,256,75,0.039297717766730432
uniform,256,76,0.35864783110540299
importance,256,76,0.33827116602238166
missing_half,256,76,0.044830978888175374
uniform,256,77,0.32384148442258853
importance,256,77,0.32802187580968717
missing_half,256,77,0.040480185552823567
uniform,256,78,0.3474035866856382
importance,256,78,0.34162395741794488
missing_half,256,78,0.043425448335704775
uniform,256,79,0.37073502500412825
importance,256,79,0.34587684676475777
missing_half,256,79,0.046341878125516031
uniform,256,80,0.34329051292079726
importance,256,80,0.33717144919248176
missing_half,256,80,0.042911314115099658
uniform,256,81,0.32255128818442175
importance,256,81,0.32563166229675472
missing_half,256,81,0.040318911023052718
uniform,256,82,0.31749079464135399
importance,256,82,0.32646205837387959
missing_half,256,82,0.039686349330169249
uniform,256,83,0.32499648425243177
importance,256,83,0.33302625647022388
missing_half,256,83,0.040624560531553972
uniform,256,84,0.31329577899134786
importance,256,84,0.32657523645730929
missing_half,256,84,0.039161972373918483
uniform,256,85,0.30432965278353719
importance,256,85,0.32496725496341167
missing_half,256,85,0.038041206597942148
uniform,256,86,0.34369128273180188
importance,256,86,0.3362884742829283
missing_half,256,86,0.042961410341475235
uniform,256,87,0.33070453142860207
importance,256,87,0.33284015593271998
missing_half,256,87,0.041338066428575258
uniform,256,88,0.3270408149946849
importance,256,88,0.32473373049110615
missing_half,256,88,0.040880101874335613
uniform,256,89,0.32530227362736114
importance,256,89,0.32848458356374116
missing_half,256,89,0.040662784203420142
uniform,256,90,0.32927336796514323
importance,256,90,0.33544638819203837
missing_half,256,90,0.041159170995642903
uniform,256,91,0.35066141448901333
importance,256,91,0.34223939618545557
missing_half,256,91,0.043832676811126667
uniform,256,92,0.3262494996275922
importance,256,92,0.3275145893404432
missing_half,256,92,0.040781187453449025
uniform,256,93,0.30996666770615566
importance,256,93,0.3164107487088374
missing_half,256,93,0.038745833463269458
uniform,256,94,0.33175047565108629
importance,256,94,0.33331178795763267
missing_half,256,94,0.041468809456385786
uniform,256,95,0.3720211247374734
importance,256,95,0.34590328881791466
missing_half,256,95,0.046502640592184175
uniform,256,96,0.33784315662270109
importance,256,96,0.33447294570128583
missing_half,256,96,0.042230394577837636
uniform,256,97,0.284404958631848
importance,256,97,0.31353285927220376
missing_half,256,97,0.035550619828981
uniform,256,98,0.31926918200869464
importance,256,98,0.32622331589947012
missing_half,256,98,0.03990864775108683
uniform,256,99,0.33086154232305703
importance,256,99,0.3336634316958102
missing_half,256,99,0.041357692790382129
uniform,256,100,0.31006734884501713
importance,256,100,0.32226376272382407
missing_half,256,100,0.038758418605627142
uniform,256,101,0.34537709248744308
importance,256,101,0.34120049780947836
missing_half,256,101,0.043172136560930385
uniform,256,102,0.31677985449975399
importance,256,102,0.33016853029535498
missing_half,256,102,0.039597481812469248
uniform,256,103,0.34151771363341599
importance,256,103,0.33193730464955795
missing_half,256,103,0.042689714204176998
uniform,256,104,0.30310579100962287
importance,256,104,0.32042371198794339
missing_half,256,104,0.037888223876202859
uniform,256,105,0.34459573413012362
importance,256,105,0.33951472052780968
missing_half,256,105,0.043074466766265453
uniform,256,106,0.33453945029713095
importance,256,106,0.33134990140992332
missing_half,256,106,0.041817431287141368
uniform,256,107,0.31915084122465054
importance,256,107,0.32475528496349215
missing_half,256,107,0.039893855153081317
uniform,256,108,0.30398175059765142
importance,256,108,0.32169519580589157
missing_half,256,108,0.037997718824706428
uniform,256,109,0.36064584057412102
importance,256,109,0.34246989329970673
missing_half,256,109,0.045080730071765128
uniform,256,110,0.33497309774435158
importance,256,110,0.33206500057464283
missing_half,256,110,0.041871637218043947
uniform,256,111,0.33486653582448628
importance,256,111,0.3356029631253199
missing_half,256,111,0.041858316978060785
uniform,256,112,0.30119097296163405
importance,256,112,0.31907581165568261
missing_half,256,112,0.037648871620204256
uniform,256,113,0.32680737252507741
importance,256,113,0.3310482899141558
missing_half,256,113,0.040850921565634676
uniform,256,114,0.31266011391876136
importance,256,114,0.32780154552154706
missing_half,256,114,0.03908251423984517
uniform,256,115,0.31641965946946182
importance,256,115,0.32820330191578756
missing_half,256,115,0.039552457433682728
uniform,256,116,0.32463124200178467
importance,256,116,0.33155796584970154
missing_half,256,116,0.040578905250223084
uniform,256,117,0.38394695535386586
importance,256,117,0.34710243677741826
missing_half,256,117,0.047993369419233232
uniform,256,118,0.33816529175371268
importance,256,118,0.33256279653812276
missing_half,256,118,0.042270661469214085
uniform,256,119,0.31441320750148738
importance,256,119,0.32659236144665338
missing_half,256,119,0.039301650937685922
uniform,256,120,0.35424762182095026
importance,256,120,0.34016090424542017
missing_half,256,120,0.044280952727618783
uniform,256,121,0.35810795419122254
importance,256,121,0.34181855735912697
missing_half,256,121,0.044763494273902818
uniform,256,122,0.34720515332090124
importance,256,122,0.3370389680507006
missing_half,256,122,0.043400644165112655
uniform,256,123,0.3097438544983161
importance,256,123,0.33698683406550917
missing_half,256,123,0.038717981812289512
uniform,256,124,0.35198685847836586
importance,256,124,0.34066367587643798
missing_half,256,124,0.043998357309795733
uniform,256,125,0.32899990965799303
importance,256,125,0.3293857043980688
missing_half,256,125,0.041124988707249129
uniform,256,126,0.3039509645072197
importance,256,126,0.32392953909090855
missing_half,256,126,0.037993870563402463
uniform,256,127,0.32408068316482219
importance,256,127,0.32927533404290987
missing_half,256,127,0.040510085395602774
uniform,256,128,0.36196658805976961
importance,256,128,0.34288797035057667
missing_half,256,128,0.045245823507471201
uniform,256,129,0.27949462490880733
importance,256,129,0.30813627362759843
missing_half,256,129,0.034936828113600917
uniform,256,130,0.34950021766941697
importance,256,130,0.33688570662726552
missing_half,256,130,0.043687527208677121
uniform,256,131,0.3440099986976084
importance,256,131,0.34134606132378431
missing_half,256,131,0.04300124983720105
uniform,256,132,0.31415304867595878
importance,256,132,0.32630049834154951
missing_half,256,132,0.039269131084494847
uniform,256,133,0.32238822524549887
importance,256,133,0.32920558512518999
missing_half,256,133,0.040298528155687359
uniform,256,134,0.32579217177606545
importance,256,134,0.32807382691388187
missing_half,256,134,0.040724021472008182
uniform,256,135,0.35149132392121285
importance,256,135,0.33745113990345654
missing_half,256,135,0.043936415490151606
uniform,256,136,0.3306179577178916
importance,256,136,0.33171418587371404
missing_half,256,136,0.04132724471473645
uniform,256,137,0.34145524287354589
importance,256,137,0.34022028958523182
missing_half,256,137,0.042681905359193237
uniform,256,138,0.34847788671344293
importance,256,138,0.33677669876647703
missing_half,256,138,0.043559735839180366
uniform,256,139,0.34722489078938379
importance,256,139,0.3371554193181539
missing_half,256,139,0.043403111348672974
uniform,256,140,0.32438099271216175
importance,256,140,0.33401446145674946
missing_half,256,140,0.040547624089020219
uniform,256,141,0.34200894453226832
importance,256,141,0.34000767261017739
missing_half,256,141,0.04275111806653354
uniform,256,142,0.34702035979802492
importance,256,142,0.33690197878921074
missing_half,256,142,0.043377544974753116
uniform,256,143,0.32370319353052668
importance,256,143,0.32616978240037847
missing_half,256,143,0.040462899191315835
uniform,256,144,0.30178192637921264
importance,256,144,0.31908155637096702
missing_half,256,144,0.03772274079740158
uniform,256,145,0.29253228348194826
importance,256,145,0.31920657575847861
missing_half,256,145,0.036566535435243533
uniform,256,146,0.36656338803903005
importance,256,146,0.34864497777842285
missing_half,256,146,0.045820423504878756
uniform,256,147,0.3378732471642435
importance,256,147,0.32740651338822141
missing_half,256,147,0.042234155895530437
uniform,256,148,0.32225398858640691
importance,256,148,0.33090601767508987
missing_half,256,148,0.040281748573300864
uniform,256,149,0.37868676591459111
importance,256,149,0.34138561777865772
missing_half,256,149,0.047335845739323888
uniform,256,150,0.33205725650773943
importance,256,150,0.33646458715466554
missing_half,256,150,0.041507157063467429
uniform,256,151,0.35877974062112017
importance,256,151,0.34032442153001113
missing_half,256,151,0.044847467577640021
uniform,256,152,0.32914943670284763
importance,256,152,0.32822970583874705
missing_half,256,152,0.041143679587855954
uniform,256,153,0.32696659539332995
importance,256,153,0.32819146016675349
missing_half,256,153,0.040870824424166244
uniform,256,154,0.33261722880650363
importance,256,154,0.33287498442568403
missing_half,256,154,0.041577153600812954
uniform,256,155,0.31095268653376357
importance,256,155,0.32720511909400107
missing_half,256,155,0.038869085816720446
uniform,256,156,0.35089618124403082
importance,256,156,0.33572208588094221
missing_half,256,156,0.043862022655503853
uniform,256,157,0.34854678072590889
importance,256,157,0.33581260634288396
missing_half,256,157,0.043568347590738611
uniform,256,158,0.33618058425098923
importance,256,158,0.33660299729701604
missing_half,256,158,0.042022573031373654
uniform,256,159,0.34583104472053899
importance,256,159,0.33919630602613238
missing_half,256,159,0.043228880590067374
uniform,256,160,0.34220342295448763
importance,256,160,0.33653431599121758
missing_half,256,160,0.042775427869310954
uniform,256,161,0.35063976932352509
importance,256,161,0.33863970080843081
missing_half,256,161,0.043829971165440636
uniform,256,162,0.3401989600641479
importance,256,162,0.34036268647195544
missing_half,256,162,0.042524870008018488
uniform,256,163,0.34139702394561044
importance,256,163,0.32895470880900191
missing_half,256,163,0.042674627993201306
uniform,256,164,0.34078955927010979
importance,256,164,0.33654064752429841
missing_half,256,164,0.042598694908763723
uniform,256,165,0.3107711092122275
importance,256,165,0.324943605342423
missing_half,256,165,0.038846388651528438
uniform,256,166,0.34955666354300835
importance,256,166,0.34036642585779736
missing_half,256,166,0.043694582942876044
uniform,256,167,0.3409020788051188
importance,256,167,0.34089350203372454
missing_half,256,167,0.04261275985063985
uniform,256,168,0.35744808346723139
importance,256,168,0.34415791512669253
missing_half,256,168,0.044681010433403924
uniform,256,169,0.32779824115554757
importance,256,169,0.32743805633154821
missing_half,256,169,0.040974780144443446
uniform,256,170,0.34177835197332007
importance,256,170,0.33327432129549084
missing_half,256,170,0.042722293996665009
uniform,256,171,0.32823188428160416
importance,256,171,0.32580640133096517
missing_half,256,171,0.04102898553520052
uniform,256,172,0.3225767494790312
importance,256,172,0.33461591141169023
missing_half,256,172,0.0403220936848789
uniform,256,173,0.34509157843168903
importance,256,173,0.33564734128040663
missing_half,256,173,0.043136447303961128
uniform,256,174,0.34122000852792211
importance,256,174,0.33341896200419169
missing_half,256,174,0.042652501065990264
uniform,256,175,0.33873727252862318
importance,256,175,0.33152612828580713
missing_half,256,175,0.042342159066077897
uniform,256,176,0.35804202114305494
importance,256,176,0.34148943161139578
missing_half,256,176,0.044755252642881868
uniform,256,177,0.35178258214157937
importance,256,177,0.33801485900566536
missing_half,256,177,0.043972822767697421
uniform,256,178,0.32783438340152615
importance,256,178,0.32940597071895933
missing_half,256,178,0.040979297925190769
uniform,256,179,0.35459576162839934
importance,256,179,0.34195554849549659
missing_half,256,179,0.044324470203549918
uniform,256,180,0.33036096851045227
importance,256,180,0.33299629205412457
missing_half,256,180,0.041295121063806534
uniform,256,181,0.35707080813312592
importance,256,181,0.33693758452796796
missing_half,256,181,0.04463385101664074
uniform,256,182,0.34854692949971239
importance,256,182,0.33982259972705275
missing_half,256,182,0.043568366187464048
uniform,256,183,0.33401943426131353
importance,256,183,0.32570764409799297
missing_half,256,183,0.041752429282664191
uniform,256,184,0.31548841005652517
importance,256,184,0.32911972428164399
missing_half,256,184,0.039436051257065646
uniform,256,185,0.34067910607187019
importance,256,185,0.33590618157711943
missing_half,256,185,0.042584888258983773
uniform,256,186,0.3110822516247948
importance,256,186,0.32263887429514471
missing_half,256,186,0.03888528145309935
uniform,256,187,0.32350444442375842
importance,256,187,0.33097774655533185
missing_half,256,187,0.040438055552969802
uniform,256,188,0.3346005075588756
importance,256,188,0.33477706630412002
missing_half,256,188,0.04182506344485945
uniform,256,189,0.30736998412475353
importance,256,189,0.32802078420987113
missing_half,256,189,0.038421248015594191
uniform,256,190,0.33192161964388972
importance,256,190,0.32821525851119515
missing_half,256,190,0.041490202455486215
uniform,256,191,0.32062713216030608
importance,256,191,0.32862542973832098
missing_half,256,191,0.04007839152003826
uniform,256,192,0.37023733485908528
importance,256,192,0.34777224223058439
missing_half,256,192,0.04627966685738566
uniform,256,193,0.34943675027329174
importance,256,193,0.33778110318682025
missing_half,256,193,0.043679593784161468
uniform,256,194,0.33650525031564671
importance,256,194,0.33748232887708596
missing_half,256,194,0.042063156289455839
uniform,256,195,0.32861519932837358
importance,256,195,0.32714217562739611
missing_half,256,195,0.041076899916046697
uniform,256,196,0.347573047988745
importance,256,196,0.33960202783252524
missing_half,256,196,0.043446630998593125
uniform,256,197,0.33910845475898571
importance,256,197,0.3340027358826308
missing_half,256,197,0.042388556844873214
uniform,256,198,0.28402130417485255
importance,256,198,0.31612187773071343
missing_half,256,198,0.035502663021856569
uniform,256,199,0.31402723968299112
importance,256,199,0.3269738411693231
missing_half,256,199,0.03925340496037389
uniform,256,200,0.3611481655637051
importance,256,200,0.34333381503353744
missing_half,256,200,0.045143520695463138
uniform,256,201,0.33400449121769571
importance,256,201,0.33717688559558612
missing_half,256,201,0.041750561402211964
uniform,256,202,0.32914176622331376
importance,256,202,0.33623934733202687
missing_half,256,202,0.04114272077791422
uniform,256,203,0.34559184049747821
importance,256,203,0.33712371080568915
missing_half,256,203,0.043198980062184776
uniform,256,204,0.35199198191988046
importance,256,204,0.33863388865006783
missing_half,256,204,0.043998997739985057
uniform,256,205,0.35501297571734503
importance,256,205,0.34119210022208385
missing_half,256,205,0.044376621964668128
uniform,256,206,0.34231410589539224
importance,256,206,0.33714369370755559
missing_half,256,206,0.04278926323692403
uniform,256,207,0.34626951745050527
importance,256,207,0.33809990183766275
missing_half,256,207,0.043283689681313159
uniform,256,208,0.32938503849088596
importance,256,208,0.33457917510921548
missing_half,256,208,0.041173129811360745
uniform,256,209,0.33907333719397387
importance,256,209,0.3361085550591848
missing_half,256,209,0.042384167149246733
uniform,256,210,0.30559586478426276
importance,256,210,0.32193917228639513
missing_half,256,210,0.038199483098032845
uniform,256,211,0.34715717492906289
importance,256,211,0.33728512431783669
missing_half,256,211,0.043394646866132862
uniform,256,212,0.36660773530387469
importance,256,212,0.33975977475670133
missing_half,256,212,0.045825966912984337
uniform,256,213,0.34881191369775599
importance,256,213,0.33755255264372347
missing_half,256,213,0.043601489212219499
uniform,256,214,0.32962692245666325
importance,256,214,0.33098356402924628
missing_half,256,214,0.041203365307082906
uniform,256,215,0.32167744595470188
importance,256,215,0.32995647348514651
missing_half,256,215,0.040209680744337735
uniform,256,216,0.35631983533222611
importance,256,216,0.34413978210775537
missing_half,256,216,0.044539979416528264
uniform,256,217,0.30947517287870685
importance,256,217,0.32685703519095444
missing_half,256,217,0.038684396609838356
uniform,256,218,0.29294406268843592
importance,256,218,0.31396335079542642
missing_half,256,218,0.036618007836054491
uniform,256,219,0.35637391841339489
importance,256,219,0.3417708607397314
missing_half,256,219,0.044546739801674361
uniform,256,220,0.36355720772754063
importance,256,220,0.34823167986675513
missing_half,256,220,0.045444650965942579
uniform,256,221,0.3415356209340904
importance,256,221,0.33367457323771532
missing_half,256,221,0.0426919526167613
uniform,256,222,0.33390943075696938
importance,256,222,0.3365428301166894
missing_half,256,222,0.041738678844621173
uniform,256,223,0.34115306452830296
importance,256,223,0.3415538235687105
missing_half,256,223,0.04264413306603787
uniform,256,224,0.31179979040777983
importance,256,224,0.32463631739084969
missing_half,256,224,0.038974973800972479
uniform,256,225,0.36111509308071327
importance,256,225,0.33852164407699825
missing_half,256,225,0.045139386635089158
uniform,256,226,0.32669870843710141
importance,256,226,0.32915560897033591
missing_half,256,226,0.040837338554637677
uniform,256,227,0.33655608604928144
importance,256,227,0.33141856625984945
missing_half,256,227,0.042069510756160181
uniform,256,228,0.28939287053714452
importance,256,228,0.31334711981961716
missing_half,256,228,0.036174108817143065
uniform,256,229,0.33333459994418679
importance,256,229,0.3354301573026946
missing_half,256,229,0.041666824993023349
uniform,256,230,0.32639360788085858
importance,256,230,0.3320305826701081
missing_half,256,230,0.040799200985107323
uniform,256,231,0.32997267372679306
importance,256,231,0.32791487967327321
missing_half,256,231,0.041246584215849133
uniform,256,232,0.31472885793677746
importance,256,232,0.32756135904558653
missing_half,256,232,0.039341107242097183
uniform,256,233,0.33524453653200692
importance,256,233,0.33169377297786434
missing_half,256,233,0.041905567066500865
uniform,256,234,0.34864081172406819
importance,256,234,0.34615602703837733
missing_half,256,234,0.043580101465508524
uniform,256,235,0.33634248532458105
importance,256,235,0.33303980066609623
missing_half,256,235,0.042042810665572632
uniform,256,236,0.34540645670263947
importance,256,236,0.33588634155198438
missing_half,256,236,0.043175807087829934
uniform,256,237,0.32399521324503433
importance,256,237,0.33228774617184176
missing_half,256,237,0.040499401655629291
uniform,256,238,0.36323848828414973
importance,256,238,0.33719521184583678
missing_half,256,238,0.045404811035518716
uniform,256,239,0.37688259116705763
importance,256,239,0.35272879991636935
missing_half,256,239,0.047110323895882204
uniform,256,240,0.35412922638239747
importance,256,240,0.33941824699275408
missing_half,256,240,0.044266153297799683
uniform,256,241,0.34226867639533715
importance,256,241,0.33781354492638682
missing_half,256,241,0.042783584549417143
uniform,256,242,0.32488960478461698
importance,256,242,0.32794773477328021
missing_half,256,242,0.040611200598077123
uniform,256,243,0.34652946173696014
importance,256,243,0.34042963582913094
missing_half,256,243,0.043316182717120018
uniform,256,244,0.32578059133624493
importance,256,244,0.32489160503548026
missing_half,256,244,0.040722573917030616
uniform,256,245,0.32274519542983054
importance,256,245,0.32592241208038125
missing_half,256,245,0.040343149428728818
uniform,256,246,0.35467807364749537
importance,256,246,0.34641317907702318
missing_half,256,246,0.044334759205936922
uniform,256,247,0.3101545969960206
importance,256,247,0.32515184388688728
missing_half,256,247,0.038769324624502575
uniform,256,248,0.35076662858665186
importance,256,248,0.33390140168519028
missing_half,256,248,0.043845828573331483
uniform,256,249,0.31470740678118719
importance,256,249,0.3290659993666708
missing_half,256,249,0.039338425847648399
uniform,256,250,0.33150588637637285
importance,256,250,0.33692329919453112
missing_half,256,250,0.041438235797046606
uniform,256,251,0.31771666889891853
importance,256,251,0.32271843870917993
missing_half,256,251,0.039714583612364816
uniform,256,252,0.36334710491756583
importance,256,252,0.34301679967076604
missing_half,256,252,0.045418388114695729
uniform,256,253,0.34080491352153203
importance,256,253,0.33717465677161568
missing_half,256,253,0.042600614190191503
uniform,256,254,0.3251841997721352
importance,256,254,0.33267488672644469
missing_half,256,254,0.0406480249715169
uniform,256,255,0.34968303887847141
importance,256,255,0.33961911312668208
missing_half,256,255,0.043710379859808926
uniform,256,256,0.32035722445789433
importance,256,256,0.33148550518947095
missing_half,256,256,0.040044653057236791
uniform,1024,1,0.33197303420738605
importance,1024,1,0.33048695163209724
missing_half,1024,1,0.041496629275923257
uniform,1024,2,0.32718680315479998
importance,1024,2,0.33185133080867879
missing_half,1024,2,0.040898350394349997
uniform,1024,3,0.33221872326906476
importance,1024,3,0.33456001398904506
missing_half,1024,3,0.041527340408633096
uniform,1024,4,0.34596985415327525
importance,1024,4,0.33656355371356816
missing_half,1024,4,0.043246231769159406
uniform,1024,5,0.34172042092852634
importance,1024,5,0.33460492642924478
missing_half,1024,5,0.042715052616065792
uniform,1024,6,0.33448806895669764
importance,1024,6,0.33347453395028326
missing_half,1024,6,0.041811008619587205
uniform,1024,7,0.33788528308014315
importance,1024,7,0.33563688733329244
missing_half,1024,7,0.042235660385017894
uniform,1024,8,0.33471960145843432
importance,1024,8,0.3350411837641829
missing_half,1024,8,0.04183995018230429
uniform,1024,9,0.33243108252218878
importance,1024,9,0.33034028561468143
missing_half,1024,9,0.041553885315273598
uniform,1024,10,0.31334743994596581
importance,1024,10,0.32545012629100178
missing_half,1024,10,0.039168429993245726
uniform,1024,11,0.33584001920104051
importance,1024,11,0.33441075170850387
missing_half,1024,11,0.041980002400130063
uniform,1024,12,0.32522957854350037
importance,1024,12,0.33088598470900921
missing_half,1024,12,0.040653697317937547
uniform,1024,13,0.3303249905315867
importance,1024,13,0.32864025483011822
missing_half,1024,13,0.041290623816448338
uniform,1024,14,0.33369275384334629
importance,1024,14,0.33426293995026818
missing_half,1024,14,0.041711594230418286
uniform,1024,15,0.34123226053126454
importance,1024,15,0.3346222274799881
missing_half,1024,15,0.042654032566408068
uniform,1024,16,0.32381446120080537
importance,1024,16,0.32998655596511794
missing_half,1024,16,0.040476807650100671
uniform,1024,17,0.33801954262815903
importance,1024,17,0.3348128408358137
missing_half,1024,17,0.042252442828519879
uniform,1024,18,0.32327785453179048
importance,1024,18,0.33198414991456243
missing_half,1024,18,0.04040973181647381
uniform,1024,19,0.32291230923730324
importance,1024,19,0.32861863629524607
missing_half,1024,19,0.040364038654662905
uniform,1024,20,0.3608331368143724
importance,1024,20,0.34227888747830215
missing_half,1024,20,0.04510414210179655
uniform,1024,21,0.34145810742762012
importance,1024,21,0.33731706623159108
missing_half,1024,21,0.042682263428452515
uniform,1024,22,0.34010259857715314
importance,1024,22,0.33422625457894373
missing_half,1024,22,0.042512824822144142
uniform,1024,23,0.32149602399339539
importance,1024,23,0.32779192339914959
missing_half,1024,23,0.040187002999174423
uniform,1024,24,0.33981046148129002
importance,1024,24,0.33288985018525369
missing_half,1024,24,0.042476307685161252
uniform,1024,25,0.32799125371509591
importance,1024,25,0.33255329696621638
missing_half,1024,25,0.040998906714386989
uniform,1024,26,0.3360450107228875
importance,1024,26,0.33485672854535931
missing_half,1024,26,0.042005626340360938
uniform,1024,27,0.34426315932267804
importance,1024,27,0.33579854608438958
missing_half,1024,27,0.043032894915334755
uniform,1024,28,0.33448636113619934
importance,1024,28,0.33359351895651462
missing_half,1024,28,0.041810795142024917
uniform,1024,29,0.34445593965116938
importance,1024,29,0.33658858662758623
missing_half,1024,29,0.043056992456396173
uniform,1024,30,0.32057780763271299
importance,1024,30,0.32747515013319739
missing_half,1024,30,0.040072225954089123
uniform,1024,31,0.31846994609832396
importance,1024,31,0.32941439418062385
missing_half,1024,31,0.039808743262290495
uniform,1024,32,0.32418322165863012
importance,1024,32,0.33207153478199047
missing_half,1024,32,0.040522902707328765
uniform,1024,33,0.35507541396135728
importance,1024,33,0.34150631881176796
missing_half,1024,33,0.04438442674516966
uniform,1024,34,0.33879610883660521
importance,1024,34,0.33242220248084797
missing_half,1024,34,0.042349513604575652
uniform,1024,35,0.33514566422768871
importance,1024,35,0.33512983501478644
missing_half,1024,35,0.041893208028461089
uniform,1024,36,0.32394155680291842
importance,1024,36,0.33034997950345268
missing_half,1024,36,0.040492694600364802
uniform,1024,37,0.32852408619341161
importance,1024,37,0.3327334942873939
missing_half,1024,37,0.041065510774176452
uniform,1024,38,0.34093069927704139
importance,1024,38,0.33593997543166154
missing_half,1024,38,0.042616337409630174
uniform,1024,39,0.34106147960544914
importance,1024,39,0.33896917572466595
missing_half,1024,39,0.042632684950681142
uniform,1024,40,0.32075910105426292
importance,1024,40,0.32768967947171718
missing_half,1024,40,0.040094887631782865
uniform,1024,41,0.32248049133950785
importance,1024,41,0.33188771558282365
missing_half,1024,41,0.040310061417438481
uniform,1024,42,0.33487489770789658
importance,1024,42,0.33266978276049924
missing_half,1024,42,0.041859362213487072
uniform,1024,43,0.35264933351129041
importance,1024,43,0.33927811658829088
missing_half,1024,43,0.044081166688911301
uniform,1024,44,0.3303432043304062
importance,1024,44,0.33204962125942183
missing_half,1024,44,0.041292900541300775
uniform,1024,45,0.33535665029587775
importance,1024,45,0.33376005866490704
missing_half,1024,45,0.041919581286984718
uniform,1024,46,0.31060719894033495
importance,1024,46,0.32286382929266716
missing_half,1024,46,0.038825899867541869
uniform,1024,47,0.35552183219688083
importance,1024,47,0.34243354332775544
missing_half,1024,47,0.044440229024610103
uniform,1024,48,0.33042297481572652
importance,1024,48,0.3313449767852088
missing_half,1024,48,0.041302871851965815
uniform,1024,49,0.34245178037893614
importance,1024,49,0.33397574259527085
missing_half,1024,49,0.042806472547367018
uniform,1024,50,0.32586306421297501
importance,1024,50,0.3312154467019548
missing_half,1024,50,0.040732883026621876
uniform,1024,51,0.33001273498627198
importance,1024,51,0.32993242070873213
missing_half,1024,51,0.041251591873283998
uniform,1024,52,0.34004244624436469
importance,1024,52,0.33883116882223002
missing_half,1024,52,0.042505305780545587
uniform,1024,53,0.32013460165536328
importance,1024,53,0.33033308937910871
missing_half,1024,53,0.04001682520692041
uniform,1024,54,0.3284869278940995
importance,1024,54,0.33184745405666072
missing_half,1024,54,0.041060865986762438
uniform,1024,55,0.32784015139652473
importance,1024,55,0.33200913980704416
missing_half,1024,55,0.040980018924565591
uniform,1024,56,0.32443385744703479
importance,1024,56,0.32902151338521163
missing_half,1024,56,0.040554232180879349
uniform,1024,57,0.33030610780104014
importance,1024,57,0.33452042090908773
missing_half,1024,57,0.041288263475130017
uniform,1024,58,0.32640838678669304
importance,1024,58,0.32999163756722949
missing_half,1024,58,0.04080104834833663
uniform,1024,59,0.34573585688571751
importance,1024,59,0.34103266837792151
missing_half,1024,59,0.043216982110714688
uniform,1024,60,0.32485824588725865
importance,1024,60,0.32965788394508266
missing_half,1024,60,0.040607280735907331
uniform,1024,61,0.33547061940923634
importance,1024,61,0.33371485188766953
missing_half,1024,61,0.041933827426154542
uniform,1024,62,0.32532097765470408
importance,1024,62,0.33209413793810355
missing_half,1024,62,0.04066512220683801
uniform,1024,63,0.34889252356018308
importance,1024,63,0.33760578271089575
missing_half,1024,63,0.043611565445022885
uniform,1024,64,0.32236164899744996
importance,1024,64,0.32885339984370193
missing_half,1024,64,0.040295206124681245
uniform,1024,65,0.32530089691884617
importance,1024,65,0.33083960559150899
missing_half,1024,65,0.040662612114855771
uniform,1024,66,0.32486827087096276
importance,1024,66,0.33087636848227275
missing_half,1024,66,0.040608533858870345
uniform,1024,67,0.33082072226155312
importance,1024,67,0.33255720798951094
missing_half,1024,67,0.04135259028269414
uniform,1024,68,0.33694184575069414
importance,1024,68,0.33496961782480095
missing_half,1024,68,0.042117730718836767
uniform,1024,69,0.31492932638616156
importance,1024,69,0.32798222207614142
missing_half,1024,69,0.039366165798270195
uniform,1024,70,0.32234473356233712
importance,1024,70,0.32755286252324578
missing_half,1024,70,0.040293091695292139
uniform,1024,71,0.33533191514442207
importance,1024,71,0.33392205039221023
missing_half,1024,71,0.041916489393052758
uniform,1024,72,0.33659794231319856
importance,1024,72,0.33476997735946162
missing_half,1024,72,0.04207474278914982
uniform,1024,73,0.32576464712376785
importance,1024,73,0.32879389489321331
missing_half,1024,73,0.040720580890470981
uniform,1024,74,0.34230636519334418
importance,1024,74,0.3340301301161111
missing_half,1024,74,0.042788295649168022
uniform,1024,75,0.33918611868729071
importance,1024,75,0.33648498374289182
missing_half,1024,75,0.042398264835911338
uniform,1024,76,0.32449789767361104
importance,1024,76,0.32893176051629486
missing_half,1024,76,0.040562237209201379
uniform,1024,77,0.32575036701978616
importance,1024,77,0.33180180476815008
missing_half,1024,77,0.04071879587747327
uniform,1024,78,0.34334247060037143
importance,1024,78,0.33937067766278811
missing_half,1024,78,0.042917808825046429
uniform,1024,79,0.33269652978306941
importance,1024,79,0.32992477132288328
missing_half,1024,79,0.041587066222883676
uniform,1024,80,0.34272048653130749
importance,1024,80,0.33790318430922739
missing_half,1024,80,0.042840060816413436
uniform,1024,81,0.32816051106083699
importance,1024,81,0.33247869787218731
missing_half,1024,81,0.041020063882604624
uniform,1024,82,0.32275416795555983
importance,1024,82,0.32938455285400015
missing_half,1024,82,0.040344270994444979
uniform,1024,83,0.32416083913057886
importance,1024,83,0.33315239870103835
missing_half,1024,83,0.040520104891322357
uniform,1024,84,0.32444201677914797
importance,1024,84,0.33351225049308186
missing_half,1024,84,0.040555252097393496
uniform,1024,85,0.31725649474834472
importance,1024,85,0.32996187902564794
missing_half,1024,85,0.03965706184354309
uniform,1024,86,0.33316126739785235
importance,1024,86,0.33048384382732926
missing_half,1024,86,0.041645158424731543
uniform,1024,87,0.33694956160632761
importance,1024,87,0.33532756889117749
missing_half,1024,87,0.042118695200790951
uniform,1024,88,0.32754627481501791
importance,1024,88,0.32871247782046242
missing_half,1024,88,0.040943284351877239
uniform,1024,89,0.33683899107727117
importance,1024,89,0.33337698834754598
missing_half,1024,89,0.042104873884658896
uniform,1024,90,0.32476865836714947
importance,1024,90,0.33109576577692768
missing_half,1024,90,0.040596082295893683
uniform,1024,91,0.34134726934428777
importance,1024,91,0.33450435803294104
missing_half,1024,91,0.042668408668035972
uniform,1024,92,0.34138599956775539
importance,1024,92,0.33328776579066233
missing_half,1024,92,0.042673249945969424
uniform,1024,93,0.32713632376460516
importance,1024,93,0.32864385673135632
missing_half,1024,93,0.040892040470575645
uniform,1024,94,0.33828293834903878
importance,1024,94,0.33668817941154222
missing_half,1024,94,0.042285367293629847
uniform,1024,95,0.34035506249014558
importance,1024,95,0.3352442270605977
missing_half,1024,95,0.042544382811268197
uniform,1024,96,0.33557528695657241
importance,1024,96,0.33389548849810341
missing_half,1024,96,0.041946910869571551
uniform,1024,97,0.33777862181688456
importance,1024,97,0.33681009642799919
missing_half,1024,97,0.04222232772711057
uniform,1024,98,0.3300980483113013
importance,1024,98,0.33288302759307598
missing_half,1024,98,0.041262256038912662
uniform,1024,99,0.33725551697857875
importance,1024,99,0.33361991256128043
missing_half,1024,99,0.042156939622322344
uniform,1024,100,0.32404305379064063
importance,1024,100,0.33002290368613751
missing_half,1024,100,0.040505381723830079
uniform,1024,101,0.34413393627541566
importance,1024,101,0.33700854821335946
missing_half,1024,101,0.043016742034426958
uniform,1024,102,0.34231181730801707
importance,1024,102,0.33748120918191776
missing_half,1024,102,0.042788977163502134
uniform,1024,103,0.33332797269239817
importance,1024,103,0.33333033939922457
missing_half,1024,103,0.041665996586549771
uniform,1024,104,0.31297370408167025
importance,1024,104,0.32645061263201736
missing_half,1024,104,0.039121713010208781
uniform,1024,105,0.34749136238557726
importance,1024,105,0.34049268411249467
missing_half,1024,105,0.043436420298197158
uniform,1024,106,0.33956928155464511
importance,1024,106,0.33437894267334073
missing_half,1024,106,0.042446160194330639
uniform,1024,107,0.33868857922828449
importance,1024,107,0.33423095423560795
missing_half,1024,107,0.042336072403535562
uniform,1024,108,0.33751697495226451
importance,1024,108,0.33766601622095321
missing_half,1024,108,0.042189621869033064
uniform,1024,109,0.33993801955392416
importance,1024,109,0.33620570188477789
missing_half,1024,109,0.042492252444240521
uniform,1024,110,0.33823581407857367
importance,1024,110,0.33219269764414122
missing_half,1024,110,0.042279476759821709
uniform,1024,111,0.32914716995532411
importance,1024,111,0.33007140827134379
missing_half,1024,111,0.041143396244415514
uniform,1024,112,0.31782039570332066
importance,1024,112,0.3266142831055529
missing_half,1024,112,0.039727549462915082
uniform,1024,113,0.33875161738848591
importance,1024,113,0.3332797264870882
missing_half,1024,113,0.042343952173560739
uniform,1024,114,0.33518083147691735
importance,1024,114,0.33493178701675502
missing_half,1024,114,0.041897603934614669
uniform,1024,115,0.34560252997815294
importance,1024,115,0.33880014220245958
missing_half,1024,115,0.043200316247269117
uniform,1024,116,0.3226252235998755
importance,1024,116,0.33125171821820898
missing_half,1024,116,0.040328152949984437
uniform,1024,117,0.33293582078437234
importance,1024,117,0.33314511216645748
missing_half,1024,117,0.041616977598046542
uniform,1024,118,0.31469459219018592
importance,1024,118,0.32626032078321765
missing_half,1024,118,0.03933682402377324
uniform,1024,119,0.33961093460243097
importance,1024,119,0.33704401060301936
missing_half,1024,119,0.042451366825303871
uniform,1024,120,0.35683179151975708
importance,1024,120,0.34380589869556277
missing_half,1024,120,0.044603973939969635
uniform,1024,121,0.33367995778485177
importance,1024,121,0.33166321779675612
missing_half,1024,121,0.041709994723106471
uniform,1024,122,0.33702034468074243
importance,1024,122,0.33536410775784964
missing_half,1024,122,0.042127543085092804
uniform,1024,123,0.32200712101386086
importance,1024,123,0.33264545530599821
missing_half,1024,123,0.040250890126732608
uniform,1024,124,0.3413734172791667
importance,1024,124,0.33495324014839495
missing_half,1024,124,0.042671677159895838
uniform,1024,125,0.33515853360733744
importance,1024,125,0.332495900084888
missing_half,1024,125,0.04189481670091718
uniform,1024,126,0.3348643392939572
importance,1024,126,0.33165448045105927
missing_half,1024,126,0.04185804241174465
uniform,1024,127,0.32403158985676761
importance,1024,127,0.32888933761347655
missing_half,1024,127,0.040503948732095951
uniform,1024,128,0.34763101279258368
importance,1024,128,0.33664680987721513
missing_half,1024,128,0.04345387659907296
uniform,1024,129,0.31476462617154832
importance,1024,129,0.32272467665682913
missing_half,1024,129,0.03934557827144354
uniform,1024,130,0.34135987764668074
importance,1024,130,0.33522240299300021
missing_half,1024,130,0.042669984705835093
uniform,1024,131,0.34063587706967563
importance,1024,131,0.33661657620933372
missing_half,1024,131,0.042579484633709454
uniform,1024,132,0.3346939598333703
importance,1024,132,0.33455326357412879
missing_half,1024,132,0.041836744979171288
uniform,1024,133,0.3345571857284933
importance,1024,133,0.33197553263833007
missing_half,1024,133,0.041819648216061663
uniform,1024,134,0.34009591717418375
importance,1024,134,0.33541191383111685
missing_half,1024,134,0.042511989646772969
uniform,1024,135,0.34926083147164777
importance,1024,135,0.33855426430286428
missing_half,1024,135,0.043657603933955971
uniform,1024,136,0.32969784988559947
importance,1024,136,0.33203888870594889
missing_half,1024,136,0.041212231235699934
uniform,1024,137,0.34397013552594635
importance,1024,137,0.33922540850156657
missing_half,1024,137,0.042996266940743294
uniform,1024,138,0.34609553126823661
importance,1024,138,0.33669597347567265
missing_half,1024,138,0.043261941408529576
uniform,1024,139,0.34524911844175554
importance,1024,139,0.33736123641887933
missing_half,1024,139,0.043156139805219443
uniform,1024,140,0.33847580059945909
importance,1024,140,0.33781301631876459
missing_half,1024,140,0.042309475074932386
uniform,1024,141,0.34180798539408491
importance,1024,141,0.33669849694783271
missing_half,1024,141,0.042725998174260614
uniform,1024,142,0.33904166491550281
importance,1024,142,0.33682981035775433
missing_half,1024,142,0.042380208114437851
uniform,1024,143,0.33375851409342233
importance,1024,143,0.33170437562792127
missing_half,1024,143,0.041719814261677791
uniform,1024,144,0.32427419113277828
importance,1024,144,0.32954164850617446
missing_half,1024,144,0.040534273891597285
uniform,1024,145,0.31038089491275811
importance,1024,145,0.32339819148845489
missing_half,1024,145,0.038797611864094764
uniform,1024,146,0.3364531184307305
importance,1024,146,0.33469261709043802
missing_half,1024,146,0.042056639803841313
uniform,1024,147,0.33688555168307099
importance,1024,147,0.33403339571409046
missing_half,1024,147,0.042110693960383874
uniform,1024,148,0.3342125142601502
importance,1024,148,0.33457349916926993
missing_half,1024,148,0.041776564282518774
uniform,1024,149,0.34427200791428153
importance,1024,149,0.33635819861994076
missing_half,1024,149,0.043034000989285191
uniform,1024,150,0.33170730149057537
importance,1024,150,0.33432005601236725
missing_half,1024,150,0.041463412686321921
uniform,1024,151,0.33910890618042983
importance,1024,151,0.33576274147706409
missing_half,1024,151,0.042388613272553728
uniform,1024,152,0.33270181435442664
importance,1024,152,0.32932268299431733
missing_half,1024,152,0.04158772679430333
uniform,1024,153,0.32961031360371107
importance,1024,153,0.33150347905730493
missing_half,1024,153,0.041201289200463884
uniform,1024,154,0.32478468725209236
importance,1024,154,0.32871618993395824
missing_half,1024,154,0.040598085906511545
uniform,1024,155,0.32907265747464576
importance,1024,155,0.33312339010661213
missing_half,1024,155,0.04113408218433072
uniform,1024,156,0.33110387099688515
importance,1024,156,0.33139438278189398
missing_half,1024,156,0.041387983874610644
uniform,1024,157,0.33698355065267871
importance,1024,157,0.33144070849519397
missing_half,1024,157,0.042122943831584839
uniform,1024,158,0.3482801237147316
importance,1024,158,0.33902263536989613
missing_half,1024,158,0.043535015464341451
uniform,1024,159,0.34988664006484232
importance,1024,159,0.33908881955166564
missing_half,1024,159,0.043735830008105291
uniform,1024,160,0.33144664067983454
importance,1024,160,0.33381994658889541
missing_half,1024,160,0.041430830084979317
uniform,1024,161,0.33126524368646099
importance,1024,161,0.33210303910248012
missing_half,1024,161,0.041408155460807623
uniform,1024,162,0.34899302100749408
importance,1024,162,0.34051165172134074
missing_half,1024,162,0.043624127625936759
uniform,1024,163,0.32007433700632043
importance,1024,163,0.32680868815597136
missing_half,1024,163,0.040009292125790054
uniform,1024,164,0.33735090779009846
importance,1024,164,0.33373312756090839
missing_half,1024,164,0.042168863473762308
uniform,1024,165,0.32680032091636468
importance,1024,165,0.33045862027506806
missing_half,1024,165,0.040850040114545585
uniform,1024,166,0.3383101105527842
importance,1024,166,0.33552472955259804
missing_half,1024,166,0.042288763819098026
uniform,1024,167,0.32952665147690624
importance,1024,167,0.33323826360905928
missing_half,1024,167,0.04119083143461328
uniform,1024,168,0.34879897682293437
importance,1024,168,0.34097339071626148
missing_half,1024,168,0.043599872102866796
uniform,1024,169,0.33100630751995846
importance,1024,169,0.33238992437397125
missing_half,1024,169,0.041375788439994808
uniform,1024,170,0.32831179965717072
importance,1024,170,0.33189288257909555
missing_half,1024,170,0.04103897495714634
uniform,1024,171,0.3311819420877487
importance,1024,171,0.32909607595251689
missing_half,1024,171,0.041397742760968588
uniform,1024,172,0.33215209158865072
importance,1024,172,0.33145994438493348
missing_half,1024,172,0.04151901144858134
uniform,1024,173,0.3360385926822112
importance,1024,173,0.33203685728375126
missing_half,1024,173,0.0420048240852764
uniform,1024,174,0.34133738982000106
importance,1024,174,0.33523307635244254
missing_half,1024,174,0.042667173727500132
uniform,1024,175,0.31991625114124539
importance,1024,175,0.32740228622916112
missing_half,1024,175,0.039989531392655674
uniform,1024,176,0.34669189821084934
importance,1024,176,0.33669662048259152
missing_half,1024,176,0.043336487276356167
uniform,1024,177,0.3329240965690175
importance,1024,177,0.33058672630116587
missing_half,1024,177,0.041615512071127188
uniform,1024,178,0.32668521803684741
importance,1024,178,0.32806291789223185
missing_half,1024,178,0.040835652254605927
uniform,1024,179,0.33334771624928949
importance,1024,179,0.33204656659001797
missing_half,1024,179,0.041668464531161187
uniform,1024,180,0.3354009685225397
importance,1024,180,0.33358680506106941
missing_half,1024,180,0.041925121065317462
uniform,1024,181,0.33592899308427099
importance,1024,181,0.33282519728771354
missing_half,1024,181,0.041991124135533874
uniform,1024,182,0.33016747548310066
importance,1024,182,0.33314473156089586
missing_half,1024,182,0.041270934435387582
uniform,1024,183,0.33448586123433321
importance,1024,183,0.33032859272342374
missing_half,1024,183,0.041810732654291652
uniform,1024,184,0.34251161642895916
importance,1024,184,0.3372807544265421
missing_half,1024,184,0.042813952053619896
uniform,1024,185,0.33164815043662205
importance,1024,185,0.33032276546259659
missing_half,1024,185,0.041456018804577756
uniform,1024,186,0.33512395629441993
importance,1024,186,0.33252156247705672
missing_half,1024,186,0.041890494536802492
uniform,1024,187,0.32448149140908772
importance,1024,187,0.32977307989896398
missing_half,1024,187,0.040560186426135965
uniform,1024,188,0.32735356647616903
importance,1024,188,0.33110213338521249
missing_half,1024,188,0.040919195809521129
uniform,1024,189,0.32782710072005955
importance,1024,189,0.33119801195984311
missing_half,1024,189,0.040978387590007444
uniform,1024,190,0.33605166471866521
importance,1024,190,0.33188310538621096
missing_half,1024,190,0.042006458089833151
uniform,1024,191,0.32461538596606304
importance,1024,191,0.33156347653414886
missing_half,1024,191,0.04057692324575788
uniform,1024,192,0.35463827489787486
importance,1024,192,0.34017900210812696
missing_half,1024,192,0.044329784362234358
uniform,1024,193,0.35098630040799711
importance,1024,193,0.34105225202994982
missing_half,1024,193,0.043873287550999639
uniform,1024,194,0.3514717162262172
importance,1024,194,0.34097112357404408
missing_half,1024,194,0.04393396452827715
uniform,1024,195,0.32672835974904679
importance,1024,195,0.32921352411331634
missing_half,1024,195,0.040841044968630849
uniform,1024,196,0.3599694658543024
importance,1024,196,0.34324423264511444
missing_half,1024,196,0.044996183231787799
uniform,1024,197,0.33499650721094093
importance,1024,197,0.33400068591701998
missing_half,1024,197,0.041874563401367616
uniform,1024,198,0.31123492587508922
importance,1024,198,0.32381909006033277
missing_half,1024,198,0.038904365734386152
uniform,1024,199,0.32385827488773866
importance,1024,199,0.32875066681566151
missing_half,1024,199,0.040482284360967333
uniform,1024,200,0.35449591468832004
importance,1024,200,0.34158801279657047
missing_half,1024,200,0.044311989336040004
uniform,1024,201,0.33107340534975321
importance,1024,201,0.33361223681136409
missing_half,1024,201,0.041384175668719152
uniform,1024,202,0.33915566812569881
importance,1024,202,0.3365575870027297
missing_half,1024,202,0.042394458515712351
uniform,1024,203,0.33500130147930823
importance,1024,203,0.33455115681353736
missing_half,1024,203,0.041875162684913529
uniform,1024,204,0.33083041240446287
importance,1024,204,0.33405744923417002
missing_half,1024,204,0.041353801550557859
uniform,1024,205,0.34603841326337897
importance,1024,205,0.33816430495462318
missing_half,1024,205,0.043254801657922372
uniform,1024,206,0.32863813383038681
importance,1024,206,0.33159891045935919
missing_half,1024,206,0.041079766728798352
uniform,1024,207,0.34848482122107305
importance,1024,207,0.33898318983821973
missing_half,1024,207,0.043560602652634131
uniform,1024,208,0.33220402154434814
importance,1024,208,0.33169408796891986
missing_half,1024,208,0.041525502693043517
uniform,1024,209,0.33232996005639903
importance,1024,209,0.3337132518843835
missing_half,1024,209,0.041541245007049879
uniform,1024,210,0.32593696153848628
importance,1024,210,0.33012919919225731
missing_half,1024,210,0.040742120192310785
uniform,1024,211,0.3385116595797516
importance,1024,211,0.33546690418771757
missing_half,1024,211,0.04231395744746895
uniform,1024,212,0.3447820450752031
importance,1024,212,0.33860114519225243
missing_half,1024,212,0.043097755634400388
uniform,1024,213,0.3274333903779818
importance,1024,213,0.33238789800724555
missing_half,1024,213,0.040929173797247725
uniform,1024,214,0.32426661965425257
importance,1024,214,0.33226461548756397
missing_half,1024,214,0.040533327456781572
uniform,1024,215,0.34195359914237727
importance,1024,215,0.33592851387339057
missing_half,1024,215,0.042744199892797159
uniform,1024,216,0.33581273791740052
importance,1024,216,0.33182148039416631
missing_half,1024,216,0.041976592239675065
uniform,1024,217,0.33174105990048852
importance,1024,217,0.33288423304019649
missing_half,1024,217,0.041467632487561065
uniform,1024,218,0.32338048003771752
importance,1024,218,0.32937837119263613
missing_half,1024,218,0.04042256000471469
uniform,1024,219,0.32797474314573161
importance,1024,219,0.33131117728904591
missing_half,1024,219,0.040996842893216451
uniform,1024,220,0.34608363416494109
importance,1024,220,0.33875343980416689
missing_half,1024,220,0.043260454270617636
uniform,1024,221,0.35386473628015208
importance,1024,221,0.34108302671878787
missing_half,1024,221,0.04423309203501901
uniform,1024,222,0.31880094343327181
importance,1024,222,0.32860337010267227
missing_half,1024,222,0.039850117929158976
uniform,1024,223,0.34005336387323343
importance,1024,223,0.33593486737493505
missing_half,1024,223,0.042506670484154178
uniform,1024,224,0.3241456341871688
importance,1024,224,0.33018491038604053
missing_half,1024,224,0.0405182042733961
uniform,1024,225,0.36298818664057886
importance,1024,225,0.34159651944014541
missing_half,1024,225,0.045373523330072357
uniform,1024,226,0.32966334208388509
importance,1024,226,0.33080419682266943
missing_half,1024,226,0.041207917760485636
uniform,1024,227,0.32878297119336736
importance,1024,227,0.33367301845629127
missing_half,1024,227,0.04109787139917092
uniform,1024,228,0.32869005012557417
importance,1024,228,0.33078296556090875
missing_half,1024,228,0.041086256265696772
uniform,1024,229,0.34593651217953664
importance,1024,229,0.33654956094210403
missing_half,1024,229,0.04324206402244208
uniform,1024,230,0.3306040853301162
importance,1024,230,0.33206285411189418
missing_half,1024,230,0.041325510666264526
uniform,1024,231,0.34390780759224426
importance,1024,231,0.33765546293538418
missing_half,1024,231,0.042988475949030533
uniform,1024,232,0.32536648197539081
importance,1024,232,0.32966378511286309
missing_half,1024,232,0.040670810246923851
uniform,1024,233,0.34418603042996776
importance,1024,233,0.33824108065257624
missing_half,1024,233,0.04302325380374597
uniform,1024,234,0.34698741968862989
importance,1024,234,0.33982628533659121
missing_half,1024,234,0.043373427461078737
uniform,1024,235,0.33573674777281459
importance,1024,235,0.33514783761389549
missing_half,1024,235,0.041967093471601824
uniform,1024,236,0.32612781081989189
importance,1024,236,0.32856068854488807
missing_half,1024,236,0.040765976352486487
uniform,1024,237,0.33114204864559416
importance,1024,237,0.33462243244705187
missing_half,1024,237,0.041392756080699269
uniform,1024,238,0.344796064386651
importance,1024,238,0.33475826501934869
missing_half,1024,238,0.043099508048331375
uniform,1024,239,0.3465542968988235
importance,1024,239,0.33795538683491738
missing_half,1024,239,0.043319287112352937
uniform,1024,240,0.33492970646402576
importance,1024,240,0.33080640445595666
missing_half,1024,240,0.041866213308003219
uniform,1024,241,0.34615417591697495
importance,1024,241,0.33752217806373086
missing_half,1024,241,0.043269271989621869
uniform,1024,242,0.34449404996411909
importance,1024,242,0.33655015817686934
missing_half,1024,242,0.043061756245514886
uniform,1024,243,0.33789640791735026
importance,1024,243,0.33607663869291754
missing_half,1024,243,0.042237050989668783
uniform,1024,244,0.32619420903623514
importance,1024,244,0.32994935541481035
missing_half,1024,244,0.040774276129529392
uniform,1024,245,0.32548493334913292
importance,1024,245,0.33240272884072047
missing_half,1024,245,0.040685616668641615
uniform,1024,246,0.33475563658988233
importance,1024,246,0.33428446391885741
missing_half,1024,246,0.041844454573735292
uniform,1024,247,0.32333139410161466
importance,1024,247,0.33075928139320793
missing_half,1024,247,0.040416424262701832
uniform,1024,248,0.32278555298251077
importance,1024,248,0.32649488694961543
missing_half,1024,248,0.040348194122813846
uniform,1024,249,0.32620950387638048
importance,1024,249,0.32980365268680634
missing_half,1024,249,0.04077618798454756
uniform,1024,250,0.32518238741799232
importance,1024,250,0.33207849077417612
missing_half,1024,250,0.040647798427249041
uniform,1024,251,0.3190722845457577
importance,1024,251,0.3286792112734474
missing_half,1024,251,0.039884035568219713
uniform,1024,252,0.34896869153313531
importance,1024,252,0.3369526288227615
missing_half,1024,252,0.043621086441641914
uniform,1024,253,0.34567869266635221
importance,1024,253,0.33812368825075079
missing_half,1024,253,0.043209836583294026
uniform,1024,254,0.31642168205592958
importance,1024,254,0.32498380931670168
missing_half,1024,254,0.039552710256991197
uniform,1024,255,0.34610543576085046
importance,1024,255,0.34012007439732261
missing_half,1024,255,0.043263179470106307
uniform,1024,256,0.32862095832918814
importance,1024,256,0.33245538531713925
missing_half,1024,256,0.041077619791148517
uniform,4096,1,0.33794552577101528
importance,4096,1,0.33471835636943426
missing_half,4096,1,0.04224319072137691
uniform,4096,2,0.32358953003692231
importance,4096,2,0.32994777265399999
missing_half,4096,2,0.040448691254615289
uniform,4096,3,0.3305662000467266
importance,4096,3,0.33354566756954662
missing_half,4096,3,0.041320775005840825
uniform,4096,4,0.33631640761197051
importance,4096,4,0.33305810805470393
missing_half,4096,4,0.042039550951496314
uniform,4096,5,0.34058431096000491
importance,4096,5,0.33545233225300514
missing_half,4096,5,0.042573038870000614
uniform,4096,6,0.34160219696892385
importance,4096,6,0.33642982374089703
missing_half,4096,6,0.042700274621115482
uniform,4096,7,0.33452542514047506
importance,4096,7,0.33408877087172872
missing_half,4096,7,0.041815678142559383
uniform,4096,8,0.33200302676460097
importance,4096,8,0.33276368249971472
missing_half,4096,8,0.041500378345575122
uniform,4096,9,0.3279447855294052
importance,4096,9,0.33126181835833368
missing_half,4096,9,0.04099309819117565
uniform,4096,10,0.33067196544452604
importance,4096,10,0.33139206380827901
missing_half,4096,10,0.041333995680565755
uniform,4096,11,0.3370648063338354
importance,4096,11,0.33587007434837252
missing_half,4096,11,0.042133100791729425
uniform,4096,12,0.33357720538623603
importance,4096,12,0.33371392473716505
missing_half,4096,12,0.041697150673279504
uniform,4096,13,0.33078542750496426
importance,4096,13,0.33210632030425935
missing_half,4096,13,0.041348178438120532
uniform,4096,14,0.3411150610989952
importance,4096,14,0.33730595217956882
missing_half,4096,14,0.0426393826373744
uniform,4096,15,0.33572331329174271
importance,4096,15,0.33415224958134543
missing_half,4096,15,0.041965414161467839
uniform,4096,16,0.32957397150029755
importance,4096,16,0.33159976673246527
missing_half,4096,16,0.041196746437537193
uniform,4096,17,0.32772371158348163
importance,4096,17,0.33163186649014131
missing_half,4096,17,0.040965463947935203
uniform,4096,18,0.32626370562513379
importance,4096,18,0.33160098737745147
missing_half,4096,18,0.040782963203141724
uniform,4096,19,0.32969789021210677
importance,4096,19,0.33301695743909726
missing_half,4096,19,0.041212236276513346
uniform,4096,20,0.33428237222686602
importance,4096,20,0.33340839251593063
missing_half,4096,20,0.041785296528358253
uniform,4096,21,0.3362765170031316
importance,4096,21,0.33491880388551781
missing_half,4096,21,0.04203456462539145
uniform,4096,22,0.33134225875813422
importance,4096,22,0.33257820254094944
missing_half,4096,22,0.041417782344766778
uniform,4096,23,0.32685163753774243
importance,4096,23,0.33033746683577375
missing_half,4096,23,0.040856454692217804
uniform,4096,24,0.33540539326773772
importance,4096,24,0.33422983031237535
missing_half,4096,24,0.041925674158467215
uniform,4096,25,0.332333276446794
importance,4096,25,0.33389372408626705
missing_half,4096,25,0.04154165955584925
uniform,4096,26,0.33242245408702836
importance,4096,26,0.33309365769414234
missing_half,4096,26,0.041552806760878545
uniform,4096,27,0.33600736236925022
importance,4096,27,0.33380465998248371
missing_half,4096,27,0.042000920296156277
uniform,4096,28,0.33744688586409932
importance,4096,28,0.33472292887107541
missing_half,4096,28,0.042180860733012415
uniform,4096,29,0.33515129053217085
importance,4096,29,0.3338386236738411
missing_half,4096,29,0.041893911316521357
uniform,4096,30,0.33708043618310757
importance,4096,30,0.33445957984097413
missing_half,4096,30,0.042135054522888446
uniform,4096,31,0.33181518294863677
importance,4096,31,0.33310489212595173
missing_half,4096,31,0.041476897868579596
uniform,4096,32,0.32939206608480304
importance,4096,32,0.33153553199041313
missing_half,4096,32,0.04117400826060038
uniform,4096,33,0.33980242510480185
importance,4096,33,0.33486818847297967
missing_half,4096,33,0.042475303138100232
uniform,4096,34,0.33360448438182494
importance,4096,34,0.33239692568673418
missing_half,4096,34,0.041700560547728117
uniform,4096,35,0.33443103493667159
importance,4096,35,0.33453990268909967
missing_half,4096,35,0.041803879367083949
uniform,4096,36,0.33183313554627908
importance,4096,36,0.3328555906302792
missing_half,4096,36,0.041479141943284885
uniform,4096,37,0.32985872382534676
importance,4096,37,0.33211243591819889
missing_half,4096,37,0.041232340478168344
uniform,4096,38,0.3363249565386352
importance,4096,38,0.33439237942309558
missing_half,4096,38,0.0420406195673294
uniform,4096,39,0.33386825772842327
importance,4096,39,0.33482205075409888
missing_half,4096,39,0.041733532216052908
uniform,4096,40,0.33776196137427833
importance,4096,40,0.33464372923007135
missing_half,4096,40,0.042220245171784791
uniform,4096,41,0.33486622719180126
importance,4096,41,0.33413329836201483
missing_half,4096,41,0.041858278398975157
uniform,4096,42,0.33308330501465694
importance,4096,42,0.33309377528744383
missing_half,4096,42,0.041635413126832117
uniform,4096,43,0.34145953008709651
importance,4096,43,0.33605218115820024
missing_half,4096,43,0.042682441260887063
uniform,4096,44,0.33698080054604646
importance,4096,44,0.33414048220468934
missing_half,4096,44,0.042122600068255807
uniform,4096,45,0.32650286482852431
importance,4096,45,0.33008351556468701
missing_half,4096,45,0.040812858103565539
uniform,4096,46,0.33938189064871777
importance,4096,46,0.33565932434851997
missing_half,4096,46,0.042422736331089721
uniform,4096,47,0.33998955359934713
importance,4096,47,0.3356315672375017
missing_half,4096,47,0.042498694199918391
uniform,4096,48,0.33046060096126728
importance,4096,48,0.33271582883509887
missing_half,4096,48,0.04130757512015841
uniform,4096,49,0.32907095885807591
importance,4096,49,0.33096747405451349
missing_half,4096,49,0.041133869857259489
uniform,4096,50,0.33897896195788452
importance,4096,50,0.33526718728494048
missing_half,4096,50,0.042372370244735565
uniform,4096,51,0.32934909821846492
importance,4096,51,0.33082222063876904
missing_half,4096,51,0.041168637277308115
uniform,4096,52,0.33691975586613082
importance,4096,52,0.33628046516205651
missing_half,4096,52,0.042114969483266353
uniform,4096,53,0.33234364361040553
importance,4096,53,0.33376632905490577
missing_half,4096,53,0.041542955451300691
uniform,4096,54,0.33750715691893268
importance,4096,54,0.33384370656309259
missing_half,4096,54,0.042188394614866585
uniform,4096,55,0.33262751143861968
importance,4096,55,0.33376658128881614
missing_half,4096,55,0.04157843892982746
uniform,4096,56,0.33613350660482239
importance,4096,56,0.33404994426114532
missing_half,4096,56,0.042016688325602798
uniform,4096,57,0.33805005316724546
importance,4096,57,0.33532794943202421
missing_half,4096,57,0.042256256645905682
uniform,4096,58,0.33595103771394735
importance,4096,58,0.33469665299030033
missing_half,4096,58,0.041993879714243419
uniform,4096,59,0.33530671772078907
importance,4096,59,0.33503373313104445
missing_half,4096,59,0.041913339715098634
uniform,4096,60,0.33201938085348198
importance,4096,60,0.33308676507781243
missing_half,4096,60,0.041502422606685248
uniform,4096,61,0.32811919231239151
importance,4096,61,0.33147380188794529
missing_half,4096,61,0.041014899039048938
uniform,4096,62,0.33449433755907759
importance,4096,62,0.33443023729245658
missing_half,4096,62,0.041811792194884699
uniform,4096,63,0.34291428965522031
importance,4096,63,0.33732654373692644
missing_half,4096,63,0.042864286206902538
uniform,4096,64,0.33508272754223412
importance,4096,64,0.33411152664189764
missing_half,4096,64,0.041885340942779264
uniform,4096,65,0.32638543703665218
importance,4096,65,0.33080772626542876
missing_half,4096,65,0.040798179629581523
uniform,4096,66,0.33022668357793517
importance,4096,66,0.33130154244250815
missing_half,4096,66,0.041278335447241896
uniform,4096,67,0.32896990528188569
importance,4096,67,0.33261243914762145
missing_half,4096,67,0.041121238160235711
uniform,4096,68,0.3356611533319146
importance,4096,68,0.3342606594500192
missing_half,4096,68,0.041957644166489325
uniform,4096,69,0.32646316821968285
importance,4096,69,0.33062590759961352
missing_half,4096,69,0.040807896027460357
uniform,4096,70,0.34072667592213246
importance,4096,70,0.33437997036424294
missing_half,4096,70,0.042590834490266558
uniform,4096,71,0.33263585974669613
importance,4096,71,0.33248686604848077
missing_half,4096,71,0.041579482468337016
uniform,4096,72,0.33816917987326783
importance,4096,72,0.33589041152341553
missing_half,4096,72,0.042271147484158479
uniform,4096,73,0.33611901484659817
importance,4096,73,0.33443631910998772
missing_half,4096,73,0.042014876855824772
uniform,4096,74,0.3351580534806225
importance,4096,74,0.33397134983206839
missing_half,4096,74,0.041894756685077812
uniform,4096,75,0.33364064361438589
importance,4096,75,0.33225476762801065
missing_half,4096,75,0.041705080451798236
uniform,4096,76,0.32557239735658294
importance,4096,76,0.32943823057571192
missing_half,4096,76,0.040696549669572868
uniform,4096,77,0.33260405068285426
importance,4096,77,0.33283518521126071
missing_half,4096,77,0.041575506335356782
uniform,4096,78,0.33153972559152961
importance,4096,78,0.33325158815841455
missing_half,4096,78,0.041442465698941201
uniform,4096,79,0.33542146861564737
importance,4096,79,0.333712656580616
missing_half,4096,79,0.041927683576955921
uniform,4096,80,0.3414670175153301
importance,4096,80,0.33593758205003299
missing_half,4096,80,0.042683377189416262
uniform,4096,81,0.32433834449364046
importance,4096,81,0.32928038242153429
missing_half,4096,81,0.040542293061705058
uniform,4096,82,0.33209511884548137
importance,4096,82,0.33356197367426066
missing_half,4096,82,0.041511889855685172
uniform,4096,83,0.32731293368890529
importance,4096,83,0.33230952853214152
missing_half,4096,83,0.040914116711113162
uniform,4096,84,0.32841978350364998
importance,4096,84,0.33152074919781105
missing_half,4096,84,0.041052472937956247
uniform,4096,85,0.33555628201506943
importance,4096,85,0.33423717742079195
missing_half,4096,85,0.041944535251883679
uniform,4096,86,0.33246256618275155
importance,4096,86,0.33208388057387817
missing_half,4096,86,0.041557820772843944
uniform,4096,87,0.33649081384542462
importance,4096,87,0.33486070289957842
missing_half,4096,87,0.042061351730678077
uniform,4096,88,0.33741643185195946
importance,4096,88,0.33329345664299959
missing_half,4096,88,0.042177053981494933
uniform,4096,89,0.33659828130420621
importance,4096,89,0.33391435765654554
missing_half,4096,89,0.042074785163025777
uniform,4096,90,0.33418695581236135
importance,4096,90,0.33476120124028419
missing_half,4096,90,0.041773369476545169
uniform,4096,91,0.33524568233036905
importance,4096,91,0.33346705109542601
missing_half,4096,91,0.041905710291296132
uniform,4096,92,0.33361424066567141
importance,4096,92,0.33429085644616269
missing_half,4096,92,0.041701780083208927
uniform,4096,93,0.32614312598782585
importance,4096,93,0.32997649614910829
missing_half,4096,93,0.040767890748478232
uniform,4096,94,0.33000315729383822
importance,4096,94,0.33185994722494072
missing_half,4096,94,0.041250394661729778
uniform,4096,95,0.33401883083748607
importance,4096,95,0.33309490958189664
missing_half,4096,95,0.041752353854685759
uniform,4096,96,0.34207720162752725
importance,4096,96,0.33637740619672829
missing_half,4096,96,0.042759650203440906
uniform,4096,97,0.3417173152695353
importance,4096,97,0.33718622416860267
missing_half,4096,97,0.042714664408691913
uniform,4096,98,0.33456609858972802
importance,4096,98,0.33414861877346552
missing_half,4096,98,0.041820762323716003
uniform,4096,99,0.33430887491331535
importance,4096,99,0.33340190839388334
missing_half,4096,99,0.041788609364164418
uniform,4096,100,0.32424467469822921
importance,4096,100,0.32893765516260759
missing_half,4096,100,0.040530584337278651
uniform,4096,101,0.33783250747537164
importance,4096,101,0.33463963190268997
missing_half,4096,101,0.042229063434421454
uniform,4096,102,0.33900990897866523
importance,4096,102,0.33532418675012449
missing_half,4096,102,0.042376238622333154
uniform,4096,103,0.33447304327240773
importance,4096,103,0.3347891704158632
missing_half,4096,103,0.041809130409050967
uniform,4096,104,0.32399744697173838
importance,4096,104,0.33061388336541331
missing_half,4096,104,0.040499680871467297
uniform,4096,105,0.33859592696034457
importance,4096,105,0.33539277085600872
missing_half,4096,105,0.042324490870043072
uniform,4096,106,0.34160090641474156
importance,4096,106,0.33593163079596705
missing_half,4096,106,0.042700113301842695
uniform,4096,107,0.33737781916808463
importance,4096,107,0.33404941866700555
missing_half,4096,107,0.042172227396010578
uniform,4096,108,0.33352449734334111
importance,4096,108,0.33400847567179709
missing_half,4096,108,0.041690562167917639
uniform,4096,109,0.33812426693591946
importance,4096,109,0.33515671559756072
missing_half,4096,109,0.042265533366989932
uniform,4096,110,0.33505135559085963
importance,4096,110,0.33300617747587663
missing_half,4096,110,0.041881419448857454
uniform,4096,111,0.33541636636005256
importance,4096,111,0.33393686710016302
missing_half,4096,111,0.041927045795006571
uniform,4096,112,0.32424801375221129
importance,4096,112,0.33054037114960721
missing_half,4096,112,0.040531001719026412
uniform,4096,113,0.33352214146890979
importance,4096,113,0.33370980305511805
missing_half,4096,113,0.041690267683613724
uniform,4096,114,0.33005432376302557
importance,4096,114,0.33186647608253111
missing_half,4096,114,0.041256790470378196
uniform,4096,115,0.33332837038476293
importance,4096,115,0.33170255078484928
missing_half,4096,115,0.041666046298095366
uniform,4096,116,0.33076499943884397
importance,4096,116,0.33348913382267481
missing_half,4096,116,0.041345624929855496
uniform,4096,117,0.33421839662566494
importance,4096,117,0.33397615676971781
missing_half,4096,117,0.041777299578208117
uniform,4096,118,0.3279107681910659
importance,4096,118,0.33157358940850096
missing_half,4096,118,0.040988846023883238
uniform,4096,119,0.33342186394911483
importance,4096,119,0.3325697402536496
missing_half,4096,119,0.041677732993639353
uniform,4096,120,0.34041931065818026
importance,4096,120,0.33589723967824014
missing_half,4096,120,0.042552413832272533
uniform,4096,121,0.33373585903263991
importance,4096,121,0.33288024246344411
missing_half,4096,121,0.041716982379079989
uniform,4096,122,0.33393654047543325
importance,4096,122,0.33367271395370585
missing_half,4096,122,0.041742067559429157
uniform,4096,123,0.33551368420841482
importance,4096,123,0.33440010437492063
missing_half,4096,123,0.041939210526051852
uniform,4096,124,0.33569784682608472
importance,4096,124,0.33431588462205258
missing_half,4096,124,0.04196223085326059
uniform,4096,125,0.33565051172879362
importance,4096,125,0.33483271892361144
missing_half,4096,125,0.041956313966099203
uniform,4096,126,0.32653729620105404
importance,4096,126,0.33076134977235327
missing_half,4096,126,0.040817162025131755
uniform,4096,127,0.33016151008625533
importance,4096,127,0.33100953317470777
missing_half,4096,127,0.041270188760781916
uniform,4096,128,0.33746974054383394
importance,4096,128,0.33322919127982181
missing_half,4096,128,0.042183717567979243
uniform,4096,129,0.32472142160857143
importance,4096,129,0.32970760643852126
missing_half,4096,129,0.040590177701071428
uniform,4096,130,0.33604854914789151
importance,4096,130,0.33403996447224471
missing_half,4096,130,0.042006068643486438
uniform,4096,131,0.33268335465409138
importance,4096,131,0.33422505205751768
missing_half,4096,131,0.041585419331761422
uniform,4096,132,0.33828706899936767
importance,4096,132,0.33552441738588618
missing_half,4096,132,0.042285883624920959
uniform,4096,133,0.327628930094995
importance,4096,133,0.32969536659502119
missing_half,4096,133,0.040953616261874375
uniform,4096,134,0.33503820973288451
importance,4096,134,0.33393920440556391
missing_half,4096,134,0.041879776216610563
uniform,4096,135,0.33344157707764238
importance,4096,135,0.33309464213273754
missing_half,4096,135,0.041680197134705298
uniform,4096,136,0.32705002951158402
importance,4096,136,0.32985267095664578
missing_half,4096,136,0.040881253688948002
uniform,4096,137,0.33819201945369792
importance,4096,137,0.33573320609099455
missing_half,4096,137,0.04227400243171224
uniform,4096,138,0.33446713060146444
importance,4096,138,0.33343879458561204
missing_half,4096,138,0.041808391325183054
uniform,4096,139,0.33059414762871064
importance,4096,139,0.33261365065775161
missing_half,4096,139,0.04132426845358883
uniform,4096,140,0.33145152511931303
importance,4096,140,0.33345211793742402
missing_half,4096,140,0.041431440639914129
uniform,4096,141,0.33441461737136502
importance,4096,141,0.33355941857840848
missing_half,4096,141,0.041801827171420627
uniform,4096,142,0.34294718487356834
importance,4096,142,0.33637131256312308
missing_half,4096,142,0.042868398109196043
uniform,4096,143,0.33789124136630722
importance,4096,143,0.33558105903063917
missing_half,4096,143,0.042236405170788402
uniform,4096,144,0.32973237949004808
importance,4096,144,0.3330956766754799
missing_half,4096,144,0.04121654743625601
uniform,4096,145,0.32332409781172988
importance,4096,145,0.32851292951031125
missing_half,4096,145,0.040415512226466235
uniform,4096,146,0.33085294835241663
importance,4096,146,0.3341059433220403
missing_half,4096,146,0.041356618544052079
uniform,4096,147,0.33061690024463714
importance,4096,147,0.33208111851760225
missing_half,4096,147,0.041327112530579642
uniform,4096,148,0.33163087055408813
importance,4096,148,0.33277672916991224
missing_half,4096,148,0.041453858819261016
uniform,4096,149,0.33790528230606359
importance,4096,149,0.33606956755202771
missing_half,4096,149,0.042238160288257949
uniform,4096,150,0.32769796630827291
importance,4096,150,0.33141796225696168
missing_half,4096,150,0.040962245788534114
uniform,4096,151,0.33940516810637356
importance,4096,151,0.33618971898760391
missing_half,4096,151,0.042425646013296694
uniform,4096,152,0.33005092575341199
importance,4096,152,0.33137503594647594
missing_half,4096,152,0.041256365719176499
uniform,4096,153,0.33712468663598738
importance,4096,153,0.33372807449084585
missing_half,4096,153,0.042140585829498423
uniform,4096,154,0.3330028957741174
importance,4096,154,0.33264669756398502
missing_half,4096,154,0.041625361971764675
uniform,4096,155,0.32738157203987478
importance,4096,155,0.33124372404499697
missing_half,4096,155,0.040922696504984347
uniform,4096,156,0.32800108026284708
importance,4096,156,0.33049584784896596
missing_half,4096,156,0.041000135032855885
uniform,4096,157,0.33083392265063155
importance,4096,157,0.33049739999922551
missing_half,4096,157,0.041354240331328944
uniform,4096,158,0.33171189199896289
importance,4096,158,0.3319194627429608
missing_half,4096,158,0.041463986499870362
uniform,4096,159,0.33183187029440731
importance,4096,159,0.33210890218753636
missing_half,4096,159,0.041478983786800913
uniform,4096,160,0.33253758372700254
importance,4096,160,0.33420953709766493
missing_half,4096,160,0.041567197965875317
uniform,4096,161,0.33559710314084013
importance,4096,161,0.33418269907752934
missing_half,4096,161,0.041949637892605016
uniform,4096,162,0.34040165218578305
importance,4096,162,0.33665951083944445
missing_half,4096,162,0.042550206523222882
uniform,4096,163,0.32674730514723616
importance,4096,163,0.33192019906979287
missing_half,4096,163,0.040843413143404519
uniform,4096,164,0.33251645176496525
importance,4096,164,0.3323920026613989
missing_half,4096,164,0.041564556470620656
uniform,4096,165,0.33572048017986039
importance,4096,165,0.33369957062184363
missing_half,4096,165,0.041965060022482549
uniform,4096,166,0.33637772718161502
importance,4096,166,0.33350117675876961
missing_half,4096,166,0.042047215897701877
uniform,4096,167,0.33280072688194545
importance,4096,167,0.33420620799076961
missing_half,4096,167,0.041600090860243182
uniform,4096,168,0.34064792316065984
importance,4096,168,0.33624181243492224
missing_half,4096,168,0.04258099039508248
uniform,4096,169,0.33617421971182032
importance,4096,169,0.33390645075816322
missing_half,4096,169,0.04202177746397754
uniform,4096,170,0.33525718466751625
importance,4096,170,0.33371525200479474
missing_half,4096,170,0.041907148083439531
uniform,4096,171,0.33205050312936474
importance,4096,171,0.33169027035857929
missing_half,4096,171,0.041506312891170592
uniform,4096,172,0.32842634406395516
importance,4096,172,0.33205029345038439
missing_half,4096,172,0.041053293007994394
uniform,4096,173,0.3375996425556575
importance,4096,173,0.33436962198569564
missing_half,4096,173,0.042199955319457187
uniform,4096,174,0.33225240516010529
importance,4096,174,0.33291735335016776
missing_half,4096,174,0.041531550645013161
uniform,4096,175,0.33448414460532067
importance,4096,175,0.33234957618782618
missing_half,4096,175,0.041810518075665083
uniform,4096,176,0.34254488512139553
importance,4096,176,0.33562893204456834
missing_half,4096,176,0.042818110640174441
uniform,4096,177,0.327242993984733
importance,4096,177,0.33066243265678025
missing_half,4096,177,0.040905374248091625
uniform,4096,178,0.33954112712414275
importance,4096,178,0.33498451285942898
missing_half,4096,178,0.042442640890517844
uniform,4096,179,0.33207061924789189
importance,4096,179,0.33163377566980995
missing_half,4096,179,0.041508827405986486
uniform,4096,180,0.33824511452585804
importance,4096,180,0.33502399165182023
missing_half,4096,180,0.042280639315732255
uniform,4096,181,0.34115176411287296
importance,4096,181,0.33590603991982682
missing_half,4096,181,0.04264397051410912
uniform,4096,182,0.33999852415658988
importance,4096,182,0.33527807248791214
missing_half,4096,182,0.042499815519573735
uniform,4096,183,0.33637153143576815
importance,4096,183,0.33349282540338648
missing_half,4096,183,0.042046441429471018
uniform,4096,184,0.34239335387186515
importance,4096,184,0.33661878488263108
missing_half,4096,184,0.042799169233983143
uniform,4096,185,0.33072016071105509
importance,4096,185,0.33126712661200119
missing_half,4096,185,0.041340020088881886
uniform,4096,186,0.33091194187770778
importance,4096,186,0.33172180218433156
missing_half,4096,186,0.041363992734713473
uniform,4096,187,0.32654245766229389
importance,4096,187,0.33142336041047393
missing_half,4096,187,0.040817807207786737
uniform,4096,188,0.34019852397642525
importance,4096,188,0.33570693064874213
missing_half,4096,188,0.042524815497053156
uniform,4096,189,0.33249303268983721
importance,4096,189,0.33379760046647389
missing_half,4096,189,0.041561629086229651
uniform,4096,190,0.32978890474618044
importance,4096,190,0.33250844389845591
missing_half,4096,190,0.041223613093272556
uniform,4096,191,0.32914854713501196
importance,4096,191,0.33227920851122816
missing_half,4096,191,0.041143568391876495
uniform,4096,192,0.33876296220621077
importance,4096,192,0.33378499508098874
missing_half,4096,192,0.042345370275776346
uniform,4096,193,0.33208929834188344
importance,4096,193,0.33349278097434065
missing_half,4096,193,0.04151116229273543
uniform,4096,194,0.33437287078921507
importance,4096,194,0.33428083824428001
missing_half,4096,194,0.041796608848651884
uniform,4096,195,0.33343109665821385
importance,4096,195,0.33291155211937473
missing_half,4096,195,0.041678887082276732
uniform,4096,196,0.33681940871545846
importance,4096,196,0.33499789195353863
missing_half,4096,196,0.042102426089432307
uniform,4096,197,0.33607932649059757
importance,4096,197,0.33505631259984087
missing_half,4096,197,0.042009915811324697
uniform,4096,198,0.32897388059045535
importance,4096,198,0.33129360982552375
missing_half,4096,198,0.041121735073806918
uniform,4096,199,0.32683349006550738
importance,4096,199,0.33128374284773499
missing_half,4096,199,0.040854186258188423
uniform,4096,200,0.33924858205341696
importance,4096,200,0.335344096111927
missing_half,4096,200,0.04240607275667712
uniform,4096,201,0.33518143763426311
importance,4096,201,0.33541324790774657
missing_half,4096,201,0.041897679704282889
uniform,4096,202,0.33515850593156704
importance,4096,202,0.3335132147812343
missing_half,4096,202,0.04189481324144588
uniform,4096,203,0.33853908970033797
importance,4096,203,0.33538872183524737
missing_half,4096,203,0.042317386212542246
uniform,4096,204,0.32539559058693523
importance,4096,204,0.33158370889285133
missing_half,4096,204,0.040674448823366904
uniform,4096,205,0.34647389746175872
importance,4096,205,0.33857525343430966
missing_half,4096,205,0.04330923718271984
uniform,4096,206,0.33492898042040703
importance,4096,206,0.33379100193558703
missing_half,4096,206,0.041866122552550879
uniform,4096,207,0.33556183126886108
importance,4096,207,0.33435067449679473
missing_half,4096,207,0.041945228908607635
uniform,4096,208,0.33096731959316533
importance,4096,208,0.33233397747546672
missing_half,4096,208,0.041370914949145667
uniform,4096,209,0.32869146856390058
importance,4096,209,0.3320610324758918
missing_half,4096,209,0.041086433570487572
uniform,4096,210,0.338473272629493
importance,4096,210,0.33479806308335647
missing_half,4096,210,0.042309159078686626
uniform,4096,211,0.33232291045643569
importance,4096,211,0.33331613027463136
missing_half,4096,211,0.041540363807054462
uniform,4096,212,0.33100042416014552
importance,4096,212,0.33389922736413075
missing_half,4096,212,0.04137505302001819
uniform,4096,213,0.32640502803520799
importance,4096,213,0.3310451030471544
missing_half,4096,213,0.040800628504400999
uniform,4096,214,0.32981983706384915
importance,4096,214,0.3329220134791826
missing_half,4096,214,0.041227479632981144
uniform,4096,215,0.3394757891868127
importance,4096,215,0.33553826371845569
missing_half,4096,215,0.042434473648351588
uniform,4096,216,0.33994005336586897
importance,4096,216,0.33539665227238702
missing_half,4096,216,0.042492506670733621
uniform,4096,217,0.33435667287157939
importance,4096,217,0.33212173698044389
missing_half,4096,217,0.041794584108947423
uniform,4096,218,0.33504836917122766
importance,4096,218,0.33365289068052428
missing_half,4096,218,0.041881046146403457
uniform,4096,219,0.3302951090821743
importance,4096,219,0.33249325584699624
missing_half,4096,219,0.041286888635271787
uniform,4096,220,0.33756234830891696
importance,4096,220,0.3348928601708509
missing_half,4096,220,0.04219529353861462
uniform,4096,221,0.34747867696576146
importance,4096,221,0.33863076213966792
missing_half,4096,221,0.043434834620720182
uniform,4096,222,0.32578726584496798
importance,4096,222,0.3303932338818607
missing_half,4096,222,0.040723408230620997
uniform,4096,223,0.32897180080841421
importance,4096,223,0.33130496136046589
missing_half,4096,223,0.041121475101051776
uniform,4096,224,0.33190584717463556
importance,4096,224,0.33250030679374798
missing_half,4096,224,0.041488230896829445
uniform,4096,225,0.34677784314360088
importance,4096,225,0.33797737818824625
missing_half,4096,225,0.04334723039295011
uniform,4096,226,0.33721081413507376
importance,4096,226,0.33262121585458887
missing_half,4096,226,0.042151351766884219
uniform,4096,227,0.33129219592682269
importance,4096,227,0.33322142102193386
missing_half,4096,227,0.041411524490852836
uniform,4096,228,0.33203647857513013
importance,4096,228,0.33352046591763707
missing_half,4096,228,0.041504559821891267
uniform,4096,229,0.33271634177198134
importance,4096,229,0.33303682550865371
missing_half,4096,229,0.041589542721497667
uniform,4096,230,0.3321487036748319
importance,4096,230,0.33248945331124086
missing_half,4096,230,0.041518587959353988
uniform,4096,231,0.33748492815276188
importance,4096,231,0.33598596691911026
missing_half,4096,231,0.042185616019095235
uniform,4096,232,0.33975737974266929
importance,4096,232,0.3356783765441021
missing_half,4096,232,0.042469672467833661
uniform,4096,233,0.34315466027927566
importance,4096,233,0.33746553987541072
missing_half,4096,233,0.042894332534909457
uniform,4096,234,0.33257445572592775
importance,4096,234,0.33352095634668216
missing_half,4096,234,0.041571806965740969
uniform,4096,235,0.33839306797422514
importance,4096,235,0.33482910870920768
missing_half,4096,235,0.042299133496778142
uniform,4096,236,0.3261153428081936
importance,4096,236,0.33084825344453156
missing_half,4096,236,0.0407644178510242
uniform,4096,237,0.32992632226701596
importance,4096,237,0.33191214297199634
missing_half,4096,237,0.041240790283376995
uniform,4096,238,0.3383498870643693
importance,4096,238,0.33401877516647011
missing_half,4096,238,0.042293735883046163
uniform,4096,239,0.3273688549937222
importance,4096,239,0.33102777040461678
missing_half,4096,239,0.040921106874215275
uniform,4096,240,0.33639858815169221
importance,4096,240,0.33421074518095162
missing_half,4096,240,0.042049823518961527
uniform,4096,241,0.33431911412149651
importance,4096,241,0.3335033259047086
missing_half,4096,241,0.041789889265187063
uniform,4096,242,0.33458693756513241
importance,4096,242,0.33312838286343027
missing_half,4096,242,0.041823367195641552
uniform,4096,243,0.33722950720188971
importance,4096,243,0.33559736164754445
missing_half,4096,243,0.042153688400236214
uniform,4096,244,0.32181719683986243
importance,4096,244,0.32809986860713497
missing_half,4096,244,0.040227149604982804
uniform,4096,245,0.33371215567861445
importance,4096,245,0.33424038418271035
missing_half,4096,245,0.041714019459826807
uniform,4096,246,0.34343221188854295
importance,4096,246,0.33774316549507483
missing_half,4096,246,0.042929026486067869
uniform,4096,247,0.33271106646728227
importance,4096,247,0.33360157435067306
missing_half,4096,247,0.041588883308410284
uniform,4096,248,0.3309375802959254
importance,4096,248,0.3326793374011045
missing_half,4096,248,0.041367197536990676
uniform,4096,249,0.3269714221624947
importance,4096,249,0.33042065350566968
missing_half,4096,249,0.040871427770311837
uniform,4096,250,0.33007555548016665
importance,4096,250,0.33287090591134588
missing_half,4096,250,0.041259444435020831
uniform,4096,251,0.33022660575521057
importance,4096,251,0.33103973810161413
missing_half,4096,251,0.041278325719401321
uniform,4096,252,0.32865290473346648
importance,4096,252,0.33172588585071894
missing_half,4096,252,0.04108161309168331
uniform,4096,253,0.33625654522216714
importance,4096,253,0.3360285382913526
missing_half,4096,253,0.042032068152770892
uniform,4096,254,0.32279544623454726
importance,4096,254,0.32907415205518548
missing_half,4096,254,0.040349430779318407
uniform,4096,255,0.3359161684355968
importance,4096,255,0.33581666587871123
missing_half,4096,255,0.041989521054449599
uniform,4096,256,0.3281048402192655
importance,4096,256,0.33103221316687559
missing_half,4096,256,0.041013105027408188
